ISO-10303-21;
HEADER;
FILE_DESCRIPTION (( 'STEP AP203' ),
    '1' );
FILE_NAME ('×¦°å-×ó.s',
    '2026-09-20T09:22:51',
    ( '' ),
    ( '' ),
    'SwSTEP 2.0',
    'SolidWorks 2024',
    '' );
FILE_SCHEMA (( 'CONFIG_CONTROL_DESIGN' ));
ENDSEC;

DATA;
#1 = DIRECTION ( 'NONE',  ( 1.388232795161829064E-15, -0.000000000000000000, 1.000000000000000000 ) ) ;
#2 = ORIENTED_EDGE ( 'NONE', *, *, #289, .F. ) ;
#3 = ORIENTED_EDGE ( 'NONE', *, *, #841, .T. ) ;
#4 = EDGE_CURVE ( 'NONE', #509, #733, #863, .T. ) ;
#5 = DIRECTION ( 'NONE',  ( 0.000000000000000000, 0.000000000000000000, -1.000000000000000000 ) ) ;
#6 = ORIENTED_EDGE ( 'NONE', *, *, #376, .T. ) ;
#7 = CARTESIAN_POINT ( 'NONE',  ( 35.50081848817416130, -22.50000000000000711, 19.99416931629520633 ) ) ;
#8 = FACE_OUTER_BOUND ( 'NONE', #20, .T. ) ;
#9 = ORIENTED_EDGE ( 'NONE', *, *, #1008, .F. ) ;
#10 = VECTOR ( 'NONE', #1525, 1000.000000000000000 ) ;
#11 = ORIENTED_EDGE ( 'NONE', *, *, #1007, .T. ) ;
#12 = LOCAL_TIME ( 17, 22, 51.00000000000000000, #1462 ) ;
#13 = CARTESIAN_POINT ( 'NONE',  ( 24.80933638096599481, -23.50000000000000711, 2.674985382014055890 ) ) ;
#14 = EDGE_CURVE ( 'NONE', #216, #1353, #1116, .T. ) ;
#15 = AXIS2_PLACEMENT_3D ( 'NONE', #1392, #1510, #1507 ) ;
#16 = FACE_OUTER_BOUND ( 'NONE', #1077, .T. ) ;
#17 = DIRECTION ( 'NONE',  ( -0.9999982537461066245, 0.000000000000000000, 0.001868824426645527333 ) ) ;
#18 = PLANE ( 'NONE',  #1091 ) ;
#19 = VERTEX_POINT ( 'NONE', #1362 ) ;
#20 = EDGE_LOOP ( 'NONE', ( #2, #734, #591, #1345 ) ) ;
#21 = CARTESIAN_POINT ( 'NONE',  ( 35.50000000000000000, 6.500000000000000000, 46.00000000000000000 ) ) ;
#22 = FACE_OUTER_BOUND ( 'NONE', #1004, .T. ) ;
#23 = CARTESIAN_POINT ( 'NONE',  ( 20.90763216253400358, -22.50000000000000711, 0.6590273148085904475 ) ) ;
#24 = DIRECTION ( 'NONE',  ( 1.000000000000000000, 0.000000000000000000, 0.000000000000000000 ) ) ;
#25 = ORIENTED_EDGE ( 'NONE', *, *, #106, .F. ) ;
#26 = DIRECTION ( 'NONE',  ( 0.000000000000000000, 1.000000000000000000, 0.000000000000000000 ) ) ;
#27 = FACE_OUTER_BOUND ( 'NONE', #568, .T. ) ;
#28 = DIRECTION ( 'NONE',  ( -1.000000000000000000, 0.000000000000000000, 0.000000000000000000 ) ) ;
#29 = ADVANCED_FACE ( 'NONE', ( #16 ), #998, .T. ) ;
#30 = VECTOR ( 'NONE', #26, 1000.000000000000000 ) ;
#31 = CARTESIAN_POINT ( 'NONE',  ( 14.35826042262532631, -22.50000000000000711, 0.1136723971644824221 ) ) ;
#32 = EDGE_CURVE ( 'NONE', #1422, #933, #1355, .T. ) ;
#33 = VECTOR ( 'NONE', #970, 1000.000000000000114 ) ;
#34 = PLANE ( 'NONE',  #1502 ) ;
#35 = ORIENTED_EDGE ( 'NONE', *, *, #1033, .T. ) ;
#36 = CARTESIAN_POINT ( 'NONE',  ( 17.39144850670119169, -23.50000000000000711, 0.1574338638696146375 ) ) ;
#37 = CARTESIAN_POINT ( 'NONE',  ( 30.72572635005002439, -23.50000000000000711, 8.694051640590387819 ) ) ;
#38 = CARTESIAN_POINT ( 'NONE',  ( 27.44142630442439312, 22.50000000000000000, 4.372558734481498455 ) ) ;
#39 = EDGE_CURVE ( 'NONE', #1310, #585, #1239, .T. ) ;
#40 = LINE ( 'NONE', #290, #1568 ) ;
#41 = CARTESIAN_POINT ( 'NONE',  ( 24.19130555355820889, -23.50000000000000711, 2.156920253272821331 ) ) ;
#42 = VECTOR ( 'NONE', #443, 1000.000000000000000 ) ;
#43 = CARTESIAN_POINT ( 'NONE',  ( 35.50000000000000000, 0.000000000000000000, 45.00000000000000000 ) ) ;
#44 = CARTESIAN_POINT ( 'NONE',  ( 22.34262872479403939, 22.50000000000000000, 1.420074350253451856 ) ) ;
#45 = DIRECTION ( 'NONE',  ( 1.000000000000000000, 0.000000000000000000, 0.000000000000000000 ) ) ;
#46 = DIRECTION ( 'NONE',  ( 1.000000000000000000, 0.000000000000000000, 0.000000000000000000 ) ) ;
#47 = CARTESIAN_POINT ( 'NONE',  ( 14.35989739897363471, 22.50000000000000000, 0.1150928235855697701 ) ) ;
#48 = EDGE_CURVE ( 'NONE', #1328, #975, #898, .T. ) ;
#49 = CARTESIAN_POINT ( 'NONE',  ( 17.38981153035287974, -22.50000000000000711, 0.1560134374485303843 ) ) ;
#50 = DIRECTION ( 'NONE',  ( -1.000000000000000000, 0.000000000000000000, 0.000000000000000000 ) ) ;
#51 = CARTESIAN_POINT ( 'NONE',  ( 32.00000000000000000, 0.000000000000000000, 0.000000000000000000 ) ) ;
#52 = FACE_OUTER_BOUND ( 'NONE', #1318, .T. ) ;
#53 = ADVANCED_BREP_SHAPE_REPRESENTATION ( '\X2\722a677f\X0\-\X2\5de6\X0\', ( #631, #1161, #1118 ), #880 ) ;
#54 = CYLINDRICAL_SURFACE ( 'NONE', #959, 2.999999999999999112 ) ;
#55 = EDGE_CURVE ( 'NONE', #505, #583, #377, .T. ) ;
#56 = ORIENTED_EDGE ( 'NONE', *, *, #1413, .F. ) ;
#57 = CARTESIAN_POINT ( 'NONE',  ( 16.38415010878035716, 22.50000000000000000, 0.7286243625393126200 ) ) ;
#58 = APPROVAL_PERSON_ORGANIZATION ( #484, #1270, #1043 ) ;
#59 = VECTOR ( 'NONE', #1399, 1000.000000000000000 ) ;
#60 = VECTOR ( 'NONE', #50, 1000.000000000000000 ) ;
#61 = FACE_OUTER_BOUND ( 'NONE', #132, .T. ) ;
#62 = DIRECTION ( 'NONE',  ( 0.3892798493577614982, 0.000000000000000000, 0.9211195356108774490 ) ) ;
#63 = VECTOR ( 'NONE', #1030, 1000.000000000000000 ) ;
#64 = CALENDAR_DATE ( 2026, 20, 9 ) ;
#65 = VECTOR ( 'NONE', #73, 1000.000000000000000 ) ;
#66 = VECTOR ( 'NONE', #937, 1000.000000000000000 ) ;
#67 = CARTESIAN_POINT ( 'NONE',  ( 35.50163697634833682, -23.50000000000000711, 19.99487952950573799 ) ) ;
#68 = CARTESIAN_POINT ( 'NONE',  ( 35.50163697634833682, -23.50000000000000711, 19.99487952950573799 ) ) ;
#69 = CARTESIAN_POINT ( 'NONE',  ( 16.38415010878035716, 22.50000000000000000, 0.7286243625393126200 ) ) ;
#70 = CARTESIAN_POINT ( 'NONE',  ( 35.50000000000000000, 17.00000000000000000, 44.00000000000000000 ) ) ;
#71 = CARTESIAN_POINT ( 'NONE',  ( 0.000000000000000000, 0.000000000000000000, 0.000000000000000000 ) ) ;
#72 = ORIENTED_EDGE ( 'NONE', *, *, #213, .T. ) ;
#73 = DIRECTION ( 'NONE',  ( 0.000000000000000000, 1.000000000000000000, 0.000000000000000000 ) ) ;
#74 = LINE ( 'NONE', #1196, #121 ) ;
#75 = ADVANCED_FACE ( 'NONE', ( #261 ), #172, .T. ) ;
#76 = CARTESIAN_POINT ( 'NONE',  ( 35.49999999999999289, -22.50000000000000711, 19.99345910308467822 ) ) ;
#77 = DIRECTION ( 'NONE',  ( 0.000000000000000000, 0.000000000000000000, 1.000000000000000000 ) ) ;
#78 = APPROVAL_ROLE ( '' ) ;
#79 = VERTEX_POINT ( 'NONE', #888 ) ;
#80 = ORIENTED_EDGE ( 'NONE', *, *, #1515, .F. ) ;
#81 = DIRECTION ( 'NONE',  ( -0.000000000000000000, 1.000000000000000000, -0.000000000000000000 ) ) ;
#82 = DIRECTION ( 'NONE',  ( 1.000000000000000000, 0.000000000000000000, 0.000000000000000000 ) ) ;
#83 = VECTOR ( 'NONE', #81, 1000.000000000000000 ) ;
#84 = EDGE_CURVE ( 'NONE', #1556, #367, #628, .T. ) ;
#85 = DIRECTION ( 'NONE',  ( 0.3684342311627481492, 0.000000000000000000, 0.9296538158408831354 ) ) ;
#86 = CARTESIAN_POINT ( 'NONE',  ( 26.86880464102238619, 22.50000000000000000, 4.996303450221415865 ) ) ;
#87 = ORIENTED_EDGE ( 'NONE', *, *, #506, .F. ) ;
#88 = VERTEX_POINT ( 'NONE', #1156 ) ;
#89 = ORIENTED_EDGE ( 'NONE', *, *, #165, .F. ) ;
#90 = PLANE ( 'NONE',  #1501 ) ;
#91 = DIRECTION ( 'NONE',  ( 0.000000000000000000, 1.000000000000000000, 0.000000000000000000 ) ) ;
#92 = LINE ( 'NONE', #794, #1173 ) ;
#93 = ADVANCED_FACE ( 'NONE', ( #22 ), #512, .F. ) ;
#94 = CARTESIAN_POINT ( 'NONE',  ( 30.00000000000000000, -22.50000000000000000, 45.65831239517769546 ) ) ;
#95 = VERTEX_POINT ( 'NONE', #137 ) ;
#96 = VERTEX_POINT ( 'NONE', #474 ) ;
#97 = EDGE_CURVE ( 'NONE', #1228, #216, #851, .T. ) ;
#98 = EDGE_LOOP ( 'NONE', ( #1360, #917, #852, #464 ) ) ;
#99 = VERTEX_POINT ( 'NONE', #1477 ) ;
#100 = CARTESIAN_POINT ( 'NONE',  ( 30.72408937370169468, 22.50000000000000000, 8.692631214169313836 ) ) ;
#101 = CARTESIAN_POINT ( 'NONE',  ( 35.50000000000000000, -22.50000000000000000, 40.00000000000000000 ) ) ;
#102 = DIRECTION ( 'NONE',  ( -0.9999982537461064025, 0.000000000000000000, 0.001868824426645526900 ) ) ;
#103 = CARTESIAN_POINT ( 'NONE',  ( 35.50081848817416130, 22.50000000000000000, 19.99416931629520633 ) ) ;
#104 = ORIENTED_EDGE ( 'NONE', *, *, #1168, .T. ) ;
#105 = ORIENTED_EDGE ( 'NONE', *, *, #651, .F. ) ;
#106 = EDGE_CURVE ( 'NONE', #933, #135, #508, .T. ) ;
#107 = CLOSED_SHELL ( 'NONE', ( #1316, #555, #895, #248, #1265, #1289 ) ) ;
#108 = ORIENTED_EDGE ( 'NONE', *, *, #841, .F. ) ;
#109 = CARTESIAN_POINT ( 'NONE',  ( 32.00000000000000000, 22.50000000000000000, 40.00000000000000000 ) ) ;
#110 = VECTOR ( 'NONE', #858, 1000.000000000000000 ) ;
#111 = EDGE_CURVE ( 'NONE', #251, #96, #623, .T. ) ;
#112 = LINE ( 'NONE', #596, #695 ) ;
#113 = FACE_OUTER_BOUND ( 'NONE', #322, .T. ) ;
#114 = PERSON_AND_ORGANIZATION ( #632, #209 ) ;
#115 = CARTESIAN_POINT ( 'NONE',  ( 35.50000000000000000, 0.000000000000000000, 48.00000000000000000 ) ) ;
#116 = ORIENTED_EDGE ( 'NONE', *, *, #278, .F. ) ;
#117 = ORIENTED_EDGE ( 'NONE', *, *, #968, .T. ) ;
#118 = EDGE_LOOP ( 'NONE', ( #716, #823, #740, #56 ) ) ;
#119 = CARTESIAN_POINT ( 'NONE',  ( 33.75000000000000000, 15.00000000000000000, 24.00000000000000000 ) ) ;
#120 = CARTESIAN_POINT ( 'NONE',  ( 32.00000000000000000, 20.00000000000000000, 44.00000000000000000 ) ) ;
#121 = VECTOR ( 'NONE', #91, 1000.000000000000000 ) ;
#122 = VECTOR ( 'NONE', #1181, 1000.000000000000000 ) ;
#123 = EDGE_CURVE ( 'NONE', #218, #1218, #1469, .T. ) ;
#124 = APPROVAL_DATE_TIME ( #1414, #643 ) ;
#125 = DIRECTION ( 'NONE',  ( -0.000000000000000000, 1.000000000000000000, 0.000000000000000000 ) ) ;
#126 = ORIENTED_EDGE ( 'NONE', *, *, #563, .T. ) ;
#127 = ORIENTED_EDGE ( 'NONE', *, *, #768, .T. ) ;
#128 = ORIENTED_EDGE ( 'NONE', *, *, #1179, .T. ) ;
#129 = CARTESIAN_POINT ( 'NONE',  ( 12.00163697634833859, 22.50000000000000000, 19.99487952950573799 ) ) ;
#130 = EDGE_CURVE ( 'NONE', #592, #1479, #131, .T. ) ;
#131 = LINE ( 'NONE', #1464, #110 ) ;
#132 = EDGE_LOOP ( 'NONE', ( #475, #822, #1486, #1440 ) ) ;
#133 = EDGE_LOOP ( 'NONE', ( #1557, #126, #1068, #566 ) ) ;
#134 = CARTESIAN_POINT ( 'NONE',  ( 22.68035291320417457, 23.50000000000000000, 1.547508285186478316 ) ) ;
#135 = VERTEX_POINT ( 'NONE', #722 ) ;
#136 = LINE ( 'NONE', #839, #992 ) ;
#137 = CARTESIAN_POINT ( 'NONE',  ( 35.50000000000000000, 15.00000000000000000, 40.00000000000000000 ) ) ;
#138 = ORIENTED_EDGE ( 'NONE', *, *, #4, .T. ) ;
#139 = VERTEX_POINT ( 'NONE', #1351 ) ;
#140 = LOCAL_TIME ( 17, 22, 51.00000000000000000, #1406 ) ;
#141 = DIRECTION ( 'NONE',  ( 0.000000000000000000, 1.000000000000000000, 0.000000000000000000 ) ) ;
#142 = VECTOR ( 'NONE', #168, 1000.000000000000000 ) ;
#143 = CARTESIAN_POINT ( 'NONE',  ( 35.50000000000000000, 22.50000000000000000, 40.00000000000000000 ) ) ;
#144 = CARTESIAN_POINT ( 'NONE',  ( 27.44142630442439312, 23.50000000000000000, 4.372558734481498455 ) ) ;
#145 = VECTOR ( 'NONE', #227, 1000.000000000000000 ) ;
#146 = CARTESIAN_POINT ( 'NONE',  ( 28.25000000000000000, 0.000000000000000000, 48.00000000000000000 ) ) ;
#147 = VERTEX_POINT ( 'NONE', #738 ) ;
#148 = LINE ( 'NONE', #382, #176 ) ;
#149 = DIRECTION ( 'NONE',  ( 0.000000000000000000, -1.000000000000000000, 0.000000000000000000 ) ) ;
#150 = DIRECTION ( 'NONE',  ( 0.3892798493577612207, 0.000000000000000000, 0.9211195356108775600 ) ) ;
#151 = EDGE_CURVE ( 'NONE', #582, #1209, #256, .T. ) ;
#152 = DIRECTION ( 'NONE',  ( 1.000000000000000000, 0.000000000000000000, 0.000000000000000000 ) ) ;
#153 = CARTESIAN_POINT ( 'NONE',  ( 32.00000000000000000, -20.00000000000000000, 44.00000000000000000 ) ) ;
#154 = ORIENTED_EDGE ( 'NONE', *, *, #1571, .F. ) ;
#155 = CARTESIAN_POINT ( 'NONE',  ( 23.30447359349636827, -23.50000000000000711, 1.809031511218391008 ) ) ;
#156 = CARTESIAN_POINT ( 'NONE',  ( 24.19130555355820889, 22.50000000000000000, 2.156920253272821331 ) ) ;
#157 = EDGE_CURVE ( 'NONE', #1458, #293, #843, .T. ) ;
#158 = CARTESIAN_POINT ( 'NONE',  ( 12.00163697634833859, -22.50000000000000711, 19.99487952950573799 ) ) ;
#159 = LINE ( 'NONE', #633, #273 ) ;
#160 = ORIENTED_EDGE ( 'NONE', *, *, #832, .F. ) ;
#161 = CARTESIAN_POINT ( 'NONE',  ( 12.00163697634831017, -22.50000000000000711, 0.001420426421091603233 ) ) ;
#162 = VECTOR ( 'NONE', #1024, 1000.000000000000000 ) ;
#163 = CARTESIAN_POINT ( 'NONE',  ( 16.38415010878035716, -22.50000000000000711, 0.7286243625393126200 ) ) ;
#164 = CARTESIAN_POINT ( 'NONE',  ( 31.99999999999998579, -22.50000000000000711, 20.00000000000000355 ) ) ;
#165 = EDGE_CURVE ( 'NONE', #1159, #687, #614, .T. ) ;
#166 = FACE_OUTER_BOUND ( 'NONE', #1211, .T. ) ;
#167 = PLANE ( 'NONE',  #1517 ) ;
#168 = DIRECTION ( 'NONE',  ( 0.000000000000000000, 0.000000000000000000, -1.000000000000000000 ) ) ;
#169 = CARTESIAN_POINT ( 'NONE',  ( 24.18966857720989339, 22.50000000000000000, 2.155499826851744238 ) ) ;
#170 = ADVANCED_FACE ( 'NONE', ( #8 ), #1455, .T. ) ;
#171 = CARTESIAN_POINT ( 'NONE',  ( 13.50000000000000000, 0.000000000000000000, 46.00000000000000000 ) ) ;
#172 = PLANE ( 'NONE',  #725 ) ;
#173 = CARTESIAN_POINT ( 'NONE',  ( 12.00163697634833859, -22.50000000000000711, 19.99487952950573799 ) ) ;
#174 = DIRECTION ( 'NONE',  ( 0.000000000000000000, 0.000000000000000000, -1.000000000000000000 ) ) ;
#175 = DIRECTION ( 'NONE',  ( -0.000000000000000000, 0.000000000000000000, -1.000000000000000000 ) ) ;
#176 = VECTOR ( 'NONE', #253, 1000.000000000000000 ) ;
#177 = PLANE ( 'NONE',  #1100 ) ;
#178 = CARTESIAN_POINT ( 'NONE',  ( 35.50000000000000000, -15.00000000000000000, 48.00000000000000000 ) ) ;
#179 = APPROVAL_DATE_TIME ( #1051, #571 ) ;
#180 = DIRECTION ( 'NONE',  ( 0.9999982537461066245, -0.000000000000000000, -0.001868824426645527333 ) ) ;
#181 = CARTESIAN_POINT ( 'NONE',  ( 12.00163697634831017, -23.50000000000000711, 0.001420426421091603233 ) ) ;
#182 = PRODUCT_DEFINITION_SHAPE ( 'NONE', 'NONE',  #413 ) ;
#183 = AXIS2_PLACEMENT_3D ( 'NONE', #609, #1097, #866 ) ;
#184 = DIRECTION ( 'NONE',  ( -0.000000000000000000, -1.000000000000000000, -0.000000000000000000 ) ) ;
#185 = DIRECTION ( 'NONE',  ( 0.000000000000000000, 1.000000000000000000, 0.000000000000000000 ) ) ;
#186 = VECTOR ( 'NONE', #418, 1000.000000000000000 ) ;
#187 = VECTOR ( 'NONE', #180, 999.9999999999998863 ) ;
#188 = VECTOR ( 'NONE', #1428, 1000.000000000000000 ) ;
#189 = ORIENTED_EDGE ( 'NONE', *, *, #106, .T. ) ;
#190 = ADVANCED_FACE ( 'NONE', ( #1121 ), #379, .T. ) ;
#191 = FACE_OUTER_BOUND ( 'NONE', #951, .T. ) ;
#192 = FACE_OUTER_BOUND ( 'NONE', #497, .T. ) ;
#193 = CARTESIAN_POINT ( 'NONE',  ( 23.45795687596374535, -22.50000000000000711, 2.574107211266722928 ) ) ;
#194 = PLANE ( 'NONE',  #719 ) ;
#195 = EDGE_LOOP ( 'NONE', ( #971, #340, #619, #215 ) ) ;
#196 = ORIENTED_EDGE ( 'NONE', *, *, #1512, .T. ) ;
#197 = LINE ( 'NONE', #1408, #10 ) ;
#198 = EDGE_CURVE ( 'NONE', #1208, #958, #1358, .T. ) ;
#199 = CARTESIAN_POINT ( 'NONE',  ( 30.00000000000000000, 17.00000000000000000, 44.00000000000000000 ) ) ;
#200 = DIRECTION ( 'NONE',  ( 0.000000000000000000, 0.000000000000000000, -1.000000000000000000 ) ) ;
#201 = LINE ( 'NONE', #94, #1036 ) ;
#202 = ORIENTED_EDGE ( 'NONE', *, *, #884, .F. ) ;
#203 = VERTEX_POINT ( 'NONE', #1000 ) ;
#204 = ORIENTED_EDGE ( 'NONE', *, *, #1241, .F. ) ;
#205 = CARTESIAN_POINT ( 'NONE',  ( 12.00163697634833859, -23.50000000000000711, 19.99487952950573799 ) ) ;
#206 = FACE_OUTER_BOUND ( 'NONE', #960, .T. ) ;
#207 = VECTOR ( 'NONE', #1508, 1000.000000000000000 ) ;
#208 = B_SPLINE_CURVE_WITH_KNOTS ( 'NONE', 3,
 ( #103, #1564, #980, #1206 ),
 .UNSPECIFIED., .F., .F.,
 ( 4, 4 ),
 ( 0.000000000000000000, 1.000000000000000000 ),
 .UNSPECIFIED. ) ;
#209 = ORGANIZATION ( 'æœª', 'æœª', '' ) ;
#210 = ADVANCED_FACE ( 'NONE', ( #1577 ), #18, .F. ) ;
#211 = AXIS2_PLACEMENT_3D ( 'NONE', #538, #1032, #519 ) ;
#212 = DIRECTION ( 'NONE',  ( 1.000000000000000000, 0.000000000000000000, 0.000000000000000000 ) ) ;
#213 = EDGE_CURVE ( 'NONE', #99, #1474, #873, .T. ) ;
#214 = FACE_OUTER_BOUND ( 'NONE', #1485, .T. ) ;
#215 = ORIENTED_EDGE ( 'NONE', *, *, #1571, .T. ) ;
#216 = VERTEX_POINT ( 'NONE', #1217 ) ;
#217 = ORIENTED_EDGE ( 'NONE', *, *, #743, .T. ) ;
#218 = VERTEX_POINT ( 'NONE', #1106 ) ;
#219 = DIRECTION ( 'NONE',  ( 0.9379543105246708201, 0.000000000000000000, 0.3467588663151804917 ) ) ;
#220 = PLANE ( 'NONE',  #233 ) ;
#221 = PLANE ( 'NONE',  #604 ) ;
#222 = EDGE_CURVE ( 'NONE', #1474, #585, #208, .T. ) ;
#223 = ORIENTED_EDGE ( 'NONE', *, *, #130, .F. ) ;
#224 = EDGE_LOOP ( 'NONE', ( #1202, #1547, #116, #127 ) ) ;
#225 = ORIENTED_EDGE ( 'NONE', *, *, #931, .F. ) ;
#226 = EDGE_LOOP ( 'NONE', ( #1201, #697, #1019, #1193 ) ) ;
#227 = DIRECTION ( 'NONE',  ( -1.000000000000000000, 0.000000000000000000, 0.000000000000000000 ) ) ;
#228 = CARTESIAN_POINT ( 'NONE',  ( 35.50000000000000000, 2.500000000000000000, 48.52499999999999858 ) ) ;
#229 = DIRECTION ( 'NONE',  ( 1.000000000000000000, 0.000000000000000000, 0.000000000000000000 ) ) ;
#230 = CALENDAR_DATE ( 2026, 20, 9 ) ;
#231 = DIRECTION ( 'NONE',  ( -0.000000000000000000, -1.000000000000000000, -0.000000000000000000 ) ) ;
#232 = VERTEX_POINT ( 'NONE', #590 ) ;
#233 = AXIS2_PLACEMENT_3D ( 'NONE', #459, #1526, #1296 ) ;
#234 = ORIENTED_EDGE ( 'NONE', *, *, #1394, .F. ) ;
#235 = AXIS2_PLACEMENT_3D ( 'NONE', #51, #782, #1482 ) ;
#236 = ORIENTED_EDGE ( 'NONE', *, *, #1499, .F. ) ;
#237 = DIRECTION ( 'NONE',  ( 0.000000000000000000, -1.000000000000000000, 0.000000000000000000 ) ) ;
#238 = AXIS2_PLACEMENT_3D ( 'NONE', #393, #758, #150 ) ;
#239 = EDGE_CURVE ( 'NONE', #369, #1101, #1086, .T. ) ;
#240 = CARTESIAN_POINT ( 'NONE',  ( 20.73916517917786351, 22.50000000000000000, 1.568978159727702826 ) ) ;
#241 = VECTOR ( 'NONE', #1082, 1000.000000000000000 ) ;
#242 = CARTESIAN_POINT ( 'NONE',  ( 35.50000000000000000, 20.00000000000000000, 44.00000000000000000 ) ) ;
#243 = CARTESIAN_POINT ( 'NONE',  ( 12.50000000000000000, 0.000000000000000000, 45.00000000000000000 ) ) ;
#244 = ORIENTED_EDGE ( 'NONE', *, *, #1128, .T. ) ;
#245 = ORIENTED_EDGE ( 'NONE', *, *, #1389, .T. ) ;
#246 = EDGE_CURVE ( 'NONE', #1580, #1479, #493, .T. ) ;
#247 = ORIENTED_EDGE ( 'NONE', *, *, #1028, .F. ) ;
#248 = ADVANCED_FACE ( 'NONE', ( #777 ), #658, .T. ) ;
#249 = CARTESIAN_POINT ( 'NONE',  ( 31.99978932944985743, -22.50000000000000711, 19.99724458657604487 ) ) ;
#250 = CARTESIAN_POINT ( 'NONE',  ( 20.73916517917786351, 22.50000000000000000, 1.568978159727702826 ) ) ;
#251 = VERTEX_POINT ( 'NONE', #1154 ) ;
#252 = ORIENTED_EDGE ( 'NONE', *, *, #266, .F. ) ;
#253 = DIRECTION ( 'NONE',  ( 1.000000000000000000, 0.000000000000000000, 0.000000000000000000 ) ) ;
#254 = DIRECTION ( 'NONE',  ( 0.8153272026377333948, 0.000000000000000000, 0.5790004772354928608 ) ) ;
#255 = CARTESIAN_POINT ( 'NONE',  ( 29.59811192816705017, -22.50000000000000711, 6.447806671048276428 ) ) ;
#256 = LINE ( 'NONE', #243, #311 ) ;
#257 = ORIENTED_EDGE ( 'NONE', *, *, #550, .T. ) ;
#258 = ORIENTED_EDGE ( 'NONE', *, *, #492, .F. ) ;
#259 = CARTESIAN_POINT ( 'NONE',  ( 32.00000000000000000, 22.50000000000000000, 45.65831239517769546 ) ) ;
#260 = VECTOR ( 'NONE', #749, 1000.000000000000114 ) ;
#261 = FACE_OUTER_BOUND ( 'NONE', #845, .T. ) ;
#262 = CARTESIAN_POINT ( 'NONE',  ( 24.80933638096599481, 23.50000000000000000, 2.674985382014055890 ) ) ;
#263 = PLANE ( 'NONE',  #674 ) ;
#264 = ORIENTED_EDGE ( 'NONE', *, *, #39, .T. ) ;
#265 = ADVANCED_FACE ( 'NONE', ( #276 ), #647, .F. ) ;
#266 = EDGE_CURVE ( 'NONE', #584, #457, #1505, .T. ) ;
#267 = CARTESIAN_POINT ( 'NONE',  ( 22.34262872479403939, -22.50000000000000711, 1.420074350253451856 ) ) ;
#268 = CIRCLE ( 'NONE', #1164, 3.000000000000002665 ) ;
#269 = DIRECTION ( 'NONE',  ( -0.000000000000000000, 1.000000000000000000, 0.000000000000000000 ) ) ;
#270 = DIRECTION ( 'NONE',  ( -0.000000000000000000, 1.000000000000000000, 0.000000000000000000 ) ) ;
#271 = VECTOR ( 'NONE', #231, 1000.000000000000000 ) ;
#272 = CARTESIAN_POINT ( 'NONE',  ( 24.19130555355820889, 23.50000000000000000, 2.156920253272821331 ) ) ;
#273 = VECTOR ( 'NONE', #1491, 1000.000000000000000 ) ;
#274 = AXIS2_PLACEMENT_3D ( 'NONE', #325, #1303, #688 ) ;
#275 = VECTOR ( 'NONE', #1049, 1000.000000000000227 ) ;
#276 = FACE_OUTER_BOUND ( 'NONE', #1002, .T. ) ;
#277 = ORIENTED_EDGE ( 'NONE', *, *, #928, .F. ) ;
#278 = EDGE_CURVE ( 'NONE', #988, #1102, #40, .T. ) ;
#279 = CARTESIAN_POINT ( 'NONE',  ( 30.72490786187585954, -22.50000000000000711, 8.693341427379850828 ) ) ;
#280 = CARTESIAN_POINT ( 'NONE',  ( 24.80933638096599481, 22.50000000000000000, 2.674985382014055890 ) ) ;
#281 = CARTESIAN_POINT ( 'NONE',  ( 12.00163697634831017, 23.50000000000000000, 0.001420426421091386393 ) ) ;
#282 = VECTOR ( 'NONE', #1257, 1000.000000000000000 ) ;
#283 = PLANE ( 'NONE',  #477 ) ;
#284 = ORIENTED_EDGE ( 'NONE', *, *, #574, .F. ) ;
#285 = CARTESIAN_POINT ( 'NONE',  ( 26.86880464102238619, 22.50000000000000000, 4.996303450221415865 ) ) ;
#286 = FACE_OUTER_BOUND ( 'NONE', #825, .T. ) ;
#287 = APPLICATION_CONTEXT ( 'configuration controlled 3d designs of mechanical parts and assemblies' ) ;
#288 = CARTESIAN_POINT ( 'NONE',  ( 31.99999999999998579, 15.00000000000000000, 20.00000000000000355 ) ) ;
#289 = EDGE_CURVE ( 'NONE', #1386, #582, #531, .T. ) ;
#290 = CARTESIAN_POINT ( 'NONE',  ( 12.00163697634833859, 23.50000000000000000, 19.99487952950573799 ) ) ;
#291 = LINE ( 'NONE', #1031, #752 ) ;
#292 = VECTOR ( 'NONE', #560, 1000.000000000000000 ) ;
#293 = VERTEX_POINT ( 'NONE', #639 ) ;
#294 = CARTESIAN_POINT ( 'NONE',  ( 29.59974890451540119, 23.50000000000000000, 6.449227097469300674 ) ) ;
#295 = ADVANCED_FACE ( 'NONE', ( #296 ), #283, .F. ) ;
#296 = FACE_OUTER_BOUND ( 'NONE', #98, .T. ) ;
#297 = DIRECTION ( 'NONE',  ( 1.000000000000000000, 0.000000000000000000, 0.000000000000000000 ) ) ;
#298 = LINE ( 'NONE', #178, #460 ) ;
#299 = APPLICATION_CONTEXT ( 'configuration controlled 3d designs of mechanical parts and assemblies' ) ;
#300 = CARTESIAN_POINT ( 'NONE',  ( 22.34426570114234778, 22.50000000000000000, 1.421494776674530058 ) ) ;
#301 = CARTESIAN_POINT ( 'NONE',  ( 20.90926913888232264, 22.50000000000000000, 0.6604477412296694272 ) ) ;
#302 = CARTESIAN_POINT ( 'NONE',  ( 24.80933638096599481, -23.50000000000000711, 2.674985382014055890 ) ) ;
#303 = DIRECTION ( 'NONE',  ( -0.000000000000000000, 1.000000000000000000, 0.000000000000000000 ) ) ;
#304 = PERSON_AND_ORGANIZATION ( #632, #209 ) ;
#305 = ORIENTED_EDGE ( 'NONE', *, *, #1232, .T. ) ;
#306 = LINE ( 'NONE', #431, #906 ) ;
#307 = DIRECTION ( 'NONE',  ( 0.000000000000000000, -1.000000000000000000, 0.000000000000000000 ) ) ;
#308 = AXIS2_PLACEMENT_3D ( 'NONE', #901, #803, #185 ) ;
#309 = EDGE_CURVE ( 'NONE', #975, #1208, #908, .T. ) ;
#310 = DIRECTION ( 'NONE',  ( 0.000000000000000000, -1.000000000000000000, 0.000000000000000000 ) ) ;
#311 = VECTOR ( 'NONE', #711, 1000.000000000000000 ) ;
#312 = CARTESIAN_POINT ( 'NONE',  ( 33.90802979123388639, -22.50000000000002132, 16.22651647344622816 ) ) ;
#313 = EDGE_CURVE ( 'NONE', #583, #687, #1274, .T. ) ;
#314 = SHAPE_DEFINITION_REPRESENTATION ( #182, #53 ) ;
#315 = ORIENTED_EDGE ( 'NONE', *, *, #198, .T. ) ;
#316 = FACE_OUTER_BOUND ( 'NONE', #1326, .T. ) ;
#317 = LINE ( 'NONE', #1047, #552 ) ;
#318 = CARTESIAN_POINT ( 'NONE',  ( 27.44142630442439312, -23.50000000000000711, 4.372558734481498455 ) ) ;
#319 = PLANE ( 'NONE',  #1009 ) ;
#320 = PERSON_AND_ORGANIZATION ( #632, #209 ) ;
#321 = ADVANCED_FACE ( 'NONE', ( #763 ), #263, .F. ) ;
#322 = EDGE_LOOP ( 'NONE', ( #575, #846, #1383, #350 ) ) ;
#323 = VECTOR ( 'NONE', #85, 1000.000000000000114 ) ;
#324 = ORIENTED_EDGE ( 'NONE', *, *, #818, .F. ) ;
#325 = CARTESIAN_POINT ( 'NONE',  ( 32.00000000000000000, 20.00000000000000000, 44.00000000000000000 ) ) ;
#326 = CARTESIAN_POINT ( 'NONE',  ( 35.50000000000000000, 0.000000000000000000, 46.00000000000000000 ) ) ;
#327 = DIRECTION ( 'NONE',  ( -0.3892798493577612207, -0.000000000000000000, -0.9211195356108775600 ) ) ;
#328 = DIRECTION ( 'NONE',  ( 1.000000000000000000, 0.000000000000000000, 0.000000000000000000 ) ) ;
#329 = SECURITY_CLASSIFICATION_LEVEL ( 'unclassified' ) ;
#330 = ORIENTED_EDGE ( 'NONE', *, *, #1008, .T. ) ;
#331 = ORIENTED_EDGE ( 'NONE', *, *, #1499, .T. ) ;
#332 = CARTESIAN_POINT ( 'NONE',  ( 32.00000000000000000, 22.50000000000000000, 40.00000000000000000 ) ) ;
#333 = CARTESIAN_POINT ( 'NONE',  ( 35.50000000000000000, -22.50000000000000000, 40.00000000000000000 ) ) ;
#334 = ADVANCED_FACE ( 'NONE', ( #166 ), #406, .F. ) ;
#335 = FACE_OUTER_BOUND ( 'NONE', #1437, .T. ) ;
#336 = CARTESIAN_POINT ( 'NONE',  ( 35.50163697634833682, 23.50000000000000000, 19.99487952950573799 ) ) ;
#337 = VERTEX_POINT ( 'NONE', #1260 ) ;
#338 = ORIENTED_EDGE ( 'NONE', *, *, #1076, .T. ) ;
#339 = ORIENTED_EDGE ( 'NONE', *, *, #768, .F. ) ;
#340 = ORIENTED_EDGE ( 'NONE', *, *, #1048, .F. ) ;
#341 = PLANE ( 'NONE',  #1380 ) ;
#342 = CARTESIAN_POINT ( 'NONE',  ( 22.68035291320417457, 22.50000000000000000, 1.547508285186478316 ) ) ;
#343 = EDGE_CURVE ( 'NONE', #1101, #1386, #915, .T. ) ;
#344 = SECURITY_CLASSIFICATION ( '', '', #329 ) ;
#345 = VECTOR ( 'NONE', #887, 1000.000000000000000 ) ;
#346 = CARTESIAN_POINT ( 'NONE',  ( 30.72490786187585954, 22.50000000000000000, 8.693341427379845499 ) ) ;
#347 = CARTESIAN_POINT ( 'NONE',  ( 31.99999999999998579, 22.50000000000000000, 20.00000000000000355 ) ) ;
#348 = EDGE_LOOP ( 'NONE', ( #1445, #225, #1114, #1513 ) ) ;
#349 = ORIENTED_EDGE ( 'NONE', *, *, #246, .F. ) ;
#350 = ORIENTED_EDGE ( 'NONE', *, *, #416, .T. ) ;
#351 = ORIENTED_EDGE ( 'NONE', *, *, #1506, .F. ) ;
#352 = VECTOR ( 'NONE', #817, 1000.000000000000000 ) ;
#353 = CARTESIAN_POINT ( 'NONE',  ( 31.99999999999998579, -22.50000000000000711, 20.00000000000000355 ) ) ;
#354 = CARTESIAN_POINT ( 'NONE',  ( 30.72572635005002439, 23.50000000000000000, 8.694051640590377161 ) ) ;
#355 = CARTESIAN_POINT ( 'NONE',  ( 22.68035291320417457, -22.50000000000000711, 1.547508285186478316 ) ) ;
#356 = CARTESIAN_POINT ( 'NONE',  ( 26.86880464102238619, 22.50000000000000000, 4.996303450221415865 ) ) ;
#357 = ORIENTED_EDGE ( 'NONE', *, *, #266, .T. ) ;
#358 = ORIENTED_EDGE ( 'NONE', *, *, #645, .T. ) ;
#359 = ORIENTED_EDGE ( 'NONE', *, *, #1515, .T. ) ;
#360 = DIRECTION ( 'NONE',  ( 0.000000000000000000, 1.000000000000000000, 0.000000000000000000 ) ) ;
#361 = CARTESIAN_POINT ( 'NONE',  ( 12.00163697634833859, -22.50000000000000711, 19.99487952950573799 ) ) ;
#362 = CARTESIAN_POINT ( 'NONE',  ( 35.49999999999999289, 22.50000000000000000, 19.99345910308467822 ) ) ;
#363 = APPROVAL_STATUS ( 'not_yet_approved' ) ;
#364 = PRODUCT_RELATED_PRODUCT_CATEGORY ( 'detail', '', ( #1343 ) ) ;
#365 = CARTESIAN_POINT ( 'NONE',  ( 35.50000000000000000, 22.50000000000000000, 40.00000000000000000 ) ) ;
#366 = ORIENTED_EDGE ( 'NONE', *, *, #130, .T. ) ;
#367 = VERTEX_POINT ( 'NONE', #753 ) ;
#368 = EDGE_CURVE ( 'NONE', #583, #1329, #1385, .T. ) ;
#369 = VERTEX_POINT ( 'NONE', #1251 ) ;
#370 = CARTESIAN_POINT ( 'NONE',  ( 31.99978932944985743, 22.50000000000000000, 19.99724458657604131 ) ) ;
#371 = VECTOR ( 'NONE', #1186, 1000.000000000000000 ) ;
#372 = DIRECTION ( 'NONE',  ( 0.9379543105246708201, 0.000000000000000000, 0.3467588663151804917 ) ) ;
#373 = ORIENTED_EDGE ( 'NONE', *, *, #657, .T. ) ;
#374 = ORIENTED_EDGE ( 'NONE', *, *, #645, .F. ) ;
#375 = CARTESIAN_POINT ( 'NONE',  ( 30.72572635005002439, -23.50000000000000711, 8.694051640590387819 ) ) ;
#376 = EDGE_CURVE ( 'NONE', #139, #367, #159, .T. ) ;
#377 = LINE ( 'NONE', #870, #927 ) ;
#378 = DIRECTION ( 'NONE',  ( 0.2116816478711362193, 0.000000000000000000, 0.9773386720858641130 ) ) ;
#379 = PLANE ( 'NONE',  #183 ) ;
#380 = EDGE_LOOP ( 'NONE', ( #1261, #686, #204, #805 ) ) ;
#381 = EDGE_LOOP ( 'NONE', ( #3, #732, #1336, #1466 ) ) ;
#382 = CARTESIAN_POINT ( 'NONE',  ( 32.00000000000000000, -22.50000000000000000, 48.00000000000000000 ) ) ;
#383 = ORIENTED_EDGE ( 'NONE', *, *, #157, .F. ) ;
#384 = EDGE_CURVE ( 'NONE', #1061, #88, #969, .T. ) ;
#385 = DIRECTION ( 'NONE',  ( 0.000000000000000000, 0.000000000000000000, -1.000000000000000000 ) ) ;
#386 = ADVANCED_FACE ( 'NONE', ( #1138 ), #34, .F. ) ;
#387 = DIRECTION ( 'NONE',  ( 0.1639463777691589352, 0.000000000000000000, -0.9864692520379804153 ) ) ;
#388 = EDGE_LOOP ( 'NONE', ( #1221, #277, #128, #942 ) ) ;
#389 = ORIENTED_EDGE ( 'NONE', *, *, #806, .F. ) ;
#390 = CARTESIAN_POINT ( 'NONE',  ( 27.44142630442439312, -23.50000000000000711, 4.372558734481498455 ) ) ;
#391 = AXIS2_PLACEMENT_3D ( 'NONE', #1180, #989, #5 ) ;
#392 = CARTESIAN_POINT ( 'NONE',  ( 30.00000000000000000, 20.00000000000000000, 44.00000000000000000 ) ) ;
#393 = CARTESIAN_POINT ( 'NONE',  ( 30.72572635005002439, 23.50000000000000000, 8.694051640590377161 ) ) ;
#394 = VECTOR ( 'NONE', #1280, 1000.000000000000000 ) ;
#395 = CARTESIAN_POINT ( 'NONE',  ( 24.19130555355820889, 22.50000000000000000, 2.156920253272821331 ) ) ;
#396 = EDGE_CURVE ( 'NONE', #99, #1310, #1146, .T. ) ;
#397 = DIRECTION ( 'NONE',  ( 0.000000000000000000, 0.000000000000000000, -1.000000000000000000 ) ) ;
#398 = ORIENTED_EDGE ( 'NONE', *, *, #1005, .F. ) ;
#399 = CARTESIAN_POINT ( 'NONE',  ( 12.00081848817415597, -22.50000000000000711, 0.0007102132105469938055 ) ) ;
#400 = CARTESIAN_POINT ( 'NONE',  ( 35.50163697634833682, 23.50000000000000000, 19.99487952950573799 ) ) ;
#401 = B_SPLINE_CURVE_WITH_KNOTS ( 'NONE', 3,
 ( #354, #1572, #144, #262, #1120, #736, #751, #1240, #1250, #1331, #985 ),
 .UNSPECIFIED., .F., .F.,
 ( 4, 1, 1, 1, 1, 1, 1, 1, 4 ),
 ( 0.000000000000000000, 0.3260465942189113564, 0.3649782017523669486, 0.4081339121447942198, 0.4293399595976296057, 0.4880730786669520982, 0.5429355610112545083, 0.6387842043148002080, 0.9423979644246077703 ),
 .UNSPECIFIED. ) ;
#402 = CARTESIAN_POINT ( 'NONE',  ( 12.00163697634831017, -23.50000000000000711, 0.001420426421091603233 ) ) ;
#403 = CARTESIAN_POINT ( 'NONE',  ( 35.50000000000000000, 2.500000000000000000, 45.00000000000000000 ) ) ;
#404 = VECTOR ( 'NONE', #360, 1000.000000000000000 ) ;
#405 = AXIS2_PLACEMENT_3D ( 'NONE', #1062, #952, #1425 ) ;
#406 = CYLINDRICAL_SURFACE ( 'NONE', #889, 2.999999999999999112 ) ;
#407 = ORIENTED_EDGE ( 'NONE', *, *, #949, .T. ) ;
#408 = CARTESIAN_POINT ( 'NONE',  ( 27.44142630442439312, -22.50000000000000711, 4.372558734481498455 ) ) ;
#409 = CARTESIAN_POINT ( 'NONE',  ( 17.39144850670119169, 22.50000000000000000, 0.1574338638696146375 ) ) ;
#410 = EDGE_CURVE ( 'NONE', #582, #1199, #557, .T. ) ;
#411 = CARTESIAN_POINT ( 'NONE',  ( 31.99978932944985743, -22.50000000000000711, 19.99724458657604487 ) ) ;
#412 = CARTESIAN_POINT ( 'NONE',  ( 32.00000000000000000, 0.000000000000000000, 24.52500000000000213 ) ) ;
#413 = PRODUCT_DEFINITION ( 'æœ', '', #669, #842 ) ;
#414 = CARTESIAN_POINT ( 'NONE',  ( 33.16666666666665719, -22.50000000000000711, 19.99781970102822726 ) ) ;
#415 = PLANE ( 'NONE',  #211 ) ;
#416 = EDGE_CURVE ( 'NONE', #991, #754, #92, .T. ) ;
#417 = LINE ( 'NONE', #281, #207 ) ;
#418 = DIRECTION ( 'NONE',  ( 0.000000000000000000, 0.000000000000000000, 1.000000000000000000 ) ) ;
#419 = CARTESIAN_POINT ( 'NONE',  ( 30.72572635005002439, -23.50000000000000711, 8.694051640590387819 ) ) ;
#420 = CARTESIAN_POINT ( 'NONE',  ( 23.30447359349636827, 22.50000000000000000, 1.809031511218391008 ) ) ;
#421 = VECTOR ( 'NONE', #462, 1000.000000000000000 ) ;
#422 = CARTESIAN_POINT ( 'NONE',  ( 27.43978932807610605, -22.50000000000000711, 4.371138308060418254 ) ) ;
#423 = DIRECTION ( 'NONE',  ( -1.000000000000000000, 0.000000000000000000, 0.000000000000000000 ) ) ;
#424 = CARTESIAN_POINT ( 'NONE',  ( 35.50081848817416130, -22.50000000000000711, 19.99416931629520633 ) ) ;
#425 = DATE_AND_TIME ( #230, #1162 ) ;
#426 = CARTESIAN_POINT ( 'NONE',  ( 32.00000000000000000, 2.500000000000000000, 48.00000000000000000 ) ) ;
#427 = EDGE_CURVE ( 'NONE', #610, #293, #683, .T. ) ;
#428 = CARTESIAN_POINT ( 'NONE',  ( 32.00000000000000000, -15.00000000000000000, 40.00000000000000000 ) ) ;
#429 = FACE_OUTER_BOUND ( 'NONE', #226, .T. ) ;
#430 = DATE_AND_TIME ( #1216, #12 ) ;
#431 = CARTESIAN_POINT ( 'NONE',  ( 29.01088294758095643, 22.50000000000000000, 7.632707519831958720 ) ) ;
#432 = CARTESIAN_POINT ( 'NONE',  ( 30.72572635005002439, -23.50000000000000711, 8.694051640590387819 ) ) ;
#433 = EDGE_CURVE ( 'NONE', #816, #958, #929, .T. ) ;
#434 = CARTESIAN_POINT ( 'NONE',  ( 20.90926913888232264, -23.50000000000000711, 0.6604477412296694272 ) ) ;
#435 = CARTESIAN_POINT ( 'NONE',  ( 30.42795013499661749, 22.50000000000000000, 11.20833053924122424 ) ) ;
#436 = APPLICATION_PROTOCOL_DEFINITION ( 'international standard', 'config_control_design', 1994, #299 ) ;
#437 = ORIENTED_EDGE ( 'NONE', *, *, #563, .F. ) ;
#438 = VECTOR ( 'NONE', #613, 1000.000000000000000 ) ;
#439 = ORIENTED_EDGE ( 'NONE', *, *, #123, .F. ) ;
#440 = B_SPLINE_CURVE_WITH_KNOTS ( 'NONE', 3,
 ( #1050, #312, #1281, #1026 ),
 .UNSPECIFIED., .F., .F.,
 ( 4, 4 ),
 ( 0.000000000000000000, 1.000000000000000000 ),
 .UNSPECIFIED. ) ;
#441 = CARTESIAN_POINT ( 'NONE',  ( 35.50000000000000000, -22.50000000000000000, 40.00000000000000000 ) ) ;
#442 = CARTESIAN_POINT ( 'NONE',  ( 31.99978932944985743, 22.50000000000000000, 19.99724458657604131 ) ) ;
#443 = DIRECTION ( 'NONE',  ( 0.000000000000000000, 1.000000000000000000, 0.000000000000000000 ) ) ;
#444 = DIRECTION ( 'NONE',  ( 0.9885097806308499324, 0.000000000000000000, -0.1511569171329882888 ) ) ;
#445 =( NAMED_UNIT ( * ) PLANE_ANGLE_UNIT ( ) SI_UNIT ( $, .RADIAN. ) );
#446 = ORIENTED_EDGE ( 'NONE', *, *, #1538, .F. ) ;
#447 = EDGE_CURVE ( 'NONE', #687, #232, #1174, .T. ) ;
#448 = EDGE_LOOP ( 'NONE', ( #1252, #713, #705, #577, #1301, #398, #1555, #25, #1311, #1001 ) ) ;
#449 = DIRECTION ( 'NONE',  ( -1.000000000000000000, 0.000000000000000000, 0.000000000000000000 ) ) ;
#450 = CARTESIAN_POINT ( 'NONE',  ( 32.00000000000000000, -22.50000000000000000, 40.00000000000000000 ) ) ;
#451 = CARTESIAN_POINT ( 'NONE',  ( 12.00163697634831017, -23.50000000000000711, 0.001420426421091603233 ) ) ;
#452 = DIRECTION ( 'NONE',  ( -1.000000000000000000, 0.000000000000000000, -0.000000000000000000 ) ) ;
#453 = EDGE_LOOP ( 'NONE', ( #948, #1230, #576, #1231 ) ) ;
#454 = ADVANCED_FACE ( 'NONE', ( #920 ), #1072, .T. ) ;
#455 = EDGE_LOOP ( 'NONE', ( #1074, #702, #600, #1579, #1244, #750 ) ) ;
#456 = EDGE_CURVE ( 'NONE', #1352, #139, #802, .T. ) ;
#457 = VERTEX_POINT ( 'NONE', #428 ) ;
#458 = CARTESIAN_POINT ( 'NONE',  ( 35.50163697634833682, -23.50000000000000711, 19.99487952950573799 ) ) ;
#459 = CARTESIAN_POINT ( 'NONE',  ( 12.00163697634833859, 23.50000000000000000, 19.99487952950573799 ) ) ;
#460 = VECTOR ( 'NONE', #1042, 1000.000000000000000 ) ;
#461 = LINE ( 'NONE', #1188, #323 ) ;
#462 = DIRECTION ( 'NONE',  ( -1.000000000000000000, 0.000000000000000000, 0.000000000000000000 ) ) ;
#463 = ORIENTED_EDGE ( 'NONE', *, *, #313, .F. ) ;
#464 = ORIENTED_EDGE ( 'NONE', *, *, #14, .F. ) ;
#465 = B_SPLINE_SURFACE_WITH_KNOTS ( 'NONE', 3, 1, ( 
 ( #1514, #1397 ),
 ( #294, #892 ),
 ( #539, #38 ),
 ( #775, #1504 ),
 ( #272, #395 ),
 ( #1272, #1490 ),
 ( #1034, #769 ),
 ( #912, #301 ),
 ( #761, #1259 ),
 ( #899, #1148 ),
 ( #785, #644 ) ),
 .UNSPECIFIED., .F., .F., .F.,
 ( 4, 1, 1, 1, 1, 1, 1, 1, 4 ),
 ( 2, 2 ),
 ( 0.000000000000000000, 0.3260465942189113564, 0.3649782017523669486, 0.4081339121447942198, 0.4293399595976296057, 0.4880730786669520982, 0.5429355610112545083, 0.6387842043148002080, 0.9423979644246077703 ),
 ( 0.000000000000000000, 1.000000000000000000 ),
 .UNSPECIFIED. ) ;
#466 = ORIENTED_EDGE ( 'NONE', *, *, #97, .T. ) ;
#467 = EDGE_LOOP ( 'NONE', ( #837, #189, #9, #1446 ) ) ;
#468 = LINE ( 'NONE', #963, #145 ) ;
#469 = VECTOR ( 'NONE', #1503, 1000.000000000000000 ) ;
#470 = LINE ( 'NONE', #1340, #1271 ) ;
#471 = AXIS2_PLACEMENT_3D ( 'NONE', #654, #269, #1282 ) ;
#472 = DIRECTION ( 'NONE',  ( 1.000000000000000000, 0.000000000000000000, 0.000000000000000000 ) ) ;
#473 = AXIS2_PLACEMENT_3D ( 'NONE', #882, #1266, #1025 ) ;
#474 = CARTESIAN_POINT ( 'NONE',  ( 12.00163697634833859, 22.50000000000000000, 19.99487952950573799 ) ) ;
#475 = ORIENTED_EDGE ( 'NONE', *, *, #506, .T. ) ;
#476 = EDGE_LOOP ( 'NONE', ( #739, #984, #236, #284 ) ) ;
#477 = AXIS2_PLACEMENT_3D ( 'NONE', #1398, #1509, #900 ) ;
#478 = ORIENTED_EDGE ( 'NONE', *, *, #289, .T. ) ;
#479 = VECTOR ( 'NONE', #1449, 1000.000000000000000 ) ;
#480 = AXIS2_PLACEMENT_3D ( 'NONE', #76, #562, #811 ) ;
#481 = DIRECTION ( 'NONE',  ( -0.000000000000000000, -1.000000000000000000, -0.000000000000000000 ) ) ;
#482 = PLANE ( 'NONE',  #1057 ) ;
#483 = CARTESIAN_POINT ( 'NONE',  ( 35.50000000000000000, -15.00000000000000000, 40.00000000000000000 ) ) ;
#484 = PERSON_AND_ORGANIZATION ( #632, #209 ) ;
#485 = ADVANCED_FACE ( 'NONE', ( #1292 ), #1536, .F. ) ;
#486 = B_SPLINE_SURFACE_WITH_KNOTS ( 'NONE', 3, 1, ( 
 ( #181, #161 ),
 ( #886, #504 ),
 ( #36, #766 ),
 ( #876, #526 ),
 ( #533, #1003 ),
 ( #155, #1379 ),
 ( #41, #1487 ),
 ( #13, #997 ),
 ( #390, #408 ),
 ( #1473, #1254 ),
 ( #375, #511 ) ),
 .UNSPECIFIED., .F., .F., .F.,
 ( 4, 1, 1, 1, 1, 1, 1, 1, 4 ),
 ( 2, 2 ),
 ( 0.000000000000000000, 0.3036137601098075622, 0.3994624034133532620, 0.4543248857576556721, 0.5130580048269781646, 0.5342640522798135505, 0.5774197626722408216, 0.6163513702056964139, 0.9423979644246077703 ),
 ( 0.000000000000000000, 1.000000000000000000 ),
 .UNSPECIFIED. ) ;
#487 = DIRECTION ( 'NONE',  ( 0.000000000000000000, 1.000000000000000000, 0.000000000000000000 ) ) ;
#488 = ORIENTED_EDGE ( 'NONE', *, *, #1357, .F. ) ;
#489 = ORIENTED_EDGE ( 'NONE', *, *, #1475, .F. ) ;
#490 = ORIENTED_EDGE ( 'NONE', *, *, #48, .F. ) ;
#491 = CARTESIAN_POINT ( 'NONE',  ( 26.86880464102238619, -22.50000000000000711, 4.996303450221415865 ) ) ;
#492 = EDGE_CURVE ( 'NONE', #1218, #1228, #692, .T. ) ;
#493 = LINE ( 'NONE', #365, #755 ) ;
#494 = VERTEX_POINT ( 'NONE', #1551 ) ;
#495 = ORIENTED_EDGE ( 'NONE', *, *, #1413, .T. ) ;
#496 = DIRECTION ( 'NONE',  ( 1.000000000000000000, 0.000000000000000000, 0.000000000000000000 ) ) ;
#497 = EDGE_LOOP ( 'NONE', ( #6, #1472, #358, #510 ) ) ;
#498 = CARTESIAN_POINT ( 'NONE',  ( 30.72408937370169113, 22.50000000000000000, 8.692631214169312059 ) ) ;
#499 = VECTOR ( 'NONE', #1496, 1000.000000000000000 ) ;
#500 = CARTESIAN_POINT ( 'NONE',  ( 24.50000000000000000, 0.000000000000000000, 49.05000000000000426 ) ) ;
#501 = ORIENTED_EDGE ( 'NONE', *, *, #1220, .T. ) ;
#502 = ORIENTED_EDGE ( 'NONE', *, *, #689, .T. ) ;
#503 = EDGE_CURVE ( 'NONE', #19, #1457, #461, .T. ) ;
#504 = CARTESIAN_POINT ( 'NONE',  ( 14.35989739897363471, -22.50000000000000711, 0.1150928235855697701 ) ) ;
#505 = VERTEX_POINT ( 'NONE', #800 ) ;
#506 = EDGE_CURVE ( 'NONE', #1422, #1108, #1124, .T. ) ;
#507 = CARTESIAN_POINT ( 'NONE',  ( 31.20239383044472348, -22.50000000000000711, 14.78395355865048622 ) ) ;
#508 = LINE ( 'NONE', #599, #33 ) ;
#509 = VERTEX_POINT ( 'NONE', #193 ) ;
#510 = ORIENTED_EDGE ( 'NONE', *, *, #1067, .T. ) ;
#511 = CARTESIAN_POINT ( 'NONE',  ( 30.72572635005002439, -22.50000000000000711, 8.694051640590387819 ) ) ;
#512 = PLANE ( 'NONE',  #238 ) ;
#513 = ADVANCED_FACE ( 'NONE', ( #335 ), #177, .T. ) ;
#514 = CARTESIAN_POINT ( 'NONE',  ( 12.00000000000000000, 22.50000000000000000, 2.385244779468109755E-15 ) ) ;
#515 = DIRECTION ( 'NONE',  ( 0.5790004772354928608, 0.000000000000000000, -0.8153272026377333948 ) ) ;
#516 = ORIENTED_EDGE ( 'NONE', *, *, #990, .F. ) ;
#517 = LINE ( 'NONE', #1012, #1489 ) ;
#518 = AXIS2_PLACEMENT_3D ( 'NONE', #450, #690, #944 ) ;
#519 = DIRECTION ( 'NONE',  ( -0.6305926250944663414, 0.000000000000000000, -0.7761140001162650792 ) ) ;
#520 = CARTESIAN_POINT ( 'NONE',  ( 30.72572635005002439, 23.50000000000000000, 8.694051640590377161 ) ) ;
#521 = VECTOR ( 'NONE', #1344, 1000.000000000000114 ) ;
#522 = LINE ( 'NONE', #1016, #499 ) ;
#523 = EDGE_CURVE ( 'NONE', #1424, #1422, #700, .T. ) ;
#524 = CARTESIAN_POINT ( 'NONE',  ( 13.50000000000000000, 2.500000000000000000, 47.52499999999999858 ) ) ;
#525 = VERTEX_POINT ( 'NONE', #1163 ) ;
#526 = CARTESIAN_POINT ( 'NONE',  ( 20.90926913888232264, -22.50000000000000711, 0.6604477412296694272 ) ) ;
#527 = CARTESIAN_POINT ( 'NONE',  ( 35.50081848817416130, 22.50000000000000000, 19.99416931629520633 ) ) ;
#528 = CARTESIAN_POINT ( 'NONE',  ( 20.73916517917786351, 22.50000000000000000, 1.568978159727702826 ) ) ;
#529 = CC_DESIGN_PERSON_AND_ORGANIZATION_ASSIGNMENT ( #1059, #721, ( #344 ) ) ;
#530 = CIRCLE ( 'NONE', #1427, 3.000000000000002665 ) ;
#531 = LINE ( 'NONE', #412, #1169 ) ;
#532 = ADVANCED_FACE ( 'NONE', ( #61 ), #551, .T. ) ;
#533 = CARTESIAN_POINT ( 'NONE',  ( 22.34426570114234778, -23.50000000000000711, 1.421494776674530058 ) ) ;
#534 = CARTESIAN_POINT ( 'NONE',  ( 27.44142630442439312, 22.50000000000000000, 4.372558734481498455 ) ) ;
#535 = DIRECTION ( 'NONE',  ( 0.1511569171329882888, -0.000000000000000000, 0.9885097806308498214 ) ) ;
#536 = DIRECTION ( 'NONE',  ( 0.000000000000000000, 1.000000000000000000, 0.000000000000000000 ) ) ;
#537 = CARTESIAN_POINT ( 'NONE',  ( 31.99978932944985743, -22.50000000000000711, 19.99724458657604487 ) ) ;
#538 = CARTESIAN_POINT ( 'NONE',  ( 26.86880464102238619, 22.50000000000000000, 4.996303450221415865 ) ) ;
#539 = CARTESIAN_POINT ( 'NONE',  ( 27.44142630442439312, 23.50000000000000000, 4.372558734481498455 ) ) ;
#540 = DIRECTION ( 'NONE',  ( 1.388232795161829064E-15, -0.000000000000000000, 1.000000000000000000 ) ) ;
#541 = DIRECTION ( 'NONE',  ( 1.000000000000000000, 0.000000000000000000, 0.000000000000000000 ) ) ;
#542 = CARTESIAN_POINT ( 'NONE',  ( 35.50000000000000000, 22.50000000000000000, 40.00000000000000000 ) ) ;
#543 = CC_DESIGN_SECURITY_CLASSIFICATION ( #344, ( #669 ) ) ;
#544 = CC_DESIGN_DATE_AND_TIME_ASSIGNMENT ( #425, #598, ( #344 ) ) ;
#545 = VECTOR ( 'NONE', #767, 1000.000000000000227 ) ;
#546 = B_SPLINE_CURVE_WITH_KNOTS ( 'NONE', 3,
 ( #129, #966, #1350, #370 ),
 .UNSPECIFIED., .F., .F.,
 ( 4, 4 ),
 ( 0.000000000000000000, 0.8509775118303742891 ),
 .UNSPECIFIED. ) ;
#547 = ORIENTED_EDGE ( 'NONE', *, *, #1538, .T. ) ;
#548 = ADVANCED_FACE ( 'NONE', ( #840 ), #1215, .F. ) ;
#549 = CARTESIAN_POINT ( 'NONE',  ( 35.50000000000000000, 22.50000000000000000, 40.00000000000000000 ) ) ;
#550 = EDGE_CURVE ( 'NONE', #1479, #1328, #530, .T. ) ;
#551 = PLANE ( 'NONE',  #1229 ) ;
#552 = VECTOR ( 'NONE', #82, 1000.000000000000000 ) ;
#553 = DIRECTION ( 'NONE',  ( 1.000000000000000000, 0.000000000000000000, 0.000000000000000000 ) ) ;
#554 = DIRECTION ( 'NONE',  ( 0.000000000000000000, -1.000000000000000000, 0.000000000000000000 ) ) ;
#555 = ADVANCED_FACE ( 'NONE', ( #1332 ), #221, .T. ) ;
#556 = DIRECTION ( 'NONE',  ( -0.000000000000000000, 1.000000000000000000, -0.000000000000000000 ) ) ;
#557 = LINE ( 'NONE', #1523, #42 ) ;
#558 = CARTESIAN_POINT ( 'NONE',  ( 34.33333333333332149, -22.50000000000000711, 19.99563940205645451 ) ) ;
#559 = ORIENTED_EDGE ( 'NONE', *, *, #1287, .T. ) ;
#560 = DIRECTION ( 'NONE',  ( -0.000000000000000000, -1.000000000000000000, -0.000000000000000000 ) ) ;
#561 = CARTESIAN_POINT ( 'NONE',  ( 32.00000000000000000, -17.00000000000000000, 44.00000000000000000 ) ) ;
#562 = DIRECTION ( 'NONE',  ( 0.001868824426645527333, -0.000000000000000000, 0.9999982537461066245 ) ) ;
#563 = EDGE_CURVE ( 'NONE', #203, #525, #978, .T. ) ;
#564 = DIRECTION ( 'NONE',  ( -0.000000000000000000, -1.000000000000000000, -0.000000000000000000 ) ) ;
#565 = PERSON_AND_ORGANIZATION_ROLE ( 'creator' ) ;
#566 = ORIENTED_EDGE ( 'NONE', *, *, #433, .F. ) ;
#567 = VECTOR ( 'NONE', #871, 1000.000000000000000 ) ;
#568 = EDGE_LOOP ( 'NONE', ( #696, #217, #947, #724 ) ) ;
#569 = PLANE ( 'NONE',  #405 ) ;
#570 = PLANE ( 'NONE',  #1285 ) ;
#571 = APPROVAL ( #1421, 'æœª' ) ;
#572 = CARTESIAN_POINT ( 'NONE',  ( 14.35989739897363471, -23.50000000000000711, 0.1150928235855697701 ) ) ;
#573 = PLANE ( 'NONE',  #1373 ) ;
#574 = EDGE_CURVE ( 'NONE', #1329, #337, #597, .T. ) ;
#575 = ORIENTED_EDGE ( 'NONE', *, *, #864, .T. ) ;
#576 = ORIENTED_EDGE ( 'NONE', *, *, #165, .T. ) ;
#577 = ORIENTED_EDGE ( 'NONE', *, *, #743, .F. ) ;
#578 = CARTESIAN_POINT ( 'NONE',  ( 12.00000000000000000, 22.50000000000000000, 2.385244779468109755E-15 ) ) ;
#579 = DIRECTION ( 'NONE',  ( 0.000000000000000000, 0.000000000000000000, 1.000000000000000000 ) ) ;
#580 = CARTESIAN_POINT ( 'NONE',  ( 13.50000000000000000, 6.500000000000000000, 52.10000000000000142 ) ) ;
#581 = LINE ( 'NONE', #1073, #670 ) ;
#582 = VERTEX_POINT ( 'NONE', #831 ) ;
#583 = VERTEX_POINT ( 'NONE', #1093 ) ;
#584 = VERTEX_POINT ( 'NONE', #483 ) ;
#585 = VERTEX_POINT ( 'NONE', #346 ) ;
#586 = LINE ( 'NONE', #728, #972 ) ;
#587 = CARTESIAN_POINT ( 'NONE',  ( 30.00000000000000000, 20.00000000000000000, 44.00000000000000000 ) ) ;
#588 = VECTOR ( 'NONE', #141, 1000.000000000000000 ) ;
#589 = FACE_OUTER_BOUND ( 'NONE', #118, .T. ) ;
#590 = CARTESIAN_POINT ( 'NONE',  ( 13.50000000000000000, 6.500000000000000000, 52.10000000000000142 ) ) ;
#591 = ORIENTED_EDGE ( 'NONE', *, *, #983, .F. ) ;
#592 = VERTEX_POINT ( 'NONE', #709 ) ;
#593 = VERTEX_POINT ( 'NONE', #849 ) ;
#594 = DIRECTION ( 'NONE',  ( 0.000000000000000000, 0.000000000000000000, 1.000000000000000000 ) ) ;
#595 = ADVANCED_FACE ( 'NONE', ( #113 ), #1461, .F. ) ;
#596 = CARTESIAN_POINT ( 'NONE',  ( 30.42795013499661749, -22.50000000000000711, 11.20833053924122424 ) ) ;
#597 = LINE ( 'NONE', #955, #891 ) ;
#598 = DATE_TIME_ROLE ( 'classification_date' ) ;
#599 = CARTESIAN_POINT ( 'NONE',  ( 12.00000000000000000, -22.50000000000000711, 2.385244779468109755E-15 ) ) ;
#600 = ORIENTED_EDGE ( 'NONE', *, *, #1190, .T. ) ;
#601 = ORIENTED_EDGE ( 'NONE', *, *, #1403, .T. ) ;
#602 = ORIENTED_EDGE ( 'NONE', *, *, #1337, .F. ) ;
#603 = CIRCLE ( 'NONE', #274, 3.000000000000002665 ) ;
#604 = AXIS2_PLACEMENT_3D ( 'NONE', #1443, #1225, #229 ) ;
#605 = CARTESIAN_POINT ( 'NONE',  ( 35.50000000000000000, 22.50000000000000000, 45.65831239517769546 ) ) ;
#606 = ADVANCED_FACE ( 'NONE', ( #589 ), #1084, .F. ) ;
#607 = LINE ( 'NONE', #1110, #1396 ) ;
#608 =( NAMED_UNIT ( * ) SI_UNIT ( $, .STERADIAN. ) SOLID_ANGLE_UNIT ( ) );
#609 = CARTESIAN_POINT ( 'NONE',  ( 32.00000000000000000, 0.000000000000000000, 48.00000000000000000 ) ) ;
#610 = VERTEX_POINT ( 'NONE', #7 ) ;
#611 = ORIENTED_EDGE ( 'NONE', *, *, #239, .F. ) ;
#612 = ORIENTED_EDGE ( 'NONE', *, *, #574, .T. ) ;
#613 = DIRECTION ( 'NONE',  ( -1.388232795161829064E-15, 0.000000000000000000, -1.000000000000000000 ) ) ;
#614 = LINE ( 'NONE', #1112, #965 ) ;
#615 = ORIENTED_EDGE ( 'NONE', *, *, #456, .F. ) ;
#616 = EDGE_LOOP ( 'NONE', ( #934, #1107, #89, #247 ) ) ;
#617 = EDGE_CURVE ( 'NONE', #88, #494, #865, .T. ) ;
#618 = DIRECTION ( 'NONE',  ( -0.000000000000000000, -1.000000000000000000, -0.000000000000000000 ) ) ;
#619 = ORIENTED_EDGE ( 'NONE', *, *, #626, .F. ) ;
#620 = CARTESIAN_POINT ( 'NONE',  ( 32.00000000000000000, -22.50000000000000000, 40.00000000000000000 ) ) ;
#621 = LOCAL_TIME ( 17, 22, 51.00000000000000000, #932 ) ;
#622 = VECTOR ( 'NONE', #1436, 1000.000000000000000 ) ;
#623 = LINE ( 'NONE', #1234, #1142 ) ;
#624 = ORIENTED_EDGE ( 'NONE', *, *, #1223, .F. ) ;
#625 = ORIENTED_EDGE ( 'NONE', *, *, #617, .F. ) ;
#626 = EDGE_CURVE ( 'NONE', #1108, #807, #470, .T. ) ;
#627 = PLANE ( 'NONE',  #790 ) ;
#628 = LINE ( 'NONE', #1495, #1415 ) ;
#629 = ADVANCED_FACE ( 'NONE', ( #1561 ), #482, .F. ) ;
#630 = LINE ( 'NONE', #1264, #776 ) ;
#631 = MANIFOLD_SOLID_BREP ( '×¦°å-×ó.step<1>', #107 ) ;
#632 = PERSON ( 'æœª', 'æœª', 'æœª', ('æœª'), ('æœª'), ('æœª') ) ;
#633 = CARTESIAN_POINT ( 'NONE',  ( 30.00000000000000000, -22.50000000000000000, 42.34168760482229743 ) ) ;
#634 = ORIENTED_EDGE ( 'NONE', *, *, #1046, .T. ) ;
#635 = LINE ( 'NONE', #1132, #30 ) ;
#636 = CARTESIAN_POINT ( 'NONE',  ( 35.50000000000000000, -20.00000000000000000, 44.00000000000000000 ) ) ;
#637 = DIRECTION ( 'NONE',  ( 0.3684342311627481492, 0.000000000000000000, 0.9296538158408831354 ) ) ;
#638 = CARTESIAN_POINT ( 'NONE',  ( 25.33361799502420553, -22.50000000000000711, 19.99487952950573799 ) ) ;
#639 = CARTESIAN_POINT ( 'NONE',  ( 35.49999999999999289, -14.99999999999999645, 19.99345910308467822 ) ) ;
#640 = ORIENTED_EDGE ( 'NONE', *, *, #830, .F. ) ;
#641 = CARTESIAN_POINT ( 'NONE',  ( 17.38981153035287974, -22.50000000000000711, 0.1560134374485303843 ) ) ;
#642 = LINE ( 'NONE', #1276, #962 ) ;
#643 = APPROVAL ( #363, 'æœª' ) ;
#644 = CARTESIAN_POINT ( 'NONE',  ( 12.00163697634831017, 22.50000000000000000, 0.001420426421091603233 ) ) ;
#645 = EDGE_CURVE ( 'NONE', #1556, #1139, #607, .T. ) ;
#646 = AXIS2_PLACEMENT_3D ( 'NONE', #120, #1582, #385 ) ;
#647 = PLANE ( 'NONE',  #672 ) ;
#648 = DIRECTION ( 'NONE',  ( 0.000000000000000000, 0.000000000000000000, -1.000000000000000000 ) ) ;
#649 = CARTESIAN_POINT ( 'NONE',  ( 35.50000000000000000, 22.50000000000000000, 40.00000000000000000 ) ) ;
#650 = CARTESIAN_POINT ( 'NONE',  ( 24.18966857720989339, -22.50000000000000711, 2.155499826851744238 ) ) ;
#651 = EDGE_CURVE ( 'NONE', #96, #991, #546, .T. ) ;
#652 = CARTESIAN_POINT ( 'NONE',  ( 33.75000000000000000, -15.00000000000000000, 40.00000000000000000 ) ) ;
#653 = DIRECTION ( 'NONE',  ( -0.9211195356108774490, 0.000000000000000000, 0.3892798493577614982 ) ) ;
#654 = CARTESIAN_POINT ( 'NONE',  ( 35.50000000000000000, 22.50000000000000000, 40.00000000000000000 ) ) ;
#655 = ORIENTED_EDGE ( 'NONE', *, *, #954, .F. ) ;
#656 = CARTESIAN_POINT ( 'NONE',  ( 23.30283661714803500, -22.50000000000000711, 1.807611084797311918 ) ) ;
#657 = EDGE_CURVE ( 'NONE', #1310, #988, #401, .T. ) ;
#658 = PLANE ( 'NONE',  #473 ) ;
#659 = CARTESIAN_POINT ( 'NONE',  ( 23.45795687596374535, -22.50000000000000711, 2.574107211266722928 ) ) ;
#660 = CARTESIAN_POINT ( 'NONE',  ( 35.50000000000000000, 14.00000000000000000, 40.00000000000000000 ) ) ;
#661 = CARTESIAN_POINT ( 'NONE',  ( 31.99999999999998579, -15.00000000000000000, 20.00000000000000355 ) ) ;
#662 = EDGE_CURVE ( 'NONE', #293, #1530, #136, .T. ) ;
#663 = AXIS2_PLACEMENT_3D ( 'NONE', #587, #496, #307 ) ;
#664 = ORIENTED_EDGE ( 'NONE', *, *, #309, .T. ) ;
#665 = LINE ( 'NONE', #549, #1451 ) ;
#666 = DIRECTION ( 'NONE',  ( -1.388232795161829064E-15, 0.000000000000000000, -1.000000000000000000 ) ) ;
#667 = FACE_OUTER_BOUND ( 'NONE', #453, .T. ) ;
#668 = EDGE_CURVE ( 'NONE', #203, #764, #1468, .T. ) ;
#669 = PRODUCT_DEFINITION_FORMATION_WITH_SPECIFIED_SOURCE ( 'ä»', '', #1343, .NOT_KNOWN. ) ;
#670 = VECTOR ( 'NONE', #1552, 1000.000000000000000 ) ;
#671 = CARTESIAN_POINT ( 'NONE',  ( 32.00000000000000000, -15.00000000000000000, 0.000000000000000000 ) ) ;
#672 = AXIS2_PLACEMENT_3D ( 'NONE', #770, #515, #1149 ) ;
#673 = LINE ( 'NONE', #326, #1040 ) ;
#674 = AXIS2_PLACEMENT_3D ( 'NONE', #1518, #1391, #1010 ) ;
#675 = CARTESIAN_POINT ( 'NONE',  ( 32.00000000000000000, 0.000000000000000000, 48.00000000000000000 ) ) ;
#676 = AXIS2_PLACEMENT_3D ( 'NONE', #119, #717, #829 ) ;
#677 = VECTOR ( 'NONE', #720, 1000.000000000000000 ) ;
#678 = DIRECTION ( 'NONE',  ( 0.000000000000000000, -1.000000000000000000, 0.000000000000000000 ) ) ;
#679 = ORIENTED_EDGE ( 'NONE', *, *, #368, .T. ) ;
#680 = DIRECTION ( 'NONE',  ( 1.000000000000000000, 0.000000000000000000, -1.388232795161829064E-15 ) ) ;
#681 = DIRECTION ( 'NONE',  ( 0.000000000000000000, -1.000000000000000000, 0.000000000000000000 ) ) ;
#682 = EDGE_CURVE ( 'NONE', #826, #1159, #1224, .T. ) ;
#683 = LINE ( 'NONE', #1306, #188 ) ;
#684 = FACE_OUTER_BOUND ( 'NONE', #195, .T. ) ;
#685 = APPROVAL_STATUS ( 'not_yet_approved' ) ;
#686 = ORIENTED_EDGE ( 'NONE', *, *, #662, .T. ) ;
#687 = VERTEX_POINT ( 'NONE', #1356 ) ;
#688 = DIRECTION ( 'NONE',  ( 0.000000000000000000, 0.000000000000000000, -1.000000000000000000 ) ) ;
#689 = EDGE_CURVE ( 'NONE', #1377, #933, #1104, .T. ) ;
#690 = DIRECTION ( 'NONE',  ( 0.000000000000000000, -1.000000000000000000, 0.000000000000000000 ) ) ;
#691 = EDGE_CURVE ( 'NONE', #1457, #703, #112, .T. ) ;
#692 = LINE ( 'NONE', #1064, #275 ) ;
#693 = DIRECTION ( 'NONE',  ( 0.000000000000000000, 0.000000000000000000, -1.000000000000000000 ) ) ;
#694 = VERTEX_POINT ( 'NONE', #249 ) ;
#695 = VECTOR ( 'NONE', #977, 1000.000000000000227 ) ;
#696 = ORIENTED_EDGE ( 'NONE', *, *, #1423, .T. ) ;
#697 = ORIENTED_EDGE ( 'NONE', *, *, #691, .T. ) ;
#698 = LINE ( 'NONE', #578, #292 ) ;
#699 = FACE_OUTER_BOUND ( 'NONE', #903, .T. ) ;
#700 = LINE ( 'NONE', #787, #1381 ) ;
#701 = CARTESIAN_POINT ( 'NONE',  ( 12.00163697634833859, 23.50000000000000000, 19.99487952950573799 ) ) ;
#702 = ORIENTED_EDGE ( 'NONE', *, *, #222, .F. ) ;
#703 = VERTEX_POINT ( 'NONE', #507 ) ;
#704 = ORIENTED_EDGE ( 'NONE', *, *, #806, .T. ) ;
#705 = ORIENTED_EDGE ( 'NONE', *, *, #503, .F. ) ;
#706 = LINE ( 'NONE', #100, #1172 ) ;
#707 = PLANE ( 'NONE',  #518 ) ;
#708 = B_SPLINE_CURVE_WITH_KNOTS ( 'NONE', 3,
 ( #537, #414, #558, #424 ),
 .UNSPECIFIED., .F., .F.,
 ( 4, 4 ),
 ( 0.000000000000000000, 1.000000000000000000 ),
 .UNSPECIFIED. ) ;
#709 = CARTESIAN_POINT ( 'NONE',  ( 32.00000000000000000, 22.50000000000000000, 42.34168760482229743 ) ) ;
#710 = CC_DESIGN_PERSON_AND_ORGANIZATION_ASSIGNMENT ( #304, #565, ( #669 ) ) ;
#711 = DIRECTION ( 'NONE',  ( 1.000000000000000000, 0.000000000000000000, 0.000000000000000000 ) ) ;
#712 = ORIENTED_EDGE ( 'NONE', *, *, #447, .F. ) ;
#713 = ORIENTED_EDGE ( 'NONE', *, *, #691, .F. ) ;
#714 = EDGE_CURVE ( 'NONE', #1353, #723, #999, .T. ) ;
#715 = ORIENTED_EDGE ( 'NONE', *, *, #523, .F. ) ;
#716 = ORIENTED_EDGE ( 'NONE', *, *, #384, .F. ) ;
#717 = DIRECTION ( 'NONE',  ( -0.000000000000000000, 1.000000000000000000, 0.000000000000000000 ) ) ;
#718 = CARTESIAN_POINT ( 'NONE',  ( 35.50000000000000000, 6.500000000000000000, 46.00000000000000000 ) ) ;
#719 = AXIS2_PLACEMENT_3D ( 'NONE', #921, #1300, #553 ) ;
#720 = DIRECTION ( 'NONE',  ( 0.000000000000000000, 1.000000000000000000, 0.000000000000000000 ) ) ;
#721 = PERSON_AND_ORGANIZATION_ROLE ( 'classification_officer' ) ;
#722 = CARTESIAN_POINT ( 'NONE',  ( 16.38415010878035716, -22.50000000000000711, 0.7286243625393126200 ) ) ;
#723 = VERTEX_POINT ( 'NONE', #1092 ) ;
#724 = ORIENTED_EDGE ( 'NONE', *, *, #97, .F. ) ;
#725 = AXIS2_PLACEMENT_3D ( 'NONE', #143, #270, #297 ) ;
#726 = EDGE_CURVE ( 'NONE', #1208, #1052, #1346, .T. ) ;
#727 = ORIENTED_EDGE ( 'NONE', *, *, #1365, .T. ) ;
#728 = CARTESIAN_POINT ( 'NONE',  ( 16.38415010878035716, 22.50000000000000000, 0.7286243625393126200 ) ) ;
#729 = DIRECTION ( 'NONE',  ( 1.000000000000000000, 0.000000000000000000, 0.000000000000000000 ) ) ;
#730 = CARTESIAN_POINT ( 'NONE',  ( 35.50000000000000000, 0.000000000000000000, 48.00000000000000000 ) ) ;
#731 = DIRECTION ( 'NONE',  ( 0.000000000000000000, -1.000000000000000000, 0.000000000000000000 ) ) ;
#732 = ORIENTED_EDGE ( 'NONE', *, *, #864, .F. ) ;
#733 = VERTEX_POINT ( 'NONE', #491 ) ;
#734 = ORIENTED_EDGE ( 'NONE', *, *, #343, .F. ) ;
#735 = AXIS2_PLACEMENT_3D ( 'NONE', #362, #1205, #102 ) ;
#736 = CARTESIAN_POINT ( 'NONE',  ( 23.30447359349636827, 23.50000000000000000, 1.809031511218391008 ) ) ;
#737 = ADVANCED_FACE ( 'NONE', ( #1233 ), #1085, .F. ) ;
#738 = CARTESIAN_POINT ( 'NONE',  ( 30.72490786187585954, -22.50000000000000711, 8.693341427379850828 ) ) ;
#739 = ORIENTED_EDGE ( 'NONE', *, *, #368, .F. ) ;
#740 = ORIENTED_EDGE ( 'NONE', *, *, #1512, .F. ) ;
#741 = FACE_OUTER_BOUND ( 'NONE', #1236, .T. ) ;
#742 = CARTESIAN_POINT ( 'NONE',  ( 29.01088294758095643, 22.50000000000000000, 7.632707519831958720 ) ) ;
#743 = EDGE_CURVE ( 'NONE', #733, #19, #1136, .T. ) ;
#744 = CARTESIAN_POINT ( 'NONE',  ( 27.43978932807610605, 22.50000000000000000, 4.371138308060418254 ) ) ;
#745 = EDGE_CURVE ( 'NONE', #694, #1377, #762, .T. ) ;
#746 = CARTESIAN_POINT ( 'NONE',  ( 35.49999999999999289, 54.50000000000000711, 19.99345910308467822 ) ) ;
#747 = ORIENTED_EDGE ( 'NONE', *, *, #1357, .T. ) ;
#748 = ORIENTED_EDGE ( 'NONE', *, *, #410, .F. ) ;
#749 = DIRECTION ( 'NONE',  ( 0.9864692520379803042, 0.000000000000000000, 0.1639463777691589352 ) ) ;
#750 = ORIENTED_EDGE ( 'NONE', *, *, #1333, .T. ) ;
#751 = CARTESIAN_POINT ( 'NONE',  ( 22.34426570114234778, 23.50000000000000000, 1.421494776674530058 ) ) ;
#752 = VECTOR ( 'NONE', #778, 1000.000000000000000 ) ;
#753 = CARTESIAN_POINT ( 'NONE',  ( 32.00000000000000000, -22.50000000000000000, 42.34168760482229743 ) ) ;
#754 = VERTEX_POINT ( 'NONE', #288 ) ;
#755 = VECTOR ( 'NONE', #1279, 1000.000000000000000 ) ;
#756 = CARTESIAN_POINT ( 'NONE',  ( 14.35826042262532631, -22.50000000000000711, 0.1136723971644824221 ) ) ;
#757 = CARTESIAN_POINT ( 'NONE',  ( 35.50000000000000000, 2.500000000000000000, 50.57500000000000284 ) ) ;
#758 = DIRECTION ( 'NONE',  ( -0.9211195356108775600, 0.000000000000000000, 0.3892798493577612207 ) ) ;
#759 = AXIS2_PLACEMENT_3D ( 'NONE', #153, #24, #397 ) ;
#760 = VECTOR ( 'NONE', #579, 1000.000000000000000 ) ;
#761 = CARTESIAN_POINT ( 'NONE',  ( 17.39144850670119169, 23.50000000000000000, 0.1574338638696146375 ) ) ;
#762 = B_SPLINE_CURVE_WITH_KNOTS ( 'NONE', 3,
 ( #411, #638, #1006, #158 ),
 .UNSPECIFIED., .F., .F.,
 ( 4, 4 ),
 ( 0.1490224881696257109, 1.000000000000000000 ),
 .UNSPECIFIED. ) ;
#763 = FACE_OUTER_BOUND ( 'NONE', #1540, .T. ) ;
#764 = VERTEX_POINT ( 'NONE', #403 ) ;
#765 = CC_DESIGN_PERSON_AND_ORGANIZATION_ASSIGNMENT ( #114, #979, ( #669 ) ) ;
#766 = CARTESIAN_POINT ( 'NONE',  ( 17.39144850670119169, -22.50000000000000711, 0.1574338638696146375 ) ) ;
#767 = DIRECTION ( 'NONE',  ( 0.9818870505926741155, 0.000000000000000000, 0.1894672000068068907 ) ) ;
#768 = EDGE_CURVE ( 'NONE', #988, #251, #417, .T. ) ;
#769 = CARTESIAN_POINT ( 'NONE',  ( 22.34426570114234778, 22.50000000000000000, 1.421494776674530058 ) ) ;
#770 = CARTESIAN_POINT ( 'NONE',  ( 23.45795687596374535, 22.50000000000000000, 2.574107211266722928 ) ) ;
#771 = EDGE_LOOP ( 'NONE', ( #1439, #154, #87, #860 ) ) ;
#772 = DIRECTION ( 'NONE',  ( 0.1511569171329882888, -0.000000000000000000, 0.9885097806308498214 ) ) ;
#773 = LINE ( 'NONE', #400, #345 ) ;
#774 = ADVANCED_FACE ( 'NONE', ( #904 ), #465, .F. ) ;
#775 = CARTESIAN_POINT ( 'NONE',  ( 24.80933638096599481, 23.50000000000000000, 2.674985382014055890 ) ) ;
#776 = VECTOR ( 'NONE', #152, 1000.000000000000000 ) ;
#777 = FACE_OUTER_BOUND ( 'NONE', #616, .T. ) ;
#778 = DIRECTION ( 'NONE',  ( 0.000000000000000000, 0.000000000000000000, 1.000000000000000000 ) ) ;
#779 = CARTESIAN_POINT ( 'NONE',  ( 24.80769940461766510, -22.50000000000000711, 2.673564955592978354 ) ) ;
#780 = EDGE_CURVE ( 'NONE', #703, #694, #1283, .T. ) ;
#781 = DIRECTION ( 'NONE',  ( 0.000000000000000000, 1.000000000000000000, 0.000000000000000000 ) ) ;
#782 = DIRECTION ( 'NONE',  ( -1.000000000000000000, 0.000000000000000000, 0.000000000000000000 ) ) ;
#783 = CARTESIAN_POINT ( 'NONE',  ( 30.72572635005002439, 23.50000000000000000, 8.694051640590377161 ) ) ;
#784 = CARTESIAN_POINT ( 'NONE',  ( 32.00000000000000000, -22.50000000000000000, 40.00000000000000000 ) ) ;
#785 = CARTESIAN_POINT ( 'NONE',  ( 12.00163697634831017, 23.50000000000000000, 0.001420426421091603233 ) ) ;
#786 = EDGE_CURVE ( 'NONE', #232, #826, #630, .T. ) ;
#787 = CARTESIAN_POINT ( 'NONE',  ( 12.00163697634833859, -23.50000000000000711, 19.99487952950573799 ) ) ;
#788 = LINE ( 'NONE', #1151, #1210 ) ;
#789 = MECHANICAL_CONTEXT ( 'NONE', #287, 'mechanical' ) ;
#790 = AXIS2_PLACEMENT_3D ( 'NONE', #1493, #648, #1147 ) ;
#791 = DIRECTION ( 'NONE',  ( -1.388232795161829064E-15, 0.000000000000000000, -1.000000000000000000 ) ) ;
#792 = LINE ( 'NONE', #68, #1255 ) ;
#793 = VECTOR ( 'NONE', #372, 1000.000000000000114 ) ;
#794 = CARTESIAN_POINT ( 'NONE',  ( 31.99999999999998579, 22.50000000000000000, 20.00000000000000355 ) ) ;
#795 = LINE ( 'NONE', #660, #1411 ) ;
#796 = DATE_AND_TIME ( #1166, #621 ) ;
#797 = EDGE_CURVE ( 'NONE', #723, #703, #522, .T. ) ;
#798 = LINE ( 'NONE', #671, #371 ) ;
#799 = LINE ( 'NONE', #101, #760 ) ;
#800 = CARTESIAN_POINT ( 'NONE',  ( 35.50000000000000000, 2.500000000000000000, 46.00000000000000000 ) ) ;
#801 = VECTOR ( 'NONE', #594, 1000.000000000000000 ) ;
#802 = CIRCLE ( 'NONE', #1023, 3.000000000000002665 ) ;
#803 = DIRECTION ( 'NONE',  ( 1.000000000000000000, 0.000000000000000000, 0.000000000000000000 ) ) ;
#804 = COORDINATED_UNIVERSAL_TIME_OFFSET ( 8, 0, .AHEAD. ) ;
#805 = ORIENTED_EDGE ( 'NONE', *, *, #1337, .T. ) ;
#806 = EDGE_CURVE ( 'NONE', #218, #79, #1144, .T. ) ;
#807 = VERTEX_POINT ( 'NONE', #458 ) ;
#808 = EDGE_CURVE ( 'NONE', #251, #933, #698, .T. ) ;
#809 = DIRECTION ( 'NONE',  ( -1.000000000000000000, 0.000000000000000000, 0.000000000000000000 ) ) ;
#810 = DIRECTION ( 'NONE',  ( 0.000000000000000000, -0.000000000000000000, -1.000000000000000000 ) ) ;
#811 = DIRECTION ( 'NONE',  ( 0.9999982537461066245, 0.000000000000000000, -0.001868824426645527333 ) ) ;
#812 = FACE_OUTER_BOUND ( 'NONE', #1177, .T. ) ;
#813 = PERSON_AND_ORGANIZATION ( #632, #209 ) ;
#814 = ORIENTED_EDGE ( 'NONE', *, *, #726, .F. ) ;
#815 = ORIENTED_EDGE ( 'NONE', *, *, #940, .F. ) ;
#816 = VERTEX_POINT ( 'NONE', #426 ) ;
#817 = DIRECTION ( 'NONE',  ( -1.000000000000000000, 0.000000000000000000, 0.000000000000000000 ) ) ;
#818 = EDGE_CURVE ( 'NONE', #457, #1530, #798, .T. ) ;
#819 = DIRECTION ( 'NONE',  ( 1.000000000000000000, 0.000000000000000000, 0.000000000000000000 ) ) ;
#820 = CARTESIAN_POINT ( 'NONE',  ( 17.39144850670119169, -23.50000000000000711, 0.1574338638696146375 ) ) ;
#821 = CARTESIAN_POINT ( 'NONE',  ( 30.42795013499661749, -22.50000000000000711, 11.20833053924122424 ) ) ;
#822 = ORIENTED_EDGE ( 'NONE', *, *, #626, .T. ) ;
#823 = ORIENTED_EDGE ( 'NONE', *, *, #1453, .T. ) ;
#824 = CC_DESIGN_APPROVAL ( #643, ( #344 ) ) ;
#825 = EDGE_LOOP ( 'NONE', ( #1431, #1087, #357, #867 ) ) ;
#826 = VERTEX_POINT ( 'NONE', #919 ) ;
#827 = VECTOR ( 'NONE', #1198, 1000.000000000000000 ) ;
#828 = DIRECTION ( 'NONE',  ( 0.000000000000000000, 1.000000000000000000, 0.000000000000000000 ) ) ;
#829 = DIRECTION ( 'NONE',  ( 1.000000000000000000, 0.000000000000000000, 0.000000000000000000 ) ) ;
#830 = EDGE_CURVE ( 'NONE', #1424, #1377, #1295, .T. ) ;
#831 = CARTESIAN_POINT ( 'NONE',  ( 32.00000000000000000, 0.000000000000000000, 45.00000000000000000 ) ) ;
#832 = EDGE_CURVE ( 'NONE', #1199, #816, #197, .T. ) ;
#833 = LINE ( 'NONE', #701, #827 ) ;
#834 = VERTEX_POINT ( 'NONE', #57 ) ;
#835 = ORIENTED_EDGE ( 'NONE', *, *, #1223, .T. ) ;
#836 = ORIENTED_EDGE ( 'NONE', *, *, #1403, .F. ) ;
#837 = ORIENTED_EDGE ( 'NONE', *, *, #808, .T. ) ;
#838 = LINE ( 'NONE', #1330, #801 ) ;
#839 = CARTESIAN_POINT ( 'NONE',  ( 33.74251860346389265, -15.00000000000000000, 19.99674353298334850 ) ) ;
#840 = FACE_OUTER_BOUND ( 'NONE', #448, .T. ) ;
#841 = EDGE_CURVE ( 'NONE', #95, #1458, #1532, .T. ) ;
#842 = DESIGN_CONTEXT ( 'detailed design', #299, 'design' ) ;
#843 = LINE ( 'NONE', #746, #1214 ) ;
#844 = ORIENTED_EDGE ( 'NONE', *, *, #726, .T. ) ;
#845 = EDGE_LOOP ( 'NONE', ( #664, #315, #516, #351 ) ) ;
#846 = ORIENTED_EDGE ( 'NONE', *, *, #1190, .F. ) ;
#847 = PLANE ( 'NONE',  #676 ) ;
#848 = DIRECTION ( 'NONE',  ( 1.000000000000000000, 0.000000000000000000, 0.000000000000000000 ) ) ;
#849 = CARTESIAN_POINT ( 'NONE',  ( 32.00000000000000000, 15.00000000000000000, 40.00000000000000000 ) ) ;
#850 = PERSON_AND_ORGANIZATION_ROLE ( 'creator' ) ;
#851 = LINE ( 'NONE', #356, #521 ) ;
#852 = ORIENTED_EDGE ( 'NONE', *, *, #1528, .F. ) ;
#853 = EDGE_LOOP ( 'NONE', ( #1327, #814, #1548, #490 ) ) ;
#854 = EDGE_LOOP ( 'NONE', ( #330, #859, #389, #655 ) ) ;
#855 = VECTOR ( 'NONE', #535, 1000.000000000000114 ) ;
#856 = EDGE_CURVE ( 'NONE', #216, #19, #306, .T. ) ;
#857 = DIRECTION ( 'NONE',  ( -0.9379543105246708201, 0.000000000000000000, -0.3467588663151804917 ) ) ;
#858 = DIRECTION ( 'NONE',  ( 1.000000000000000000, 0.000000000000000000, 0.000000000000000000 ) ) ;
#859 = ORIENTED_EDGE ( 'NONE', *, *, #1559, .T. ) ;
#860 = ORIENTED_EDGE ( 'NONE', *, *, #32, .T. ) ;
#861 = CARTESIAN_POINT ( 'NONE',  ( 23.30283661714803500, -22.50000000000000711, 1.807611084797311918 ) ) ;
#862 = ADVANCED_FACE ( 'NONE', ( #1542 ), #569, .T. ) ;
#863 = LINE ( 'NONE', #659, #875 ) ;
#864 = EDGE_CURVE ( 'NONE', #754, #1458, #1195, .T. ) ;
#865 = LINE ( 'NONE', #620, #241 ) ;
#866 = DIRECTION ( 'NONE',  ( 1.000000000000000000, 0.000000000000000000, 0.000000000000000000 ) ) ;
#867 = ORIENTED_EDGE ( 'NONE', *, *, #818, .T. ) ;
#868 = ORIENTED_EDGE ( 'NONE', *, *, #1475, .T. ) ;
#869 = CARTESIAN_POINT ( 'NONE',  ( 32.00000000000000000, 2.500000000000000000, 45.00000000000000000 ) ) ;
#870 = CARTESIAN_POINT ( 'NONE',  ( 30.00000000000000000, 2.500000000000000000, 46.00000000000000000 ) ) ;
#871 = DIRECTION ( 'NONE',  ( 0.000000000000000000, 0.000000000000000000, -1.000000000000000000 ) ) ;
#872 = AXIS2_PLACEMENT_3D ( 'NONE', #936, #1063, #1187 ) ;
#873 = LINE ( 'NONE', #1367, #271 ) ;
#874 = ORIENTED_EDGE ( 'NONE', *, *, #1241, .T. ) ;
#875 = VECTOR ( 'NONE', #254, 1000.000000000000227 ) ;
#876 = CARTESIAN_POINT ( 'NONE',  ( 20.90926913888232264, -23.50000000000000711, 0.6604477412296694272 ) ) ;
#877 = PLANE ( 'NONE',  #471 ) ;
#878 = ORIENTED_EDGE ( 'NONE', *, *, #1305, .F. ) ;
#879 = CARTESIAN_POINT ( 'NONE',  ( 14.35826042262532631, 22.50000000000000000, 0.1136723971644824221 ) ) ;
#880 =( GEOMETRIC_REPRESENTATION_CONTEXT ( 3 ) GLOBAL_UNCERTAINTY_ASSIGNED_CONTEXT ( ( #1454 ) ) GLOBAL_UNIT_ASSIGNED_CONTEXT ( ( #902, #445, #608 ) ) REPRESENTATION_CONTEXT ( 'NONE', 'WORKASPACE' ) );
#881 = VECTOR ( 'NONE', #1152, 1000.000000000000000 ) ;
#882 = CARTESIAN_POINT ( 'NONE',  ( 35.50000000000000000, 0.000000000000000000, 46.00000000000000000 ) ) ;
#883 = ORIENTED_EDGE ( 'NONE', *, *, #410, .T. ) ;
#884 = EDGE_CURVE ( 'NONE', #1139, #584, #935, .T. ) ;
#885 = VECTOR ( 'NONE', #986, 1000.000000000000000 ) ;
#886 = CARTESIAN_POINT ( 'NONE',  ( 14.35989739897363471, -23.50000000000000711, 0.1150928235855697701 ) ) ;
#887 = DIRECTION ( 'NONE',  ( 1.000000000000000000, -0.000000000000000000, -0.000000000000000000 ) ) ;
#888 = CARTESIAN_POINT ( 'NONE',  ( 20.73916517917786351, -22.50000000000000711, 1.568978159727702826 ) ) ;
#889 = AXIS2_PLACEMENT_3D ( 'NONE', #1130, #45, #536 ) ;
#890 = VECTOR ( 'NONE', #219, 1000.000000000000114 ) ;
#891 = VECTOR ( 'NONE', #472, 1000.000000000000000 ) ;
#892 = CARTESIAN_POINT ( 'NONE',  ( 29.59974890451540119, 22.50000000000000000, 6.449227097469300674 ) ) ;
#893 = DIRECTION ( 'NONE',  ( 1.000000000000000000, 0.000000000000000000, 0.000000000000000000 ) ) ;
#894 = ORIENTED_EDGE ( 'NONE', *, *, #884, .T. ) ;
#895 = ADVANCED_FACE ( 'NONE', ( #316 ), #90, .T. ) ;
#896 = CARTESIAN_POINT ( 'NONE',  ( 23.45795687596374535, 22.50000000000000000, 2.574107211266722928 ) ) ;
#897 = FACE_OUTER_BOUND ( 'NONE', #853, .T. ) ;
#898 = CIRCLE ( 'NONE', #1014, 3.000000000000002665 ) ;
#899 = CARTESIAN_POINT ( 'NONE',  ( 14.35989739897363471, 23.50000000000000000, 0.1150928235855697701 ) ) ;
#900 = DIRECTION ( 'NONE',  ( -0.3684342311627480937, 0.000000000000000000, -0.9296538158408831354 ) ) ;
#901 = CARTESIAN_POINT ( 'NONE',  ( 35.50000000000000000, 0.000000000000000000, 52.10000000000000142 ) ) ;
#902 =( LENGTH_UNIT ( ) NAMED_UNIT ( * ) SI_UNIT ( .MILLI., .METRE. ) );
#903 = EDGE_LOOP ( 'NONE', ( #1430, #244, #1546, #223 ) ) ;
#904 = FACE_OUTER_BOUND ( 'NONE', #1478, .T. ) ;
#905 = ADVANCED_FACE ( 'NONE', ( #191 ), #341, .F. ) ;
#906 = VECTOR ( 'NONE', #1441, 1000.000000000000000 ) ;
#907 = APPROVAL_PERSON_ORGANIZATION ( #320, #643, #1342 ) ;
#908 = LINE ( 'NONE', #1376, #1096 ) ;
#909 = VECTOR ( 'NONE', #149, 1000.000000000000000 ) ;
#910 = CARTESIAN_POINT ( 'NONE',  ( 23.45795687596374535, 22.50000000000000000, 2.574107211266722928 ) ) ;
#911 = CARTESIAN_POINT ( 'NONE',  ( 20.90926913888232264, 22.50000000000000000, 0.6604477412296694272 ) ) ;
#912 = CARTESIAN_POINT ( 'NONE',  ( 20.90926913888232264, 23.50000000000000000, 0.6604477412296694272 ) ) ;
#913 = ADVANCED_FACE ( 'NONE', ( #1433 ), #1520, .F. ) ;
#914 = EDGE_CURVE ( 'NONE', #1580, #982, #665, .T. ) ;
#915 = LINE ( 'NONE', #146, #63 ) ;
#916 = CARTESIAN_POINT ( 'NONE',  ( 35.50000000000000000, -17.00000000000000000, 44.00000000000000000 ) ) ;
#917 = ORIENTED_EDGE ( 'NONE', *, *, #503, .T. ) ;
#918 = B_SPLINE_CURVE_WITH_KNOTS ( 'NONE', 3,
 ( #1382, #1038, #534, #280, #156, #420, #300, #911, #409, #47, #1269 ),
 .UNSPECIFIED., .F., .F.,
 ( 4, 1, 1, 1, 1, 1, 1, 1, 4 ),
 ( 0.000000000000000000, 0.3459754865005284508, 0.3872867042695796735, 0.4330802140409812928, 0.4555824352398386012, 0.5179054890732397443, 0.5761213218905351097, 0.6778285060333480994, 1.000000000000000000 ),
 .UNSPECIFIED. ) ;
#919 = CARTESIAN_POINT ( 'NONE',  ( 35.50000000000000000, 6.500000000000000000, 52.10000000000000142 ) ) ;
#920 = FACE_OUTER_BOUND ( 'NONE', #380, .T. ) ;
#921 = CARTESIAN_POINT ( 'NONE',  ( 24.50000000000000000, 2.500000000000000000, 49.05000000000000426 ) ) ;
#922 = DATE_TIME_ROLE ( 'creation_date' ) ;
#923 = VECTOR ( 'NONE', #1519, 1000.000000000000000 ) ;
#924 = CARTESIAN_POINT ( 'NONE',  ( 32.00000000000000000, 0.000000000000000000, 48.00000000000000000 ) ) ;
#925 = CLOSED_SHELL ( 'NONE', ( #606, #1145, #1017, #862, #1314, #75, #1463, #1560, #1522, #513, #321, #1111, #1135, #334, #190, #29, #170, #1245, #386, #737, #210, #485, #629, #265, #1521, #295, #1348, #1409, #595, #1125, #454, #774, #1094, #1432, #93, #1253, #1105, #1150, #1258, #913, #905, #532, #548 ) ) ;
#926 = PLANE ( 'NONE',  #391 ) ;
#927 = VECTOR ( 'NONE', #28, 1000.000000000000000 ) ;
#928 = EDGE_CURVE ( 'NONE', #494, #1386, #1160, .T. ) ;
#929 = LINE ( 'NONE', #675, #66 ) ;
#930 = DIRECTION ( 'NONE',  ( 0.000000000000000000, -0.000000000000000000, -1.000000000000000000 ) ) ;
#931 = EDGE_CURVE ( 'NONE', #982, #593, #1417, .T. ) ;
#932 = COORDINATED_UNIVERSAL_TIME_OFFSET ( 8, 0, .AHEAD. ) ;
#933 = VERTEX_POINT ( 'NONE', #1178 ) ;
#934 = ORIENTED_EDGE ( 'NONE', *, *, #55, .T. ) ;
#935 = LINE ( 'NONE', #441, #1573 ) ;
#936 = CARTESIAN_POINT ( 'NONE',  ( 30.72408937370169468, 22.50000000000000000, 8.692631214169313836 ) ) ;
#937 = DIRECTION ( 'NONE',  ( 0.000000000000000000, 1.000000000000000000, 0.000000000000000000 ) ) ;
#938 = LINE ( 'NONE', #86, #1119 ) ;
#939 = PERSON_AND_ORGANIZATION_ROLE ( 'design_owner' ) ;
#940 = EDGE_CURVE ( 'NONE', #807, #1424, #1053, .T. ) ;
#941 = ORIENTED_EDGE ( 'NONE', *, *, #1273, .F. ) ;
#942 = ORIENTED_EDGE ( 'NONE', *, *, #239, .T. ) ;
#943 = DIRECTION ( 'NONE',  ( 0.000000000000000000, 0.000000000000000000, 1.000000000000000000 ) ) ;
#944 = DIRECTION ( 'NONE',  ( 0.000000000000000000, 0.000000000000000000, -1.000000000000000000 ) ) ;
#945 = CARTESIAN_POINT ( 'NONE',  ( 22.34426570114234778, -23.50000000000000711, 1.421494776674530058 ) ) ;
#946 = LINE ( 'NONE', #1191, #622 ) ;
#947 = ORIENTED_EDGE ( 'NONE', *, *, #856, .F. ) ;
#948 = ORIENTED_EDGE ( 'NONE', *, *, #786, .T. ) ;
#949 = EDGE_CURVE ( 'NONE', #1052, #592, #603, .T. ) ;
#950 = ORIENTED_EDGE ( 'NONE', *, *, #657, .F. ) ;
#951 = EDGE_LOOP ( 'NONE', ( #502, #1309, #715, #1531 ) ) ;
#952 = DIRECTION ( 'NONE',  ( 0.000000000000000000, 0.000000000000000000, 1.000000000000000000 ) ) ;
#953 = LINE ( 'NONE', #199, #1155 ) ;
#954 = EDGE_CURVE ( 'NONE', #834, #218, #586, .T. ) ;
#955 = CARTESIAN_POINT ( 'NONE',  ( 19.00000000000000000, 2.500000000000000000, 52.10000000000000142 ) ) ;
#956 = FACE_OUTER_BOUND ( 'NONE', #1553, .T. ) ;
#957 = VERTEX_POINT ( 'NONE', #1581 ) ;
#958 = VERTEX_POINT ( 'NONE', #1212 ) ;
#959 = AXIS2_PLACEMENT_3D ( 'NONE', #392, #1027, #1263 ) ;
#960 = EDGE_LOOP ( 'NONE', ( #1066, #501, #1060, #974, #996, #466, #1569, #1447, #305, #105 ) ) ;
#961 = ORIENTED_EDGE ( 'NONE', *, *, #914, .T. ) ;
#962 = VECTOR ( 'NONE', #1511, 1000.000000000000000 ) ;
#963 = CARTESIAN_POINT ( 'NONE',  ( 35.50000000000000000, 22.50000000000000000, 48.00000000000000000 ) ) ;
#964 = EDGE_CURVE ( 'NONE', #1530, #754, #1459, .T. ) ;
#965 = VECTOR ( 'NONE', #1227, 1000.000000000000000 ) ;
#966 = CARTESIAN_POINT ( 'NONE',  ( 18.66762748568626762, 22.50000000000000000, 19.99487952950573799 ) ) ;
#967 = DIRECTION ( 'NONE',  ( 0.000000000000000000, -0.000000000000000000, -1.000000000000000000 ) ) ;
#968 = EDGE_CURVE ( 'NONE', #457, #1556, #1222, .T. ) ;
#969 = CIRCLE ( 'NONE', #759, 3.000000000000002665 ) ;
#970 = DIRECTION ( 'NONE',  ( 0.9864692520379803042, 0.000000000000000000, 0.1639463777691589352 ) ) ;
#971 = ORIENTED_EDGE ( 'NONE', *, *, #1333, .F. ) ;
#972 = VECTOR ( 'NONE', #1080, 1000.000000000000227 ) ;
#973 = VECTOR ( 'NONE', #327, 999.9999999999998863 ) ;
#974 = ORIENTED_EDGE ( 'NONE', *, *, #123, .T. ) ;
#975 = VERTEX_POINT ( 'NONE', #605 ) ;
#976 = LINE ( 'NONE', #1203, #479 ) ;
#977 = DIRECTION ( 'NONE',  ( 0.2116816478711362193, 0.000000000000000000, 0.9773386720858641130 ) ) ;
#978 = LINE ( 'NONE', #730, #677 ) ;
#979 = PERSON_AND_ORGANIZATION_ROLE ( 'design_supplier' ) ;
#980 = CARTESIAN_POINT ( 'NONE',  ( 32.31769655881613090, 22.50000000000000000, 12.46099427022883077 ) ) ;
#981 = ORIENTED_EDGE ( 'NONE', *, *, #1423, .F. ) ;
#982 = VERTEX_POINT ( 'NONE', #109 ) ;
#983 = EDGE_CURVE ( 'NONE', #1209, #1101, #838, .T. ) ;
#984 = ORIENTED_EDGE ( 'NONE', *, *, #55, .F. ) ;
#985 = CARTESIAN_POINT ( 'NONE',  ( 12.00163697634831017, 23.50000000000000000, 0.001420426421091386393 ) ) ;
#986 = DIRECTION ( 'NONE',  ( 0.000000000000000000, 0.000000000000000000, 1.000000000000000000 ) ) ;
#987 = ORIENTED_EDGE ( 'NONE', *, *, #928, .T. ) ;
#988 = VERTEX_POINT ( 'NONE', #1558 ) ;
#989 = DIRECTION ( 'NONE',  ( 0.000000000000000000, -1.000000000000000000, 0.000000000000000000 ) ) ;
#990 = EDGE_CURVE ( 'NONE', #525, #958, #468, .T. ) ;
#991 = VERTEX_POINT ( 'NONE', #1323 ) ;
#992 = VECTOR ( 'NONE', #17, 999.9999999999998863 ) ;
#993 = CARTESIAN_POINT ( 'NONE',  ( 30.72408937370169113, -22.50000000000000711, 8.692631214169312059 ) ) ;
#994 = DIRECTION ( 'NONE',  ( 1.000000000000000000, 0.000000000000000000, 0.000000000000000000 ) ) ;
#995 = EDGE_LOOP ( 'NONE', ( #612, #35, #1438, #624 ) ) ;
#996 = ORIENTED_EDGE ( 'NONE', *, *, #492, .T. ) ;
#997 = CARTESIAN_POINT ( 'NONE',  ( 24.80933638096599481, -22.50000000000000711, 2.674985382014055890 ) ) ;
#998 = PLANE ( 'NONE',  #235 ) ;
#999 = LINE ( 'NONE', #1483, #1471 ) ;
#1000 = CARTESIAN_POINT ( 'NONE',  ( 35.50000000000000000, 2.500000000000000000, 48.00000000000000000 ) ) ;
#1001 = ORIENTED_EDGE ( 'NONE', *, *, #745, .F. ) ;
#1002 = EDGE_LOOP ( 'NONE', ( #727, #138, #981, #258 ) ) ;
#1003 = CARTESIAN_POINT ( 'NONE',  ( 22.34426570114234778, -22.50000000000000711, 1.421494776674530058 ) ) ;
#1004 = EDGE_LOOP ( 'NONE', ( #1321, #1465, #1219, #72 ) ) ;
#1005 = EDGE_CURVE ( 'NONE', #79, #509, #1090, .T. ) ;
#1006 = CARTESIAN_POINT ( 'NONE',  ( 18.66762748568626762, -22.50000000000000711, 19.99487952950573799 ) ) ;
#1007 = EDGE_CURVE ( 'NONE', #585, #147, #706, .T. ) ;
#1008 = EDGE_CURVE ( 'NONE', #834, #135, #976, .T. ) ;
#1009 = AXIS2_PLACEMENT_3D ( 'NONE', #419, #653, #62 ) ;
#1010 = DIRECTION ( 'NONE',  ( 1.000000000000000000, 0.000000000000000000, 0.000000000000000000 ) ) ;
#1011 = ORIENTED_EDGE ( 'NONE', *, *, #968, .F. ) ;
#1012 = CARTESIAN_POINT ( 'NONE',  ( 31.99999999999998579, 22.50000000000000000, 20.00000000000000355 ) ) ;
#1013 = PLANE ( 'NONE',  #1249 ) ;
#1014 = AXIS2_PLACEMENT_3D ( 'NONE', #1015, #1488, #1134 ) ;
#1015 = CARTESIAN_POINT ( 'NONE',  ( 35.50000000000000000, 20.00000000000000000, 44.00000000000000000 ) ) ;
#1016 = CARTESIAN_POINT ( 'NONE',  ( 31.20239383044472348, 22.50000000000000000, 14.78395355865048622 ) ) ;
#1017 = ADVANCED_FACE ( 'NONE', ( #1339 ), #847, .T. ) ;
#1018 = CARTESIAN_POINT ( 'NONE',  ( 24.50000000000000000, 2.500000000000000000, 49.05000000000000426 ) ) ;
#1019 = ORIENTED_EDGE ( 'NONE', *, *, #797, .F. ) ;
#1020 = CARTESIAN_POINT ( 'NONE',  ( 24.80769940461766510, -22.50000000000000711, 2.673564955592978354 ) ) ;
#1021 = CARTESIAN_POINT ( 'NONE',  ( 33.75000000000000000, -15.00000000000000000, 24.00000000000000000 ) ) ;
#1022 = VECTOR ( 'NONE', #237, 1000.000000000000000 ) ;
#1023 = AXIS2_PLACEMENT_3D ( 'NONE', #1527, #1056, #200 ) ;
#1024 = DIRECTION ( 'NONE',  ( -0.000000000000000000, -1.000000000000000000, -0.000000000000000000 ) ) ;
#1025 = DIRECTION ( 'NONE',  ( 0.000000000000000000, -1.000000000000000000, 0.000000000000000000 ) ) ;
#1026 = CARTESIAN_POINT ( 'NONE',  ( 30.72490786187585954, -22.50000000000000711, 8.693341427379850828 ) ) ;
#1027 = DIRECTION ( 'NONE',  ( 1.000000000000000000, 0.000000000000000000, 0.000000000000000000 ) ) ;
#1028 = EDGE_CURVE ( 'NONE', #505, #1159, #673, .T. ) ;
#1029 = DIRECTION ( 'NONE',  ( 0.6305926250944663414, 0.000000000000000000, 0.7761140001162650792 ) ) ;
#1030 = DIRECTION ( 'NONE',  ( -1.000000000000000000, 0.000000000000000000, 0.000000000000000000 ) ) ;
#1031 = CARTESIAN_POINT ( 'NONE',  ( 35.50000000000000000, -22.50000000000000000, 40.00000000000000000 ) ) ;
#1032 = DIRECTION ( 'NONE',  ( 0.7761140001162650792, 0.000000000000000000, -0.6305926250944663414 ) ) ;
#1033 = EDGE_CURVE ( 'NONE', #337, #826, #74, .T. ) ;
#1034 = CARTESIAN_POINT ( 'NONE',  ( 22.34426570114234778, 23.50000000000000000, 1.421494776674530058 ) ) ;
#1035 = DIRECTION ( 'NONE',  ( 0.000000000000000000, 0.000000000000000000, -1.000000000000000000 ) ) ;
#1036 = VECTOR ( 'NONE', #328, 1000.000000000000000 ) ;
#1037 = CARTESIAN_POINT ( 'NONE',  ( 33.75000000000000000, 15.00000000000000000, 40.00000000000000000 ) ) ;
#1038 = CARTESIAN_POINT ( 'NONE',  ( 29.59974890451540119, 22.50000000000000000, 6.449227097469300674 ) ) ;
#1039 = DIRECTION ( 'NONE',  ( -1.000000000000000000, 0.000000000000000000, 0.000000000000000000 ) ) ;
#1040 = VECTOR ( 'NONE', #1550, 1000.000000000000000 ) ;
#1041 = CARTESIAN_POINT ( 'NONE',  ( 22.68035291320417457, -23.50000000000000711, 1.547508285186478316 ) ) ;
#1042 = DIRECTION ( 'NONE',  ( 0.000000000000000000, 0.000000000000000000, 1.000000000000000000 ) ) ;
#1043 = APPROVAL_ROLE ( '' ) ;
#1044 = ORIENTED_EDGE ( 'NONE', *, *, #376, .F. ) ;
#1045 = CARTESIAN_POINT ( 'NONE',  ( 35.50163697634833682, -23.50000000000000711, 19.99487952950573799 ) ) ;
#1046 = EDGE_CURVE ( 'NONE', #991, #1474, #1366, .T. ) ;
#1047 = CARTESIAN_POINT ( 'NONE',  ( 28.25000000000000000, 2.500000000000000000, 48.00000000000000000 ) ) ;
#1048 = EDGE_CURVE ( 'NONE', #807, #610, #792, .T. ) ;
#1049 = DIRECTION ( 'NONE',  ( 0.8153272026377333948, 0.000000000000000000, 0.5790004772354928608 ) ) ;
#1050 = CARTESIAN_POINT ( 'NONE',  ( 35.50081848817416130, -22.50000000000000711, 19.99416931629520633 ) ) ;
#1051 = DATE_AND_TIME ( #64, #140 ) ;
#1052 = VERTEX_POINT ( 'NONE', #1418 ) ;
#1053 = LINE ( 'NONE', #1045, #352 ) ;
#1054 = FACE_OUTER_BOUND ( 'NONE', #455, .T. ) ;
#1055 = EDGE_CURVE ( 'NONE', #816, #203, #317, .T. ) ;
#1056 = DIRECTION ( 'NONE',  ( -1.000000000000000000, 0.000000000000000000, 0.000000000000000000 ) ) ;
#1057 = AXIS2_PLACEMENT_3D ( 'NONE', #240, #1364, #857 ) ;
#1058 = LINE ( 'NONE', #1307, #421 ) ;
#1059 = PERSON_AND_ORGANIZATION ( #632, #209 ) ;
#1060 = ORIENTED_EDGE ( 'NONE', *, *, #954, .T. ) ;
#1061 = VERTEX_POINT ( 'NONE', #561 ) ;
#1062 = CARTESIAN_POINT ( 'NONE',  ( 32.00000000000000000, 0.000000000000000000, 48.00000000000000000 ) ) ;
#1063 = DIRECTION ( 'NONE',  ( -0.9211195356108785592, 0.000000000000000000, 0.3892798493577589447 ) ) ;
#1064 = CARTESIAN_POINT ( 'NONE',  ( 23.45795687596374535, 22.50000000000000000, 2.574107211266722928 ) ) ;
#1065 = CARTESIAN_POINT ( 'NONE',  ( 12.00163697634831017, -23.50000000000000711, 0.001420426421091603233 ) ) ;
#1066 = ORIENTED_EDGE ( 'NONE', *, *, #111, .F. ) ;
#1067 = EDGE_CURVE ( 'NONE', #1139, #139, #799, .T. ) ;
#1068 = ORIENTED_EDGE ( 'NONE', *, *, #990, .T. ) ;
#1069 = ORIENTED_EDGE ( 'NONE', *, *, #797, .T. ) ;
#1070 = DIRECTION ( 'NONE',  ( 0.000000000000000000, 0.000000000000000000, -1.000000000000000000 ) ) ;
#1071 = DIRECTION ( 'NONE',  ( 0.000000000000000000, 0.000000000000000000, -1.000000000000000000 ) ) ;
#1072 = PLANE ( 'NONE',  #480 ) ;
#1073 = CARTESIAN_POINT ( 'NONE',  ( 32.00000000000000000, 22.50000000000000000, 40.00000000000000000 ) ) ;
#1074 = ORIENTED_EDGE ( 'NONE', *, *, #1007, .F. ) ;
#1075 = ORIENTED_EDGE ( 'NONE', *, *, #1048, .T. ) ;
#1076 = EDGE_CURVE ( 'NONE', #367, #1061, #1137, .T. ) ;
#1077 = EDGE_LOOP ( 'NONE', ( #1578, #324, #117, #1368, #338, #1395, #1277, #987, #478, #883, #1207, #1200, #1089, #844, #407, #234, #1192, #941 ) ) ;
#1078 = VECTOR ( 'NONE', #618, 1000.000000000000000 ) ;
#1079 = ORIENTED_EDGE ( 'NONE', *, *, #151, .T. ) ;
#1080 = DIRECTION ( 'NONE',  ( 0.9818870505926741155, 0.000000000000000000, 0.1894672000068068907 ) ) ;
#1081 = CARTESIAN_POINT ( 'NONE',  ( 12.00163697634833859, 23.50000000000000000, 19.99487952950573799 ) ) ;
#1082 = DIRECTION ( 'NONE',  ( 0.000000000000000000, 0.000000000000000000, 1.000000000000000000 ) ) ;
#1083 = VECTOR ( 'NONE', #637, 1000.000000000000114 ) ;
#1084 = CYLINDRICAL_SURFACE ( 'NONE', #1117, 2.999999999999999112 ) ;
#1085 = B_SPLINE_SURFACE_WITH_KNOTS ( 'NONE', 3, 1, ( 
 ( #498, #993 ),
 ( #1476, #255 ),
 ( #744, #422 ),
 ( #1278, #779 ),
 ( #169, #650 ),
 ( #1384, #656 ),
 ( #44, #1129 ),
 ( #1153, #23 ),
 ( #1401, #49 ),
 ( #879, #31 ),
 ( #514, #1390 ) ),
 .UNSPECIFIED., .F., .F., .F.,
 ( 4, 1, 1, 1, 1, 1, 1, 1, 4 ),
 ( 2, 2 ),
 ( 0.000000000000000000, 0.3260465942189113564, 0.3649782017523669486, 0.4081339121447942198, 0.4293399595976296057, 0.4880730786669520982, 0.5429355610112545083, 0.6387842043148002080, 0.9423979644246077703 ),
 ( 0.000000000000000000, 1.000000000000000000 ),
 .UNSPECIFIED. ) ;
#1086 = LINE ( 'NONE', #115, #1167 ) ;
#1087 = ORIENTED_EDGE ( 'NONE', *, *, #1305, .T. ) ;
#1088 = ORIENTED_EDGE ( 'NONE', *, *, #1453, .F. ) ;
#1089 = ORIENTED_EDGE ( 'NONE', *, *, #198, .F. ) ;
#1090 = LINE ( 'NONE', #1570, #890 ) ;
#1091 = AXIS2_PLACEMENT_3D ( 'NONE', #1484, #387, #1334 ) ;
#1092 = CARTESIAN_POINT ( 'NONE',  ( 31.20239383044472348, 22.50000000000000000, 14.78395355865048622 ) ) ;
#1093 = CARTESIAN_POINT ( 'NONE',  ( 13.50000000000000000, 2.500000000000000000, 46.00000000000000000 ) ) ;
#1094 = ADVANCED_FACE ( 'NONE', ( #1313 ), #220, .F. ) ;
#1095 = APPLICATION_PROTOCOL_DEFINITION ( 'international standard', 'config_control_design', 1994, #287 ) ;
#1096 = VECTOR ( 'NONE', #423, 1000.000000000000000 ) ;
#1097 = DIRECTION ( 'NONE',  ( 0.000000000000000000, 0.000000000000000000, 1.000000000000000000 ) ) ;
#1098 = ORIENTED_EDGE ( 'NONE', *, *, #1232, .F. ) ;
#1099 = VECTOR ( 'NONE', #554, 1000.000000000000000 ) ;
#1100 = AXIS2_PLACEMENT_3D ( 'NONE', #1315, #212, #1410 ) ;
#1101 = VERTEX_POINT ( 'NONE', #1533 ) ;
#1102 = VERTEX_POINT ( 'NONE', #1081 ) ;
#1103 = CARTESIAN_POINT ( 'NONE',  ( 32.00000000000000000, -14.00000000000000000, 40.00000000000000000 ) ) ;
#1104 = LINE ( 'NONE', #361, #438 ) ;
#1105 = ADVANCED_FACE ( 'NONE', ( #206 ), #570, .T. ) ;
#1106 = CARTESIAN_POINT ( 'NONE',  ( 20.73916517917786351, 22.50000000000000000, 1.568978159727702826 ) ) ;
#1107 = ORIENTED_EDGE ( 'NONE', *, *, #313, .T. ) ;
#1108 = VERTEX_POINT ( 'NONE', #432 ) ;
#1109 = ORIENTED_EDGE ( 'NONE', *, *, #668, .F. ) ;
#1110 = CARTESIAN_POINT ( 'NONE',  ( 32.00000000000000000, -22.50000000000000000, 40.00000000000000000 ) ) ;
#1111 = ADVANCED_FACE ( 'NONE', ( #192 ), #926, .T. ) ;
#1112 = CARTESIAN_POINT ( 'NONE',  ( 13.50000000000000000, 6.500000000000000000, 46.00000000000000000 ) ) ;
#1113 = ORIENTED_EDGE ( 'NONE', *, *, #983, .T. ) ;
#1114 = ORIENTED_EDGE ( 'NONE', *, *, #914, .F. ) ;
#1115 = LINE ( 'NONE', #1500, #260 ) ;
#1116 = LINE ( 'NONE', #742, #1083 ) ;
#1117 = AXIS2_PLACEMENT_3D ( 'NONE', #1562, #848, #1450 ) ;
#1118 = AXIS2_PLACEMENT_3D ( 'NONE', #71, #1576, #1308 ) ;
#1119 = VECTOR ( 'NONE', #564, 1000.000000000000000 ) ;
#1120 = CARTESIAN_POINT ( 'NONE',  ( 24.19130555355820889, 23.50000000000000000, 2.156920253272821331 ) ) ;
#1121 = FACE_OUTER_BOUND ( 'NONE', #133, .T. ) ;
#1122 = ORIENTED_EDGE ( 'NONE', *, *, #808, .F. ) ;
#1123 = ORIENTED_EDGE ( 'NONE', *, *, #416, .F. ) ;
#1124 = B_SPLINE_CURVE_WITH_KNOTS ( 'NONE', 3,
 ( #451, #572, #820, #434, #945, #1544, #1435, #302, #318, #1299, #1404 ),
 .UNSPECIFIED., .F., .F.,
 ( 4, 1, 1, 1, 1, 1, 1, 1, 4 ),
 ( 0.000000000000000000, 0.3036137601098075622, 0.3994624034133532620, 0.4543248857576556721, 0.5130580048269781646, 0.5342640522798135505, 0.5774197626722408216, 0.6163513702056964139, 0.9423979644246077703 ),
 .UNSPECIFIED. ) ;
#1125 = ADVANCED_FACE ( 'NONE', ( #1054 ), #1304, .F. ) ;
#1126 = FACE_OUTER_BOUND ( 'NONE', #1347, .T. ) ;
#1127 = DIRECTION ( 'NONE',  ( 0.000000000000000000, 0.000000000000000000, 1.000000000000000000 ) ) ;
#1128 = EDGE_CURVE ( 'NONE', #1052, #1328, #953, .T. ) ;
#1129 = CARTESIAN_POINT ( 'NONE',  ( 22.34262872479403939, -22.50000000000000711, 1.420074350253451856 ) ) ;
#1130 = CARTESIAN_POINT ( 'NONE',  ( 30.00000000000000000, -20.00000000000000000, 44.00000000000000000 ) ) ;
#1131 = ORIENTED_EDGE ( 'NONE', *, *, #1179, .F. ) ;
#1132 = CARTESIAN_POINT ( 'NONE',  ( 13.50000000000000000, 0.000000000000000000, 52.10000000000000142 ) ) ;
#1133 = DIRECTION ( 'NONE',  ( -1.000000000000000000, 0.000000000000000000, 0.000000000000000000 ) ) ;
#1134 = DIRECTION ( 'NONE',  ( 0.000000000000000000, 0.000000000000000000, -1.000000000000000000 ) ) ;
#1135 = ADVANCED_FACE ( 'NONE', ( #1442 ), #707, .T. ) ;
#1136 = LINE ( 'NONE', #1374, #1534 ) ;
#1137 = CIRCLE ( 'NONE', #1554, 3.000000000000002665 ) ;
#1138 = FACE_OUTER_BOUND ( 'NONE', #1498, .T. ) ;
#1139 = VERTEX_POINT ( 'NONE', #333 ) ;
#1140 = LINE ( 'NONE', #1361, #1078 ) ;
#1141 = LINE ( 'NONE', #37, #469 ) ;
#1142 = VECTOR ( 'NONE', #1, 1000.000000000000000 ) ;
#1143 = VECTOR ( 'NONE', #1213, 1000.000000000000000 ) ;
#1144 = LINE ( 'NONE', #528, #162 ) ;
#1145 = ADVANCED_FACE ( 'NONE', ( #699 ), #1204, .F. ) ;
#1146 = LINE ( 'NONE', #1197, #973 ) ;
#1147 = DIRECTION ( 'NONE',  ( 0.000000000000000000, -1.000000000000000000, 0.000000000000000000 ) ) ;
#1148 = CARTESIAN_POINT ( 'NONE',  ( 14.35989739897363471, 22.50000000000000000, 0.1150928235855697701 ) ) ;
#1149 = DIRECTION ( 'NONE',  ( -0.8153272026377333948, 0.000000000000000000, -0.5790004772354928608 ) ) ;
#1150 = ADVANCED_FACE ( 'NONE', ( #1291 ), #486, .F. ) ;
#1151 = CARTESIAN_POINT ( 'NONE',  ( 32.00000000000000000, 15.00000000000000000, 0.000000000000000000 ) ) ;
#1152 = DIRECTION ( 'NONE',  ( 0.000000000000000000, 0.000000000000000000, 1.000000000000000000 ) ) ;
#1153 = CARTESIAN_POINT ( 'NONE',  ( 20.90763216253400358, 22.50000000000000000, 0.6590273148085904475 ) ) ;
#1154 = CARTESIAN_POINT ( 'NONE',  ( 12.00081848817415597, 22.50000000000000000, 0.0007102132105468858189 ) ) ;
#1155 = VECTOR ( 'NONE', #1543, 1000.000000000000000 ) ;
#1156 = CARTESIAN_POINT ( 'NONE',  ( 32.00000000000000000, -22.50000000000000000, 45.65831239517769546 ) ) ;
#1157 = PLANE ( 'NONE',  #1566 ) ;
#1158 = LINE ( 'NONE', #163, #545 ) ;
#1159 = VERTEX_POINT ( 'NONE', #21 ) ;
#1160 = LINE ( 'NONE', #924, #65 ) ;
#1161 = MANIFOLD_SOLID_BREP ( 'Í¹Ì¨-À', #925 ) ;
#1162 = LOCAL_TIME ( 17, 22, 51.00000000000000000, #1539 ) ;
#1163 = CARTESIAN_POINT ( 'NONE',  ( 35.50000000000000000, 22.50000000000000000, 48.00000000000000000 ) ) ;
#1164 = AXIS2_PLACEMENT_3D ( 'NONE', #636, #1133, #174 ) ;
#1165 = CARTESIAN_POINT ( 'NONE',  ( 24.50000000000000000, 6.500000000000000000, 49.05000000000000426 ) ) ;
#1166 = CALENDAR_DATE ( 2026, 20, 9 ) ;
#1167 = VECTOR ( 'NONE', #487, 1000.000000000000000 ) ;
#1168 = EDGE_CURVE ( 'NONE', #147, #933, #1237, .T. ) ;
#1169 = VECTOR ( 'NONE', #1035, 1000.000000000000000 ) ;
#1170 = CARTESIAN_POINT ( 'NONE',  ( 12.00163697634833859, -23.50000000000000711, 19.99487952950573799 ) ) ;
#1171 = CARTESIAN_POINT ( 'NONE',  ( 33.16695132835753412, 22.50000000000000000, 19.99487952950573799 ) ) ;
#1172 = VECTOR ( 'NONE', #481, 1000.000000000000000 ) ;
#1173 = VECTOR ( 'NONE', #184, 1000.000000000000000 ) ;
#1174 = LINE ( 'NONE', #580, #122 ) ;
#1175 = FACE_OUTER_BOUND ( 'NONE', #348, .T. ) ;
#1176 = PERSON_AND_ORGANIZATION ( #632, #209 ) ;
#1177 = EDGE_LOOP ( 'NONE', ( #1184, #634, #1565, #446, #245 ) ) ;
#1178 = CARTESIAN_POINT ( 'NONE',  ( 12.00081848817415597, -22.50000000000000711, 0.0007102132105469938055 ) ) ;
#1179 = EDGE_CURVE ( 'NONE', #494, #369, #148, .T. ) ;
#1180 = CARTESIAN_POINT ( 'NONE',  ( 32.00000000000000000, -22.50000000000000000, 40.00000000000000000 ) ) ;
#1181 = DIRECTION ( 'NONE',  ( 0.000000000000000000, 0.000000000000000000, 1.000000000000000000 ) ) ;
#1182 = LINE ( 'NONE', #1037, #923 ) ;
#1183 = APPROVAL_DATE_TIME ( #796, #1270 ) ;
#1184 = ORIENTED_EDGE ( 'NONE', *, *, #651, .T. ) ;
#1185 = ORIENTED_EDGE ( 'NONE', *, *, #48, .T. ) ;
#1186 = DIRECTION ( 'NONE',  ( 0.000000000000000000, 0.000000000000000000, -1.000000000000000000 ) ) ;
#1187 = DIRECTION ( 'NONE',  ( 0.3892798493577589447, 0.000000000000000000, 0.9211195356108785592 ) ) ;
#1188 = CARTESIAN_POINT ( 'NONE',  ( 29.01088294758095643, -22.50000000000000711, 7.632707519831958720 ) ) ;
#1189 = VECTOR ( 'NONE', #1070, 1000.000000000000000 ) ;
#1190 = EDGE_CURVE ( 'NONE', #1474, #1458, #1140, .T. ) ;
#1191 = CARTESIAN_POINT ( 'NONE',  ( 30.00000000000000000, -17.00000000000000000, 44.00000000000000000 ) ) ;
#1192 = ORIENTED_EDGE ( 'NONE', *, *, #931, .T. ) ;
#1193 = ORIENTED_EDGE ( 'NONE', *, *, #714, .F. ) ;
#1194 = ORIENTED_EDGE ( 'NONE', *, *, #1506, .T. ) ;
#1195 = LINE ( 'NONE', #1549, #187 ) ;
#1196 = CARTESIAN_POINT ( 'NONE',  ( 35.50000000000000000, 0.000000000000000000, 52.10000000000000142 ) ) ;
#1197 = CARTESIAN_POINT ( 'NONE',  ( 30.72572635005002439, 23.50000000000000000, 8.694051640590377161 ) ) ;
#1198 = DIRECTION ( 'NONE',  ( -0.000000000000000000, -1.000000000000000000, -0.000000000000000000 ) ) ;
#1199 = VERTEX_POINT ( 'NONE', #869 ) ;
#1200 = ORIENTED_EDGE ( 'NONE', *, *, #433, .T. ) ;
#1201 = ORIENTED_EDGE ( 'NONE', *, *, #1528, .T. ) ;
#1202 = ORIENTED_EDGE ( 'NONE', *, *, #111, .T. ) ;
#1203 = CARTESIAN_POINT ( 'NONE',  ( 16.38415010878035716, 22.50000000000000000, 0.7286243625393126200 ) ) ;
#1204 = CYLINDRICAL_SURFACE ( 'NONE', #663, 2.999999999999999112 ) ;
#1205 = DIRECTION ( 'NONE',  ( -0.001868824426645527116, 0.000000000000000000, -0.9999982537461065135 ) ) ;
#1206 = CARTESIAN_POINT ( 'NONE',  ( 30.72490786187585954, 22.50000000000000000, 8.693341427379845499 ) ) ;
#1207 = ORIENTED_EDGE ( 'NONE', *, *, #832, .T. ) ;
#1208 = VERTEX_POINT ( 'NONE', #259 ) ;
#1209 = VERTEX_POINT ( 'NONE', #1387 ) ;
#1210 = VECTOR ( 'NONE', #77, 1000.000000000000000 ) ;
#1211 = EDGE_LOOP ( 'NONE', ( #1088, #1467, #1044, #615 ) ) ;
#1212 = CARTESIAN_POINT ( 'NONE',  ( 32.00000000000000000, 22.50000000000000000, 48.00000000000000000 ) ) ;
#1213 = DIRECTION ( 'NONE',  ( 0.000000000000000000, 0.000000000000000000, -1.000000000000000000 ) ) ;
#1214 = VECTOR ( 'NONE', #731, 1000.000000000000000 ) ;
#1215 = PLANE ( 'NONE',  #1298 ) ;
#1216 = CALENDAR_DATE ( 2026, 20, 9 ) ;
#1217 = CARTESIAN_POINT ( 'NONE',  ( 29.01088294758095643, 22.50000000000000000, 7.632707519831958720 ) ) ;
#1218 = VERTEX_POINT ( 'NONE', #896 ) ;
#1219 = ORIENTED_EDGE ( 'NONE', *, *, #396, .F. ) ;
#1220 = EDGE_CURVE ( 'NONE', #251, #834, #1115, .T. ) ;
#1221 = ORIENTED_EDGE ( 'NONE', *, *, #343, .T. ) ;
#1222 = LINE ( 'NONE', #1103, #1022 ) ;
#1223 = EDGE_CURVE ( 'NONE', #1329, #232, #635, .T. ) ;
#1224 = LINE ( 'NONE', #718, #1143 ) ;
#1225 = DIRECTION ( 'NONE',  ( 0.000000000000000000, 0.000000000000000000, 1.000000000000000000 ) ) ;
#1226 = PERSON_AND_ORGANIZATION ( #632, #209 ) ;
#1227 = DIRECTION ( 'NONE',  ( -1.000000000000000000, 0.000000000000000000, 0.000000000000000000 ) ) ;
#1228 = VERTEX_POINT ( 'NONE', #285 ) ;
#1229 = AXIS2_PLACEMENT_3D ( 'NONE', #1041, #310, #967 ) ;
#1230 = ORIENTED_EDGE ( 'NONE', *, *, #682, .T. ) ;
#1231 = ORIENTED_EDGE ( 'NONE', *, *, #447, .T. ) ;
#1232 = EDGE_CURVE ( 'NONE', #723, #991, #517, .T. ) ;
#1233 = FACE_OUTER_BOUND ( 'NONE', #1243, .T. ) ;
#1234 = CARTESIAN_POINT ( 'NONE',  ( 12.00163697634833859, 22.50000000000000000, 19.99487952950573799 ) ) ;
#1235 = ORIENTED_EDGE ( 'NONE', *, *, #456, .T. ) ;
#1236 = EDGE_LOOP ( 'NONE', ( #373, #1322, #547, #1470 ) ) ;
#1237 = B_SPLINE_CURVE_WITH_KNOTS ( 'NONE', 3,
 ( #279, #1480, #1369, #1020, #1262, #861, #267, #1354, #641, #756, #399 ),
 .UNSPECIFIED., .F., .F.,
 ( 4, 1, 1, 1, 1, 1, 1, 1, 4 ),
 ( 0.000000000000000000, 0.3459754865005284508, 0.3872867042695796735, 0.4330802140409812928, 0.4555824352398386012, 0.5179054890732397443, 0.5761213218905351097, 0.6778285060333480994, 1.000000000000000000 ),
 .UNSPECIFIED. ) ;
#1238 = PLANE ( 'NONE',  #1363 ) ;
#1239 = LINE ( 'NONE', #520, #282 ) ;
#1240 = CARTESIAN_POINT ( 'NONE',  ( 20.90926913888232264, 23.50000000000000000, 0.6604477412296694272 ) ) ;
#1241 = EDGE_CURVE ( 'NONE', #694, #1530, #1268, .T. ) ;
#1242 = CARTESIAN_POINT ( 'NONE',  ( 32.00000000000000000, 22.50000000000000000, 40.00000000000000000 ) ) ;
#1243 = EDGE_LOOP ( 'NONE', ( #11, #104, #1122, #80 ) ) ;
#1244 = ORIENTED_EDGE ( 'NONE', *, *, #427, .F. ) ;
#1245 = ADVANCED_FACE ( 'NONE', ( #1126 ), #627, .F. ) ;
#1246 = CARTESIAN_POINT ( 'NONE',  ( 31.99999999999998579, -22.50000000000000711, 20.00000000000000355 ) ) ;
#1247 = ORIENTED_EDGE ( 'NONE', *, *, #780, .T. ) ;
#1248 = CC_DESIGN_APPROVAL ( #1270, ( #413 ) ) ;
#1249 = AXIS2_PLACEMENT_3D ( 'NONE', #1021, #1494, #1393 ) ;
#1250 = CARTESIAN_POINT ( 'NONE',  ( 17.39144850670119169, 23.50000000000000000, 0.1574338638696146375 ) ) ;
#1251 = CARTESIAN_POINT ( 'NONE',  ( 35.50000000000000000, -22.50000000000000000, 48.00000000000000000 ) ) ;
#1252 = ORIENTED_EDGE ( 'NONE', *, *, #780, .F. ) ;
#1253 = ADVANCED_FACE ( 'NONE', ( #741 ), #1238, .F. ) ;
#1254 = CARTESIAN_POINT ( 'NONE',  ( 29.59974890451540119, -22.50000000000000711, 6.449227097469300674 ) ) ;
#1255 = VECTOR ( 'NONE', #556, 1000.000000000000000 ) ;
#1256 = LINE ( 'NONE', #43, #909 ) ;
#1257 = DIRECTION ( 'NONE',  ( -0.000000000000000000, -1.000000000000000000, -0.000000000000000000 ) ) ;
#1258 = ADVANCED_FACE ( 'NONE', ( #684 ), #319, .F. ) ;
#1259 = CARTESIAN_POINT ( 'NONE',  ( 17.39144850670119169, 22.50000000000000000, 0.1574338638696146375 ) ) ;
#1260 = CARTESIAN_POINT ( 'NONE',  ( 35.50000000000000000, 2.500000000000000000, 52.10000000000000142 ) ) ;
#1261 = ORIENTED_EDGE ( 'NONE', *, *, #427, .T. ) ;
#1262 = CARTESIAN_POINT ( 'NONE',  ( 24.18966857720989339, -22.50000000000000711, 2.155499826851744238 ) ) ;
#1263 = DIRECTION ( 'NONE',  ( 0.000000000000000000, -1.000000000000000000, 0.000000000000000000 ) ) ;
#1264 = CARTESIAN_POINT ( 'NONE',  ( 35.50000000000000000, 6.500000000000000000, 52.10000000000000142 ) ) ;
#1265 = ADVANCED_FACE ( 'NONE', ( #52 ), #1293, .T. ) ;
#1266 = DIRECTION ( 'NONE',  ( 0.000000000000000000, 0.000000000000000000, -1.000000000000000000 ) ) ;
#1267 = EDGE_LOOP ( 'NONE', ( #495, #747, #1131, #625 ) ) ;
#1268 = LINE ( 'NONE', #1246, #588 ) ;
#1269 = CARTESIAN_POINT ( 'NONE',  ( 12.00081848817415597, 22.50000000000000000, 0.0007102132105468858189 ) ) ;
#1270 = APPROVAL ( #685, 'æœª' ) ;
#1271 = VECTOR ( 'NONE', #1460, 999.9999999999998863 ) ;
#1272 = CARTESIAN_POINT ( 'NONE',  ( 23.30447359349636827, 23.50000000000000000, 1.809031511218391008 ) ) ;
#1273 = EDGE_CURVE ( 'NONE', #754, #593, #788, .T. ) ;
#1274 = LINE ( 'NONE', #171, #1378 ) ;
#1275 = LINE ( 'NONE', #910, #59 ) ;
#1276 = CARTESIAN_POINT ( 'NONE',  ( 30.42795013499661749, 22.50000000000000000, 11.20833053924122424 ) ) ;
#1277 = ORIENTED_EDGE ( 'NONE', *, *, #617, .T. ) ;
#1278 = CARTESIAN_POINT ( 'NONE',  ( 24.80769940461766510, 22.50000000000000000, 2.673564955592978354 ) ) ;
#1279 = DIRECTION ( 'NONE',  ( 0.000000000000000000, 0.000000000000000000, 1.000000000000000000 ) ) ;
#1280 = DIRECTION ( 'NONE',  ( -0.000000000000000000, 1.000000000000000000, -0.000000000000000000 ) ) ;
#1281 = CARTESIAN_POINT ( 'NONE',  ( 32.31605958246778698, -22.50000000000002132, 12.45957384380777100 ) ) ;
#1282 = DIRECTION ( 'NONE',  ( 1.000000000000000000, 0.000000000000000000, 0.000000000000000000 ) ) ;
#1283 = LINE ( 'NONE', #164, #855 ) ;
#1284 = DIRECTION ( 'NONE',  ( -0.9818870505926741155, 0.000000000000000000, -0.1894672000068068907 ) ) ;
#1285 = AXIS2_PLACEMENT_3D ( 'NONE', #342, #681, #810 ) ;
#1286 = DIRECTION ( 'NONE',  ( 0.000000000000000000, 0.000000000000000000, 1.000000000000000000 ) ) ;
#1287 = EDGE_CURVE ( 'NONE', #95, #1580, #795, .T. ) ;
#1288 = CALENDAR_DATE ( 2026, 20, 9 ) ;
#1289 = ADVANCED_FACE ( 'NONE', ( #1420 ), #194, .F. ) ;
#1290 = CARTESIAN_POINT ( 'NONE',  ( 13.50000000000000000, 0.000000000000000000, 46.00000000000000000 ) ) ;
#1291 = FACE_OUTER_BOUND ( 'NONE', #771, .T. ) ;
#1292 = FACE_OUTER_BOUND ( 'NONE', #854, .T. ) ;
#1293 = PLANE ( 'NONE',  #308 ) ;
#1294 = EDGE_CURVE ( 'NONE', #593, #95, #1182, .T. ) ;
#1295 = LINE ( 'NONE', #1170, #83 ) ;
#1296 = DIRECTION ( 'NONE',  ( -1.388232795161829064E-15, 0.000000000000000000, -1.000000000000000000 ) ) ;
#1297 = AXIS2_PLACEMENT_3D ( 'NONE', #67, #175, #809 ) ;
#1298 = AXIS2_PLACEMENT_3D ( 'NONE', #355, #1341, #1575 ) ;
#1299 = CARTESIAN_POINT ( 'NONE',  ( 29.59974890451540119, -23.50000000000000711, 6.449227097469300674 ) ) ;
#1300 = DIRECTION ( 'NONE',  ( -0.000000000000000000, 1.000000000000000000, 0.000000000000000000 ) ) ;
#1301 = ORIENTED_EDGE ( 'NONE', *, *, #4, .F. ) ;
#1302 = ORIENTED_EDGE ( 'NONE', *, *, #246, .T. ) ;
#1303 = DIRECTION ( 'NONE',  ( 1.000000000000000000, 0.000000000000000000, 0.000000000000000000 ) ) ;
#1304 = PLANE ( 'NONE',  #872 ) ;
#1305 = EDGE_CURVE ( 'NONE', #293, #584, #298, .T. ) ;
#1306 = CARTESIAN_POINT ( 'NONE',  ( 35.49999999999999289, -22.50000000000000711, 19.99345910308467822 ) ) ;
#1307 = CARTESIAN_POINT ( 'NONE',  ( 12.50000000000000000, 2.500000000000000000, 45.00000000000000000 ) ) ;
#1308 = DIRECTION ( 'NONE',  ( 1.000000000000000000, 0.000000000000000000, 0.000000000000000000 ) ) ;
#1309 = ORIENTED_EDGE ( 'NONE', *, *, #32, .F. ) ;
#1310 = VERTEX_POINT ( 'NONE', #783 ) ;
#1311 = ORIENTED_EDGE ( 'NONE', *, *, #689, .F. ) ;
#1312 = CARTESIAN_POINT ( 'NONE',  ( 35.50000000000000000, 15.00000000000000000, 48.00000000000000000 ) ) ;
#1313 = FACE_OUTER_BOUND ( 'NONE', #224, .T. ) ;
#1314 = ADVANCED_FACE ( 'NONE', ( #1175 ), #1157, .F. ) ;
#1315 = CARTESIAN_POINT ( 'NONE',  ( 35.50000000000000000, 0.000000000000000000, 48.00000000000000000 ) ) ;
#1316 = ADVANCED_FACE ( 'NONE', ( #667 ), #167, .T. ) ;
#1317 = CARTESIAN_POINT ( 'NONE',  ( 35.49999999999999289, 15.00000000000000000, 19.99345910308467822 ) ) ;
#1318 = EDGE_LOOP ( 'NONE', ( #331, #1567, #1492, #1448 ) ) ;
#1319 = AXIS2_PLACEMENT_3D ( 'NONE', #347, #444, #1545 ) ;
#1320 = ORIENTED_EDGE ( 'NONE', *, *, #1365, .F. ) ;
#1321 = ORIENTED_EDGE ( 'NONE', *, *, #222, .T. ) ;
#1322 = ORIENTED_EDGE ( 'NONE', *, *, #278, .T. ) ;
#1323 = CARTESIAN_POINT ( 'NONE',  ( 31.99978932944985743, 22.50000000000000000, 19.99724458657604131 ) ) ;
#1324 = CARTESIAN_POINT ( 'NONE',  ( 35.50081848817416130, 22.50000000000000000, 19.99416931629520633 ) ) ;
#1325 = DIRECTION ( 'NONE',  ( 0.000000000000000000, 0.000000000000000000, -1.000000000000000000 ) ) ;
#1326 = EDGE_LOOP ( 'NONE', ( #679, #835, #712, #463 ) ) ;
#1327 = ORIENTED_EDGE ( 'NONE', *, *, #1128, .F. ) ;
#1328 = VERTEX_POINT ( 'NONE', #70 ) ;
#1329 = VERTEX_POINT ( 'NONE', #1524 ) ;
#1330 = CARTESIAN_POINT ( 'NONE',  ( 35.50000000000000000, 0.000000000000000000, 48.52499999999999858 ) ) ;
#1331 = CARTESIAN_POINT ( 'NONE',  ( 14.35989739897363471, 23.50000000000000000, 0.1150928235855697701 ) ) ;
#1332 = FACE_OUTER_BOUND ( 'NONE', #995, .T. ) ;
#1333 = EDGE_CURVE ( 'NONE', #610, #147, #440, .T. ) ;
#1334 = DIRECTION ( 'NONE',  ( -0.9864692520379804153, 0.000000000000000000, -0.1639463777691589352 ) ) ;
#1335 = ORIENTED_EDGE ( 'NONE', *, *, #745, .T. ) ;
#1336 = ORIENTED_EDGE ( 'NONE', *, *, #1273, .T. ) ;
#1337 = EDGE_CURVE ( 'NONE', #694, #610, #708, .T. ) ;
#1338 = ORIENTED_EDGE ( 'NONE', *, *, #964, .T. ) ;
#1339 = FACE_OUTER_BOUND ( 'NONE', #381, .T. ) ;
#1340 = CARTESIAN_POINT ( 'NONE',  ( 30.72572635005002439, -23.50000000000000711, 8.694051640590387819 ) ) ;
#1341 = DIRECTION ( 'NONE',  ( 0.000000000000000000, -1.000000000000000000, 0.000000000000000000 ) ) ;
#1342 = APPROVAL_ROLE ( '' ) ;
#1343 = PRODUCT ( '\X2\722a677f\X0\-\X2\5de6\X0\', '\X2\722a677f\X0\-\X2\5de6\X0\', '', ( #789 ) ) ;
#1344 = DIRECTION ( 'NONE',  ( 0.6305926250944663414, 0.000000000000000000, 0.7761140001162650792 ) ) ;
#1345 = ORIENTED_EDGE ( 'NONE', *, *, #151, .F. ) ;
#1346 = CIRCLE ( 'NONE', #646, 3.000000000000002665 ) ;
#1347 = EDGE_LOOP ( 'NONE', ( #748, #1079, #489, #601 ) ) ;
#1348 = ADVANCED_FACE ( 'NONE', ( #429 ), #1529, .F. ) ;
#1349 = ORIENTED_EDGE ( 'NONE', *, *, #668, .T. ) ;
#1350 = CARTESIAN_POINT ( 'NONE',  ( 25.33361799502420553, 22.50000000000000000, 19.99487952950573799 ) ) ;
#1351 = CARTESIAN_POINT ( 'NONE',  ( 35.50000000000000000, -22.50000000000000000, 42.34168760482229743 ) ) ;
#1352 = VERTEX_POINT ( 'NONE', #916 ) ;
#1353 = VERTEX_POINT ( 'NONE', #435 ) ;
#1354 = CARTESIAN_POINT ( 'NONE',  ( 20.90763216253400358, -22.50000000000000711, 0.6590273148085904475 ) ) ;
#1355 = LINE ( 'NONE', #402, #394 ) ;
#1356 = CARTESIAN_POINT ( 'NONE',  ( 13.50000000000000000, 6.500000000000000000, 46.00000000000000000 ) ) ;
#1357 = EDGE_CURVE ( 'NONE', #957, #369, #291, .T. ) ;
#1358 = LINE ( 'NONE', #1242, #885 ) ;
#1359 = ORIENTED_EDGE ( 'NONE', *, *, #1005, .T. ) ;
#1360 = ORIENTED_EDGE ( 'NONE', *, *, #856, .T. ) ;
#1361 = CARTESIAN_POINT ( 'NONE',  ( 35.49999999999999289, 22.50000000000000000, 19.99345910308467822 ) ) ;
#1362 = CARTESIAN_POINT ( 'NONE',  ( 29.01088294758095643, -22.50000000000000711, 7.632707519831958720 ) ) ;
#1363 = AXIS2_PLACEMENT_3D ( 'NONE', #134, #678, #930 ) ;
#1364 = DIRECTION ( 'NONE',  ( 0.3467588663151805473, 0.000000000000000000, -0.9379543105246709311 ) ) ;
#1365 = EDGE_CURVE ( 'NONE', #1218, #509, #1275, .T. ) ;
#1366 = B_SPLINE_CURVE_WITH_KNOTS ( 'NONE', 3,
 ( #442, #1171, #1434, #1324 ),
 .UNSPECIFIED., .F., .F.,
 ( 4, 4 ),
 ( 0.8509775118303742891, 1.000000000000000000 ),
 .UNSPECIFIED. ) ;
#1367 = CARTESIAN_POINT ( 'NONE',  ( 35.50163697634833682, 23.50000000000000000, 19.99487952950573799 ) ) ;
#1368 = ORIENTED_EDGE ( 'NONE', *, *, #84, .T. ) ;
#1369 = CARTESIAN_POINT ( 'NONE',  ( 27.43978932807610605, -22.50000000000000711, 4.371138308060418254 ) ) ;
#1370 = LINE ( 'NONE', #757, #142 ) ;
#1371 = EDGE_LOOP ( 'NONE', ( #602, #1335, #640, #815, #1075 ) ) ;
#1372 = CC_DESIGN_APPROVAL ( #571, ( #669 ) ) ;
#1373 = AXIS2_PLACEMENT_3D ( 'NONE', #336, #693, #452 ) ;
#1374 = CARTESIAN_POINT ( 'NONE',  ( 26.86880464102238619, -22.50000000000000711, 4.996303450221415865 ) ) ;
#1375 = AXIS2_PLACEMENT_3D ( 'NONE', #500, #125, #994 ) ;
#1376 = CARTESIAN_POINT ( 'NONE',  ( 30.00000000000000000, 22.50000000000000000, 45.65831239517769546 ) ) ;
#1377 = VERTEX_POINT ( 'NONE', #173 ) ;
#1378 = VECTOR ( 'NONE', #781, 1000.000000000000000 ) ;
#1379 = CARTESIAN_POINT ( 'NONE',  ( 23.30447359349636827, -22.50000000000000711, 1.809031511218391008 ) ) ;
#1380 = AXIS2_PLACEMENT_3D ( 'NONE', #205, #680, #791 ) ;
#1381 = VECTOR ( 'NONE', #666, 1000.000000000000000 ) ;
#1382 = CARTESIAN_POINT ( 'NONE',  ( 30.72490786187585954, 22.50000000000000000, 8.693341427379845499 ) ) ;
#1383 = ORIENTED_EDGE ( 'NONE', *, *, #1046, .F. ) ;
#1384 = CARTESIAN_POINT ( 'NONE',  ( 23.30283661714803500, 22.50000000000000000, 1.807611084797311918 ) ) ;
#1385 = LINE ( 'NONE', #524, #186 ) ;
#1386 = VERTEX_POINT ( 'NONE', #1444 ) ;
#1387 = CARTESIAN_POINT ( 'NONE',  ( 35.50000000000000000, 0.000000000000000000, 45.00000000000000000 ) ) ;
#1388 = CARTESIAN_POINT ( 'NONE',  ( 35.50000000000000000, 22.50000000000000000, 42.34168760482229743 ) ) ;
#1389 = EDGE_CURVE ( 'NONE', #1102, #96, #833, .T. ) ;
#1390 = CARTESIAN_POINT ( 'NONE',  ( 12.00000000000000000, -22.50000000000000711, 2.385244779468109755E-15 ) ) ;
#1391 = DIRECTION ( 'NONE',  ( 0.000000000000000000, 0.000000000000000000, 1.000000000000000000 ) ) ;
#1392 = CARTESIAN_POINT ( 'NONE',  ( 30.42795013499661749, 22.50000000000000000, 11.20833053924122424 ) ) ;
#1393 = DIRECTION ( 'NONE',  ( 0.000000000000000000, 0.000000000000000000, -1.000000000000000000 ) ) ;
#1394 = EDGE_CURVE ( 'NONE', #982, #592, #581, .T. ) ;
#1395 = ORIENTED_EDGE ( 'NONE', *, *, #384, .T. ) ;
#1396 = VECTOR ( 'NONE', #729, 1000.000000000000000 ) ;
#1397 = CARTESIAN_POINT ( 'NONE',  ( 30.72572635005002439, 22.50000000000000000, 8.694051640590387819 ) ) ;
#1398 = CARTESIAN_POINT ( 'NONE',  ( 29.01088294758095643, 22.50000000000000000, 7.632707519831958720 ) ) ;
#1399 = DIRECTION ( 'NONE',  ( -0.000000000000000000, -1.000000000000000000, -0.000000000000000000 ) ) ;
#1400 = LINE ( 'NONE', #542, #881 ) ;
#1401 = CARTESIAN_POINT ( 'NONE',  ( 17.38981153035287974, 22.50000000000000000, 0.1560134374485303843 ) ) ;
#1402 = CC_DESIGN_PERSON_AND_ORGANIZATION_ASSIGNMENT ( #813, #850, ( #413 ) ) ;
#1403 = EDGE_CURVE ( 'NONE', #764, #1199, #1058, .T. ) ;
#1404 = CARTESIAN_POINT ( 'NONE',  ( 30.72572635005002439, -23.50000000000000711, 8.694051640590387819 ) ) ;
#1405 = CARTESIAN_POINT ( 'NONE',  ( 33.75000000000000000, 18.25000000000000000, 40.00000000000000000 ) ) ;
#1406 = COORDINATED_UNIVERSAL_TIME_OFFSET ( 8, 0, .AHEAD. ) ;
#1407 = ORIENTED_EDGE ( 'NONE', *, *, #1394, .T. ) ;
#1408 = CARTESIAN_POINT ( 'NONE',  ( 32.00000000000000000, 2.500000000000000000, 24.52500000000000213 ) ) ;
#1409 = ADVANCED_FACE ( 'NONE', ( #956 ), #1537, .F. ) ;
#1410 = DIRECTION ( 'NONE',  ( 0.000000000000000000, 1.000000000000000000, 0.000000000000000000 ) ) ;
#1411 = VECTOR ( 'NONE', #1412, 1000.000000000000000 ) ;
#1412 = DIRECTION ( 'NONE',  ( 0.000000000000000000, 1.000000000000000000, 0.000000000000000000 ) ) ;
#1413 = EDGE_CURVE ( 'NONE', #88, #957, #201, .T. ) ;
#1414 = DATE_AND_TIME ( #1288, #1516 ) ;
#1415 = VECTOR ( 'NONE', #1127, 1000.000000000000000 ) ;
#1416 = EDGE_LOOP ( 'NONE', ( #704, #1359, #1320, #439 ) ) ;
#1417 = LINE ( 'NONE', #332, #1099 ) ;
#1418 = CARTESIAN_POINT ( 'NONE',  ( 32.00000000000000000, 17.00000000000000000, 44.00000000000000000 ) ) ;
#1419 = DIRECTION ( 'NONE',  ( 0.1894672000068069184, 0.000000000000000000, -0.9818870505926742265 ) ) ;
#1420 = FACE_OUTER_BOUND ( 'NONE', #476, .T. ) ;
#1421 = APPROVAL_STATUS ( 'not_yet_approved' ) ;
#1422 = VERTEX_POINT ( 'NONE', #1065 ) ;
#1423 = EDGE_CURVE ( 'NONE', #1228, #733, #938, .T. ) ;
#1424 = VERTEX_POINT ( 'NONE', #1429 ) ;
#1425 = DIRECTION ( 'NONE',  ( 1.000000000000000000, 0.000000000000000000, 0.000000000000000000 ) ) ;
#1426 = CARTESIAN_POINT ( 'NONE',  ( 32.00000000000000000, -20.00000000000000000, 44.00000000000000000 ) ) ;
#1427 = AXIS2_PLACEMENT_3D ( 'NONE', #242, #1452, #1325 ) ;
#1428 = DIRECTION ( 'NONE',  ( 0.000000000000000000, 1.000000000000000000, 0.000000000000000000 ) ) ;
#1429 = CARTESIAN_POINT ( 'NONE',  ( 12.00163697634833859, -23.50000000000000711, 19.99487952950573799 ) ) ;
#1430 = ORIENTED_EDGE ( 'NONE', *, *, #949, .F. ) ;
#1431 = ORIENTED_EDGE ( 'NONE', *, *, #662, .F. ) ;
#1432 = ADVANCED_FACE ( 'NONE', ( #812 ), #573, .F. ) ;
#1433 = FACE_OUTER_BOUND ( 'NONE', #1371, .T. ) ;
#1434 = CARTESIAN_POINT ( 'NONE',  ( 34.33429415235293902, 22.50000000000000000, 19.99487952950573799 ) ) ;
#1435 = CARTESIAN_POINT ( 'NONE',  ( 24.19130555355820889, -23.50000000000000711, 2.156920253272821331 ) ) ;
#1436 = DIRECTION ( 'NONE',  ( 1.000000000000000000, 0.000000000000000000, 0.000000000000000000 ) ) ;
#1437 = EDGE_LOOP ( 'NONE', ( #383, #108, #559, #1302, #257, #1185, #1194, #437, #1349, #868, #1113, #611, #488, #196, #1235, #1541, #894, #878 ) ) ;
#1438 = ORIENTED_EDGE ( 'NONE', *, *, #786, .F. ) ;
#1439 = ORIENTED_EDGE ( 'NONE', *, *, #1168, .F. ) ;
#1440 = ORIENTED_EDGE ( 'NONE', *, *, #523, .T. ) ;
#1441 = DIRECTION ( 'NONE',  ( -0.000000000000000000, -1.000000000000000000, -0.000000000000000000 ) ) ;
#1442 = FACE_OUTER_BOUND ( 'NONE', #1267, .T. ) ;
#1443 = CARTESIAN_POINT ( 'NONE',  ( 13.50000000000000000, 0.000000000000000000, 52.10000000000000142 ) ) ;
#1444 = CARTESIAN_POINT ( 'NONE',  ( 32.00000000000000000, 0.000000000000000000, 48.00000000000000000 ) ) ;
#1445 = ORIENTED_EDGE ( 'NONE', *, *, #1294, .F. ) ;
#1446 = ORIENTED_EDGE ( 'NONE', *, *, #1220, .F. ) ;
#1447 = ORIENTED_EDGE ( 'NONE', *, *, #714, .T. ) ;
#1448 = ORIENTED_EDGE ( 'NONE', *, *, #1033, .F. ) ;
#1449 = DIRECTION ( 'NONE',  ( -0.000000000000000000, -1.000000000000000000, -0.000000000000000000 ) ) ;
#1450 = DIRECTION ( 'NONE',  ( 0.000000000000000000, 1.000000000000000000, 0.000000000000000000 ) ) ;
#1451 = VECTOR ( 'NONE', #1039, 1000.000000000000000 ) ;
#1452 = DIRECTION ( 'NONE',  ( -1.000000000000000000, 0.000000000000000000, 0.000000000000000000 ) ) ;
#1453 = EDGE_CURVE ( 'NONE', #1061, #1352, #946, .T. ) ;
#1454 = UNCERTAINTY_MEASURE_WITH_UNIT (LENGTH_MEASURE( 1.000000000000000082E-05 ), #902, 'distance_accuracy_value', 'NONE');
#1455 = PLANE ( 'NONE',  #1375 ) ;
#1456 = ORIENTED_EDGE ( 'NONE', *, *, #1055, .F. ) ;
#1457 = VERTEX_POINT ( 'NONE', #821 ) ;
#1458 = VERTEX_POINT ( 'NONE', #1317 ) ;
#1459 = LINE ( 'NONE', #353, #404 ) ;
#1460 = DIRECTION ( 'NONE',  ( 0.3892798493577614982, 0.000000000000000000, 0.9211195356108774490 ) ) ;
#1461 = PLANE ( 'NONE',  #735 ) ;
#1462 = COORDINATED_UNIVERSAL_TIME_OFFSET ( 8, 0, .AHEAD. ) ;
#1463 = ADVANCED_FACE ( 'NONE', ( #214 ), #877, .T. ) ;
#1464 = CARTESIAN_POINT ( 'NONE',  ( 30.00000000000000000, 22.50000000000000000, 42.34168760482229743 ) ) ;
#1465 = ORIENTED_EDGE ( 'NONE', *, *, #39, .F. ) ;
#1466 = ORIENTED_EDGE ( 'NONE', *, *, #1294, .T. ) ;
#1467 = ORIENTED_EDGE ( 'NONE', *, *, #1076, .F. ) ;
#1468 = LINE ( 'NONE', #228, #567 ) ;
#1469 = LINE ( 'NONE', #250, #793 ) ;
#1470 = ORIENTED_EDGE ( 'NONE', *, *, #396, .T. ) ;
#1471 = VECTOR ( 'NONE', #378, 1000.000000000000227 ) ;
#1472 = ORIENTED_EDGE ( 'NONE', *, *, #84, .F. ) ;
#1473 = CARTESIAN_POINT ( 'NONE',  ( 29.59974890451540119, -23.50000000000000711, 6.449227097469300674 ) ) ;
#1474 = VERTEX_POINT ( 'NONE', #527 ) ;
#1475 = EDGE_CURVE ( 'NONE', #764, #1209, #1256, .T. ) ;
#1476 = CARTESIAN_POINT ( 'NONE',  ( 29.59811192816705017, 22.50000000000000000, 6.447806671048276428 ) ) ;
#1477 = CARTESIAN_POINT ( 'NONE',  ( 35.50163697634833682, 23.50000000000000000, 19.99487952950573799 ) ) ;
#1478 = EDGE_LOOP ( 'NONE', ( #359, #339, #950, #264 ) ) ;
#1479 = VERTEX_POINT ( 'NONE', #1388 ) ;
#1480 = CARTESIAN_POINT ( 'NONE',  ( 29.59811192816705017, -22.50000000000000711, 6.447806671048276428 ) ) ;
#1481 = CC_DESIGN_DATE_AND_TIME_ASSIGNMENT ( #430, #922, ( #413 ) ) ;
#1482 = DIRECTION ( 'NONE',  ( 0.000000000000000000, 0.000000000000000000, 1.000000000000000000 ) ) ;
#1483 = CARTESIAN_POINT ( 'NONE',  ( 30.42795013499661749, 22.50000000000000000, 11.20833053924122424 ) ) ;
#1484 = CARTESIAN_POINT ( 'NONE',  ( 12.00000000000000000, 22.50000000000000000, 2.385244779468109755E-15 ) ) ;
#1485 = EDGE_LOOP ( 'NONE', ( #366, #349, #961, #1407 ) ) ;
#1486 = ORIENTED_EDGE ( 'NONE', *, *, #940, .T. ) ;
#1487 = CARTESIAN_POINT ( 'NONE',  ( 24.19130555355820889, -22.50000000000000711, 2.156920253272821331 ) ) ;
#1488 = DIRECTION ( 'NONE',  ( -1.000000000000000000, 0.000000000000000000, 0.000000000000000000 ) ) ;
#1489 = VECTOR ( 'NONE', #772, 1000.000000000000114 ) ;
#1490 = CARTESIAN_POINT ( 'NONE',  ( 23.30447359349636827, 22.50000000000000000, 1.809031511218391008 ) ) ;
#1491 = DIRECTION ( 'NONE',  ( -1.000000000000000000, 0.000000000000000000, 0.000000000000000000 ) ) ;
#1492 = ORIENTED_EDGE ( 'NONE', *, *, #682, .F. ) ;
#1493 = CARTESIAN_POINT ( 'NONE',  ( 36.50000000000000000, 0.000000000000000000, 45.00000000000000000 ) ) ;
#1494 = DIRECTION ( 'NONE',  ( 0.000000000000000000, -1.000000000000000000, 0.000000000000000000 ) ) ;
#1495 = CARTESIAN_POINT ( 'NONE',  ( 32.00000000000000000, -22.50000000000000000, 40.00000000000000000 ) ) ;
#1496 = DIRECTION ( 'NONE',  ( -0.000000000000000000, -1.000000000000000000, -0.000000000000000000 ) ) ;
#1497 = DIRECTION ( 'NONE',  ( -0.000000000000000000, 1.000000000000000000, 0.000000000000000000 ) ) ;
#1498 = EDGE_LOOP ( 'NONE', ( #160, #836, #1109, #1456 ) ) ;
#1499 = EDGE_CURVE ( 'NONE', #337, #505, #1370, .T. ) ;
#1500 = CARTESIAN_POINT ( 'NONE',  ( 12.00000000000000000, 22.50000000000000000, 2.385244779468109755E-15 ) ) ;
#1501 = AXIS2_PLACEMENT_3D ( 'NONE', #1290, #449, #943 ) ;
#1502 = AXIS2_PLACEMENT_3D ( 'NONE', #1018, #1497, #893 ) ;
#1503 = DIRECTION ( 'NONE',  ( -0.000000000000000000, 1.000000000000000000, -0.000000000000000000 ) ) ;
#1504 = CARTESIAN_POINT ( 'NONE',  ( 24.80933638096599481, 22.50000000000000000, 2.674985382014055890 ) ) ;
#1505 = LINE ( 'NONE', #652, #60 ) ;
#1506 = EDGE_CURVE ( 'NONE', #975, #525, #1400, .T. ) ;
#1507 = DIRECTION ( 'NONE',  ( -0.2116816478711362193, 0.000000000000000000, -0.9773386720858641130 ) ) ;
#1508 = DIRECTION ( 'NONE',  ( -0.000000000000000000, -1.000000000000000000, -0.000000000000000000 ) ) ;
#1509 = DIRECTION ( 'NONE',  ( 0.9296538158408831354, 0.000000000000000000, -0.3684342311627480937 ) ) ;
#1510 = DIRECTION ( 'NONE',  ( 0.9773386720858642240, 0.000000000000000000, -0.2116816478711362470 ) ) ;
#1511 = DIRECTION ( 'NONE',  ( -0.000000000000000000, -1.000000000000000000, -0.000000000000000000 ) ) ;
#1512 = EDGE_CURVE ( 'NONE', #957, #1352, #268, .T. ) ;
#1513 = ORIENTED_EDGE ( 'NONE', *, *, #1287, .F. ) ;
#1514 = CARTESIAN_POINT ( 'NONE',  ( 30.72572635005002439, 23.50000000000000000, 8.694051640590387819 ) ) ;
#1515 = EDGE_CURVE ( 'NONE', #585, #251, #918, .T. ) ;
#1516 = LOCAL_TIME ( 17, 22, 51.00000000000000000, #804 ) ;
#1517 = AXIS2_PLACEMENT_3D ( 'NONE', #1165, #303, #46 ) ;
#1518 = CARTESIAN_POINT ( 'NONE',  ( 33.75000000000000000, -18.25000000000000000, 40.00000000000000000 ) ) ;
#1519 = DIRECTION ( 'NONE',  ( 1.000000000000000000, 0.000000000000000000, 0.000000000000000000 ) ) ;
#1520 = PLANE ( 'NONE',  #1297 ) ;
#1521 = ADVANCED_FACE ( 'NONE', ( #27 ), #415, .F. ) ;
#1522 = ADVANCED_FACE ( 'NONE', ( #286 ), #1013, .T. ) ;
#1523 = CARTESIAN_POINT ( 'NONE',  ( 32.00000000000000000, 0.000000000000000000, 45.00000000000000000 ) ) ;
#1524 = CARTESIAN_POINT ( 'NONE',  ( 13.50000000000000000, 2.500000000000000000, 52.10000000000000142 ) ) ;
#1525 = DIRECTION ( 'NONE',  ( 0.000000000000000000, 0.000000000000000000, 1.000000000000000000 ) ) ;
#1526 = DIRECTION ( 'NONE',  ( 1.000000000000000000, 0.000000000000000000, -1.388232795161829064E-15 ) ) ;
#1527 = CARTESIAN_POINT ( 'NONE',  ( 35.50000000000000000, -20.00000000000000000, 44.00000000000000000 ) ) ;
#1528 = EDGE_CURVE ( 'NONE', #1353, #1457, #642, .T. ) ;
#1529 = PLANE ( 'NONE',  #15 ) ;
#1530 = VERTEX_POINT ( 'NONE', #661 ) ;
#1531 = ORIENTED_EDGE ( 'NONE', *, *, #830, .T. ) ;
#1532 = LINE ( 'NONE', #1312, #1189 ) ;
#1533 = CARTESIAN_POINT ( 'NONE',  ( 35.50000000000000000, 0.000000000000000000, 48.00000000000000000 ) ) ;
#1534 = VECTOR ( 'NONE', #1029, 1000.000000000000114 ) ;
#1535 = CC_DESIGN_PERSON_AND_ORGANIZATION_ASSIGNMENT ( #1226, #939, ( #1343 ) ) ;
#1536 = PLANE ( 'NONE',  #1574 ) ;
#1537 = PLANE ( 'NONE',  #1319 ) ;
#1538 = EDGE_CURVE ( 'NONE', #1102, #99, #773, .T. ) ;
#1539 = COORDINATED_UNIVERSAL_TIME_OFFSET ( 8, 0, .AHEAD. ) ;
#1540 = EDGE_LOOP ( 'NONE', ( #252, #202, #374, #1011 ) ) ;
#1541 = ORIENTED_EDGE ( 'NONE', *, *, #1067, .F. ) ;
#1542 = FACE_OUTER_BOUND ( 'NONE', #388, .T. ) ;
#1543 = DIRECTION ( 'NONE',  ( 1.000000000000000000, 0.000000000000000000, 0.000000000000000000 ) ) ;
#1544 = CARTESIAN_POINT ( 'NONE',  ( 23.30447359349636827, -23.50000000000000711, 1.809031511218391008 ) ) ;
#1545 = DIRECTION ( 'NONE',  ( -0.1511569171329882610, 0.000000000000000000, -0.9885097806308498214 ) ) ;
#1546 = ORIENTED_EDGE ( 'NONE', *, *, #550, .F. ) ;
#1547 = ORIENTED_EDGE ( 'NONE', *, *, #1389, .F. ) ;
#1548 = ORIENTED_EDGE ( 'NONE', *, *, #309, .F. ) ;
#1549 = CARTESIAN_POINT ( 'NONE',  ( 35.49999999999999289, 15.00000000000000000, 19.99345910308467822 ) ) ;
#1550 = DIRECTION ( 'NONE',  ( 0.000000000000000000, 1.000000000000000000, 0.000000000000000000 ) ) ;
#1551 = CARTESIAN_POINT ( 'NONE',  ( 32.00000000000000000, -22.50000000000000000, 48.00000000000000000 ) ) ;
#1552 = DIRECTION ( 'NONE',  ( 0.000000000000000000, 0.000000000000000000, 1.000000000000000000 ) ) ;
#1553 = EDGE_LOOP ( 'NONE', ( #1069, #1247, #874, #1338, #1123, #1098 ) ) ;
#1554 = AXIS2_PLACEMENT_3D ( 'NONE', #1426, #819, #1071 ) ;
#1555 = ORIENTED_EDGE ( 'NONE', *, *, #1559, .F. ) ;
#1556 = VERTEX_POINT ( 'NONE', #784 ) ;
#1557 = ORIENTED_EDGE ( 'NONE', *, *, #1055, .T. ) ;
#1558 = CARTESIAN_POINT ( 'NONE',  ( 12.00163697634831017, 23.50000000000000000, 0.001420426421091386393 ) ) ;
#1559 = EDGE_CURVE ( 'NONE', #135, #79, #1158, .T. ) ;
#1560 = ADVANCED_FACE ( 'NONE', ( #897 ), #54, .F. ) ;
#1561 = FACE_OUTER_BOUND ( 'NONE', #1416, .T. ) ;
#1562 = CARTESIAN_POINT ( 'NONE',  ( 30.00000000000000000, -20.00000000000000000, 44.00000000000000000 ) ) ;
#1563 = APPROVAL_PERSON_ORGANIZATION ( #1176, #571, #78 ) ;
#1564 = CARTESIAN_POINT ( 'NONE',  ( 33.90966676758223031, 22.50000000000000000, 16.22793689986728438 ) ) ;
#1565 = ORIENTED_EDGE ( 'NONE', *, *, #213, .F. ) ;
#1566 = AXIS2_PLACEMENT_3D ( 'NONE', #1405, #1286, #541 ) ;
#1567 = ORIENTED_EDGE ( 'NONE', *, *, #1028, .T. ) ;
#1568 = VECTOR ( 'NONE', #540, 1000.000000000000000 ) ;
#1569 = ORIENTED_EDGE ( 'NONE', *, *, #14, .T. ) ;
#1570 = CARTESIAN_POINT ( 'NONE',  ( 20.73916517917786351, -22.50000000000000711, 1.568978159727702826 ) ) ;
#1571 = EDGE_CURVE ( 'NONE', #1108, #147, #1141, .T. ) ;
#1572 = CARTESIAN_POINT ( 'NONE',  ( 29.59974890451540119, 23.50000000000000000, 6.449227097469300674 ) ) ;
#1573 = VECTOR ( 'NONE', #828, 1000.000000000000000 ) ;
#1574 = AXIS2_PLACEMENT_3D ( 'NONE', #69, #1419, #1284 ) ;
#1575 = DIRECTION ( 'NONE',  ( 0.000000000000000000, -0.000000000000000000, -1.000000000000000000 ) ) ;
#1576 = DIRECTION ( 'NONE',  ( 0.000000000000000000, 0.000000000000000000, 1.000000000000000000 ) ) ;
#1577 = FACE_OUTER_BOUND ( 'NONE', #467, .T. ) ;
#1578 = ORIENTED_EDGE ( 'NONE', *, *, #964, .F. ) ;
#1579 = ORIENTED_EDGE ( 'NONE', *, *, #157, .T. ) ;
#1580 = VERTEX_POINT ( 'NONE', #649 ) ;
#1581 = CARTESIAN_POINT ( 'NONE',  ( 35.50000000000000000, -22.50000000000000000, 45.65831239517769546 ) ) ;
#1582 = DIRECTION ( 'NONE',  ( 1.000000000000000000, 0.000000000000000000, 0.000000000000000000 ) ) ;
ENDSEC;
END-ISO-10303-21;
