ISO-10303-21;
HEADER;
/* Generated by software containing ST-Developer
 * from STEP Tools, Inc. (www.steptools.com) 
 */

FILE_DESCRIPTION(
/* description */ (''),
/* implementation_level */ '2;1');

FILE_NAME(
/* name */ '',
/* time_stamp */ '2026-09-18T01:52:01+08:00',
/* author */ (''),
/* organization */ (''),
/* preprocessor_version */ 'ST-DEVELOPER v20.2',
/* originating_system */ 'Autodesk Translation Framework v15.15.0.0',
/* authorisation */ '');

FILE_SCHEMA (('AUTOMOTIVE_DESIGN { 1 0 10303 214 3 1 1 }'));
ENDSEC;

DATA;
#10=MECHANICAL_DESIGN_GEOMETRIC_PRESENTATION_REPRESENTATION('',(#138,#139,
#140,#141,#142,#143,#144,#145,#146,#147,#148,#149,#150,#151,#152,#153,#154,
#155,#156),#17694);
#11=ITEM_DEFINED_TRANSFORMATION($,$,#11170,#11785);
#12=ITEM_DEFINED_TRANSFORMATION($,$,#11200,#11786);
#13=ITEM_DEFINED_TRANSFORMATION($,$,#11234,#11787);
#14=ITEM_DEFINED_TRANSFORMATION($,$,#11285,#11788);
#15=ITEM_DEFINED_TRANSFORMATION($,$,#11336,#11789);
#16=ITEM_DEFINED_TRANSFORMATION($,$,#11642,#11790);
#17=ITEM_DEFINED_TRANSFORMATION($,$,#11686,#11791);
#18=ITEM_DEFINED_TRANSFORMATION($,$,#11696,#11792);
#19=ITEM_DEFINED_TRANSFORMATION($,$,#11706,#11793);
#20=ITEM_DEFINED_TRANSFORMATION($,$,#11716,#11794);
#21=ITEM_DEFINED_TRANSFORMATION($,$,#11726,#11795);
#22=ITEM_DEFINED_TRANSFORMATION($,$,#11732,#11796);
#23=ITEM_DEFINED_TRANSFORMATION($,$,#11738,#11797);
#24=ITEM_DEFINED_TRANSFORMATION($,$,#11747,#11798);
#25=ITEM_DEFINED_TRANSFORMATION($,$,#11756,#11799);
#26=ITEM_DEFINED_TRANSFORMATION($,$,#11765,#11800);
#27=ITEM_DEFINED_TRANSFORMATION($,$,#11774,#11801);
#28=(
REPRESENTATION_RELATIONSHIP($,$,#17753,#17752)
REPRESENTATION_RELATIONSHIP_WITH_TRANSFORMATION(#11)
SHAPE_REPRESENTATION_RELATIONSHIP()
);
#29=(
REPRESENTATION_RELATIONSHIP($,$,#17754,#17752)
REPRESENTATION_RELATIONSHIP_WITH_TRANSFORMATION(#12)
SHAPE_REPRESENTATION_RELATIONSHIP()
);
#30=(
REPRESENTATION_RELATIONSHIP($,$,#17755,#17752)
REPRESENTATION_RELATIONSHIP_WITH_TRANSFORMATION(#13)
SHAPE_REPRESENTATION_RELATIONSHIP()
);
#31=(
REPRESENTATION_RELATIONSHIP($,$,#17756,#17752)
REPRESENTATION_RELATIONSHIP_WITH_TRANSFORMATION(#14)
SHAPE_REPRESENTATION_RELATIONSHIP()
);
#32=(
REPRESENTATION_RELATIONSHIP($,$,#17757,#17752)
REPRESENTATION_RELATIONSHIP_WITH_TRANSFORMATION(#15)
SHAPE_REPRESENTATION_RELATIONSHIP()
);
#33=(
REPRESENTATION_RELATIONSHIP($,$,#17758,#17752)
REPRESENTATION_RELATIONSHIP_WITH_TRANSFORMATION(#16)
SHAPE_REPRESENTATION_RELATIONSHIP()
);
#34=(
REPRESENTATION_RELATIONSHIP($,$,#17759,#17752)
REPRESENTATION_RELATIONSHIP_WITH_TRANSFORMATION(#17)
SHAPE_REPRESENTATION_RELATIONSHIP()
);
#35=(
REPRESENTATION_RELATIONSHIP($,$,#17760,#17752)
REPRESENTATION_RELATIONSHIP_WITH_TRANSFORMATION(#18)
SHAPE_REPRESENTATION_RELATIONSHIP()
);
#36=(
REPRESENTATION_RELATIONSHIP($,$,#17761,#17752)
REPRESENTATION_RELATIONSHIP_WITH_TRANSFORMATION(#19)
SHAPE_REPRESENTATION_RELATIONSHIP()
);
#37=(
REPRESENTATION_RELATIONSHIP($,$,#17762,#17752)
REPRESENTATION_RELATIONSHIP_WITH_TRANSFORMATION(#20)
SHAPE_REPRESENTATION_RELATIONSHIP()
);
#38=(
REPRESENTATION_RELATIONSHIP($,$,#17763,#17752)
REPRESENTATION_RELATIONSHIP_WITH_TRANSFORMATION(#21)
SHAPE_REPRESENTATION_RELATIONSHIP()
);
#39=(
REPRESENTATION_RELATIONSHIP($,$,#17764,#17752)
REPRESENTATION_RELATIONSHIP_WITH_TRANSFORMATION(#22)
SHAPE_REPRESENTATION_RELATIONSHIP()
);
#40=(
REPRESENTATION_RELATIONSHIP($,$,#17765,#17752)
REPRESENTATION_RELATIONSHIP_WITH_TRANSFORMATION(#23)
SHAPE_REPRESENTATION_RELATIONSHIP()
);
#41=(
REPRESENTATION_RELATIONSHIP($,$,#17766,#17752)
REPRESENTATION_RELATIONSHIP_WITH_TRANSFORMATION(#24)
SHAPE_REPRESENTATION_RELATIONSHIP()
);
#42=(
REPRESENTATION_RELATIONSHIP($,$,#17767,#17752)
REPRESENTATION_RELATIONSHIP_WITH_TRANSFORMATION(#25)
SHAPE_REPRESENTATION_RELATIONSHIP()
);
#43=(
REPRESENTATION_RELATIONSHIP($,$,#17768,#17752)
REPRESENTATION_RELATIONSHIP_WITH_TRANSFORMATION(#26)
SHAPE_REPRESENTATION_RELATIONSHIP()
);
#44=(
REPRESENTATION_RELATIONSHIP($,$,#17769,#17752)
REPRESENTATION_RELATIONSHIP_WITH_TRANSFORMATION(#27)
SHAPE_REPRESENTATION_RELATIONSHIP()
);
#45=CONTEXT_DEPENDENT_SHAPE_REPRESENTATION(#28,#17735);
#46=CONTEXT_DEPENDENT_SHAPE_REPRESENTATION(#29,#17736);
#47=CONTEXT_DEPENDENT_SHAPE_REPRESENTATION(#30,#17737);
#48=CONTEXT_DEPENDENT_SHAPE_REPRESENTATION(#31,#17738);
#49=CONTEXT_DEPENDENT_SHAPE_REPRESENTATION(#32,#17739);
#50=CONTEXT_DEPENDENT_SHAPE_REPRESENTATION(#33,#17740);
#51=CONTEXT_DEPENDENT_SHAPE_REPRESENTATION(#34,#17741);
#52=CONTEXT_DEPENDENT_SHAPE_REPRESENTATION(#35,#17742);
#53=CONTEXT_DEPENDENT_SHAPE_REPRESENTATION(#36,#17743);
#54=CONTEXT_DEPENDENT_SHAPE_REPRESENTATION(#37,#17744);
#55=CONTEXT_DEPENDENT_SHAPE_REPRESENTATION(#38,#17745);
#56=CONTEXT_DEPENDENT_SHAPE_REPRESENTATION(#39,#17746);
#57=CONTEXT_DEPENDENT_SHAPE_REPRESENTATION(#40,#17747);
#58=CONTEXT_DEPENDENT_SHAPE_REPRESENTATION(#41,#17748);
#59=CONTEXT_DEPENDENT_SHAPE_REPRESENTATION(#42,#17749);
#60=CONTEXT_DEPENDENT_SHAPE_REPRESENTATION(#43,#17750);
#61=CONTEXT_DEPENDENT_SHAPE_REPRESENTATION(#44,#17751);
#62=NEXT_ASSEMBLY_USAGE_OCCURRENCE('\X2\722A677F\X0\-\X2\5DE6\X0\:1',
'\X2\722A677F\X0\-\X2\5DE6\X0\:1','\X2\722A677F\X0\-\X2\5DE6\X0\:1',#17771,
#17772,'\X2\722A677F\X0\-\X2\5DE6\X0\:1');
#63=NEXT_ASSEMBLY_USAGE_OCCURRENCE('\X2\722A677F\X0\-\X2\53F3\X0\:1',
'\X2\722A677F\X0\-\X2\53F3\X0\:1','\X2\722A677F\X0\-\X2\53F3\X0\:1',#17771,
#17773,'\X2\722A677F\X0\-\X2\53F3\X0\:1');
#64=NEXT_ASSEMBLY_USAGE_OCCURRENCE('\X2\9F7F6761\X0\-\X2\4E0B\X0\:1',
'\X2\9F7F6761\X0\-\X2\4E0B\X0\:1','\X2\9F7F6761\X0\-\X2\4E0B\X0\:1',#17771,
#17774,'\X2\9F7F6761\X0\-\X2\4E0B\X0\:1');
#65=NEXT_ASSEMBLY_USAGE_OCCURRENCE('\X2\9F7F6761\X0\-\X2\4E0A\X0\:1',
'\X2\9F7F6761\X0\-\X2\4E0A\X0\:1','\X2\9F7F6761\X0\-\X2\4E0A\X0\:1',#17771,
#17775,'\X2\9F7F6761\X0\-\X2\4E0A\X0\:1');
#66=NEXT_ASSEMBLY_USAGE_OCCURRENCE('\X2\9F7F8F6E\X0\:1','\X2\9F7F8F6E\X0\:
1','\X2\9F7F8F6E\X0\:1',#17771,#17776,'\X2\9F7F8F6E\X0\:1');
#67=NEXT_ASSEMBLY_USAGE_OCCURRENCE('\X2\4E3B6846\X0\:1','\X2\4E3B6846\X0\:
1','\X2\4E3B6846\X0\:1',#17771,#17777,'\X2\4E3B6846\X0\:1');
#68=NEXT_ASSEMBLY_USAGE_OCCURRENCE('\X2\540A8033\X0\-1:1','\X2\540A8033\X0\-
1:1','\X2\540A8033\X0\-1:1',#17771,#17778,'\X2\540A8033\X0\-1:1');
#69=NEXT_ASSEMBLY_USAGE_OCCURRENCE('\X2\540A8033\X0\-2:1','\X2\540A8033\X0\-
2:1','\X2\540A8033\X0\-2:1',#17771,#17779,'\X2\540A8033\X0\-2:1');
#70=NEXT_ASSEMBLY_USAGE_OCCURRENCE('\X2\540A8033\X0\-3:1','\X2\540A8033\X0\-
3:1','\X2\540A8033\X0\-3:1',#17771,#17780,'\X2\540A8033\X0\-3:1');
#71=NEXT_ASSEMBLY_USAGE_OCCURRENCE('\X2\540A8033\X0\-4:1','\X2\540A8033\X0\-
4:1','\X2\540A8033\X0\-4:1',#17771,#17781,'\X2\540A8033\X0\-4:1');
#72=NEXT_ASSEMBLY_USAGE_OCCURRENCE('\X2\5BFC6746\X0\-\X2\53F3\X0\Y-:1',
'\X2\5BFC6746\X0\-\X2\53F3\X0\Y-:1','\X2\5BFC6746\X0\-\X2\53F3\X0\Y-:1',
#17771,#17782,'\X2\5BFC6746\X0\-\X2\53F3\X0\Y-:1');
#73=NEXT_ASSEMBLY_USAGE_OCCURRENCE('\X2\5BFC6746\X0\-\X2\5DE6\X0\Y-:1',
'\X2\5BFC6746\X0\-\X2\5DE6\X0\Y-:1','\X2\5BFC6746\X0\-\X2\5DE6\X0\Y-:1',
#17771,#17783,'\X2\5BFC6746\X0\-\X2\5DE6\X0\Y-:1');
#74=NEXT_ASSEMBLY_USAGE_OCCURRENCE('\X2\8F74627F\X0\-1:1','\X2\8F74627F\X0\-
1:1','\X2\8F74627F\X0\-1:1',#17771,#17784,'\X2\8F74627F\X0\-1:1');
#75=NEXT_ASSEMBLY_USAGE_OCCURRENCE('\X2\8F74627F\X0\-2:1','\X2\8F74627F\X0\-
2:1','\X2\8F74627F\X0\-2:1',#17771,#17785,'\X2\8F74627F\X0\-2:1');
#76=NEXT_ASSEMBLY_USAGE_OCCURRENCE('\X2\8F74627F\X0\-3:1','\X2\8F74627F\X0\-
3:1','\X2\8F74627F\X0\-3:1',#17771,#17786,'\X2\8F74627F\X0\-3:1');
#77=NEXT_ASSEMBLY_USAGE_OCCURRENCE('\X2\8F74627F\X0\-4:1','\X2\8F74627F\X0\-
4:1','\X2\8F74627F\X0\-4:1',#17771,#17787,'\X2\8F74627F\X0\-4:1');
#78=NEXT_ASSEMBLY_USAGE_OCCURRENCE('\X2\8235673A\X0\:1','\X2\8235673A\X0\:
1','\X2\8235673A\X0\:1',#17771,#17788,'\X2\8235673A\X0\:1');
#79=FACE_BOUND('',#953,.T.);
#80=FACE_BOUND('',#963,.T.);
#81=FACE_BOUND('',#965,.T.);
#82=FACE_BOUND('',#1257,.T.);
#83=FACE_BOUND('',#1265,.T.);
#84=FACE_BOUND('',#1269,.T.);
#85=FACE_BOUND('',#1281,.T.);
#86=FACE_BOUND('',#1294,.T.);
#87=FACE_BOUND('',#1301,.T.);
#88=FACE_BOUND('',#1303,.T.);
#89=FACE_BOUND('',#1310,.T.);
#90=FACE_BOUND('',#1312,.T.);
#91=FACE_BOUND('',#1319,.T.);
#92=FACE_BOUND('',#1321,.T.);
#93=FACE_BOUND('',#1328,.T.);
#94=FACE_BOUND('',#1330,.T.);
#95=FACE_BOUND('',#1340,.T.);
#96=FACE_BOUND('',#1342,.T.);
#97=FACE_BOUND('',#1346,.T.);
#98=FACE_BOUND('',#1348,.T.);
#99=FACE_BOUND('',#1352,.T.);
#100=FACE_BOUND('',#1354,.T.);
#101=FACE_BOUND('',#1358,.T.);
#102=FACE_BOUND('',#1360,.T.);
#103=FACE_BOUND('',#1362,.T.);
#104=SHAPE_REPRESENTATION_RELATIONSHIP('SRR','None',#17753,#121);
#105=SHAPE_REPRESENTATION_RELATIONSHIP('SRR','None',#17754,#122);
#106=SHAPE_REPRESENTATION_RELATIONSHIP('SRR','None',#17755,#123);
#107=SHAPE_REPRESENTATION_RELATIONSHIP('SRR','None',#17756,#124);
#108=SHAPE_REPRESENTATION_RELATIONSHIP('SRR','None',#17757,#125);
#109=SHAPE_REPRESENTATION_RELATIONSHIP('SRR','None',#17758,#126);
#110=SHAPE_REPRESENTATION_RELATIONSHIP('SRR','None',#17759,#127);
#111=SHAPE_REPRESENTATION_RELATIONSHIP('SRR','None',#17760,#128);
#112=SHAPE_REPRESENTATION_RELATIONSHIP('SRR','None',#17761,#129);
#113=SHAPE_REPRESENTATION_RELATIONSHIP('SRR','None',#17762,#130);
#114=SHAPE_REPRESENTATION_RELATIONSHIP('SRR','None',#17763,#131);
#115=SHAPE_REPRESENTATION_RELATIONSHIP('SRR','None',#17764,#132);
#116=SHAPE_REPRESENTATION_RELATIONSHIP('SRR','None',#17765,#133);
#117=SHAPE_REPRESENTATION_RELATIONSHIP('SRR','None',#17766,#134);
#118=SHAPE_REPRESENTATION_RELATIONSHIP('SRR','None',#17767,#135);
#119=SHAPE_REPRESENTATION_RELATIONSHIP('SRR','None',#17768,#136);
#120=SHAPE_REPRESENTATION_RELATIONSHIP('SRR','None',#17769,#137);
#121=ADVANCED_BREP_SHAPE_REPRESENTATION('',(#157,#158),#17677);
#122=ADVANCED_BREP_SHAPE_REPRESENTATION('',(#159),#17678);
#123=ADVANCED_BREP_SHAPE_REPRESENTATION('',(#160),#17679);
#124=ADVANCED_BREP_SHAPE_REPRESENTATION('',(#161),#17680);
#125=ADVANCED_BREP_SHAPE_REPRESENTATION('',(#162),#17681);
#126=ADVANCED_BREP_SHAPE_REPRESENTATION('',(#163,#164),#17682);
#127=ADVANCED_BREP_SHAPE_REPRESENTATION('',(#165),#17683);
#128=ADVANCED_BREP_SHAPE_REPRESENTATION('',(#166),#17684);
#129=ADVANCED_BREP_SHAPE_REPRESENTATION('',(#167),#17685);
#130=ADVANCED_BREP_SHAPE_REPRESENTATION('',(#168),#17686);
#131=ADVANCED_BREP_SHAPE_REPRESENTATION('',(#169),#17687);
#132=ADVANCED_BREP_SHAPE_REPRESENTATION('',(#170),#17688);
#133=ADVANCED_BREP_SHAPE_REPRESENTATION('',(#171),#17689);
#134=ADVANCED_BREP_SHAPE_REPRESENTATION('',(#172),#17690);
#135=ADVANCED_BREP_SHAPE_REPRESENTATION('',(#173),#17691);
#136=ADVANCED_BREP_SHAPE_REPRESENTATION('',(#174),#17692);
#137=ADVANCED_BREP_SHAPE_REPRESENTATION('',(#175),#17693);
#138=STYLED_ITEM('',(#17847),#157);
#139=STYLED_ITEM('',(#17847),#158);
#140=STYLED_ITEM('',(#17847),#159);
#141=STYLED_ITEM('',(#17847),#160);
#142=STYLED_ITEM('',(#17847),#161);
#143=STYLED_ITEM('',(#17847),#162);
#144=STYLED_ITEM('',(#17847),#163);
#145=STYLED_ITEM('',(#17847),#164);
#146=STYLED_ITEM('',(#17847),#165);
#147=STYLED_ITEM('',(#17847),#166);
#148=STYLED_ITEM('',(#17847),#167);
#149=STYLED_ITEM('',(#17847),#168);
#150=STYLED_ITEM('',(#17847),#169);
#151=STYLED_ITEM('',(#17847),#170);
#152=STYLED_ITEM('',(#17847),#171);
#153=STYLED_ITEM('',(#17847),#172);
#154=STYLED_ITEM('',(#17847),#173);
#155=STYLED_ITEM('',(#17847),#174);
#156=STYLED_ITEM('',(#17847),#175);
#157=MANIFOLD_SOLID_BREP('\X2\5B9E4F53\X0\1',#10962);
#158=MANIFOLD_SOLID_BREP('\X2\5B9E4F53\X0\2',#10963);
#159=MANIFOLD_SOLID_BREP('\X2\5B9E4F53\X0\1',#10964);
#160=MANIFOLD_SOLID_BREP('\X2\5B9E4F53\X0\1',#10965);
#161=MANIFOLD_SOLID_BREP('\X2\5B9E4F53\X0\1',#10966);
#162=MANIFOLD_SOLID_BREP('\X2\5B9E4F53\X0\1',#10967);
#163=MANIFOLD_SOLID_BREP('\X2\5B9E4F53\X0\1',#10968);
#164=MANIFOLD_SOLID_BREP('\X2\5B9E4F53\X0\2',#10969);
#165=MANIFOLD_SOLID_BREP('\X2\5B9E4F53\X0\1',#10970);
#166=MANIFOLD_SOLID_BREP('\X2\5B9E4F53\X0\1',#10971);
#167=MANIFOLD_SOLID_BREP('\X2\5B9E4F53\X0\1',#10972);
#168=MANIFOLD_SOLID_BREP('\X2\5B9E4F53\X0\1',#10973);
#169=MANIFOLD_SOLID_BREP('\X2\5B9E4F53\X0\1',#10974);
#170=MANIFOLD_SOLID_BREP('\X2\5B9E4F53\X0\1',#10975);
#171=MANIFOLD_SOLID_BREP('\X2\5B9E4F53\X0\1',#10976);
#172=MANIFOLD_SOLID_BREP('\X2\5B9E4F53\X0\1',#10977);
#173=MANIFOLD_SOLID_BREP('\X2\5B9E4F53\X0\1',#10978);
#174=MANIFOLD_SOLID_BREP('\X2\5B9E4F53\X0\1',#10979);
#175=MANIFOLD_SOLID_BREP('\X2\5B9E4F53\X0\1',#10980);
#176=CYLINDRICAL_SURFACE('',#11178,0.3);
#177=CYLINDRICAL_SURFACE('',#11186,0.3);
#178=CYLINDRICAL_SURFACE('',#11221,0.3);
#179=CYLINDRICAL_SURFACE('',#11226,0.3);
#180=CYLINDRICAL_SURFACE('',#11337,0.3);
#181=CYLINDRICAL_SURFACE('',#11652,1.25);
#182=CYLINDRICAL_SURFACE('',#11654,1.25);
#183=CYLINDRICAL_SURFACE('',#11678,1.25);
#184=CYLINDRICAL_SURFACE('',#11687,0.5);
#185=CYLINDRICAL_SURFACE('',#11697,0.5);
#186=CYLINDRICAL_SURFACE('',#11707,0.5);
#187=CYLINDRICAL_SURFACE('',#11717,0.5);
#188=CYLINDRICAL_SURFACE('',#11727,0.3);
#189=CYLINDRICAL_SURFACE('',#11733,0.3);
#190=CYLINDRICAL_SURFACE('',#11739,0.3);
#191=CYLINDRICAL_SURFACE('',#11742,0.5);
#192=CYLINDRICAL_SURFACE('',#11748,0.3);
#193=CYLINDRICAL_SURFACE('',#11751,0.5);
#194=CYLINDRICAL_SURFACE('',#11757,0.3);
#195=CYLINDRICAL_SURFACE('',#11760,0.5);
#196=CYLINDRICAL_SURFACE('',#11766,0.3);
#197=CYLINDRICAL_SURFACE('',#11769,0.5);
#198=CYLINDRICAL_SURFACE('',#11782,0.3);
#199=CIRCLE('',#11175,0.3);
#200=CIRCLE('',#11176,0.3);
#201=CIRCLE('',#11179,0.3);
#202=CIRCLE('',#11184,0.3);
#203=CIRCLE('',#11210,0.3);
#204=CIRCLE('',#11211,0.3);
#205=CIRCLE('',#11219,0.3);
#206=CIRCLE('',#11220,0.3);
#207=CIRCLE('',#11338,0.3);
#208=CIRCLE('',#11339,0.3);
#209=CIRCLE('',#11650,1.25);
#210=CIRCLE('',#11651,1.25);
#211=CIRCLE('',#11653,1.25);
#212=CIRCLE('',#11655,1.25);
#213=CIRCLE('',#11656,1.25);
#214=CIRCLE('',#11657,1.25);
#215=CIRCLE('',#11670,1.25);
#216=CIRCLE('',#11672,1.25);
#217=CIRCLE('',#11673,1.25);
#218=CIRCLE('',#11679,1.25);
#219=CIRCLE('',#11688,0.5);
#220=CIRCLE('',#11689,0.5);
#221=CIRCLE('',#11698,0.5);
#222=CIRCLE('',#11699,0.5);
#223=CIRCLE('',#11708,0.5);
#224=CIRCLE('',#11709,0.5);
#225=CIRCLE('',#11718,0.5);
#226=CIRCLE('',#11719,0.5);
#227=CIRCLE('',#11728,0.3);
#228=CIRCLE('',#11729,0.3);
#229=CIRCLE('',#11734,0.3);
#230=CIRCLE('',#11735,0.3);
#231=CIRCLE('',#11740,0.3);
#232=CIRCLE('',#11741,0.3);
#233=CIRCLE('',#11743,0.5);
#234=CIRCLE('',#11744,0.5);
#235=CIRCLE('',#11749,0.3);
#236=CIRCLE('',#11750,0.3);
#237=CIRCLE('',#11752,0.5);
#238=CIRCLE('',#11753,0.5);
#239=CIRCLE('',#11758,0.3);
#240=CIRCLE('',#11759,0.3);
#241=CIRCLE('',#11761,0.5);
#242=CIRCLE('',#11762,0.5);
#243=CIRCLE('',#11767,0.3);
#244=CIRCLE('',#11768,0.3);
#245=CIRCLE('',#11770,0.5);
#246=CIRCLE('',#11771,0.5);
#247=CIRCLE('',#11776,0.3);
#248=CIRCLE('',#11783,0.3);
#249=FACE_OUTER_BOUND('',#797,.T.);
#250=FACE_OUTER_BOUND('',#798,.T.);
#251=FACE_OUTER_BOUND('',#799,.T.);
#252=FACE_OUTER_BOUND('',#800,.T.);
#253=FACE_OUTER_BOUND('',#801,.T.);
#254=FACE_OUTER_BOUND('',#802,.T.);
#255=FACE_OUTER_BOUND('',#803,.T.);
#256=FACE_OUTER_BOUND('',#804,.T.);
#257=FACE_OUTER_BOUND('',#805,.T.);
#258=FACE_OUTER_BOUND('',#806,.T.);
#259=FACE_OUTER_BOUND('',#807,.T.);
#260=FACE_OUTER_BOUND('',#808,.T.);
#261=FACE_OUTER_BOUND('',#809,.T.);
#262=FACE_OUTER_BOUND('',#810,.T.);
#263=FACE_OUTER_BOUND('',#811,.T.);
#264=FACE_OUTER_BOUND('',#812,.T.);
#265=FACE_OUTER_BOUND('',#813,.T.);
#266=FACE_OUTER_BOUND('',#814,.T.);
#267=FACE_OUTER_BOUND('',#815,.T.);
#268=FACE_OUTER_BOUND('',#816,.T.);
#269=FACE_OUTER_BOUND('',#817,.T.);
#270=FACE_OUTER_BOUND('',#818,.T.);
#271=FACE_OUTER_BOUND('',#819,.T.);
#272=FACE_OUTER_BOUND('',#820,.T.);
#273=FACE_OUTER_BOUND('',#821,.T.);
#274=FACE_OUTER_BOUND('',#822,.T.);
#275=FACE_OUTER_BOUND('',#823,.T.);
#276=FACE_OUTER_BOUND('',#824,.T.);
#277=FACE_OUTER_BOUND('',#825,.T.);
#278=FACE_OUTER_BOUND('',#826,.T.);
#279=FACE_OUTER_BOUND('',#827,.T.);
#280=FACE_OUTER_BOUND('',#828,.T.);
#281=FACE_OUTER_BOUND('',#829,.T.);
#282=FACE_OUTER_BOUND('',#830,.T.);
#283=FACE_OUTER_BOUND('',#831,.T.);
#284=FACE_OUTER_BOUND('',#832,.T.);
#285=FACE_OUTER_BOUND('',#833,.T.);
#286=FACE_OUTER_BOUND('',#834,.T.);
#287=FACE_OUTER_BOUND('',#835,.T.);
#288=FACE_OUTER_BOUND('',#836,.T.);
#289=FACE_OUTER_BOUND('',#837,.T.);
#290=FACE_OUTER_BOUND('',#838,.T.);
#291=FACE_OUTER_BOUND('',#839,.T.);
#292=FACE_OUTER_BOUND('',#840,.T.);
#293=FACE_OUTER_BOUND('',#841,.T.);
#294=FACE_OUTER_BOUND('',#842,.T.);
#295=FACE_OUTER_BOUND('',#843,.T.);
#296=FACE_OUTER_BOUND('',#844,.T.);
#297=FACE_OUTER_BOUND('',#845,.T.);
#298=FACE_OUTER_BOUND('',#846,.T.);
#299=FACE_OUTER_BOUND('',#847,.T.);
#300=FACE_OUTER_BOUND('',#848,.T.);
#301=FACE_OUTER_BOUND('',#849,.T.);
#302=FACE_OUTER_BOUND('',#850,.T.);
#303=FACE_OUTER_BOUND('',#851,.T.);
#304=FACE_OUTER_BOUND('',#852,.T.);
#305=FACE_OUTER_BOUND('',#853,.T.);
#306=FACE_OUTER_BOUND('',#854,.T.);
#307=FACE_OUTER_BOUND('',#855,.T.);
#308=FACE_OUTER_BOUND('',#856,.T.);
#309=FACE_OUTER_BOUND('',#857,.T.);
#310=FACE_OUTER_BOUND('',#858,.T.);
#311=FACE_OUTER_BOUND('',#859,.T.);
#312=FACE_OUTER_BOUND('',#860,.T.);
#313=FACE_OUTER_BOUND('',#861,.T.);
#314=FACE_OUTER_BOUND('',#862,.T.);
#315=FACE_OUTER_BOUND('',#863,.T.);
#316=FACE_OUTER_BOUND('',#864,.T.);
#317=FACE_OUTER_BOUND('',#865,.T.);
#318=FACE_OUTER_BOUND('',#866,.T.);
#319=FACE_OUTER_BOUND('',#867,.T.);
#320=FACE_OUTER_BOUND('',#868,.T.);
#321=FACE_OUTER_BOUND('',#869,.T.);
#322=FACE_OUTER_BOUND('',#870,.T.);
#323=FACE_OUTER_BOUND('',#871,.T.);
#324=FACE_OUTER_BOUND('',#872,.T.);
#325=FACE_OUTER_BOUND('',#873,.T.);
#326=FACE_OUTER_BOUND('',#874,.T.);
#327=FACE_OUTER_BOUND('',#875,.T.);
#328=FACE_OUTER_BOUND('',#876,.T.);
#329=FACE_OUTER_BOUND('',#877,.T.);
#330=FACE_OUTER_BOUND('',#878,.T.);
#331=FACE_OUTER_BOUND('',#879,.T.);
#332=FACE_OUTER_BOUND('',#880,.T.);
#333=FACE_OUTER_BOUND('',#881,.T.);
#334=FACE_OUTER_BOUND('',#882,.T.);
#335=FACE_OUTER_BOUND('',#883,.T.);
#336=FACE_OUTER_BOUND('',#884,.T.);
#337=FACE_OUTER_BOUND('',#885,.T.);
#338=FACE_OUTER_BOUND('',#886,.T.);
#339=FACE_OUTER_BOUND('',#887,.T.);
#340=FACE_OUTER_BOUND('',#888,.T.);
#341=FACE_OUTER_BOUND('',#889,.T.);
#342=FACE_OUTER_BOUND('',#890,.T.);
#343=FACE_OUTER_BOUND('',#891,.T.);
#344=FACE_OUTER_BOUND('',#892,.T.);
#345=FACE_OUTER_BOUND('',#893,.T.);
#346=FACE_OUTER_BOUND('',#894,.T.);
#347=FACE_OUTER_BOUND('',#895,.T.);
#348=FACE_OUTER_BOUND('',#896,.T.);
#349=FACE_OUTER_BOUND('',#897,.T.);
#350=FACE_OUTER_BOUND('',#898,.T.);
#351=FACE_OUTER_BOUND('',#899,.T.);
#352=FACE_OUTER_BOUND('',#900,.T.);
#353=FACE_OUTER_BOUND('',#901,.T.);
#354=FACE_OUTER_BOUND('',#902,.T.);
#355=FACE_OUTER_BOUND('',#903,.T.);
#356=FACE_OUTER_BOUND('',#904,.T.);
#357=FACE_OUTER_BOUND('',#905,.T.);
#358=FACE_OUTER_BOUND('',#906,.T.);
#359=FACE_OUTER_BOUND('',#907,.T.);
#360=FACE_OUTER_BOUND('',#908,.T.);
#361=FACE_OUTER_BOUND('',#909,.T.);
#362=FACE_OUTER_BOUND('',#910,.T.);
#363=FACE_OUTER_BOUND('',#911,.T.);
#364=FACE_OUTER_BOUND('',#912,.T.);
#365=FACE_OUTER_BOUND('',#913,.T.);
#366=FACE_OUTER_BOUND('',#914,.T.);
#367=FACE_OUTER_BOUND('',#915,.T.);
#368=FACE_OUTER_BOUND('',#916,.T.);
#369=FACE_OUTER_BOUND('',#917,.T.);
#370=FACE_OUTER_BOUND('',#918,.T.);
#371=FACE_OUTER_BOUND('',#919,.T.);
#372=FACE_OUTER_BOUND('',#920,.T.);
#373=FACE_OUTER_BOUND('',#921,.T.);
#374=FACE_OUTER_BOUND('',#922,.T.);
#375=FACE_OUTER_BOUND('',#923,.T.);
#376=FACE_OUTER_BOUND('',#924,.T.);
#377=FACE_OUTER_BOUND('',#925,.T.);
#378=FACE_OUTER_BOUND('',#926,.T.);
#379=FACE_OUTER_BOUND('',#927,.T.);
#380=FACE_OUTER_BOUND('',#928,.T.);
#381=FACE_OUTER_BOUND('',#929,.T.);
#382=FACE_OUTER_BOUND('',#930,.T.);
#383=FACE_OUTER_BOUND('',#931,.T.);
#384=FACE_OUTER_BOUND('',#932,.T.);
#385=FACE_OUTER_BOUND('',#933,.T.);
#386=FACE_OUTER_BOUND('',#934,.T.);
#387=FACE_OUTER_BOUND('',#935,.T.);
#388=FACE_OUTER_BOUND('',#936,.T.);
#389=FACE_OUTER_BOUND('',#937,.T.);
#390=FACE_OUTER_BOUND('',#938,.T.);
#391=FACE_OUTER_BOUND('',#939,.T.);
#392=FACE_OUTER_BOUND('',#940,.T.);
#393=FACE_OUTER_BOUND('',#941,.T.);
#394=FACE_OUTER_BOUND('',#942,.T.);
#395=FACE_OUTER_BOUND('',#943,.T.);
#396=FACE_OUTER_BOUND('',#944,.T.);
#397=FACE_OUTER_BOUND('',#945,.T.);
#398=FACE_OUTER_BOUND('',#946,.T.);
#399=FACE_OUTER_BOUND('',#947,.T.);
#400=FACE_OUTER_BOUND('',#948,.T.);
#401=FACE_OUTER_BOUND('',#949,.T.);
#402=FACE_OUTER_BOUND('',#950,.T.);
#403=FACE_OUTER_BOUND('',#951,.T.);
#404=FACE_OUTER_BOUND('',#952,.T.);
#405=FACE_OUTER_BOUND('',#954,.T.);
#406=FACE_OUTER_BOUND('',#955,.T.);
#407=FACE_OUTER_BOUND('',#956,.T.);
#408=FACE_OUTER_BOUND('',#957,.T.);
#409=FACE_OUTER_BOUND('',#958,.T.);
#410=FACE_OUTER_BOUND('',#959,.T.);
#411=FACE_OUTER_BOUND('',#960,.T.);
#412=FACE_OUTER_BOUND('',#961,.T.);
#413=FACE_OUTER_BOUND('',#962,.T.);
#414=FACE_OUTER_BOUND('',#964,.T.);
#415=FACE_OUTER_BOUND('',#966,.T.);
#416=FACE_OUTER_BOUND('',#967,.T.);
#417=FACE_OUTER_BOUND('',#968,.T.);
#418=FACE_OUTER_BOUND('',#969,.T.);
#419=FACE_OUTER_BOUND('',#970,.T.);
#420=FACE_OUTER_BOUND('',#971,.T.);
#421=FACE_OUTER_BOUND('',#972,.T.);
#422=FACE_OUTER_BOUND('',#973,.T.);
#423=FACE_OUTER_BOUND('',#974,.T.);
#424=FACE_OUTER_BOUND('',#975,.T.);
#425=FACE_OUTER_BOUND('',#976,.T.);
#426=FACE_OUTER_BOUND('',#977,.T.);
#427=FACE_OUTER_BOUND('',#978,.T.);
#428=FACE_OUTER_BOUND('',#979,.T.);
#429=FACE_OUTER_BOUND('',#980,.T.);
#430=FACE_OUTER_BOUND('',#981,.T.);
#431=FACE_OUTER_BOUND('',#982,.T.);
#432=FACE_OUTER_BOUND('',#983,.T.);
#433=FACE_OUTER_BOUND('',#984,.T.);
#434=FACE_OUTER_BOUND('',#985,.T.);
#435=FACE_OUTER_BOUND('',#986,.T.);
#436=FACE_OUTER_BOUND('',#987,.T.);
#437=FACE_OUTER_BOUND('',#988,.T.);
#438=FACE_OUTER_BOUND('',#989,.T.);
#439=FACE_OUTER_BOUND('',#990,.T.);
#440=FACE_OUTER_BOUND('',#991,.T.);
#441=FACE_OUTER_BOUND('',#992,.T.);
#442=FACE_OUTER_BOUND('',#993,.T.);
#443=FACE_OUTER_BOUND('',#994,.T.);
#444=FACE_OUTER_BOUND('',#995,.T.);
#445=FACE_OUTER_BOUND('',#996,.T.);
#446=FACE_OUTER_BOUND('',#997,.T.);
#447=FACE_OUTER_BOUND('',#998,.T.);
#448=FACE_OUTER_BOUND('',#999,.T.);
#449=FACE_OUTER_BOUND('',#1000,.T.);
#450=FACE_OUTER_BOUND('',#1001,.T.);
#451=FACE_OUTER_BOUND('',#1002,.T.);
#452=FACE_OUTER_BOUND('',#1003,.T.);
#453=FACE_OUTER_BOUND('',#1004,.T.);
#454=FACE_OUTER_BOUND('',#1005,.T.);
#455=FACE_OUTER_BOUND('',#1006,.T.);
#456=FACE_OUTER_BOUND('',#1007,.T.);
#457=FACE_OUTER_BOUND('',#1008,.T.);
#458=FACE_OUTER_BOUND('',#1009,.T.);
#459=FACE_OUTER_BOUND('',#1010,.T.);
#460=FACE_OUTER_BOUND('',#1011,.T.);
#461=FACE_OUTER_BOUND('',#1012,.T.);
#462=FACE_OUTER_BOUND('',#1013,.T.);
#463=FACE_OUTER_BOUND('',#1014,.T.);
#464=FACE_OUTER_BOUND('',#1015,.T.);
#465=FACE_OUTER_BOUND('',#1016,.T.);
#466=FACE_OUTER_BOUND('',#1017,.T.);
#467=FACE_OUTER_BOUND('',#1018,.T.);
#468=FACE_OUTER_BOUND('',#1019,.T.);
#469=FACE_OUTER_BOUND('',#1020,.T.);
#470=FACE_OUTER_BOUND('',#1021,.T.);
#471=FACE_OUTER_BOUND('',#1022,.T.);
#472=FACE_OUTER_BOUND('',#1023,.T.);
#473=FACE_OUTER_BOUND('',#1024,.T.);
#474=FACE_OUTER_BOUND('',#1025,.T.);
#475=FACE_OUTER_BOUND('',#1026,.T.);
#476=FACE_OUTER_BOUND('',#1027,.T.);
#477=FACE_OUTER_BOUND('',#1028,.T.);
#478=FACE_OUTER_BOUND('',#1029,.T.);
#479=FACE_OUTER_BOUND('',#1030,.T.);
#480=FACE_OUTER_BOUND('',#1031,.T.);
#481=FACE_OUTER_BOUND('',#1032,.T.);
#482=FACE_OUTER_BOUND('',#1033,.T.);
#483=FACE_OUTER_BOUND('',#1034,.T.);
#484=FACE_OUTER_BOUND('',#1035,.T.);
#485=FACE_OUTER_BOUND('',#1036,.T.);
#486=FACE_OUTER_BOUND('',#1037,.T.);
#487=FACE_OUTER_BOUND('',#1038,.T.);
#488=FACE_OUTER_BOUND('',#1039,.T.);
#489=FACE_OUTER_BOUND('',#1040,.T.);
#490=FACE_OUTER_BOUND('',#1041,.T.);
#491=FACE_OUTER_BOUND('',#1042,.T.);
#492=FACE_OUTER_BOUND('',#1043,.T.);
#493=FACE_OUTER_BOUND('',#1044,.T.);
#494=FACE_OUTER_BOUND('',#1045,.T.);
#495=FACE_OUTER_BOUND('',#1046,.T.);
#496=FACE_OUTER_BOUND('',#1047,.T.);
#497=FACE_OUTER_BOUND('',#1048,.T.);
#498=FACE_OUTER_BOUND('',#1049,.T.);
#499=FACE_OUTER_BOUND('',#1050,.T.);
#500=FACE_OUTER_BOUND('',#1051,.T.);
#501=FACE_OUTER_BOUND('',#1052,.T.);
#502=FACE_OUTER_BOUND('',#1053,.T.);
#503=FACE_OUTER_BOUND('',#1054,.T.);
#504=FACE_OUTER_BOUND('',#1055,.T.);
#505=FACE_OUTER_BOUND('',#1056,.T.);
#506=FACE_OUTER_BOUND('',#1057,.T.);
#507=FACE_OUTER_BOUND('',#1058,.T.);
#508=FACE_OUTER_BOUND('',#1059,.T.);
#509=FACE_OUTER_BOUND('',#1060,.T.);
#510=FACE_OUTER_BOUND('',#1061,.T.);
#511=FACE_OUTER_BOUND('',#1062,.T.);
#512=FACE_OUTER_BOUND('',#1063,.T.);
#513=FACE_OUTER_BOUND('',#1064,.T.);
#514=FACE_OUTER_BOUND('',#1065,.T.);
#515=FACE_OUTER_BOUND('',#1066,.T.);
#516=FACE_OUTER_BOUND('',#1067,.T.);
#517=FACE_OUTER_BOUND('',#1068,.T.);
#518=FACE_OUTER_BOUND('',#1069,.T.);
#519=FACE_OUTER_BOUND('',#1070,.T.);
#520=FACE_OUTER_BOUND('',#1071,.T.);
#521=FACE_OUTER_BOUND('',#1072,.T.);
#522=FACE_OUTER_BOUND('',#1073,.T.);
#523=FACE_OUTER_BOUND('',#1074,.T.);
#524=FACE_OUTER_BOUND('',#1075,.T.);
#525=FACE_OUTER_BOUND('',#1076,.T.);
#526=FACE_OUTER_BOUND('',#1077,.T.);
#527=FACE_OUTER_BOUND('',#1078,.T.);
#528=FACE_OUTER_BOUND('',#1079,.T.);
#529=FACE_OUTER_BOUND('',#1080,.T.);
#530=FACE_OUTER_BOUND('',#1081,.T.);
#531=FACE_OUTER_BOUND('',#1082,.T.);
#532=FACE_OUTER_BOUND('',#1083,.T.);
#533=FACE_OUTER_BOUND('',#1084,.T.);
#534=FACE_OUTER_BOUND('',#1085,.T.);
#535=FACE_OUTER_BOUND('',#1086,.T.);
#536=FACE_OUTER_BOUND('',#1087,.T.);
#537=FACE_OUTER_BOUND('',#1088,.T.);
#538=FACE_OUTER_BOUND('',#1089,.T.);
#539=FACE_OUTER_BOUND('',#1090,.T.);
#540=FACE_OUTER_BOUND('',#1091,.T.);
#541=FACE_OUTER_BOUND('',#1092,.T.);
#542=FACE_OUTER_BOUND('',#1093,.T.);
#543=FACE_OUTER_BOUND('',#1094,.T.);
#544=FACE_OUTER_BOUND('',#1095,.T.);
#545=FACE_OUTER_BOUND('',#1096,.T.);
#546=FACE_OUTER_BOUND('',#1097,.T.);
#547=FACE_OUTER_BOUND('',#1098,.T.);
#548=FACE_OUTER_BOUND('',#1099,.T.);
#549=FACE_OUTER_BOUND('',#1100,.T.);
#550=FACE_OUTER_BOUND('',#1101,.T.);
#551=FACE_OUTER_BOUND('',#1102,.T.);
#552=FACE_OUTER_BOUND('',#1103,.T.);
#553=FACE_OUTER_BOUND('',#1104,.T.);
#554=FACE_OUTER_BOUND('',#1105,.T.);
#555=FACE_OUTER_BOUND('',#1106,.T.);
#556=FACE_OUTER_BOUND('',#1107,.T.);
#557=FACE_OUTER_BOUND('',#1108,.T.);
#558=FACE_OUTER_BOUND('',#1109,.T.);
#559=FACE_OUTER_BOUND('',#1110,.T.);
#560=FACE_OUTER_BOUND('',#1111,.T.);
#561=FACE_OUTER_BOUND('',#1112,.T.);
#562=FACE_OUTER_BOUND('',#1113,.T.);
#563=FACE_OUTER_BOUND('',#1114,.T.);
#564=FACE_OUTER_BOUND('',#1115,.T.);
#565=FACE_OUTER_BOUND('',#1116,.T.);
#566=FACE_OUTER_BOUND('',#1117,.T.);
#567=FACE_OUTER_BOUND('',#1118,.T.);
#568=FACE_OUTER_BOUND('',#1119,.T.);
#569=FACE_OUTER_BOUND('',#1120,.T.);
#570=FACE_OUTER_BOUND('',#1121,.T.);
#571=FACE_OUTER_BOUND('',#1122,.T.);
#572=FACE_OUTER_BOUND('',#1123,.T.);
#573=FACE_OUTER_BOUND('',#1124,.T.);
#574=FACE_OUTER_BOUND('',#1125,.T.);
#575=FACE_OUTER_BOUND('',#1126,.T.);
#576=FACE_OUTER_BOUND('',#1127,.T.);
#577=FACE_OUTER_BOUND('',#1128,.T.);
#578=FACE_OUTER_BOUND('',#1129,.T.);
#579=FACE_OUTER_BOUND('',#1130,.T.);
#580=FACE_OUTER_BOUND('',#1131,.T.);
#581=FACE_OUTER_BOUND('',#1132,.T.);
#582=FACE_OUTER_BOUND('',#1133,.T.);
#583=FACE_OUTER_BOUND('',#1134,.T.);
#584=FACE_OUTER_BOUND('',#1135,.T.);
#585=FACE_OUTER_BOUND('',#1136,.T.);
#586=FACE_OUTER_BOUND('',#1137,.T.);
#587=FACE_OUTER_BOUND('',#1138,.T.);
#588=FACE_OUTER_BOUND('',#1139,.T.);
#589=FACE_OUTER_BOUND('',#1140,.T.);
#590=FACE_OUTER_BOUND('',#1141,.T.);
#591=FACE_OUTER_BOUND('',#1142,.T.);
#592=FACE_OUTER_BOUND('',#1143,.T.);
#593=FACE_OUTER_BOUND('',#1144,.T.);
#594=FACE_OUTER_BOUND('',#1145,.T.);
#595=FACE_OUTER_BOUND('',#1146,.T.);
#596=FACE_OUTER_BOUND('',#1147,.T.);
#597=FACE_OUTER_BOUND('',#1148,.T.);
#598=FACE_OUTER_BOUND('',#1149,.T.);
#599=FACE_OUTER_BOUND('',#1150,.T.);
#600=FACE_OUTER_BOUND('',#1151,.T.);
#601=FACE_OUTER_BOUND('',#1152,.T.);
#602=FACE_OUTER_BOUND('',#1153,.T.);
#603=FACE_OUTER_BOUND('',#1154,.T.);
#604=FACE_OUTER_BOUND('',#1155,.T.);
#605=FACE_OUTER_BOUND('',#1156,.T.);
#606=FACE_OUTER_BOUND('',#1157,.T.);
#607=FACE_OUTER_BOUND('',#1158,.T.);
#608=FACE_OUTER_BOUND('',#1159,.T.);
#609=FACE_OUTER_BOUND('',#1160,.T.);
#610=FACE_OUTER_BOUND('',#1161,.T.);
#611=FACE_OUTER_BOUND('',#1162,.T.);
#612=FACE_OUTER_BOUND('',#1163,.T.);
#613=FACE_OUTER_BOUND('',#1164,.T.);
#614=FACE_OUTER_BOUND('',#1165,.T.);
#615=FACE_OUTER_BOUND('',#1166,.T.);
#616=FACE_OUTER_BOUND('',#1167,.T.);
#617=FACE_OUTER_BOUND('',#1168,.T.);
#618=FACE_OUTER_BOUND('',#1169,.T.);
#619=FACE_OUTER_BOUND('',#1170,.T.);
#620=FACE_OUTER_BOUND('',#1171,.T.);
#621=FACE_OUTER_BOUND('',#1172,.T.);
#622=FACE_OUTER_BOUND('',#1173,.T.);
#623=FACE_OUTER_BOUND('',#1174,.T.);
#624=FACE_OUTER_BOUND('',#1175,.T.);
#625=FACE_OUTER_BOUND('',#1176,.T.);
#626=FACE_OUTER_BOUND('',#1177,.T.);
#627=FACE_OUTER_BOUND('',#1178,.T.);
#628=FACE_OUTER_BOUND('',#1179,.T.);
#629=FACE_OUTER_BOUND('',#1180,.T.);
#630=FACE_OUTER_BOUND('',#1181,.T.);
#631=FACE_OUTER_BOUND('',#1182,.T.);
#632=FACE_OUTER_BOUND('',#1183,.T.);
#633=FACE_OUTER_BOUND('',#1184,.T.);
#634=FACE_OUTER_BOUND('',#1185,.T.);
#635=FACE_OUTER_BOUND('',#1186,.T.);
#636=FACE_OUTER_BOUND('',#1187,.T.);
#637=FACE_OUTER_BOUND('',#1188,.T.);
#638=FACE_OUTER_BOUND('',#1189,.T.);
#639=FACE_OUTER_BOUND('',#1190,.T.);
#640=FACE_OUTER_BOUND('',#1191,.T.);
#641=FACE_OUTER_BOUND('',#1192,.T.);
#642=FACE_OUTER_BOUND('',#1193,.T.);
#643=FACE_OUTER_BOUND('',#1194,.T.);
#644=FACE_OUTER_BOUND('',#1195,.T.);
#645=FACE_OUTER_BOUND('',#1196,.T.);
#646=FACE_OUTER_BOUND('',#1197,.T.);
#647=FACE_OUTER_BOUND('',#1198,.T.);
#648=FACE_OUTER_BOUND('',#1199,.T.);
#649=FACE_OUTER_BOUND('',#1200,.T.);
#650=FACE_OUTER_BOUND('',#1201,.T.);
#651=FACE_OUTER_BOUND('',#1202,.T.);
#652=FACE_OUTER_BOUND('',#1203,.T.);
#653=FACE_OUTER_BOUND('',#1204,.T.);
#654=FACE_OUTER_BOUND('',#1205,.T.);
#655=FACE_OUTER_BOUND('',#1206,.T.);
#656=FACE_OUTER_BOUND('',#1207,.T.);
#657=FACE_OUTER_BOUND('',#1208,.T.);
#658=FACE_OUTER_BOUND('',#1209,.T.);
#659=FACE_OUTER_BOUND('',#1210,.T.);
#660=FACE_OUTER_BOUND('',#1211,.T.);
#661=FACE_OUTER_BOUND('',#1212,.T.);
#662=FACE_OUTER_BOUND('',#1213,.T.);
#663=FACE_OUTER_BOUND('',#1214,.T.);
#664=FACE_OUTER_BOUND('',#1215,.T.);
#665=FACE_OUTER_BOUND('',#1216,.T.);
#666=FACE_OUTER_BOUND('',#1217,.T.);
#667=FACE_OUTER_BOUND('',#1218,.T.);
#668=FACE_OUTER_BOUND('',#1219,.T.);
#669=FACE_OUTER_BOUND('',#1220,.T.);
#670=FACE_OUTER_BOUND('',#1221,.T.);
#671=FACE_OUTER_BOUND('',#1222,.T.);
#672=FACE_OUTER_BOUND('',#1223,.T.);
#673=FACE_OUTER_BOUND('',#1224,.T.);
#674=FACE_OUTER_BOUND('',#1225,.T.);
#675=FACE_OUTER_BOUND('',#1226,.T.);
#676=FACE_OUTER_BOUND('',#1227,.T.);
#677=FACE_OUTER_BOUND('',#1228,.T.);
#678=FACE_OUTER_BOUND('',#1229,.T.);
#679=FACE_OUTER_BOUND('',#1230,.T.);
#680=FACE_OUTER_BOUND('',#1231,.T.);
#681=FACE_OUTER_BOUND('',#1232,.T.);
#682=FACE_OUTER_BOUND('',#1233,.T.);
#683=FACE_OUTER_BOUND('',#1234,.T.);
#684=FACE_OUTER_BOUND('',#1235,.T.);
#685=FACE_OUTER_BOUND('',#1236,.T.);
#686=FACE_OUTER_BOUND('',#1237,.T.);
#687=FACE_OUTER_BOUND('',#1238,.T.);
#688=FACE_OUTER_BOUND('',#1239,.T.);
#689=FACE_OUTER_BOUND('',#1240,.T.);
#690=FACE_OUTER_BOUND('',#1241,.T.);
#691=FACE_OUTER_BOUND('',#1242,.T.);
#692=FACE_OUTER_BOUND('',#1243,.T.);
#693=FACE_OUTER_BOUND('',#1244,.T.);
#694=FACE_OUTER_BOUND('',#1245,.T.);
#695=FACE_OUTER_BOUND('',#1246,.T.);
#696=FACE_OUTER_BOUND('',#1247,.T.);
#697=FACE_OUTER_BOUND('',#1248,.T.);
#698=FACE_OUTER_BOUND('',#1249,.T.);
#699=FACE_OUTER_BOUND('',#1250,.T.);
#700=FACE_OUTER_BOUND('',#1251,.T.);
#701=FACE_OUTER_BOUND('',#1252,.T.);
#702=FACE_OUTER_BOUND('',#1253,.T.);
#703=FACE_OUTER_BOUND('',#1254,.T.);
#704=FACE_OUTER_BOUND('',#1255,.T.);
#705=FACE_OUTER_BOUND('',#1256,.T.);
#706=FACE_OUTER_BOUND('',#1258,.T.);
#707=FACE_OUTER_BOUND('',#1259,.T.);
#708=FACE_OUTER_BOUND('',#1260,.T.);
#709=FACE_OUTER_BOUND('',#1261,.T.);
#710=FACE_OUTER_BOUND('',#1262,.T.);
#711=FACE_OUTER_BOUND('',#1263,.T.);
#712=FACE_OUTER_BOUND('',#1264,.T.);
#713=FACE_OUTER_BOUND('',#1266,.T.);
#714=FACE_OUTER_BOUND('',#1267,.T.);
#715=FACE_OUTER_BOUND('',#1268,.T.);
#716=FACE_OUTER_BOUND('',#1270,.T.);
#717=FACE_OUTER_BOUND('',#1271,.T.);
#718=FACE_OUTER_BOUND('',#1272,.T.);
#719=FACE_OUTER_BOUND('',#1273,.T.);
#720=FACE_OUTER_BOUND('',#1274,.T.);
#721=FACE_OUTER_BOUND('',#1275,.T.);
#722=FACE_OUTER_BOUND('',#1276,.T.);
#723=FACE_OUTER_BOUND('',#1277,.T.);
#724=FACE_OUTER_BOUND('',#1278,.T.);
#725=FACE_OUTER_BOUND('',#1279,.T.);
#726=FACE_OUTER_BOUND('',#1280,.T.);
#727=FACE_OUTER_BOUND('',#1282,.T.);
#728=FACE_OUTER_BOUND('',#1283,.T.);
#729=FACE_OUTER_BOUND('',#1284,.T.);
#730=FACE_OUTER_BOUND('',#1285,.T.);
#731=FACE_OUTER_BOUND('',#1286,.T.);
#732=FACE_OUTER_BOUND('',#1287,.T.);
#733=FACE_OUTER_BOUND('',#1288,.T.);
#734=FACE_OUTER_BOUND('',#1289,.T.);
#735=FACE_OUTER_BOUND('',#1290,.T.);
#736=FACE_OUTER_BOUND('',#1291,.T.);
#737=FACE_OUTER_BOUND('',#1292,.T.);
#738=FACE_OUTER_BOUND('',#1293,.T.);
#739=FACE_OUTER_BOUND('',#1295,.T.);
#740=FACE_OUTER_BOUND('',#1296,.T.);
#741=FACE_OUTER_BOUND('',#1297,.T.);
#742=FACE_OUTER_BOUND('',#1298,.T.);
#743=FACE_OUTER_BOUND('',#1299,.T.);
#744=FACE_OUTER_BOUND('',#1300,.T.);
#745=FACE_OUTER_BOUND('',#1302,.T.);
#746=FACE_OUTER_BOUND('',#1304,.T.);
#747=FACE_OUTER_BOUND('',#1305,.T.);
#748=FACE_OUTER_BOUND('',#1306,.T.);
#749=FACE_OUTER_BOUND('',#1307,.T.);
#750=FACE_OUTER_BOUND('',#1308,.T.);
#751=FACE_OUTER_BOUND('',#1309,.T.);
#752=FACE_OUTER_BOUND('',#1311,.T.);
#753=FACE_OUTER_BOUND('',#1313,.T.);
#754=FACE_OUTER_BOUND('',#1314,.T.);
#755=FACE_OUTER_BOUND('',#1315,.T.);
#756=FACE_OUTER_BOUND('',#1316,.T.);
#757=FACE_OUTER_BOUND('',#1317,.T.);
#758=FACE_OUTER_BOUND('',#1318,.T.);
#759=FACE_OUTER_BOUND('',#1320,.T.);
#760=FACE_OUTER_BOUND('',#1322,.T.);
#761=FACE_OUTER_BOUND('',#1323,.T.);
#762=FACE_OUTER_BOUND('',#1324,.T.);
#763=FACE_OUTER_BOUND('',#1325,.T.);
#764=FACE_OUTER_BOUND('',#1326,.T.);
#765=FACE_OUTER_BOUND('',#1327,.T.);
#766=FACE_OUTER_BOUND('',#1329,.T.);
#767=FACE_OUTER_BOUND('',#1331,.T.);
#768=FACE_OUTER_BOUND('',#1332,.T.);
#769=FACE_OUTER_BOUND('',#1333,.T.);
#770=FACE_OUTER_BOUND('',#1334,.T.);
#771=FACE_OUTER_BOUND('',#1335,.T.);
#772=FACE_OUTER_BOUND('',#1336,.T.);
#773=FACE_OUTER_BOUND('',#1337,.T.);
#774=FACE_OUTER_BOUND('',#1338,.T.);
#775=FACE_OUTER_BOUND('',#1339,.T.);
#776=FACE_OUTER_BOUND('',#1341,.T.);
#777=FACE_OUTER_BOUND('',#1343,.T.);
#778=FACE_OUTER_BOUND('',#1344,.T.);
#779=FACE_OUTER_BOUND('',#1345,.T.);
#780=FACE_OUTER_BOUND('',#1347,.T.);
#781=FACE_OUTER_BOUND('',#1349,.T.);
#782=FACE_OUTER_BOUND('',#1350,.T.);
#783=FACE_OUTER_BOUND('',#1351,.T.);
#784=FACE_OUTER_BOUND('',#1353,.T.);
#785=FACE_OUTER_BOUND('',#1355,.T.);
#786=FACE_OUTER_BOUND('',#1356,.T.);
#787=FACE_OUTER_BOUND('',#1357,.T.);
#788=FACE_OUTER_BOUND('',#1359,.T.);
#789=FACE_OUTER_BOUND('',#1361,.T.);
#790=FACE_OUTER_BOUND('',#1363,.T.);
#791=FACE_OUTER_BOUND('',#1364,.T.);
#792=FACE_OUTER_BOUND('',#1365,.T.);
#793=FACE_OUTER_BOUND('',#1366,.T.);
#794=FACE_OUTER_BOUND('',#1367,.T.);
#795=FACE_OUTER_BOUND('',#1368,.T.);
#796=FACE_OUTER_BOUND('',#1369,.T.);
#797=EDGE_LOOP('',(#6847,#6848,#6849,#6850));
#798=EDGE_LOOP('',(#6851,#6852,#6853,#6854));
#799=EDGE_LOOP('',(#6855,#6856,#6857,#6858));
#800=EDGE_LOOP('',(#6859,#6860,#6861,#6862,#6863,#6864,#6865,#6866,#6867,
#6868,#6869,#6870,#6871,#6872,#6873,#6874));
#801=EDGE_LOOP('',(#6875,#6876,#6877,#6878));
#802=EDGE_LOOP('',(#6879,#6880,#6881,#6882));
#803=EDGE_LOOP('',(#6883,#6884,#6885,#6886));
#804=EDGE_LOOP('',(#6887,#6888,#6889,#6890));
#805=EDGE_LOOP('',(#6891,#6892,#6893,#6894));
#806=EDGE_LOOP('',(#6895,#6896,#6897,#6898,#6899,#6900,#6901,#6902,#6903,
#6904,#6905,#6906,#6907,#6908,#6909,#6910));
#807=EDGE_LOOP('',(#6911,#6912,#6913,#6914,#6915));
#808=EDGE_LOOP('',(#6916,#6917,#6918,#6919));
#809=EDGE_LOOP('',(#6920,#6921,#6922,#6923));
#810=EDGE_LOOP('',(#6924,#6925,#6926,#6927));
#811=EDGE_LOOP('',(#6928,#6929,#6930,#6931));
#812=EDGE_LOOP('',(#6932,#6933,#6934,#6935,#6936));
#813=EDGE_LOOP('',(#6937,#6938,#6939,#6940));
#814=EDGE_LOOP('',(#6941,#6942,#6943,#6944));
#815=EDGE_LOOP('',(#6945,#6946,#6947,#6948));
#816=EDGE_LOOP('',(#6949,#6950,#6951,#6952));
#817=EDGE_LOOP('',(#6953,#6954,#6955,#6956));
#818=EDGE_LOOP('',(#6957,#6958,#6959,#6960));
#819=EDGE_LOOP('',(#6961,#6962,#6963,#6964));
#820=EDGE_LOOP('',(#6965,#6966,#6967,#6968));
#821=EDGE_LOOP('',(#6969,#6970,#6971,#6972));
#822=EDGE_LOOP('',(#6973,#6974,#6975,#6976));
#823=EDGE_LOOP('',(#6977,#6978,#6979,#6980));
#824=EDGE_LOOP('',(#6981,#6982,#6983,#6984));
#825=EDGE_LOOP('',(#6985,#6986,#6987,#6988,#6989,#6990,#6991,#6992,#6993,
#6994,#6995,#6996));
#826=EDGE_LOOP('',(#6997,#6998,#6999,#7000,#7001,#7002,#7003,#7004,#7005,
#7006,#7007,#7008));
#827=EDGE_LOOP('',(#7009,#7010,#7011,#7012));
#828=EDGE_LOOP('',(#7013,#7014,#7015,#7016));
#829=EDGE_LOOP('',(#7017,#7018,#7019,#7020));
#830=EDGE_LOOP('',(#7021,#7022,#7023,#7024,#7025,#7026,#7027,#7028,#7029,
#7030,#7031,#7032,#7033,#7034,#7035,#7036,#7037,#7038));
#831=EDGE_LOOP('',(#7039,#7040,#7041,#7042));
#832=EDGE_LOOP('',(#7043,#7044,#7045,#7046));
#833=EDGE_LOOP('',(#7047,#7048,#7049,#7050));
#834=EDGE_LOOP('',(#7051,#7052,#7053,#7054));
#835=EDGE_LOOP('',(#7055,#7056,#7057,#7058));
#836=EDGE_LOOP('',(#7059,#7060,#7061,#7062));
#837=EDGE_LOOP('',(#7063,#7064,#7065,#7066,#7067,#7068,#7069,#7070,#7071,
#7072,#7073,#7074,#7075,#7076,#7077,#7078,#7079,#7080));
#838=EDGE_LOOP('',(#7081,#7082,#7083,#7084));
#839=EDGE_LOOP('',(#7085,#7086,#7087,#7088));
#840=EDGE_LOOP('',(#7089,#7090,#7091,#7092));
#841=EDGE_LOOP('',(#7093,#7094,#7095,#7096));
#842=EDGE_LOOP('',(#7097,#7098,#7099,#7100,#7101));
#843=EDGE_LOOP('',(#7102,#7103,#7104,#7105));
#844=EDGE_LOOP('',(#7106,#7107,#7108,#7109));
#845=EDGE_LOOP('',(#7110,#7111,#7112,#7113));
#846=EDGE_LOOP('',(#7114,#7115,#7116,#7117));
#847=EDGE_LOOP('',(#7118,#7119,#7120,#7121,#7122));
#848=EDGE_LOOP('',(#7123,#7124,#7125,#7126));
#849=EDGE_LOOP('',(#7127,#7128,#7129,#7130));
#850=EDGE_LOOP('',(#7131,#7132,#7133,#7134));
#851=EDGE_LOOP('',(#7135,#7136,#7137,#7138));
#852=EDGE_LOOP('',(#7139,#7140,#7141,#7142));
#853=EDGE_LOOP('',(#7143,#7144,#7145,#7146));
#854=EDGE_LOOP('',(#7147,#7148,#7149,#7150));
#855=EDGE_LOOP('',(#7151,#7152,#7153,#7154));
#856=EDGE_LOOP('',(#7155,#7156,#7157,#7158));
#857=EDGE_LOOP('',(#7159,#7160,#7161,#7162));
#858=EDGE_LOOP('',(#7163,#7164,#7165,#7166));
#859=EDGE_LOOP('',(#7167,#7168,#7169,#7170));
#860=EDGE_LOOP('',(#7171,#7172,#7173,#7174));
#861=EDGE_LOOP('',(#7175,#7176,#7177,#7178));
#862=EDGE_LOOP('',(#7179,#7180,#7181,#7182));
#863=EDGE_LOOP('',(#7183,#7184,#7185,#7186));
#864=EDGE_LOOP('',(#7187,#7188,#7189,#7190));
#865=EDGE_LOOP('',(#7191,#7192,#7193,#7194));
#866=EDGE_LOOP('',(#7195,#7196,#7197,#7198,#7199,#7200,#7201,#7202,#7203,
#7204,#7205,#7206,#7207,#7208,#7209,#7210,#7211,#7212,#7213,#7214,#7215,
#7216,#7217,#7218,#7219,#7220,#7221,#7222,#7223,#7224,#7225,#7226,#7227,
#7228,#7229,#7230,#7231,#7232,#7233,#7234,#7235,#7236,#7237,#7238,#7239,
#7240,#7241,#7242));
#867=EDGE_LOOP('',(#7243,#7244,#7245,#7246));
#868=EDGE_LOOP('',(#7247,#7248,#7249,#7250));
#869=EDGE_LOOP('',(#7251,#7252,#7253,#7254));
#870=EDGE_LOOP('',(#7255,#7256,#7257,#7258));
#871=EDGE_LOOP('',(#7259,#7260,#7261,#7262));
#872=EDGE_LOOP('',(#7263,#7264,#7265,#7266));
#873=EDGE_LOOP('',(#7267,#7268,#7269,#7270));
#874=EDGE_LOOP('',(#7271,#7272,#7273,#7274));
#875=EDGE_LOOP('',(#7275,#7276,#7277,#7278));
#876=EDGE_LOOP('',(#7279,#7280,#7281,#7282));
#877=EDGE_LOOP('',(#7283,#7284,#7285,#7286));
#878=EDGE_LOOP('',(#7287,#7288,#7289,#7290));
#879=EDGE_LOOP('',(#7291,#7292,#7293,#7294));
#880=EDGE_LOOP('',(#7295,#7296,#7297,#7298));
#881=EDGE_LOOP('',(#7299,#7300,#7301,#7302));
#882=EDGE_LOOP('',(#7303,#7304,#7305,#7306));
#883=EDGE_LOOP('',(#7307,#7308,#7309,#7310));
#884=EDGE_LOOP('',(#7311,#7312,#7313,#7314));
#885=EDGE_LOOP('',(#7315,#7316,#7317,#7318));
#886=EDGE_LOOP('',(#7319,#7320,#7321,#7322));
#887=EDGE_LOOP('',(#7323,#7324,#7325,#7326));
#888=EDGE_LOOP('',(#7327,#7328,#7329,#7330));
#889=EDGE_LOOP('',(#7331,#7332,#7333,#7334));
#890=EDGE_LOOP('',(#7335,#7336,#7337,#7338));
#891=EDGE_LOOP('',(#7339,#7340,#7341,#7342));
#892=EDGE_LOOP('',(#7343,#7344,#7345,#7346));
#893=EDGE_LOOP('',(#7347,#7348,#7349,#7350));
#894=EDGE_LOOP('',(#7351,#7352,#7353,#7354));
#895=EDGE_LOOP('',(#7355,#7356,#7357,#7358));
#896=EDGE_LOOP('',(#7359,#7360,#7361,#7362));
#897=EDGE_LOOP('',(#7363,#7364,#7365,#7366));
#898=EDGE_LOOP('',(#7367,#7368,#7369,#7370));
#899=EDGE_LOOP('',(#7371,#7372,#7373,#7374));
#900=EDGE_LOOP('',(#7375,#7376,#7377,#7378,#7379,#7380,#7381,#7382,#7383,
#7384,#7385,#7386,#7387,#7388,#7389,#7390,#7391,#7392,#7393,#7394,#7395,
#7396,#7397,#7398,#7399,#7400,#7401,#7402,#7403,#7404,#7405,#7406,#7407,
#7408,#7409,#7410,#7411,#7412,#7413,#7414,#7415,#7416,#7417,#7418,#7419,
#7420,#7421,#7422));
#901=EDGE_LOOP('',(#7423,#7424,#7425,#7426));
#902=EDGE_LOOP('',(#7427,#7428,#7429,#7430));
#903=EDGE_LOOP('',(#7431,#7432,#7433,#7434));
#904=EDGE_LOOP('',(#7435,#7436,#7437,#7438));
#905=EDGE_LOOP('',(#7439,#7440,#7441,#7442));
#906=EDGE_LOOP('',(#7443,#7444,#7445,#7446));
#907=EDGE_LOOP('',(#7447,#7448,#7449,#7450));
#908=EDGE_LOOP('',(#7451,#7452,#7453,#7454));
#909=EDGE_LOOP('',(#7455,#7456,#7457,#7458));
#910=EDGE_LOOP('',(#7459,#7460,#7461,#7462));
#911=EDGE_LOOP('',(#7463,#7464,#7465,#7466));
#912=EDGE_LOOP('',(#7467,#7468,#7469,#7470));
#913=EDGE_LOOP('',(#7471,#7472,#7473,#7474));
#914=EDGE_LOOP('',(#7475,#7476,#7477,#7478));
#915=EDGE_LOOP('',(#7479,#7480,#7481,#7482));
#916=EDGE_LOOP('',(#7483,#7484,#7485,#7486));
#917=EDGE_LOOP('',(#7487,#7488,#7489,#7490));
#918=EDGE_LOOP('',(#7491,#7492,#7493,#7494));
#919=EDGE_LOOP('',(#7495,#7496,#7497,#7498));
#920=EDGE_LOOP('',(#7499,#7500,#7501,#7502));
#921=EDGE_LOOP('',(#7503,#7504,#7505,#7506));
#922=EDGE_LOOP('',(#7507,#7508,#7509,#7510,#7511,#7512,#7513,#7514,#7515,
#7516,#7517,#7518,#7519,#7520,#7521,#7522,#7523,#7524,#7525,#7526,#7527,
#7528,#7529,#7530,#7531,#7532,#7533,#7534,#7535,#7536,#7537,#7538,#7539,
#7540,#7541,#7542,#7543,#7544,#7545,#7546,#7547,#7548,#7549,#7550,#7551,
#7552,#7553,#7554));
#923=EDGE_LOOP('',(#7555,#7556,#7557,#7558));
#924=EDGE_LOOP('',(#7559,#7560,#7561,#7562));
#925=EDGE_LOOP('',(#7563,#7564,#7565,#7566));
#926=EDGE_LOOP('',(#7567,#7568,#7569,#7570));
#927=EDGE_LOOP('',(#7571,#7572,#7573,#7574));
#928=EDGE_LOOP('',(#7575,#7576,#7577,#7578));
#929=EDGE_LOOP('',(#7579,#7580,#7581,#7582));
#930=EDGE_LOOP('',(#7583,#7584,#7585,#7586));
#931=EDGE_LOOP('',(#7587,#7588,#7589,#7590));
#932=EDGE_LOOP('',(#7591,#7592,#7593,#7594));
#933=EDGE_LOOP('',(#7595,#7596,#7597,#7598));
#934=EDGE_LOOP('',(#7599,#7600,#7601,#7602));
#935=EDGE_LOOP('',(#7603,#7604,#7605,#7606));
#936=EDGE_LOOP('',(#7607,#7608,#7609,#7610));
#937=EDGE_LOOP('',(#7611,#7612,#7613,#7614));
#938=EDGE_LOOP('',(#7615,#7616,#7617,#7618));
#939=EDGE_LOOP('',(#7619,#7620,#7621,#7622));
#940=EDGE_LOOP('',(#7623,#7624,#7625,#7626));
#941=EDGE_LOOP('',(#7627,#7628,#7629,#7630));
#942=EDGE_LOOP('',(#7631,#7632,#7633,#7634));
#943=EDGE_LOOP('',(#7635,#7636,#7637,#7638));
#944=EDGE_LOOP('',(#7639,#7640,#7641,#7642));
#945=EDGE_LOOP('',(#7643,#7644,#7645,#7646));
#946=EDGE_LOOP('',(#7647,#7648,#7649,#7650));
#947=EDGE_LOOP('',(#7651,#7652,#7653,#7654));
#948=EDGE_LOOP('',(#7655,#7656,#7657,#7658));
#949=EDGE_LOOP('',(#7659,#7660,#7661,#7662));
#950=EDGE_LOOP('',(#7663,#7664,#7665,#7666,#7667,#7668,#7669,#7670,#7671,
#7672,#7673,#7674,#7675,#7676,#7677,#7678,#7679,#7680,#7681,#7682,#7683,
#7684,#7685,#7686,#7687,#7688,#7689,#7690,#7691,#7692,#7693,#7694,#7695,
#7696,#7697,#7698,#7699,#7700,#7701,#7702,#7703,#7704,#7705,#7706,#7707,
#7708,#7709,#7710));
#951=EDGE_LOOP('',(#7711,#7712,#7713,#7714));
#952=EDGE_LOOP('',(#7715,#7716,#7717,#7718));
#953=EDGE_LOOP('',(#7719));
#954=EDGE_LOOP('',(#7720,#7721,#7722,#7723));
#955=EDGE_LOOP('',(#7724,#7725,#7726,#7727));
#956=EDGE_LOOP('',(#7728,#7729,#7730,#7731));
#957=EDGE_LOOP('',(#7732,#7733,#7734,#7735));
#958=EDGE_LOOP('',(#7736,#7737,#7738,#7739));
#959=EDGE_LOOP('',(#7740,#7741,#7742,#7743));
#960=EDGE_LOOP('',(#7744,#7745,#7746,#7747));
#961=EDGE_LOOP('',(#7748,#7749,#7750,#7751));
#962=EDGE_LOOP('',(#7752,#7753,#7754,#7755));
#963=EDGE_LOOP('',(#7756));
#964=EDGE_LOOP('',(#7757,#7758,#7759,#7760,#7761,#7762,#7763,#7764,#7765,
#7766,#7767,#7768,#7769,#7770,#7771,#7772,#7773,#7774,#7775,#7776,#7777,
#7778,#7779,#7780,#7781,#7782,#7783,#7784,#7785,#7786,#7787,#7788,#7789,
#7790,#7791,#7792,#7793,#7794,#7795,#7796,#7797,#7798,#7799,#7800,#7801,
#7802,#7803,#7804,#7805,#7806,#7807,#7808,#7809,#7810,#7811,#7812,#7813,
#7814,#7815,#7816,#7817,#7818,#7819,#7820,#7821,#7822,#7823,#7824,#7825,
#7826,#7827,#7828,#7829,#7830,#7831,#7832,#7833,#7834,#7835,#7836,#7837,
#7838,#7839,#7840,#7841,#7842,#7843,#7844,#7845,#7846,#7847,#7848,#7849,
#7850,#7851,#7852,#7853,#7854,#7855,#7856,#7857,#7858,#7859,#7860,#7861,
#7862,#7863,#7864,#7865,#7866,#7867,#7868,#7869,#7870,#7871,#7872,#7873,
#7874,#7875,#7876,#7877,#7878,#7879,#7880,#7881,#7882,#7883,#7884,#7885,
#7886,#7887,#7888,#7889,#7890,#7891,#7892,#7893,#7894,#7895,#7896,#7897,
#7898,#7899,#7900,#7901,#7902,#7903,#7904,#7905,#7906,#7907,#7908,#7909,
#7910,#7911,#7912,#7913,#7914,#7915,#7916,#7917,#7918,#7919,#7920,#7921,
#7922,#7923,#7924,#7925,#7926,#7927,#7928,#7929,#7930,#7931,#7932,#7933,
#7934,#7935,#7936,#7937,#7938,#7939,#7940,#7941,#7942,#7943,#7944,#7945,
#7946,#7947,#7948,#7949,#7950,#7951,#7952,#7953,#7954,#7955,#7956,#7957,
#7958,#7959,#7960,#7961,#7962,#7963,#7964,#7965,#7966,#7967,#7968,#7969,
#7970,#7971,#7972,#7973,#7974,#7975,#7976,#7977,#7978,#7979,#7980,#7981,
#7982,#7983,#7984,#7985,#7986,#7987,#7988,#7989,#7990,#7991,#7992,#7993,
#7994,#7995,#7996,#7997,#7998,#7999,#8000,#8001,#8002,#8003,#8004,#8005,
#8006,#8007,#8008,#8009,#8010,#8011,#8012,#8013,#8014,#8015,#8016,#8017,
#8018,#8019,#8020,#8021,#8022,#8023,#8024,#8025,#8026,#8027,#8028,#8029,
#8030,#8031,#8032,#8033,#8034,#8035,#8036,#8037,#8038,#8039,#8040,#8041,
#8042,#8043,#8044,#8045,#8046));
#965=EDGE_LOOP('',(#8047,#8048,#8049,#8050));
#966=EDGE_LOOP('',(#8051,#8052,#8053,#8054));
#967=EDGE_LOOP('',(#8055,#8056,#8057,#8058));
#968=EDGE_LOOP('',(#8059,#8060,#8061,#8062));
#969=EDGE_LOOP('',(#8063,#8064,#8065,#8066));
#970=EDGE_LOOP('',(#8067,#8068,#8069,#8070));
#971=EDGE_LOOP('',(#8071,#8072,#8073,#8074));
#972=EDGE_LOOP('',(#8075,#8076,#8077,#8078));
#973=EDGE_LOOP('',(#8079,#8080,#8081,#8082));
#974=EDGE_LOOP('',(#8083,#8084,#8085,#8086));
#975=EDGE_LOOP('',(#8087,#8088,#8089,#8090));
#976=EDGE_LOOP('',(#8091,#8092,#8093,#8094));
#977=EDGE_LOOP('',(#8095,#8096,#8097,#8098));
#978=EDGE_LOOP('',(#8099,#8100,#8101,#8102));
#979=EDGE_LOOP('',(#8103,#8104,#8105,#8106));
#980=EDGE_LOOP('',(#8107,#8108,#8109,#8110));
#981=EDGE_LOOP('',(#8111,#8112,#8113,#8114));
#982=EDGE_LOOP('',(#8115,#8116,#8117,#8118));
#983=EDGE_LOOP('',(#8119,#8120,#8121,#8122));
#984=EDGE_LOOP('',(#8123,#8124,#8125,#8126));
#985=EDGE_LOOP('',(#8127,#8128,#8129,#8130));
#986=EDGE_LOOP('',(#8131,#8132,#8133,#8134));
#987=EDGE_LOOP('',(#8135,#8136,#8137,#8138));
#988=EDGE_LOOP('',(#8139,#8140,#8141,#8142));
#989=EDGE_LOOP('',(#8143,#8144,#8145,#8146));
#990=EDGE_LOOP('',(#8147,#8148,#8149,#8150));
#991=EDGE_LOOP('',(#8151,#8152,#8153,#8154));
#992=EDGE_LOOP('',(#8155,#8156,#8157,#8158));
#993=EDGE_LOOP('',(#8159,#8160,#8161,#8162));
#994=EDGE_LOOP('',(#8163,#8164,#8165,#8166));
#995=EDGE_LOOP('',(#8167,#8168,#8169,#8170));
#996=EDGE_LOOP('',(#8171,#8172,#8173,#8174));
#997=EDGE_LOOP('',(#8175,#8176,#8177,#8178));
#998=EDGE_LOOP('',(#8179,#8180,#8181,#8182));
#999=EDGE_LOOP('',(#8183,#8184,#8185,#8186));
#1000=EDGE_LOOP('',(#8187,#8188,#8189,#8190));
#1001=EDGE_LOOP('',(#8191,#8192,#8193,#8194));
#1002=EDGE_LOOP('',(#8195,#8196,#8197,#8198));
#1003=EDGE_LOOP('',(#8199,#8200,#8201,#8202));
#1004=EDGE_LOOP('',(#8203,#8204,#8205,#8206));
#1005=EDGE_LOOP('',(#8207,#8208,#8209,#8210));
#1006=EDGE_LOOP('',(#8211,#8212,#8213,#8214));
#1007=EDGE_LOOP('',(#8215,#8216,#8217,#8218));
#1008=EDGE_LOOP('',(#8219,#8220,#8221,#8222));
#1009=EDGE_LOOP('',(#8223,#8224,#8225,#8226));
#1010=EDGE_LOOP('',(#8227,#8228,#8229,#8230));
#1011=EDGE_LOOP('',(#8231,#8232,#8233,#8234));
#1012=EDGE_LOOP('',(#8235,#8236,#8237,#8238));
#1013=EDGE_LOOP('',(#8239,#8240,#8241,#8242));
#1014=EDGE_LOOP('',(#8243,#8244,#8245,#8246));
#1015=EDGE_LOOP('',(#8247,#8248,#8249,#8250));
#1016=EDGE_LOOP('',(#8251,#8252,#8253,#8254));
#1017=EDGE_LOOP('',(#8255,#8256,#8257,#8258));
#1018=EDGE_LOOP('',(#8259,#8260,#8261,#8262));
#1019=EDGE_LOOP('',(#8263,#8264,#8265,#8266));
#1020=EDGE_LOOP('',(#8267,#8268,#8269,#8270));
#1021=EDGE_LOOP('',(#8271,#8272,#8273,#8274));
#1022=EDGE_LOOP('',(#8275,#8276,#8277,#8278));
#1023=EDGE_LOOP('',(#8279,#8280,#8281,#8282));
#1024=EDGE_LOOP('',(#8283,#8284,#8285,#8286));
#1025=EDGE_LOOP('',(#8287,#8288,#8289,#8290));
#1026=EDGE_LOOP('',(#8291,#8292,#8293,#8294));
#1027=EDGE_LOOP('',(#8295,#8296,#8297,#8298));
#1028=EDGE_LOOP('',(#8299,#8300,#8301,#8302));
#1029=EDGE_LOOP('',(#8303,#8304,#8305,#8306));
#1030=EDGE_LOOP('',(#8307,#8308,#8309,#8310));
#1031=EDGE_LOOP('',(#8311,#8312,#8313,#8314));
#1032=EDGE_LOOP('',(#8315,#8316,#8317,#8318));
#1033=EDGE_LOOP('',(#8319,#8320,#8321,#8322));
#1034=EDGE_LOOP('',(#8323,#8324,#8325,#8326));
#1035=EDGE_LOOP('',(#8327,#8328,#8329,#8330));
#1036=EDGE_LOOP('',(#8331,#8332,#8333,#8334));
#1037=EDGE_LOOP('',(#8335,#8336,#8337,#8338));
#1038=EDGE_LOOP('',(#8339,#8340,#8341,#8342));
#1039=EDGE_LOOP('',(#8343,#8344,#8345,#8346));
#1040=EDGE_LOOP('',(#8347,#8348,#8349,#8350));
#1041=EDGE_LOOP('',(#8351,#8352,#8353,#8354));
#1042=EDGE_LOOP('',(#8355,#8356,#8357,#8358));
#1043=EDGE_LOOP('',(#8359,#8360,#8361,#8362));
#1044=EDGE_LOOP('',(#8363,#8364,#8365,#8366));
#1045=EDGE_LOOP('',(#8367,#8368,#8369,#8370));
#1046=EDGE_LOOP('',(#8371,#8372,#8373,#8374));
#1047=EDGE_LOOP('',(#8375,#8376,#8377,#8378));
#1048=EDGE_LOOP('',(#8379,#8380,#8381,#8382));
#1049=EDGE_LOOP('',(#8383,#8384,#8385,#8386));
#1050=EDGE_LOOP('',(#8387,#8388,#8389,#8390));
#1051=EDGE_LOOP('',(#8391,#8392,#8393,#8394));
#1052=EDGE_LOOP('',(#8395,#8396,#8397,#8398));
#1053=EDGE_LOOP('',(#8399,#8400,#8401,#8402));
#1054=EDGE_LOOP('',(#8403,#8404,#8405,#8406));
#1055=EDGE_LOOP('',(#8407,#8408,#8409,#8410));
#1056=EDGE_LOOP('',(#8411,#8412,#8413,#8414));
#1057=EDGE_LOOP('',(#8415,#8416,#8417,#8418));
#1058=EDGE_LOOP('',(#8419,#8420,#8421,#8422));
#1059=EDGE_LOOP('',(#8423,#8424,#8425,#8426));
#1060=EDGE_LOOP('',(#8427,#8428,#8429,#8430));
#1061=EDGE_LOOP('',(#8431,#8432,#8433,#8434));
#1062=EDGE_LOOP('',(#8435,#8436,#8437,#8438));
#1063=EDGE_LOOP('',(#8439,#8440,#8441,#8442));
#1064=EDGE_LOOP('',(#8443,#8444,#8445,#8446));
#1065=EDGE_LOOP('',(#8447,#8448,#8449,#8450));
#1066=EDGE_LOOP('',(#8451,#8452,#8453,#8454));
#1067=EDGE_LOOP('',(#8455,#8456,#8457,#8458));
#1068=EDGE_LOOP('',(#8459,#8460,#8461,#8462));
#1069=EDGE_LOOP('',(#8463,#8464,#8465,#8466));
#1070=EDGE_LOOP('',(#8467,#8468,#8469,#8470));
#1071=EDGE_LOOP('',(#8471,#8472,#8473,#8474));
#1072=EDGE_LOOP('',(#8475,#8476,#8477,#8478));
#1073=EDGE_LOOP('',(#8479,#8480,#8481,#8482));
#1074=EDGE_LOOP('',(#8483,#8484,#8485,#8486));
#1075=EDGE_LOOP('',(#8487,#8488,#8489,#8490));
#1076=EDGE_LOOP('',(#8491,#8492,#8493,#8494));
#1077=EDGE_LOOP('',(#8495,#8496,#8497,#8498));
#1078=EDGE_LOOP('',(#8499,#8500,#8501,#8502));
#1079=EDGE_LOOP('',(#8503,#8504,#8505,#8506));
#1080=EDGE_LOOP('',(#8507,#8508,#8509,#8510));
#1081=EDGE_LOOP('',(#8511,#8512,#8513,#8514));
#1082=EDGE_LOOP('',(#8515,#8516,#8517,#8518));
#1083=EDGE_LOOP('',(#8519,#8520,#8521,#8522));
#1084=EDGE_LOOP('',(#8523,#8524,#8525,#8526));
#1085=EDGE_LOOP('',(#8527,#8528,#8529,#8530));
#1086=EDGE_LOOP('',(#8531,#8532,#8533,#8534));
#1087=EDGE_LOOP('',(#8535,#8536,#8537,#8538));
#1088=EDGE_LOOP('',(#8539,#8540,#8541,#8542));
#1089=EDGE_LOOP('',(#8543,#8544,#8545,#8546));
#1090=EDGE_LOOP('',(#8547,#8548,#8549,#8550));
#1091=EDGE_LOOP('',(#8551,#8552,#8553,#8554));
#1092=EDGE_LOOP('',(#8555,#8556,#8557,#8558));
#1093=EDGE_LOOP('',(#8559,#8560,#8561,#8562));
#1094=EDGE_LOOP('',(#8563,#8564,#8565,#8566));
#1095=EDGE_LOOP('',(#8567,#8568,#8569,#8570));
#1096=EDGE_LOOP('',(#8571,#8572,#8573,#8574));
#1097=EDGE_LOOP('',(#8575,#8576,#8577,#8578));
#1098=EDGE_LOOP('',(#8579,#8580,#8581,#8582));
#1099=EDGE_LOOP('',(#8583,#8584,#8585,#8586));
#1100=EDGE_LOOP('',(#8587,#8588,#8589,#8590));
#1101=EDGE_LOOP('',(#8591,#8592,#8593,#8594));
#1102=EDGE_LOOP('',(#8595,#8596,#8597,#8598));
#1103=EDGE_LOOP('',(#8599,#8600,#8601,#8602));
#1104=EDGE_LOOP('',(#8603,#8604,#8605,#8606));
#1105=EDGE_LOOP('',(#8607,#8608,#8609,#8610));
#1106=EDGE_LOOP('',(#8611,#8612,#8613,#8614));
#1107=EDGE_LOOP('',(#8615,#8616,#8617,#8618));
#1108=EDGE_LOOP('',(#8619,#8620,#8621,#8622));
#1109=EDGE_LOOP('',(#8623,#8624,#8625,#8626));
#1110=EDGE_LOOP('',(#8627,#8628,#8629,#8630));
#1111=EDGE_LOOP('',(#8631,#8632,#8633,#8634));
#1112=EDGE_LOOP('',(#8635,#8636,#8637,#8638));
#1113=EDGE_LOOP('',(#8639,#8640,#8641,#8642));
#1114=EDGE_LOOP('',(#8643,#8644,#8645,#8646));
#1115=EDGE_LOOP('',(#8647,#8648,#8649,#8650));
#1116=EDGE_LOOP('',(#8651,#8652,#8653,#8654));
#1117=EDGE_LOOP('',(#8655,#8656,#8657,#8658));
#1118=EDGE_LOOP('',(#8659,#8660,#8661,#8662));
#1119=EDGE_LOOP('',(#8663,#8664,#8665,#8666));
#1120=EDGE_LOOP('',(#8667,#8668,#8669,#8670));
#1121=EDGE_LOOP('',(#8671,#8672,#8673,#8674));
#1122=EDGE_LOOP('',(#8675,#8676,#8677,#8678));
#1123=EDGE_LOOP('',(#8679,#8680,#8681,#8682));
#1124=EDGE_LOOP('',(#8683,#8684,#8685,#8686));
#1125=EDGE_LOOP('',(#8687,#8688,#8689,#8690));
#1126=EDGE_LOOP('',(#8691,#8692,#8693,#8694));
#1127=EDGE_LOOP('',(#8695,#8696,#8697,#8698));
#1128=EDGE_LOOP('',(#8699,#8700,#8701,#8702));
#1129=EDGE_LOOP('',(#8703,#8704,#8705,#8706));
#1130=EDGE_LOOP('',(#8707,#8708,#8709,#8710));
#1131=EDGE_LOOP('',(#8711,#8712,#8713,#8714));
#1132=EDGE_LOOP('',(#8715,#8716,#8717,#8718));
#1133=EDGE_LOOP('',(#8719,#8720,#8721,#8722));
#1134=EDGE_LOOP('',(#8723,#8724,#8725,#8726));
#1135=EDGE_LOOP('',(#8727,#8728,#8729,#8730));
#1136=EDGE_LOOP('',(#8731,#8732,#8733,#8734));
#1137=EDGE_LOOP('',(#8735,#8736,#8737,#8738));
#1138=EDGE_LOOP('',(#8739,#8740,#8741,#8742));
#1139=EDGE_LOOP('',(#8743,#8744,#8745,#8746));
#1140=EDGE_LOOP('',(#8747,#8748,#8749,#8750));
#1141=EDGE_LOOP('',(#8751,#8752,#8753,#8754));
#1142=EDGE_LOOP('',(#8755,#8756,#8757,#8758));
#1143=EDGE_LOOP('',(#8759,#8760,#8761,#8762));
#1144=EDGE_LOOP('',(#8763,#8764,#8765,#8766));
#1145=EDGE_LOOP('',(#8767,#8768,#8769,#8770));
#1146=EDGE_LOOP('',(#8771,#8772,#8773,#8774));
#1147=EDGE_LOOP('',(#8775,#8776,#8777,#8778));
#1148=EDGE_LOOP('',(#8779,#8780,#8781,#8782));
#1149=EDGE_LOOP('',(#8783,#8784,#8785,#8786));
#1150=EDGE_LOOP('',(#8787,#8788,#8789,#8790));
#1151=EDGE_LOOP('',(#8791,#8792,#8793,#8794));
#1152=EDGE_LOOP('',(#8795,#8796,#8797,#8798));
#1153=EDGE_LOOP('',(#8799,#8800,#8801,#8802));
#1154=EDGE_LOOP('',(#8803,#8804,#8805,#8806));
#1155=EDGE_LOOP('',(#8807,#8808,#8809,#8810));
#1156=EDGE_LOOP('',(#8811,#8812,#8813,#8814));
#1157=EDGE_LOOP('',(#8815,#8816,#8817,#8818));
#1158=EDGE_LOOP('',(#8819,#8820,#8821,#8822));
#1159=EDGE_LOOP('',(#8823,#8824,#8825,#8826));
#1160=EDGE_LOOP('',(#8827,#8828,#8829,#8830));
#1161=EDGE_LOOP('',(#8831,#8832,#8833,#8834));
#1162=EDGE_LOOP('',(#8835,#8836,#8837,#8838));
#1163=EDGE_LOOP('',(#8839,#8840,#8841,#8842));
#1164=EDGE_LOOP('',(#8843,#8844,#8845,#8846));
#1165=EDGE_LOOP('',(#8847,#8848,#8849,#8850));
#1166=EDGE_LOOP('',(#8851,#8852,#8853,#8854));
#1167=EDGE_LOOP('',(#8855,#8856,#8857,#8858));
#1168=EDGE_LOOP('',(#8859,#8860,#8861,#8862));
#1169=EDGE_LOOP('',(#8863,#8864,#8865,#8866));
#1170=EDGE_LOOP('',(#8867,#8868,#8869,#8870));
#1171=EDGE_LOOP('',(#8871,#8872,#8873,#8874));
#1172=EDGE_LOOP('',(#8875,#8876,#8877,#8878));
#1173=EDGE_LOOP('',(#8879,#8880,#8881,#8882));
#1174=EDGE_LOOP('',(#8883,#8884,#8885,#8886));
#1175=EDGE_LOOP('',(#8887,#8888,#8889,#8890));
#1176=EDGE_LOOP('',(#8891,#8892,#8893,#8894));
#1177=EDGE_LOOP('',(#8895,#8896,#8897,#8898));
#1178=EDGE_LOOP('',(#8899,#8900,#8901,#8902));
#1179=EDGE_LOOP('',(#8903,#8904,#8905,#8906));
#1180=EDGE_LOOP('',(#8907,#8908,#8909,#8910));
#1181=EDGE_LOOP('',(#8911,#8912,#8913,#8914));
#1182=EDGE_LOOP('',(#8915,#8916,#8917,#8918));
#1183=EDGE_LOOP('',(#8919,#8920,#8921,#8922));
#1184=EDGE_LOOP('',(#8923,#8924,#8925,#8926));
#1185=EDGE_LOOP('',(#8927,#8928,#8929,#8930));
#1186=EDGE_LOOP('',(#8931,#8932,#8933,#8934));
#1187=EDGE_LOOP('',(#8935,#8936,#8937,#8938));
#1188=EDGE_LOOP('',(#8939,#8940,#8941,#8942));
#1189=EDGE_LOOP('',(#8943,#8944,#8945,#8946));
#1190=EDGE_LOOP('',(#8947,#8948,#8949,#8950));
#1191=EDGE_LOOP('',(#8951,#8952,#8953,#8954));
#1192=EDGE_LOOP('',(#8955,#8956,#8957,#8958));
#1193=EDGE_LOOP('',(#8959,#8960,#8961,#8962));
#1194=EDGE_LOOP('',(#8963,#8964,#8965,#8966));
#1195=EDGE_LOOP('',(#8967,#8968,#8969,#8970));
#1196=EDGE_LOOP('',(#8971,#8972,#8973,#8974));
#1197=EDGE_LOOP('',(#8975,#8976,#8977,#8978));
#1198=EDGE_LOOP('',(#8979,#8980,#8981,#8982));
#1199=EDGE_LOOP('',(#8983,#8984,#8985,#8986));
#1200=EDGE_LOOP('',(#8987,#8988,#8989,#8990));
#1201=EDGE_LOOP('',(#8991,#8992,#8993,#8994));
#1202=EDGE_LOOP('',(#8995,#8996,#8997,#8998));
#1203=EDGE_LOOP('',(#8999,#9000,#9001,#9002));
#1204=EDGE_LOOP('',(#9003,#9004,#9005,#9006));
#1205=EDGE_LOOP('',(#9007,#9008,#9009,#9010));
#1206=EDGE_LOOP('',(#9011,#9012,#9013,#9014));
#1207=EDGE_LOOP('',(#9015,#9016,#9017,#9018));
#1208=EDGE_LOOP('',(#9019,#9020,#9021,#9022));
#1209=EDGE_LOOP('',(#9023,#9024,#9025,#9026));
#1210=EDGE_LOOP('',(#9027,#9028,#9029,#9030));
#1211=EDGE_LOOP('',(#9031,#9032,#9033,#9034));
#1212=EDGE_LOOP('',(#9035,#9036,#9037,#9038));
#1213=EDGE_LOOP('',(#9039,#9040,#9041,#9042));
#1214=EDGE_LOOP('',(#9043,#9044,#9045,#9046));
#1215=EDGE_LOOP('',(#9047,#9048,#9049,#9050));
#1216=EDGE_LOOP('',(#9051,#9052,#9053,#9054));
#1217=EDGE_LOOP('',(#9055,#9056,#9057,#9058));
#1218=EDGE_LOOP('',(#9059,#9060,#9061,#9062));
#1219=EDGE_LOOP('',(#9063,#9064,#9065,#9066));
#1220=EDGE_LOOP('',(#9067,#9068,#9069,#9070));
#1221=EDGE_LOOP('',(#9071,#9072,#9073,#9074));
#1222=EDGE_LOOP('',(#9075,#9076,#9077,#9078));
#1223=EDGE_LOOP('',(#9079,#9080,#9081,#9082));
#1224=EDGE_LOOP('',(#9083,#9084,#9085,#9086));
#1225=EDGE_LOOP('',(#9087,#9088,#9089,#9090));
#1226=EDGE_LOOP('',(#9091,#9092,#9093,#9094));
#1227=EDGE_LOOP('',(#9095,#9096,#9097,#9098));
#1228=EDGE_LOOP('',(#9099,#9100,#9101,#9102));
#1229=EDGE_LOOP('',(#9103,#9104,#9105,#9106));
#1230=EDGE_LOOP('',(#9107,#9108,#9109,#9110));
#1231=EDGE_LOOP('',(#9111,#9112,#9113,#9114));
#1232=EDGE_LOOP('',(#9115,#9116,#9117,#9118));
#1233=EDGE_LOOP('',(#9119,#9120,#9121,#9122));
#1234=EDGE_LOOP('',(#9123,#9124,#9125,#9126));
#1235=EDGE_LOOP('',(#9127,#9128,#9129,#9130));
#1236=EDGE_LOOP('',(#9131,#9132,#9133,#9134));
#1237=EDGE_LOOP('',(#9135,#9136,#9137,#9138));
#1238=EDGE_LOOP('',(#9139,#9140,#9141,#9142));
#1239=EDGE_LOOP('',(#9143,#9144,#9145,#9146));
#1240=EDGE_LOOP('',(#9147,#9148,#9149,#9150));
#1241=EDGE_LOOP('',(#9151,#9152,#9153,#9154));
#1242=EDGE_LOOP('',(#9155,#9156,#9157,#9158));
#1243=EDGE_LOOP('',(#9159,#9160,#9161,#9162));
#1244=EDGE_LOOP('',(#9163,#9164,#9165,#9166));
#1245=EDGE_LOOP('',(#9167,#9168,#9169,#9170));
#1246=EDGE_LOOP('',(#9171,#9172,#9173,#9174));
#1247=EDGE_LOOP('',(#9175,#9176,#9177,#9178));
#1248=EDGE_LOOP('',(#9179,#9180,#9181,#9182));
#1249=EDGE_LOOP('',(#9183,#9184,#9185,#9186));
#1250=EDGE_LOOP('',(#9187,#9188,#9189,#9190));
#1251=EDGE_LOOP('',(#9191,#9192,#9193,#9194));
#1252=EDGE_LOOP('',(#9195,#9196,#9197,#9198));
#1253=EDGE_LOOP('',(#9199,#9200,#9201,#9202));
#1254=EDGE_LOOP('',(#9203,#9204,#9205,#9206));
#1255=EDGE_LOOP('',(#9207,#9208,#9209,#9210));
#1256=EDGE_LOOP('',(#9211,#9212,#9213,#9214,#9215,#9216,#9217,#9218,#9219,
#9220,#9221,#9222,#9223,#9224,#9225,#9226,#9227,#9228,#9229,#9230,#9231,
#9232,#9233,#9234,#9235,#9236,#9237,#9238,#9239,#9240,#9241,#9242,#9243,
#9244,#9245,#9246,#9247,#9248,#9249,#9250,#9251,#9252,#9253,#9254,#9255,
#9256,#9257,#9258,#9259,#9260,#9261,#9262,#9263,#9264,#9265,#9266,#9267,
#9268,#9269,#9270,#9271,#9272,#9273,#9274,#9275,#9276,#9277,#9278,#9279,
#9280,#9281,#9282,#9283,#9284,#9285,#9286,#9287,#9288,#9289,#9290,#9291,
#9292,#9293,#9294,#9295,#9296,#9297,#9298,#9299,#9300,#9301,#9302,#9303,
#9304,#9305,#9306,#9307,#9308,#9309,#9310,#9311,#9312,#9313,#9314,#9315,
#9316,#9317,#9318,#9319,#9320,#9321,#9322,#9323,#9324,#9325,#9326,#9327,
#9328,#9329,#9330,#9331,#9332,#9333,#9334,#9335,#9336,#9337,#9338,#9339,
#9340,#9341,#9342,#9343,#9344,#9345,#9346,#9347,#9348,#9349,#9350,#9351,
#9352,#9353,#9354,#9355,#9356,#9357,#9358,#9359,#9360,#9361,#9362,#9363,
#9364,#9365,#9366,#9367,#9368,#9369,#9370,#9371,#9372,#9373,#9374,#9375,
#9376,#9377,#9378,#9379,#9380,#9381,#9382,#9383,#9384,#9385,#9386,#9387,
#9388,#9389,#9390,#9391,#9392,#9393,#9394,#9395,#9396,#9397,#9398,#9399,
#9400,#9401,#9402,#9403,#9404,#9405,#9406,#9407,#9408,#9409,#9410,#9411,
#9412,#9413,#9414,#9415,#9416,#9417,#9418,#9419,#9420,#9421,#9422,#9423,
#9424,#9425,#9426,#9427,#9428,#9429,#9430,#9431,#9432,#9433,#9434,#9435,
#9436,#9437,#9438,#9439,#9440,#9441,#9442,#9443,#9444,#9445,#9446,#9447,
#9448,#9449,#9450,#9451,#9452,#9453,#9454,#9455,#9456,#9457,#9458,#9459,
#9460,#9461,#9462,#9463,#9464,#9465,#9466,#9467,#9468,#9469,#9470,#9471,
#9472,#9473,#9474,#9475,#9476,#9477,#9478,#9479,#9480,#9481,#9482,#9483,
#9484,#9485,#9486,#9487,#9488,#9489,#9490,#9491,#9492,#9493,#9494,#9495,
#9496,#9497,#9498,#9499,#9500));
#1257=EDGE_LOOP('',(#9501,#9502,#9503,#9504));
#1258=EDGE_LOOP('',(#9505,#9506,#9507,#9508));
#1259=EDGE_LOOP('',(#9509,#9510,#9511,#9512));
#1260=EDGE_LOOP('',(#9513,#9514,#9515,#9516));
#1261=EDGE_LOOP('',(#9517,#9518,#9519,#9520));
#1262=EDGE_LOOP('',(#9521,#9522,#9523,#9524));
#1263=EDGE_LOOP('',(#9525,#9526,#9527,#9528));
#1264=EDGE_LOOP('',(#9529,#9530,#9531,#9532));
#1265=EDGE_LOOP('',(#9533,#9534,#9535,#9536,#9537,#9538,#9539,#9540));
#1266=EDGE_LOOP('',(#9541,#9542,#9543,#9544));
#1267=EDGE_LOOP('',(#9545,#9546,#9547,#9548,#9549,#9550,#9551,#9552));
#1268=EDGE_LOOP('',(#9553,#9554,#9555,#9556));
#1269=EDGE_LOOP('',(#9557,#9558,#9559,#9560,#9561,#9562));
#1270=EDGE_LOOP('',(#9563,#9564,#9565,#9566));
#1271=EDGE_LOOP('',(#9567,#9568,#9569,#9570));
#1272=EDGE_LOOP('',(#9571,#9572,#9573,#9574));
#1273=EDGE_LOOP('',(#9575,#9576,#9577,#9578));
#1274=EDGE_LOOP('',(#9579,#9580,#9581,#9582));
#1275=EDGE_LOOP('',(#9583,#9584,#9585,#9586,#9587,#9588,#9589,#9590,#9591,
#9592,#9593,#9594,#9595,#9596));
#1276=EDGE_LOOP('',(#9597,#9598,#9599,#9600));
#1277=EDGE_LOOP('',(#9601,#9602,#9603,#9604));
#1278=EDGE_LOOP('',(#9605,#9606,#9607,#9608));
#1279=EDGE_LOOP('',(#9609,#9610,#9611,#9612));
#1280=EDGE_LOOP('',(#9613,#9614,#9615,#9616));
#1281=EDGE_LOOP('',(#9617));
#1282=EDGE_LOOP('',(#9618,#9619,#9620,#9621,#9622,#9623,#9624));
#1283=EDGE_LOOP('',(#9625,#9626,#9627,#9628));
#1284=EDGE_LOOP('',(#9629,#9630,#9631,#9632));
#1285=EDGE_LOOP('',(#9633,#9634,#9635,#9636));
#1286=EDGE_LOOP('',(#9637,#9638,#9639,#9640));
#1287=EDGE_LOOP('',(#9641,#9642,#9643,#9644,#9645,#9646,#9647,#9648));
#1288=EDGE_LOOP('',(#9649,#9650,#9651,#9652));
#1289=EDGE_LOOP('',(#9653,#9654,#9655,#9656));
#1290=EDGE_LOOP('',(#9657,#9658,#9659,#9660));
#1291=EDGE_LOOP('',(#9661,#9662,#9663,#9664));
#1292=EDGE_LOOP('',(#9665,#9666,#9667,#9668));
#1293=EDGE_LOOP('',(#9669,#9670,#9671,#9672));
#1294=EDGE_LOOP('',(#9673,#9674,#9675,#9676,#9677,#9678));
#1295=EDGE_LOOP('',(#9679,#9680,#9681,#9682));
#1296=EDGE_LOOP('',(#9683,#9684,#9685,#9686));
#1297=EDGE_LOOP('',(#9687,#9688,#9689,#9690));
#1298=EDGE_LOOP('',(#9691,#9692,#9693,#9694));
#1299=EDGE_LOOP('',(#9695,#9696,#9697,#9698));
#1300=EDGE_LOOP('',(#9699,#9700,#9701,#9702));
#1301=EDGE_LOOP('',(#9703));
#1302=EDGE_LOOP('',(#9704,#9705,#9706,#9707));
#1303=EDGE_LOOP('',(#9708));
#1304=EDGE_LOOP('',(#9709,#9710,#9711,#9712));
#1305=EDGE_LOOP('',(#9713,#9714,#9715,#9716));
#1306=EDGE_LOOP('',(#9717,#9718,#9719,#9720));
#1307=EDGE_LOOP('',(#9721,#9722,#9723,#9724));
#1308=EDGE_LOOP('',(#9725,#9726,#9727,#9728));
#1309=EDGE_LOOP('',(#9729,#9730,#9731,#9732));
#1310=EDGE_LOOP('',(#9733));
#1311=EDGE_LOOP('',(#9734,#9735,#9736,#9737));
#1312=EDGE_LOOP('',(#9738));
#1313=EDGE_LOOP('',(#9739,#9740,#9741,#9742));
#1314=EDGE_LOOP('',(#9743,#9744,#9745,#9746));
#1315=EDGE_LOOP('',(#9747,#9748,#9749,#9750));
#1316=EDGE_LOOP('',(#9751,#9752,#9753,#9754));
#1317=EDGE_LOOP('',(#9755,#9756,#9757,#9758));
#1318=EDGE_LOOP('',(#9759,#9760,#9761,#9762));
#1319=EDGE_LOOP('',(#9763));
#1320=EDGE_LOOP('',(#9764,#9765,#9766,#9767));
#1321=EDGE_LOOP('',(#9768));
#1322=EDGE_LOOP('',(#9769,#9770,#9771,#9772));
#1323=EDGE_LOOP('',(#9773,#9774,#9775,#9776));
#1324=EDGE_LOOP('',(#9777,#9778,#9779,#9780));
#1325=EDGE_LOOP('',(#9781,#9782,#9783,#9784));
#1326=EDGE_LOOP('',(#9785,#9786,#9787,#9788));
#1327=EDGE_LOOP('',(#9789,#9790,#9791,#9792));
#1328=EDGE_LOOP('',(#9793));
#1329=EDGE_LOOP('',(#9794,#9795,#9796,#9797));
#1330=EDGE_LOOP('',(#9798));
#1331=EDGE_LOOP('',(#9799,#9800,#9801,#9802));
#1332=EDGE_LOOP('',(#9803));
#1333=EDGE_LOOP('',(#9804));
#1334=EDGE_LOOP('',(#9805,#9806,#9807,#9808));
#1335=EDGE_LOOP('',(#9809));
#1336=EDGE_LOOP('',(#9810));
#1337=EDGE_LOOP('',(#9811,#9812,#9813,#9814));
#1338=EDGE_LOOP('',(#9815,#9816,#9817,#9818));
#1339=EDGE_LOOP('',(#9819));
#1340=EDGE_LOOP('',(#9820));
#1341=EDGE_LOOP('',(#9821));
#1342=EDGE_LOOP('',(#9822));
#1343=EDGE_LOOP('',(#9823,#9824,#9825,#9826));
#1344=EDGE_LOOP('',(#9827,#9828,#9829,#9830));
#1345=EDGE_LOOP('',(#9831));
#1346=EDGE_LOOP('',(#9832));
#1347=EDGE_LOOP('',(#9833));
#1348=EDGE_LOOP('',(#9834));
#1349=EDGE_LOOP('',(#9835,#9836,#9837,#9838));
#1350=EDGE_LOOP('',(#9839,#9840,#9841,#9842));
#1351=EDGE_LOOP('',(#9843));
#1352=EDGE_LOOP('',(#9844));
#1353=EDGE_LOOP('',(#9845));
#1354=EDGE_LOOP('',(#9846));
#1355=EDGE_LOOP('',(#9847,#9848,#9849,#9850));
#1356=EDGE_LOOP('',(#9851,#9852,#9853,#9854));
#1357=EDGE_LOOP('',(#9855));
#1358=EDGE_LOOP('',(#9856));
#1359=EDGE_LOOP('',(#9857));
#1360=EDGE_LOOP('',(#9858));
#1361=EDGE_LOOP('',(#9859,#9860,#9861,#9862));
#1362=EDGE_LOOP('',(#9863));
#1363=EDGE_LOOP('',(#9864,#9865,#9866,#9867));
#1364=EDGE_LOOP('',(#9868,#9869,#9870,#9871));
#1365=EDGE_LOOP('',(#9872,#9873,#9874,#9875));
#1366=EDGE_LOOP('',(#9876,#9877,#9878,#9879));
#1367=EDGE_LOOP('',(#9880,#9881,#9882,#9883));
#1368=EDGE_LOOP('',(#9884,#9885,#9886,#9887));
#1369=EDGE_LOOP('',(#9888));
#1370=LINE('',#14544,#2841);
#1371=LINE('',#14546,#2842);
#1372=LINE('',#14548,#2843);
#1373=LINE('',#14549,#2844);
#1374=LINE('',#14552,#2845);
#1375=LINE('',#14554,#2846);
#1376=LINE('',#14555,#2847);
#1377=LINE('',#14558,#2848);
#1378=LINE('',#14560,#2849);
#1379=LINE('',#14561,#2850);
#1380=LINE('',#14564,#2851);
#1381=LINE('',#14566,#2852);
#1382=LINE('',#14570,#2853);
#1383=LINE('',#14572,#2854);
#1384=LINE('',#14574,#2855);
#1385=LINE('',#14576,#2856);
#1386=LINE('',#14578,#2857);
#1387=LINE('',#14580,#2858);
#1388=LINE('',#14582,#2859);
#1389=LINE('',#14586,#2860);
#1390=LINE('',#14587,#2861);
#1391=LINE('',#14590,#2862);
#1392=LINE('',#14591,#2863);
#1393=LINE('',#14594,#2864);
#1394=LINE('',#14596,#2865);
#1395=LINE('',#14600,#2866);
#1396=LINE('',#14601,#2867);
#1397=LINE('',#14604,#2868);
#1398=LINE('',#14605,#2869);
#1399=LINE('',#14608,#2870);
#1400=LINE('',#14609,#2871);
#1401=LINE('',#14611,#2872);
#1402=LINE('',#14613,#2873);
#1403=LINE('',#14615,#2874);
#1404=LINE('',#14617,#2875);
#1405=LINE('',#14619,#2876);
#1406=LINE('',#14621,#2877);
#1407=LINE('',#14624,#2878);
#1408=LINE('',#14627,#2879);
#1409=LINE('',#14628,#2880);
#1410=LINE('',#14630,#2881);
#1411=LINE('',#14631,#2882);
#1412=LINE('',#14633,#2883);
#1413=LINE('',#14636,#2884);
#1414=LINE('',#14639,#2885);
#1415=LINE('',#14640,#2886);
#1416=LINE('',#14642,#2887);
#1417=LINE('',#14648,#2888);
#1418=LINE('',#14650,#2889);
#1419=LINE('',#14652,#2890);
#1420=LINE('',#14653,#2891);
#1421=LINE('',#14656,#2892);
#1422=LINE('',#14658,#2893);
#1423=LINE('',#14659,#2894);
#1424=LINE('',#14662,#2895);
#1425=LINE('',#14663,#2896);
#1426=LINE('',#14666,#2897);
#1427=LINE('',#14667,#2898);
#1428=LINE('',#14669,#2899);
#1429=LINE('',#14675,#2900);
#1430=LINE('',#14677,#2901);
#1431=LINE('',#14679,#2902);
#1432=LINE('',#14680,#2903);
#1433=LINE('',#14683,#2904);
#1434=LINE('',#14685,#2905);
#1435=LINE('',#14686,#2906);
#1436=LINE('',#14689,#2907);
#1437=LINE('',#14691,#2908);
#1438=LINE('',#14692,#2909);
#1439=LINE('',#14695,#2910);
#1440=LINE('',#14697,#2911);
#1441=LINE('',#14699,#2912);
#1442=LINE('',#14701,#2913);
#1443=LINE('',#14703,#2914);
#1444=LINE('',#14705,#2915);
#1445=LINE('',#14707,#2916);
#1446=LINE('',#14709,#2917);
#1447=LINE('',#14710,#2918);
#1448=LINE('',#14713,#2919);
#1449=LINE('',#14715,#2920);
#1450=LINE('',#14717,#2921);
#1451=LINE('',#14719,#2922);
#1452=LINE('',#14721,#2923);
#1453=LINE('',#14723,#2924);
#1454=LINE('',#14725,#2925);
#1455=LINE('',#14727,#2926);
#1456=LINE('',#14728,#2927);
#1457=LINE('',#14730,#2928);
#1458=LINE('',#14732,#2929);
#1459=LINE('',#14734,#2930);
#1460=LINE('',#14737,#2931);
#1461=LINE('',#14739,#2932);
#1462=LINE('',#14741,#2933);
#1463=LINE('',#14743,#2934);
#1464=LINE('',#14747,#2935);
#1465=LINE('',#14749,#2936);
#1466=LINE('',#14751,#2937);
#1467=LINE('',#14753,#2938);
#1468=LINE('',#14755,#2939);
#1469=LINE('',#14757,#2940);
#1470=LINE('',#14759,#2941);
#1471=LINE('',#14763,#2942);
#1472=LINE('',#14764,#2943);
#1473=LINE('',#14766,#2944);
#1474=LINE('',#14769,#2945);
#1475=LINE('',#14770,#2946);
#1476=LINE('',#14772,#2947);
#1477=LINE('',#14773,#2948);
#1478=LINE('',#14777,#2949);
#1479=LINE('',#14778,#2950);
#1480=LINE('',#14781,#2951);
#1481=LINE('',#14782,#2952);
#1482=LINE('',#14785,#2953);
#1483=LINE('',#14789,#2954);
#1484=LINE('',#14791,#2955);
#1485=LINE('',#14793,#2956);
#1486=LINE('',#14795,#2957);
#1487=LINE('',#14797,#2958);
#1488=LINE('',#14799,#2959);
#1489=LINE('',#14801,#2960);
#1490=LINE('',#14805,#2961);
#1491=LINE('',#14806,#2962);
#1492=LINE('',#14808,#2963);
#1493=LINE('',#14809,#2964);
#1494=LINE('',#14811,#2965);
#1495=LINE('',#14813,#2966);
#1496=LINE('',#14815,#2967);
#1497=LINE('',#14818,#2968);
#1498=LINE('',#14819,#2969);
#1499=LINE('',#14821,#2970);
#1500=LINE('',#14822,#2971);
#1501=LINE('',#14824,#2972);
#1502=LINE('',#14827,#2973);
#1503=LINE('',#14830,#2974);
#1504=LINE('',#14831,#2975);
#1505=LINE('',#14834,#2976);
#1506=LINE('',#14840,#2977);
#1507=LINE('',#14842,#2978);
#1508=LINE('',#14844,#2979);
#1509=LINE('',#14845,#2980);
#1510=LINE('',#14848,#2981);
#1511=LINE('',#14850,#2982);
#1512=LINE('',#14851,#2983);
#1513=LINE('',#14855,#2984);
#1514=LINE('',#14857,#2985);
#1515=LINE('',#14859,#2986);
#1516=LINE('',#14860,#2987);
#1517=LINE('',#14863,#2988);
#1518=LINE('',#14865,#2989);
#1519=LINE('',#14866,#2990);
#1520=LINE('',#14869,#2991);
#1521=LINE('',#14871,#2992);
#1522=LINE('',#14872,#2993);
#1523=LINE('',#14876,#2994);
#1524=LINE('',#14878,#2995);
#1525=LINE('',#14880,#2996);
#1526=LINE('',#14881,#2997);
#1527=LINE('',#14884,#2998);
#1528=LINE('',#14886,#2999);
#1529=LINE('',#14887,#3000);
#1530=LINE('',#14890,#3001);
#1531=LINE('',#14892,#3002);
#1532=LINE('',#14893,#3003);
#1533=LINE('',#14897,#3004);
#1534=LINE('',#14899,#3005);
#1535=LINE('',#14901,#3006);
#1536=LINE('',#14902,#3007);
#1537=LINE('',#14905,#3008);
#1538=LINE('',#14907,#3009);
#1539=LINE('',#14908,#3010);
#1540=LINE('',#14911,#3011);
#1541=LINE('',#14913,#3012);
#1542=LINE('',#14914,#3013);
#1543=LINE('',#14918,#3014);
#1544=LINE('',#14920,#3015);
#1545=LINE('',#14922,#3016);
#1546=LINE('',#14923,#3017);
#1547=LINE('',#14926,#3018);
#1548=LINE('',#14928,#3019);
#1549=LINE('',#14929,#3020);
#1550=LINE('',#14932,#3021);
#1551=LINE('',#14934,#3022);
#1552=LINE('',#14935,#3023);
#1553=LINE('',#14939,#3024);
#1554=LINE('',#14941,#3025);
#1555=LINE('',#14943,#3026);
#1556=LINE('',#14944,#3027);
#1557=LINE('',#14946,#3028);
#1558=LINE('',#14947,#3029);
#1559=LINE('',#14948,#3030);
#1560=LINE('',#14949,#3031);
#1561=LINE('',#14951,#3032);
#1562=LINE('',#14953,#3033);
#1563=LINE('',#14955,#3034);
#1564=LINE('',#14957,#3035);
#1565=LINE('',#14959,#3036);
#1566=LINE('',#14961,#3037);
#1567=LINE('',#14963,#3038);
#1568=LINE('',#14965,#3039);
#1569=LINE('',#14967,#3040);
#1570=LINE('',#14969,#3041);
#1571=LINE('',#14971,#3042);
#1572=LINE('',#14973,#3043);
#1573=LINE('',#14975,#3044);
#1574=LINE('',#14977,#3045);
#1575=LINE('',#14979,#3046);
#1576=LINE('',#14981,#3047);
#1577=LINE('',#14983,#3048);
#1578=LINE('',#14985,#3049);
#1579=LINE('',#14987,#3050);
#1580=LINE('',#14989,#3051);
#1581=LINE('',#14991,#3052);
#1582=LINE('',#14992,#3053);
#1583=LINE('',#14994,#3054);
#1584=LINE('',#14996,#3055);
#1585=LINE('',#14998,#3056);
#1586=LINE('',#15000,#3057);
#1587=LINE('',#15002,#3058);
#1588=LINE('',#15004,#3059);
#1589=LINE('',#15005,#3060);
#1590=LINE('',#15007,#3061);
#1591=LINE('',#15010,#3062);
#1592=LINE('',#15011,#3063);
#1593=LINE('',#15014,#3064);
#1594=LINE('',#15016,#3065);
#1595=LINE('',#15017,#3066);
#1596=LINE('',#15020,#3067);
#1597=LINE('',#15022,#3068);
#1598=LINE('',#15023,#3069);
#1599=LINE('',#15025,#3070);
#1600=LINE('',#15027,#3071);
#1601=LINE('',#15030,#3072);
#1602=LINE('',#15031,#3073);
#1603=LINE('',#15033,#3074);
#1604=LINE('',#15036,#3075);
#1605=LINE('',#15037,#3076);
#1606=LINE('',#15040,#3077);
#1607=LINE('',#15042,#3078);
#1608=LINE('',#15043,#3079);
#1609=LINE('',#15045,#3080);
#1610=LINE('',#15048,#3081);
#1611=LINE('',#15049,#3082);
#1612=LINE('',#15051,#3083);
#1613=LINE('',#15054,#3084);
#1614=LINE('',#15055,#3085);
#1615=LINE('',#15058,#3086);
#1616=LINE('',#15060,#3087);
#1617=LINE('',#15061,#3088);
#1618=LINE('',#15063,#3089);
#1619=LINE('',#15066,#3090);
#1620=LINE('',#15067,#3091);
#1621=LINE('',#15069,#3092);
#1622=LINE('',#15072,#3093);
#1623=LINE('',#15073,#3094);
#1624=LINE('',#15076,#3095);
#1625=LINE('',#15078,#3096);
#1626=LINE('',#15079,#3097);
#1627=LINE('',#15081,#3098);
#1628=LINE('',#15084,#3099);
#1629=LINE('',#15085,#3100);
#1630=LINE('',#15088,#3101);
#1631=LINE('',#15089,#3102);
#1632=LINE('',#15092,#3103);
#1633=LINE('',#15093,#3104);
#1634=LINE('',#15096,#3105);
#1635=LINE('',#15097,#3106);
#1636=LINE('',#15100,#3107);
#1637=LINE('',#15101,#3108);
#1638=LINE('',#15103,#3109);
#1639=LINE('',#15106,#3110);
#1640=LINE('',#15108,#3111);
#1641=LINE('',#15109,#3112);
#1642=LINE('',#15111,#3113);
#1643=LINE('',#15114,#3114);
#1644=LINE('',#15115,#3115);
#1645=LINE('',#15118,#3116);
#1646=LINE('',#15119,#3117);
#1647=LINE('',#15122,#3118);
#1648=LINE('',#15123,#3119);
#1649=LINE('',#15125,#3120);
#1650=LINE('',#15131,#3121);
#1651=LINE('',#15133,#3122);
#1652=LINE('',#15135,#3123);
#1653=LINE('',#15136,#3124);
#1654=LINE('',#15140,#3125);
#1655=LINE('',#15142,#3126);
#1656=LINE('',#15144,#3127);
#1657=LINE('',#15145,#3128);
#1658=LINE('',#15148,#3129);
#1659=LINE('',#15150,#3130);
#1660=LINE('',#15151,#3131);
#1661=LINE('',#15154,#3132);
#1662=LINE('',#15156,#3133);
#1663=LINE('',#15157,#3134);
#1664=LINE('',#15161,#3135);
#1665=LINE('',#15163,#3136);
#1666=LINE('',#15165,#3137);
#1667=LINE('',#15166,#3138);
#1668=LINE('',#15169,#3139);
#1669=LINE('',#15171,#3140);
#1670=LINE('',#15172,#3141);
#1671=LINE('',#15175,#3142);
#1672=LINE('',#15177,#3143);
#1673=LINE('',#15178,#3144);
#1674=LINE('',#15182,#3145);
#1675=LINE('',#15184,#3146);
#1676=LINE('',#15186,#3147);
#1677=LINE('',#15187,#3148);
#1678=LINE('',#15190,#3149);
#1679=LINE('',#15192,#3150);
#1680=LINE('',#15193,#3151);
#1681=LINE('',#15196,#3152);
#1682=LINE('',#15198,#3153);
#1683=LINE('',#15199,#3154);
#1684=LINE('',#15203,#3155);
#1685=LINE('',#15205,#3156);
#1686=LINE('',#15207,#3157);
#1687=LINE('',#15208,#3158);
#1688=LINE('',#15211,#3159);
#1689=LINE('',#15213,#3160);
#1690=LINE('',#15214,#3161);
#1691=LINE('',#15217,#3162);
#1692=LINE('',#15219,#3163);
#1693=LINE('',#15220,#3164);
#1694=LINE('',#15224,#3165);
#1695=LINE('',#15226,#3166);
#1696=LINE('',#15228,#3167);
#1697=LINE('',#15229,#3168);
#1698=LINE('',#15232,#3169);
#1699=LINE('',#15234,#3170);
#1700=LINE('',#15235,#3171);
#1701=LINE('',#15238,#3172);
#1702=LINE('',#15240,#3173);
#1703=LINE('',#15241,#3174);
#1704=LINE('',#15245,#3175);
#1705=LINE('',#15247,#3176);
#1706=LINE('',#15249,#3177);
#1707=LINE('',#15250,#3178);
#1708=LINE('',#15253,#3179);
#1709=LINE('',#15255,#3180);
#1710=LINE('',#15256,#3181);
#1711=LINE('',#15260,#3182);
#1712=LINE('',#15262,#3183);
#1713=LINE('',#15264,#3184);
#1714=LINE('',#15265,#3185);
#1715=LINE('',#15268,#3186);
#1716=LINE('',#15270,#3187);
#1717=LINE('',#15271,#3188);
#1718=LINE('',#15274,#3189);
#1719=LINE('',#15276,#3190);
#1720=LINE('',#15277,#3191);
#1721=LINE('',#15280,#3192);
#1722=LINE('',#15282,#3193);
#1723=LINE('',#15284,#3194);
#1724=LINE('',#15286,#3195);
#1725=LINE('',#15288,#3196);
#1726=LINE('',#15289,#3197);
#1727=LINE('',#15290,#3198);
#1728=LINE('',#15291,#3199);
#1729=LINE('',#15292,#3200);
#1730=LINE('',#15293,#3201);
#1731=LINE('',#15294,#3202);
#1732=LINE('',#15295,#3203);
#1733=LINE('',#15297,#3204);
#1734=LINE('',#15299,#3205);
#1735=LINE('',#15301,#3206);
#1736=LINE('',#15303,#3207);
#1737=LINE('',#15305,#3208);
#1738=LINE('',#15307,#3209);
#1739=LINE('',#15309,#3210);
#1740=LINE('',#15311,#3211);
#1741=LINE('',#15313,#3212);
#1742=LINE('',#15315,#3213);
#1743=LINE('',#15317,#3214);
#1744=LINE('',#15319,#3215);
#1745=LINE('',#15321,#3216);
#1746=LINE('',#15323,#3217);
#1747=LINE('',#15324,#3218);
#1748=LINE('',#15327,#3219);
#1749=LINE('',#15328,#3220);
#1750=LINE('',#15330,#3221);
#1751=LINE('',#15333,#3222);
#1752=LINE('',#15335,#3223);
#1753=LINE('',#15336,#3224);
#1754=LINE('',#15339,#3225);
#1755=LINE('',#15340,#3226);
#1756=LINE('',#15343,#3227);
#1757=LINE('',#15344,#3228);
#1758=LINE('',#15346,#3229);
#1759=LINE('',#15348,#3230);
#1760=LINE('',#15351,#3231);
#1761=LINE('',#15353,#3232);
#1762=LINE('',#15354,#3233);
#1763=LINE('',#15357,#3234);
#1764=LINE('',#15358,#3235);
#1765=LINE('',#15361,#3236);
#1766=LINE('',#15362,#3237);
#1767=LINE('',#15364,#3238);
#1768=LINE('',#15366,#3239);
#1769=LINE('',#15369,#3240);
#1770=LINE('',#15371,#3241);
#1771=LINE('',#15372,#3242);
#1772=LINE('',#15375,#3243);
#1773=LINE('',#15376,#3244);
#1774=LINE('',#15379,#3245);
#1775=LINE('',#15380,#3246);
#1776=LINE('',#15382,#3247);
#1777=LINE('',#15384,#3248);
#1778=LINE('',#15387,#3249);
#1779=LINE('',#15388,#3250);
#1780=LINE('',#15391,#3251);
#1781=LINE('',#15392,#3252);
#1782=LINE('',#15394,#3253);
#1783=LINE('',#15396,#3254);
#1784=LINE('',#15399,#3255);
#1785=LINE('',#15400,#3256);
#1786=LINE('',#15402,#3257);
#1787=LINE('',#15405,#3258);
#1788=LINE('',#15406,#3259);
#1789=LINE('',#15409,#3260);
#1790=LINE('',#15410,#3261);
#1791=LINE('',#15413,#3262);
#1792=LINE('',#15414,#3263);
#1793=LINE('',#15416,#3264);
#1794=LINE('',#15423,#3265);
#1795=LINE('',#15428,#3266);
#1796=LINE('',#15430,#3267);
#1797=LINE('',#15432,#3268);
#1798=LINE('',#15433,#3269);
#1799=LINE('',#15436,#3270);
#1800=LINE('',#15438,#3271);
#1801=LINE('',#15439,#3272);
#1802=LINE('',#15442,#3273);
#1803=LINE('',#15443,#3274);
#1804=LINE('',#15447,#3275);
#1805=LINE('',#15449,#3276);
#1806=LINE('',#15451,#3277);
#1807=LINE('',#15452,#3278);
#1808=LINE('',#15455,#3279);
#1809=LINE('',#15457,#3280);
#1810=LINE('',#15458,#3281);
#1811=LINE('',#15461,#3282);
#1812=LINE('',#15463,#3283);
#1813=LINE('',#15464,#3284);
#1814=LINE('',#15467,#3285);
#1815=LINE('',#15468,#3286);
#1816=LINE('',#15470,#3287);
#1817=LINE('',#15471,#3288);
#1818=LINE('',#15473,#3289);
#1819=LINE('',#15478,#3290);
#1820=LINE('',#15480,#3291);
#1821=LINE('',#15482,#3292);
#1822=LINE('',#15484,#3293);
#1823=LINE('',#15486,#3294);
#1824=LINE('',#15488,#3295);
#1825=LINE('',#15490,#3296);
#1826=LINE('',#15492,#3297);
#1827=LINE('',#15494,#3298);
#1828=LINE('',#15496,#3299);
#1829=LINE('',#15498,#3300);
#1830=LINE('',#15500,#3301);
#1831=LINE('',#15502,#3302);
#1832=LINE('',#15504,#3303);
#1833=LINE('',#15506,#3304);
#1834=LINE('',#15508,#3305);
#1835=LINE('',#15510,#3306);
#1836=LINE('',#15512,#3307);
#1837=LINE('',#15514,#3308);
#1838=LINE('',#15516,#3309);
#1839=LINE('',#15518,#3310);
#1840=LINE('',#15520,#3311);
#1841=LINE('',#15522,#3312);
#1842=LINE('',#15524,#3313);
#1843=LINE('',#15526,#3314);
#1844=LINE('',#15528,#3315);
#1845=LINE('',#15530,#3316);
#1846=LINE('',#15532,#3317);
#1847=LINE('',#15534,#3318);
#1848=LINE('',#15536,#3319);
#1849=LINE('',#15538,#3320);
#1850=LINE('',#15540,#3321);
#1851=LINE('',#15542,#3322);
#1852=LINE('',#15544,#3323);
#1853=LINE('',#15546,#3324);
#1854=LINE('',#15548,#3325);
#1855=LINE('',#15550,#3326);
#1856=LINE('',#15552,#3327);
#1857=LINE('',#15554,#3328);
#1858=LINE('',#15556,#3329);
#1859=LINE('',#15558,#3330);
#1860=LINE('',#15560,#3331);
#1861=LINE('',#15562,#3332);
#1862=LINE('',#15564,#3333);
#1863=LINE('',#15566,#3334);
#1864=LINE('',#15568,#3335);
#1865=LINE('',#15570,#3336);
#1866=LINE('',#15572,#3337);
#1867=LINE('',#15574,#3338);
#1868=LINE('',#15576,#3339);
#1869=LINE('',#15578,#3340);
#1870=LINE('',#15580,#3341);
#1871=LINE('',#15582,#3342);
#1872=LINE('',#15584,#3343);
#1873=LINE('',#15586,#3344);
#1874=LINE('',#15588,#3345);
#1875=LINE('',#15590,#3346);
#1876=LINE('',#15592,#3347);
#1877=LINE('',#15594,#3348);
#1878=LINE('',#15596,#3349);
#1879=LINE('',#15598,#3350);
#1880=LINE('',#15600,#3351);
#1881=LINE('',#15602,#3352);
#1882=LINE('',#15604,#3353);
#1883=LINE('',#15606,#3354);
#1884=LINE('',#15608,#3355);
#1885=LINE('',#15610,#3356);
#1886=LINE('',#15612,#3357);
#1887=LINE('',#15614,#3358);
#1888=LINE('',#15616,#3359);
#1889=LINE('',#15618,#3360);
#1890=LINE('',#15620,#3361);
#1891=LINE('',#15622,#3362);
#1892=LINE('',#15624,#3363);
#1893=LINE('',#15626,#3364);
#1894=LINE('',#15628,#3365);
#1895=LINE('',#15630,#3366);
#1896=LINE('',#15632,#3367);
#1897=LINE('',#15634,#3368);
#1898=LINE('',#15636,#3369);
#1899=LINE('',#15638,#3370);
#1900=LINE('',#15640,#3371);
#1901=LINE('',#15642,#3372);
#1902=LINE('',#15644,#3373);
#1903=LINE('',#15646,#3374);
#1904=LINE('',#15648,#3375);
#1905=LINE('',#15650,#3376);
#1906=LINE('',#15652,#3377);
#1907=LINE('',#15654,#3378);
#1908=LINE('',#15656,#3379);
#1909=LINE('',#15658,#3380);
#1910=LINE('',#15660,#3381);
#1911=LINE('',#15662,#3382);
#1912=LINE('',#15664,#3383);
#1913=LINE('',#15666,#3384);
#1914=LINE('',#15668,#3385);
#1915=LINE('',#15670,#3386);
#1916=LINE('',#15672,#3387);
#1917=LINE('',#15674,#3388);
#1918=LINE('',#15676,#3389);
#1919=LINE('',#15678,#3390);
#1920=LINE('',#15680,#3391);
#1921=LINE('',#15682,#3392);
#1922=LINE('',#15684,#3393);
#1923=LINE('',#15686,#3394);
#1924=LINE('',#15688,#3395);
#1925=LINE('',#15690,#3396);
#1926=LINE('',#15692,#3397);
#1927=LINE('',#15694,#3398);
#1928=LINE('',#15696,#3399);
#1929=LINE('',#15698,#3400);
#1930=LINE('',#15700,#3401);
#1931=LINE('',#15702,#3402);
#1932=LINE('',#15704,#3403);
#1933=LINE('',#15706,#3404);
#1934=LINE('',#15708,#3405);
#1935=LINE('',#15710,#3406);
#1936=LINE('',#15712,#3407);
#1937=LINE('',#15714,#3408);
#1938=LINE('',#15716,#3409);
#1939=LINE('',#15718,#3410);
#1940=LINE('',#15720,#3411);
#1941=LINE('',#15722,#3412);
#1942=LINE('',#15724,#3413);
#1943=LINE('',#15726,#3414);
#1944=LINE('',#15728,#3415);
#1945=LINE('',#15730,#3416);
#1946=LINE('',#15732,#3417);
#1947=LINE('',#15734,#3418);
#1948=LINE('',#15736,#3419);
#1949=LINE('',#15738,#3420);
#1950=LINE('',#15740,#3421);
#1951=LINE('',#15742,#3422);
#1952=LINE('',#15744,#3423);
#1953=LINE('',#15746,#3424);
#1954=LINE('',#15748,#3425);
#1955=LINE('',#15750,#3426);
#1956=LINE('',#15752,#3427);
#1957=LINE('',#15754,#3428);
#1958=LINE('',#15756,#3429);
#1959=LINE('',#15758,#3430);
#1960=LINE('',#15760,#3431);
#1961=LINE('',#15762,#3432);
#1962=LINE('',#15764,#3433);
#1963=LINE('',#15766,#3434);
#1964=LINE('',#15768,#3435);
#1965=LINE('',#15770,#3436);
#1966=LINE('',#15772,#3437);
#1967=LINE('',#15774,#3438);
#1968=LINE('',#15776,#3439);
#1969=LINE('',#15778,#3440);
#1970=LINE('',#15780,#3441);
#1971=LINE('',#15782,#3442);
#1972=LINE('',#15784,#3443);
#1973=LINE('',#15786,#3444);
#1974=LINE('',#15788,#3445);
#1975=LINE('',#15790,#3446);
#1976=LINE('',#15792,#3447);
#1977=LINE('',#15794,#3448);
#1978=LINE('',#15796,#3449);
#1979=LINE('',#15798,#3450);
#1980=LINE('',#15800,#3451);
#1981=LINE('',#15802,#3452);
#1982=LINE('',#15804,#3453);
#1983=LINE('',#15806,#3454);
#1984=LINE('',#15808,#3455);
#1985=LINE('',#15810,#3456);
#1986=LINE('',#15812,#3457);
#1987=LINE('',#15814,#3458);
#1988=LINE('',#15816,#3459);
#1989=LINE('',#15818,#3460);
#1990=LINE('',#15820,#3461);
#1991=LINE('',#15822,#3462);
#1992=LINE('',#15824,#3463);
#1993=LINE('',#15826,#3464);
#1994=LINE('',#15828,#3465);
#1995=LINE('',#15830,#3466);
#1996=LINE('',#15832,#3467);
#1997=LINE('',#15834,#3468);
#1998=LINE('',#15836,#3469);
#1999=LINE('',#15838,#3470);
#2000=LINE('',#15840,#3471);
#2001=LINE('',#15842,#3472);
#2002=LINE('',#15844,#3473);
#2003=LINE('',#15846,#3474);
#2004=LINE('',#15848,#3475);
#2005=LINE('',#15850,#3476);
#2006=LINE('',#15852,#3477);
#2007=LINE('',#15854,#3478);
#2008=LINE('',#15856,#3479);
#2009=LINE('',#15858,#3480);
#2010=LINE('',#15860,#3481);
#2011=LINE('',#15862,#3482);
#2012=LINE('',#15864,#3483);
#2013=LINE('',#15866,#3484);
#2014=LINE('',#15868,#3485);
#2015=LINE('',#15870,#3486);
#2016=LINE('',#15872,#3487);
#2017=LINE('',#15874,#3488);
#2018=LINE('',#15876,#3489);
#2019=LINE('',#15878,#3490);
#2020=LINE('',#15880,#3491);
#2021=LINE('',#15882,#3492);
#2022=LINE('',#15884,#3493);
#2023=LINE('',#15886,#3494);
#2024=LINE('',#15888,#3495);
#2025=LINE('',#15890,#3496);
#2026=LINE('',#15892,#3497);
#2027=LINE('',#15894,#3498);
#2028=LINE('',#15896,#3499);
#2029=LINE('',#15898,#3500);
#2030=LINE('',#15900,#3501);
#2031=LINE('',#15902,#3502);
#2032=LINE('',#15904,#3503);
#2033=LINE('',#15906,#3504);
#2034=LINE('',#15908,#3505);
#2035=LINE('',#15910,#3506);
#2036=LINE('',#15912,#3507);
#2037=LINE('',#15914,#3508);
#2038=LINE('',#15916,#3509);
#2039=LINE('',#15918,#3510);
#2040=LINE('',#15920,#3511);
#2041=LINE('',#15922,#3512);
#2042=LINE('',#15924,#3513);
#2043=LINE('',#15926,#3514);
#2044=LINE('',#15928,#3515);
#2045=LINE('',#15930,#3516);
#2046=LINE('',#15932,#3517);
#2047=LINE('',#15934,#3518);
#2048=LINE('',#15936,#3519);
#2049=LINE('',#15938,#3520);
#2050=LINE('',#15940,#3521);
#2051=LINE('',#15942,#3522);
#2052=LINE('',#15944,#3523);
#2053=LINE('',#15946,#3524);
#2054=LINE('',#15948,#3525);
#2055=LINE('',#15950,#3526);
#2056=LINE('',#15952,#3527);
#2057=LINE('',#15954,#3528);
#2058=LINE('',#15956,#3529);
#2059=LINE('',#15958,#3530);
#2060=LINE('',#15960,#3531);
#2061=LINE('',#15962,#3532);
#2062=LINE('',#15964,#3533);
#2063=LINE('',#15966,#3534);
#2064=LINE('',#15968,#3535);
#2065=LINE('',#15970,#3536);
#2066=LINE('',#15972,#3537);
#2067=LINE('',#15974,#3538);
#2068=LINE('',#15976,#3539);
#2069=LINE('',#15978,#3540);
#2070=LINE('',#15980,#3541);
#2071=LINE('',#15982,#3542);
#2072=LINE('',#15984,#3543);
#2073=LINE('',#15986,#3544);
#2074=LINE('',#15988,#3545);
#2075=LINE('',#15990,#3546);
#2076=LINE('',#15992,#3547);
#2077=LINE('',#15994,#3548);
#2078=LINE('',#15996,#3549);
#2079=LINE('',#15998,#3550);
#2080=LINE('',#16000,#3551);
#2081=LINE('',#16002,#3552);
#2082=LINE('',#16004,#3553);
#2083=LINE('',#16006,#3554);
#2084=LINE('',#16008,#3555);
#2085=LINE('',#16010,#3556);
#2086=LINE('',#16012,#3557);
#2087=LINE('',#16014,#3558);
#2088=LINE('',#16016,#3559);
#2089=LINE('',#16018,#3560);
#2090=LINE('',#16020,#3561);
#2091=LINE('',#16022,#3562);
#2092=LINE('',#16024,#3563);
#2093=LINE('',#16026,#3564);
#2094=LINE('',#16028,#3565);
#2095=LINE('',#16030,#3566);
#2096=LINE('',#16032,#3567);
#2097=LINE('',#16034,#3568);
#2098=LINE('',#16036,#3569);
#2099=LINE('',#16038,#3570);
#2100=LINE('',#16040,#3571);
#2101=LINE('',#16042,#3572);
#2102=LINE('',#16044,#3573);
#2103=LINE('',#16046,#3574);
#2104=LINE('',#16048,#3575);
#2105=LINE('',#16050,#3576);
#2106=LINE('',#16052,#3577);
#2107=LINE('',#16054,#3578);
#2108=LINE('',#16055,#3579);
#2109=LINE('',#16058,#3580);
#2110=LINE('',#16060,#3581);
#2111=LINE('',#16061,#3582);
#2112=LINE('',#16064,#3583);
#2113=LINE('',#16065,#3584);
#2114=LINE('',#16068,#3585);
#2115=LINE('',#16069,#3586);
#2116=LINE('',#16072,#3587);
#2117=LINE('',#16073,#3588);
#2118=LINE('',#16076,#3589);
#2119=LINE('',#16077,#3590);
#2120=LINE('',#16080,#3591);
#2121=LINE('',#16081,#3592);
#2122=LINE('',#16084,#3593);
#2123=LINE('',#16085,#3594);
#2124=LINE('',#16088,#3595);
#2125=LINE('',#16089,#3596);
#2126=LINE('',#16092,#3597);
#2127=LINE('',#16093,#3598);
#2128=LINE('',#16096,#3599);
#2129=LINE('',#16097,#3600);
#2130=LINE('',#16100,#3601);
#2131=LINE('',#16101,#3602);
#2132=LINE('',#16104,#3603);
#2133=LINE('',#16105,#3604);
#2134=LINE('',#16108,#3605);
#2135=LINE('',#16109,#3606);
#2136=LINE('',#16112,#3607);
#2137=LINE('',#16113,#3608);
#2138=LINE('',#16116,#3609);
#2139=LINE('',#16117,#3610);
#2140=LINE('',#16120,#3611);
#2141=LINE('',#16121,#3612);
#2142=LINE('',#16124,#3613);
#2143=LINE('',#16125,#3614);
#2144=LINE('',#16128,#3615);
#2145=LINE('',#16129,#3616);
#2146=LINE('',#16132,#3617);
#2147=LINE('',#16133,#3618);
#2148=LINE('',#16136,#3619);
#2149=LINE('',#16137,#3620);
#2150=LINE('',#16140,#3621);
#2151=LINE('',#16141,#3622);
#2152=LINE('',#16144,#3623);
#2153=LINE('',#16145,#3624);
#2154=LINE('',#16148,#3625);
#2155=LINE('',#16149,#3626);
#2156=LINE('',#16152,#3627);
#2157=LINE('',#16153,#3628);
#2158=LINE('',#16156,#3629);
#2159=LINE('',#16157,#3630);
#2160=LINE('',#16160,#3631);
#2161=LINE('',#16161,#3632);
#2162=LINE('',#16164,#3633);
#2163=LINE('',#16165,#3634);
#2164=LINE('',#16168,#3635);
#2165=LINE('',#16169,#3636);
#2166=LINE('',#16172,#3637);
#2167=LINE('',#16173,#3638);
#2168=LINE('',#16176,#3639);
#2169=LINE('',#16177,#3640);
#2170=LINE('',#16180,#3641);
#2171=LINE('',#16181,#3642);
#2172=LINE('',#16184,#3643);
#2173=LINE('',#16185,#3644);
#2174=LINE('',#16188,#3645);
#2175=LINE('',#16189,#3646);
#2176=LINE('',#16192,#3647);
#2177=LINE('',#16193,#3648);
#2178=LINE('',#16196,#3649);
#2179=LINE('',#16197,#3650);
#2180=LINE('',#16200,#3651);
#2181=LINE('',#16201,#3652);
#2182=LINE('',#16204,#3653);
#2183=LINE('',#16205,#3654);
#2184=LINE('',#16208,#3655);
#2185=LINE('',#16209,#3656);
#2186=LINE('',#16212,#3657);
#2187=LINE('',#16213,#3658);
#2188=LINE('',#16216,#3659);
#2189=LINE('',#16217,#3660);
#2190=LINE('',#16220,#3661);
#2191=LINE('',#16221,#3662);
#2192=LINE('',#16224,#3663);
#2193=LINE('',#16225,#3664);
#2194=LINE('',#16228,#3665);
#2195=LINE('',#16229,#3666);
#2196=LINE('',#16232,#3667);
#2197=LINE('',#16233,#3668);
#2198=LINE('',#16236,#3669);
#2199=LINE('',#16237,#3670);
#2200=LINE('',#16240,#3671);
#2201=LINE('',#16241,#3672);
#2202=LINE('',#16244,#3673);
#2203=LINE('',#16245,#3674);
#2204=LINE('',#16248,#3675);
#2205=LINE('',#16249,#3676);
#2206=LINE('',#16252,#3677);
#2207=LINE('',#16253,#3678);
#2208=LINE('',#16256,#3679);
#2209=LINE('',#16257,#3680);
#2210=LINE('',#16260,#3681);
#2211=LINE('',#16261,#3682);
#2212=LINE('',#16264,#3683);
#2213=LINE('',#16265,#3684);
#2214=LINE('',#16268,#3685);
#2215=LINE('',#16269,#3686);
#2216=LINE('',#16272,#3687);
#2217=LINE('',#16273,#3688);
#2218=LINE('',#16276,#3689);
#2219=LINE('',#16277,#3690);
#2220=LINE('',#16280,#3691);
#2221=LINE('',#16281,#3692);
#2222=LINE('',#16284,#3693);
#2223=LINE('',#16285,#3694);
#2224=LINE('',#16288,#3695);
#2225=LINE('',#16289,#3696);
#2226=LINE('',#16292,#3697);
#2227=LINE('',#16293,#3698);
#2228=LINE('',#16296,#3699);
#2229=LINE('',#16297,#3700);
#2230=LINE('',#16300,#3701);
#2231=LINE('',#16301,#3702);
#2232=LINE('',#16304,#3703);
#2233=LINE('',#16305,#3704);
#2234=LINE('',#16308,#3705);
#2235=LINE('',#16309,#3706);
#2236=LINE('',#16312,#3707);
#2237=LINE('',#16313,#3708);
#2238=LINE('',#16316,#3709);
#2239=LINE('',#16317,#3710);
#2240=LINE('',#16320,#3711);
#2241=LINE('',#16321,#3712);
#2242=LINE('',#16324,#3713);
#2243=LINE('',#16325,#3714);
#2244=LINE('',#16328,#3715);
#2245=LINE('',#16329,#3716);
#2246=LINE('',#16332,#3717);
#2247=LINE('',#16333,#3718);
#2248=LINE('',#16336,#3719);
#2249=LINE('',#16337,#3720);
#2250=LINE('',#16340,#3721);
#2251=LINE('',#16341,#3722);
#2252=LINE('',#16344,#3723);
#2253=LINE('',#16345,#3724);
#2254=LINE('',#16348,#3725);
#2255=LINE('',#16349,#3726);
#2256=LINE('',#16352,#3727);
#2257=LINE('',#16353,#3728);
#2258=LINE('',#16356,#3729);
#2259=LINE('',#16357,#3730);
#2260=LINE('',#16360,#3731);
#2261=LINE('',#16361,#3732);
#2262=LINE('',#16364,#3733);
#2263=LINE('',#16365,#3734);
#2264=LINE('',#16368,#3735);
#2265=LINE('',#16369,#3736);
#2266=LINE('',#16372,#3737);
#2267=LINE('',#16373,#3738);
#2268=LINE('',#16376,#3739);
#2269=LINE('',#16377,#3740);
#2270=LINE('',#16380,#3741);
#2271=LINE('',#16381,#3742);
#2272=LINE('',#16384,#3743);
#2273=LINE('',#16385,#3744);
#2274=LINE('',#16388,#3745);
#2275=LINE('',#16389,#3746);
#2276=LINE('',#16392,#3747);
#2277=LINE('',#16393,#3748);
#2278=LINE('',#16396,#3749);
#2279=LINE('',#16397,#3750);
#2280=LINE('',#16400,#3751);
#2281=LINE('',#16401,#3752);
#2282=LINE('',#16404,#3753);
#2283=LINE('',#16405,#3754);
#2284=LINE('',#16408,#3755);
#2285=LINE('',#16409,#3756);
#2286=LINE('',#16412,#3757);
#2287=LINE('',#16413,#3758);
#2288=LINE('',#16416,#3759);
#2289=LINE('',#16417,#3760);
#2290=LINE('',#16420,#3761);
#2291=LINE('',#16421,#3762);
#2292=LINE('',#16424,#3763);
#2293=LINE('',#16425,#3764);
#2294=LINE('',#16428,#3765);
#2295=LINE('',#16429,#3766);
#2296=LINE('',#16432,#3767);
#2297=LINE('',#16433,#3768);
#2298=LINE('',#16436,#3769);
#2299=LINE('',#16437,#3770);
#2300=LINE('',#16440,#3771);
#2301=LINE('',#16441,#3772);
#2302=LINE('',#16444,#3773);
#2303=LINE('',#16445,#3774);
#2304=LINE('',#16448,#3775);
#2305=LINE('',#16449,#3776);
#2306=LINE('',#16452,#3777);
#2307=LINE('',#16453,#3778);
#2308=LINE('',#16456,#3779);
#2309=LINE('',#16457,#3780);
#2310=LINE('',#16460,#3781);
#2311=LINE('',#16461,#3782);
#2312=LINE('',#16464,#3783);
#2313=LINE('',#16465,#3784);
#2314=LINE('',#16468,#3785);
#2315=LINE('',#16469,#3786);
#2316=LINE('',#16472,#3787);
#2317=LINE('',#16473,#3788);
#2318=LINE('',#16476,#3789);
#2319=LINE('',#16477,#3790);
#2320=LINE('',#16480,#3791);
#2321=LINE('',#16481,#3792);
#2322=LINE('',#16484,#3793);
#2323=LINE('',#16485,#3794);
#2324=LINE('',#16488,#3795);
#2325=LINE('',#16489,#3796);
#2326=LINE('',#16492,#3797);
#2327=LINE('',#16493,#3798);
#2328=LINE('',#16496,#3799);
#2329=LINE('',#16497,#3800);
#2330=LINE('',#16500,#3801);
#2331=LINE('',#16501,#3802);
#2332=LINE('',#16504,#3803);
#2333=LINE('',#16505,#3804);
#2334=LINE('',#16508,#3805);
#2335=LINE('',#16509,#3806);
#2336=LINE('',#16512,#3807);
#2337=LINE('',#16513,#3808);
#2338=LINE('',#16516,#3809);
#2339=LINE('',#16517,#3810);
#2340=LINE('',#16520,#3811);
#2341=LINE('',#16521,#3812);
#2342=LINE('',#16524,#3813);
#2343=LINE('',#16525,#3814);
#2344=LINE('',#16528,#3815);
#2345=LINE('',#16529,#3816);
#2346=LINE('',#16532,#3817);
#2347=LINE('',#16533,#3818);
#2348=LINE('',#16536,#3819);
#2349=LINE('',#16537,#3820);
#2350=LINE('',#16540,#3821);
#2351=LINE('',#16541,#3822);
#2352=LINE('',#16544,#3823);
#2353=LINE('',#16545,#3824);
#2354=LINE('',#16548,#3825);
#2355=LINE('',#16549,#3826);
#2356=LINE('',#16552,#3827);
#2357=LINE('',#16553,#3828);
#2358=LINE('',#16556,#3829);
#2359=LINE('',#16557,#3830);
#2360=LINE('',#16560,#3831);
#2361=LINE('',#16561,#3832);
#2362=LINE('',#16564,#3833);
#2363=LINE('',#16565,#3834);
#2364=LINE('',#16568,#3835);
#2365=LINE('',#16569,#3836);
#2366=LINE('',#16572,#3837);
#2367=LINE('',#16573,#3838);
#2368=LINE('',#16576,#3839);
#2369=LINE('',#16577,#3840);
#2370=LINE('',#16580,#3841);
#2371=LINE('',#16581,#3842);
#2372=LINE('',#16584,#3843);
#2373=LINE('',#16585,#3844);
#2374=LINE('',#16588,#3845);
#2375=LINE('',#16589,#3846);
#2376=LINE('',#16592,#3847);
#2377=LINE('',#16593,#3848);
#2378=LINE('',#16596,#3849);
#2379=LINE('',#16597,#3850);
#2380=LINE('',#16600,#3851);
#2381=LINE('',#16601,#3852);
#2382=LINE('',#16604,#3853);
#2383=LINE('',#16605,#3854);
#2384=LINE('',#16608,#3855);
#2385=LINE('',#16609,#3856);
#2386=LINE('',#16612,#3857);
#2387=LINE('',#16613,#3858);
#2388=LINE('',#16616,#3859);
#2389=LINE('',#16617,#3860);
#2390=LINE('',#16620,#3861);
#2391=LINE('',#16621,#3862);
#2392=LINE('',#16624,#3863);
#2393=LINE('',#16625,#3864);
#2394=LINE('',#16628,#3865);
#2395=LINE('',#16629,#3866);
#2396=LINE('',#16632,#3867);
#2397=LINE('',#16633,#3868);
#2398=LINE('',#16636,#3869);
#2399=LINE('',#16637,#3870);
#2400=LINE('',#16640,#3871);
#2401=LINE('',#16641,#3872);
#2402=LINE('',#16644,#3873);
#2403=LINE('',#16645,#3874);
#2404=LINE('',#16648,#3875);
#2405=LINE('',#16649,#3876);
#2406=LINE('',#16652,#3877);
#2407=LINE('',#16653,#3878);
#2408=LINE('',#16656,#3879);
#2409=LINE('',#16657,#3880);
#2410=LINE('',#16660,#3881);
#2411=LINE('',#16661,#3882);
#2412=LINE('',#16664,#3883);
#2413=LINE('',#16665,#3884);
#2414=LINE('',#16668,#3885);
#2415=LINE('',#16669,#3886);
#2416=LINE('',#16672,#3887);
#2417=LINE('',#16673,#3888);
#2418=LINE('',#16676,#3889);
#2419=LINE('',#16677,#3890);
#2420=LINE('',#16680,#3891);
#2421=LINE('',#16681,#3892);
#2422=LINE('',#16684,#3893);
#2423=LINE('',#16685,#3894);
#2424=LINE('',#16688,#3895);
#2425=LINE('',#16689,#3896);
#2426=LINE('',#16692,#3897);
#2427=LINE('',#16693,#3898);
#2428=LINE('',#16696,#3899);
#2429=LINE('',#16697,#3900);
#2430=LINE('',#16700,#3901);
#2431=LINE('',#16701,#3902);
#2432=LINE('',#16704,#3903);
#2433=LINE('',#16705,#3904);
#2434=LINE('',#16708,#3905);
#2435=LINE('',#16709,#3906);
#2436=LINE('',#16712,#3907);
#2437=LINE('',#16713,#3908);
#2438=LINE('',#16716,#3909);
#2439=LINE('',#16717,#3910);
#2440=LINE('',#16720,#3911);
#2441=LINE('',#16721,#3912);
#2442=LINE('',#16724,#3913);
#2443=LINE('',#16725,#3914);
#2444=LINE('',#16728,#3915);
#2445=LINE('',#16729,#3916);
#2446=LINE('',#16732,#3917);
#2447=LINE('',#16733,#3918);
#2448=LINE('',#16736,#3919);
#2449=LINE('',#16737,#3920);
#2450=LINE('',#16740,#3921);
#2451=LINE('',#16741,#3922);
#2452=LINE('',#16744,#3923);
#2453=LINE('',#16745,#3924);
#2454=LINE('',#16748,#3925);
#2455=LINE('',#16749,#3926);
#2456=LINE('',#16752,#3927);
#2457=LINE('',#16753,#3928);
#2458=LINE('',#16756,#3929);
#2459=LINE('',#16757,#3930);
#2460=LINE('',#16760,#3931);
#2461=LINE('',#16761,#3932);
#2462=LINE('',#16764,#3933);
#2463=LINE('',#16765,#3934);
#2464=LINE('',#16768,#3935);
#2465=LINE('',#16769,#3936);
#2466=LINE('',#16772,#3937);
#2467=LINE('',#16773,#3938);
#2468=LINE('',#16776,#3939);
#2469=LINE('',#16777,#3940);
#2470=LINE('',#16780,#3941);
#2471=LINE('',#16781,#3942);
#2472=LINE('',#16784,#3943);
#2473=LINE('',#16785,#3944);
#2474=LINE('',#16788,#3945);
#2475=LINE('',#16789,#3946);
#2476=LINE('',#16792,#3947);
#2477=LINE('',#16793,#3948);
#2478=LINE('',#16796,#3949);
#2479=LINE('',#16797,#3950);
#2480=LINE('',#16800,#3951);
#2481=LINE('',#16801,#3952);
#2482=LINE('',#16804,#3953);
#2483=LINE('',#16805,#3954);
#2484=LINE('',#16808,#3955);
#2485=LINE('',#16809,#3956);
#2486=LINE('',#16812,#3957);
#2487=LINE('',#16813,#3958);
#2488=LINE('',#16816,#3959);
#2489=LINE('',#16817,#3960);
#2490=LINE('',#16820,#3961);
#2491=LINE('',#16821,#3962);
#2492=LINE('',#16824,#3963);
#2493=LINE('',#16825,#3964);
#2494=LINE('',#16828,#3965);
#2495=LINE('',#16829,#3966);
#2496=LINE('',#16832,#3967);
#2497=LINE('',#16833,#3968);
#2498=LINE('',#16836,#3969);
#2499=LINE('',#16837,#3970);
#2500=LINE('',#16840,#3971);
#2501=LINE('',#16841,#3972);
#2502=LINE('',#16844,#3973);
#2503=LINE('',#16845,#3974);
#2504=LINE('',#16848,#3975);
#2505=LINE('',#16849,#3976);
#2506=LINE('',#16852,#3977);
#2507=LINE('',#16853,#3978);
#2508=LINE('',#16856,#3979);
#2509=LINE('',#16857,#3980);
#2510=LINE('',#16860,#3981);
#2511=LINE('',#16861,#3982);
#2512=LINE('',#16864,#3983);
#2513=LINE('',#16865,#3984);
#2514=LINE('',#16868,#3985);
#2515=LINE('',#16869,#3986);
#2516=LINE('',#16872,#3987);
#2517=LINE('',#16873,#3988);
#2518=LINE('',#16876,#3989);
#2519=LINE('',#16877,#3990);
#2520=LINE('',#16880,#3991);
#2521=LINE('',#16881,#3992);
#2522=LINE('',#16884,#3993);
#2523=LINE('',#16885,#3994);
#2524=LINE('',#16888,#3995);
#2525=LINE('',#16889,#3996);
#2526=LINE('',#16892,#3997);
#2527=LINE('',#16893,#3998);
#2528=LINE('',#16896,#3999);
#2529=LINE('',#16897,#4000);
#2530=LINE('',#16900,#4001);
#2531=LINE('',#16901,#4002);
#2532=LINE('',#16904,#4003);
#2533=LINE('',#16905,#4004);
#2534=LINE('',#16908,#4005);
#2535=LINE('',#16909,#4006);
#2536=LINE('',#16912,#4007);
#2537=LINE('',#16913,#4008);
#2538=LINE('',#16916,#4009);
#2539=LINE('',#16917,#4010);
#2540=LINE('',#16920,#4011);
#2541=LINE('',#16921,#4012);
#2542=LINE('',#16924,#4013);
#2543=LINE('',#16925,#4014);
#2544=LINE('',#16928,#4015);
#2545=LINE('',#16929,#4016);
#2546=LINE('',#16932,#4017);
#2547=LINE('',#16933,#4018);
#2548=LINE('',#16936,#4019);
#2549=LINE('',#16937,#4020);
#2550=LINE('',#16940,#4021);
#2551=LINE('',#16941,#4022);
#2552=LINE('',#16944,#4023);
#2553=LINE('',#16945,#4024);
#2554=LINE('',#16948,#4025);
#2555=LINE('',#16949,#4026);
#2556=LINE('',#16952,#4027);
#2557=LINE('',#16953,#4028);
#2558=LINE('',#16956,#4029);
#2559=LINE('',#16957,#4030);
#2560=LINE('',#16960,#4031);
#2561=LINE('',#16961,#4032);
#2562=LINE('',#16964,#4033);
#2563=LINE('',#16965,#4034);
#2564=LINE('',#16968,#4035);
#2565=LINE('',#16969,#4036);
#2566=LINE('',#16972,#4037);
#2567=LINE('',#16973,#4038);
#2568=LINE('',#16976,#4039);
#2569=LINE('',#16977,#4040);
#2570=LINE('',#16980,#4041);
#2571=LINE('',#16981,#4042);
#2572=LINE('',#16984,#4043);
#2573=LINE('',#16985,#4044);
#2574=LINE('',#16988,#4045);
#2575=LINE('',#16989,#4046);
#2576=LINE('',#16992,#4047);
#2577=LINE('',#16993,#4048);
#2578=LINE('',#16996,#4049);
#2579=LINE('',#16997,#4050);
#2580=LINE('',#17000,#4051);
#2581=LINE('',#17001,#4052);
#2582=LINE('',#17004,#4053);
#2583=LINE('',#17005,#4054);
#2584=LINE('',#17008,#4055);
#2585=LINE('',#17009,#4056);
#2586=LINE('',#17012,#4057);
#2587=LINE('',#17013,#4058);
#2588=LINE('',#17016,#4059);
#2589=LINE('',#17017,#4060);
#2590=LINE('',#17020,#4061);
#2591=LINE('',#17021,#4062);
#2592=LINE('',#17024,#4063);
#2593=LINE('',#17025,#4064);
#2594=LINE('',#17028,#4065);
#2595=LINE('',#17029,#4066);
#2596=LINE('',#17032,#4067);
#2597=LINE('',#17033,#4068);
#2598=LINE('',#17036,#4069);
#2599=LINE('',#17037,#4070);
#2600=LINE('',#17040,#4071);
#2601=LINE('',#17041,#4072);
#2602=LINE('',#17044,#4073);
#2603=LINE('',#17045,#4074);
#2604=LINE('',#17048,#4075);
#2605=LINE('',#17049,#4076);
#2606=LINE('',#17052,#4077);
#2607=LINE('',#17053,#4078);
#2608=LINE('',#17056,#4079);
#2609=LINE('',#17057,#4080);
#2610=LINE('',#17060,#4081);
#2611=LINE('',#17061,#4082);
#2612=LINE('',#17064,#4083);
#2613=LINE('',#17065,#4084);
#2614=LINE('',#17068,#4085);
#2615=LINE('',#17069,#4086);
#2616=LINE('',#17072,#4087);
#2617=LINE('',#17073,#4088);
#2618=LINE('',#17076,#4089);
#2619=LINE('',#17077,#4090);
#2620=LINE('',#17080,#4091);
#2621=LINE('',#17081,#4092);
#2622=LINE('',#17084,#4093);
#2623=LINE('',#17085,#4094);
#2624=LINE('',#17088,#4095);
#2625=LINE('',#17089,#4096);
#2626=LINE('',#17092,#4097);
#2627=LINE('',#17093,#4098);
#2628=LINE('',#17096,#4099);
#2629=LINE('',#17097,#4100);
#2630=LINE('',#17100,#4101);
#2631=LINE('',#17101,#4102);
#2632=LINE('',#17104,#4103);
#2633=LINE('',#17105,#4104);
#2634=LINE('',#17108,#4105);
#2635=LINE('',#17109,#4106);
#2636=LINE('',#17112,#4107);
#2637=LINE('',#17113,#4108);
#2638=LINE('',#17116,#4109);
#2639=LINE('',#17117,#4110);
#2640=LINE('',#17120,#4111);
#2641=LINE('',#17121,#4112);
#2642=LINE('',#17124,#4113);
#2643=LINE('',#17125,#4114);
#2644=LINE('',#17128,#4115);
#2645=LINE('',#17129,#4116);
#2646=LINE('',#17132,#4117);
#2647=LINE('',#17133,#4118);
#2648=LINE('',#17136,#4119);
#2649=LINE('',#17137,#4120);
#2650=LINE('',#17140,#4121);
#2651=LINE('',#17141,#4122);
#2652=LINE('',#17144,#4123);
#2653=LINE('',#17145,#4124);
#2654=LINE('',#17148,#4125);
#2655=LINE('',#17149,#4126);
#2656=LINE('',#17152,#4127);
#2657=LINE('',#17153,#4128);
#2658=LINE('',#17156,#4129);
#2659=LINE('',#17157,#4130);
#2660=LINE('',#17160,#4131);
#2661=LINE('',#17161,#4132);
#2662=LINE('',#17164,#4133);
#2663=LINE('',#17165,#4134);
#2664=LINE('',#17168,#4135);
#2665=LINE('',#17169,#4136);
#2666=LINE('',#17172,#4137);
#2667=LINE('',#17173,#4138);
#2668=LINE('',#17176,#4139);
#2669=LINE('',#17177,#4140);
#2670=LINE('',#17180,#4141);
#2671=LINE('',#17181,#4142);
#2672=LINE('',#17184,#4143);
#2673=LINE('',#17185,#4144);
#2674=LINE('',#17188,#4145);
#2675=LINE('',#17189,#4146);
#2676=LINE('',#17192,#4147);
#2677=LINE('',#17193,#4148);
#2678=LINE('',#17196,#4149);
#2679=LINE('',#17197,#4150);
#2680=LINE('',#17200,#4151);
#2681=LINE('',#17201,#4152);
#2682=LINE('',#17204,#4153);
#2683=LINE('',#17205,#4154);
#2684=LINE('',#17208,#4155);
#2685=LINE('',#17209,#4156);
#2686=LINE('',#17212,#4157);
#2687=LINE('',#17213,#4158);
#2688=LINE('',#17215,#4159);
#2689=LINE('',#17221,#4160);
#2690=LINE('',#17223,#4161);
#2691=LINE('',#17225,#4162);
#2692=LINE('',#17226,#4163);
#2693=LINE('',#17230,#4164);
#2694=LINE('',#17232,#4165);
#2695=LINE('',#17234,#4166);
#2696=LINE('',#17235,#4167);
#2697=LINE('',#17239,#4168);
#2698=LINE('',#17241,#4169);
#2699=LINE('',#17243,#4170);
#2700=LINE('',#17244,#4171);
#2701=LINE('',#17246,#4172);
#2702=LINE('',#17247,#4173);
#2703=LINE('',#17250,#4174);
#2704=LINE('',#17252,#4175);
#2705=LINE('',#17253,#4176);
#2706=LINE('',#17256,#4177);
#2707=LINE('',#17258,#4178);
#2708=LINE('',#17259,#4179);
#2709=LINE('',#17263,#4180);
#2710=LINE('',#17265,#4181);
#2711=LINE('',#17267,#4182);
#2712=LINE('',#17268,#4183);
#2713=LINE('',#17277,#4184);
#2714=LINE('',#17281,#4185);
#2715=LINE('',#17286,#4186);
#2716=LINE('',#17288,#4187);
#2717=LINE('',#17290,#4188);
#2718=LINE('',#17291,#4189);
#2719=LINE('',#17293,#4190);
#2720=LINE('',#17295,#4191);
#2721=LINE('',#17297,#4192);
#2722=LINE('',#17299,#4193);
#2723=LINE('',#17300,#4194);
#2724=LINE('',#17303,#4195);
#2725=LINE('',#17305,#4196);
#2726=LINE('',#17306,#4197);
#2727=LINE('',#17309,#4198);
#2728=LINE('',#17310,#4199);
#2729=LINE('',#17312,#4200);
#2730=LINE('',#17314,#4201);
#2731=LINE('',#17315,#4202);
#2732=LINE('',#17317,#4203);
#2733=LINE('',#17320,#4204);
#2734=LINE('',#17321,#4205);
#2735=LINE('',#17323,#4206);
#2736=LINE('',#17326,#4207);
#2737=LINE('',#17331,#4208);
#2738=LINE('',#17333,#4209);
#2739=LINE('',#17335,#4210);
#2740=LINE('',#17336,#4211);
#2741=LINE('',#17346,#4212);
#2742=LINE('',#17348,#4213);
#2743=LINE('',#17350,#4214);
#2744=LINE('',#17352,#4215);
#2745=LINE('',#17353,#4216);
#2746=LINE('',#17357,#4217);
#2747=LINE('',#17358,#4218);
#2748=LINE('',#17359,#4219);
#2749=LINE('',#17362,#4220);
#2750=LINE('',#17363,#4221);
#2751=LINE('',#17366,#4222);
#2752=LINE('',#17367,#4223);
#2753=LINE('',#17369,#4224);
#2754=LINE('',#17371,#4225);
#2755=LINE('',#17373,#4226);
#2756=LINE('',#17376,#4227);
#2757=LINE('',#17379,#4228);
#2758=LINE('',#17380,#4229);
#2759=LINE('',#17383,#4230);
#2760=LINE('',#17384,#4231);
#2761=LINE('',#17387,#4232);
#2762=LINE('',#17388,#4233);
#2763=LINE('',#17391,#4234);
#2764=LINE('',#17392,#4235);
#2765=LINE('',#17394,#4236);
#2766=LINE('',#17401,#4237);
#2767=LINE('',#17406,#4238);
#2768=LINE('',#17408,#4239);
#2769=LINE('',#17410,#4240);
#2770=LINE('',#17411,#4241);
#2771=LINE('',#17414,#4242);
#2772=LINE('',#17416,#4243);
#2773=LINE('',#17417,#4244);
#2774=LINE('',#17420,#4245);
#2775=LINE('',#17422,#4246);
#2776=LINE('',#17423,#4247);
#2777=LINE('',#17425,#4248);
#2778=LINE('',#17426,#4249);
#2779=LINE('',#17434,#4250);
#2780=LINE('',#17439,#4251);
#2781=LINE('',#17441,#4252);
#2782=LINE('',#17443,#4253);
#2783=LINE('',#17444,#4254);
#2784=LINE('',#17447,#4255);
#2785=LINE('',#17449,#4256);
#2786=LINE('',#17450,#4257);
#2787=LINE('',#17453,#4258);
#2788=LINE('',#17455,#4259);
#2789=LINE('',#17456,#4260);
#2790=LINE('',#17458,#4261);
#2791=LINE('',#17459,#4262);
#2792=LINE('',#17467,#4263);
#2793=LINE('',#17472,#4264);
#2794=LINE('',#17474,#4265);
#2795=LINE('',#17476,#4266);
#2796=LINE('',#17477,#4267);
#2797=LINE('',#17480,#4268);
#2798=LINE('',#17482,#4269);
#2799=LINE('',#17483,#4270);
#2800=LINE('',#17486,#4271);
#2801=LINE('',#17488,#4272);
#2802=LINE('',#17489,#4273);
#2803=LINE('',#17491,#4274);
#2804=LINE('',#17492,#4275);
#2805=LINE('',#17500,#4276);
#2806=LINE('',#17505,#4277);
#2807=LINE('',#17507,#4278);
#2808=LINE('',#17509,#4279);
#2809=LINE('',#17510,#4280);
#2810=LINE('',#17513,#4281);
#2811=LINE('',#17515,#4282);
#2812=LINE('',#17516,#4283);
#2813=LINE('',#17519,#4284);
#2814=LINE('',#17521,#4285);
#2815=LINE('',#17522,#4286);
#2816=LINE('',#17524,#4287);
#2817=LINE('',#17525,#4288);
#2818=LINE('',#17533,#4289);
#2819=LINE('',#17542,#4290);
#2820=LINE('',#17551,#4291);
#2821=LINE('',#17557,#4292);
#2822=LINE('',#17566,#4293);
#2823=LINE('',#17572,#4294);
#2824=LINE('',#17581,#4295);
#2825=LINE('',#17587,#4296);
#2826=LINE('',#17596,#4297);
#2827=LINE('',#17602,#4298);
#2828=LINE('',#17610,#4299);
#2829=LINE('',#17612,#4300);
#2830=LINE('',#17614,#4301);
#2831=LINE('',#17615,#4302);
#2832=LINE('',#17621,#4303);
#2833=LINE('',#17623,#4304);
#2834=LINE('',#17625,#4305);
#2835=LINE('',#17626,#4306);
#2836=LINE('',#17628,#4307);
#2837=LINE('',#17629,#4308);
#2838=LINE('',#17631,#4309);
#2839=LINE('',#17632,#4310);
#2840=LINE('',#17637,#4311);
#2841=VECTOR('',#11808,1.);
#2842=VECTOR('',#11809,1.);
#2843=VECTOR('',#11810,1.);
#2844=VECTOR('',#11811,1.);
#2845=VECTOR('',#11814,1.);
#2846=VECTOR('',#11815,1.);
#2847=VECTOR('',#11816,1.);
#2848=VECTOR('',#11819,1.);
#2849=VECTOR('',#11820,1.);
#2850=VECTOR('',#11821,1.);
#2851=VECTOR('',#11824,1.);
#2852=VECTOR('',#11825,1.);
#2853=VECTOR('',#11828,1.);
#2854=VECTOR('',#11829,1.);
#2855=VECTOR('',#11830,1.);
#2856=VECTOR('',#11831,1.);
#2857=VECTOR('',#11832,1.);
#2858=VECTOR('',#11833,1.);
#2859=VECTOR('',#11834,1.);
#2860=VECTOR('',#11837,1.);
#2861=VECTOR('',#11838,1.);
#2862=VECTOR('',#11841,1.);
#2863=VECTOR('',#11842,1.);
#2864=VECTOR('',#11845,1.);
#2865=VECTOR('',#11846,1.);
#2866=VECTOR('',#11851,1.);
#2867=VECTOR('',#11852,1.);
#2868=VECTOR('',#11855,1.);
#2869=VECTOR('',#11856,1.);
#2870=VECTOR('',#11859,1.);
#2871=VECTOR('',#11860,1.);
#2872=VECTOR('',#11863,1.);
#2873=VECTOR('',#11864,1.);
#2874=VECTOR('',#11865,1.);
#2875=VECTOR('',#11866,1.);
#2876=VECTOR('',#11867,1.);
#2877=VECTOR('',#11868,1.);
#2878=VECTOR('',#11871,1.);
#2879=VECTOR('',#11874,1.);
#2880=VECTOR('',#11875,1.);
#2881=VECTOR('',#11878,1.);
#2882=VECTOR('',#11879,1.);
#2883=VECTOR('',#11882,1.);
#2884=VECTOR('',#11887,1.);
#2885=VECTOR('',#11890,1.);
#2886=VECTOR('',#11891,1.);
#2887=VECTOR('',#11894,1.);
#2888=VECTOR('',#11901,1.);
#2889=VECTOR('',#11902,1.);
#2890=VECTOR('',#11903,1.);
#2891=VECTOR('',#11904,1.);
#2892=VECTOR('',#11907,1.);
#2893=VECTOR('',#11908,1.);
#2894=VECTOR('',#11909,1.);
#2895=VECTOR('',#11912,1.);
#2896=VECTOR('',#11913,1.);
#2897=VECTOR('',#11916,1.);
#2898=VECTOR('',#11917,1.);
#2899=VECTOR('',#11920,1.);
#2900=VECTOR('',#11927,1.);
#2901=VECTOR('',#11928,1.);
#2902=VECTOR('',#11929,1.);
#2903=VECTOR('',#11930,1.);
#2904=VECTOR('',#11933,1.);
#2905=VECTOR('',#11934,1.);
#2906=VECTOR('',#11935,1.);
#2907=VECTOR('',#11938,1.);
#2908=VECTOR('',#11939,1.);
#2909=VECTOR('',#11940,1.);
#2910=VECTOR('',#11943,1.);
#2911=VECTOR('',#11944,1.);
#2912=VECTOR('',#11945,1.);
#2913=VECTOR('',#11946,1.);
#2914=VECTOR('',#11947,1.);
#2915=VECTOR('',#11948,1.);
#2916=VECTOR('',#11949,1.);
#2917=VECTOR('',#11950,1.);
#2918=VECTOR('',#11951,1.);
#2919=VECTOR('',#11954,1.);
#2920=VECTOR('',#11955,1.);
#2921=VECTOR('',#11956,1.);
#2922=VECTOR('',#11957,1.);
#2923=VECTOR('',#11958,1.);
#2924=VECTOR('',#11959,1.);
#2925=VECTOR('',#11960,1.);
#2926=VECTOR('',#11961,1.);
#2927=VECTOR('',#11962,1.);
#2928=VECTOR('',#11965,1.);
#2929=VECTOR('',#11968,1.);
#2930=VECTOR('',#11971,1.);
#2931=VECTOR('',#11974,1.);
#2932=VECTOR('',#11975,1.);
#2933=VECTOR('',#11976,1.);
#2934=VECTOR('',#11977,1.);
#2935=VECTOR('',#11980,1.);
#2936=VECTOR('',#11981,1.);
#2937=VECTOR('',#11982,1.);
#2938=VECTOR('',#11983,1.);
#2939=VECTOR('',#11984,1.);
#2940=VECTOR('',#11985,1.);
#2941=VECTOR('',#11986,1.);
#2942=VECTOR('',#11989,1.);
#2943=VECTOR('',#11990,1.);
#2944=VECTOR('',#11993,1.);
#2945=VECTOR('',#11996,1.);
#2946=VECTOR('',#11997,1.);
#2947=VECTOR('',#12000,1.);
#2948=VECTOR('',#12001,1.);
#2949=VECTOR('',#12006,1.);
#2950=VECTOR('',#12007,1.);
#2951=VECTOR('',#12010,1.);
#2952=VECTOR('',#12011,1.);
#2953=VECTOR('',#12014,1.);
#2954=VECTOR('',#12017,1.);
#2955=VECTOR('',#12018,1.);
#2956=VECTOR('',#12019,1.);
#2957=VECTOR('',#12020,1.);
#2958=VECTOR('',#12021,1.);
#2959=VECTOR('',#12022,1.);
#2960=VECTOR('',#12023,1.);
#2961=VECTOR('',#12026,1.);
#2962=VECTOR('',#12027,1.);
#2963=VECTOR('',#12030,1.);
#2964=VECTOR('',#12031,1.);
#2965=VECTOR('',#12034,1.);
#2966=VECTOR('',#12037,1.);
#2967=VECTOR('',#12040,1.);
#2968=VECTOR('',#12043,1.);
#2969=VECTOR('',#12044,1.);
#2970=VECTOR('',#12047,1.);
#2971=VECTOR('',#12048,1.);
#2972=VECTOR('',#12051,1.);
#2973=VECTOR('',#12056,1.);
#2974=VECTOR('',#12059,1.);
#2975=VECTOR('',#12060,1.);
#2976=VECTOR('',#12065,1.);
#2977=VECTOR('',#12072,1.);
#2978=VECTOR('',#12073,1.);
#2979=VECTOR('',#12074,1.);
#2980=VECTOR('',#12075,1.);
#2981=VECTOR('',#12078,1.);
#2982=VECTOR('',#12079,1.);
#2983=VECTOR('',#12080,1.);
#2984=VECTOR('',#12083,1.);
#2985=VECTOR('',#12084,1.);
#2986=VECTOR('',#12085,1.);
#2987=VECTOR('',#12086,1.);
#2988=VECTOR('',#12089,1.);
#2989=VECTOR('',#12090,1.);
#2990=VECTOR('',#12091,1.);
#2991=VECTOR('',#12094,1.);
#2992=VECTOR('',#12095,1.);
#2993=VECTOR('',#12096,1.);
#2994=VECTOR('',#12099,1.);
#2995=VECTOR('',#12100,1.);
#2996=VECTOR('',#12101,1.);
#2997=VECTOR('',#12102,1.);
#2998=VECTOR('',#12105,1.);
#2999=VECTOR('',#12106,1.);
#3000=VECTOR('',#12107,1.);
#3001=VECTOR('',#12110,1.);
#3002=VECTOR('',#12111,1.);
#3003=VECTOR('',#12112,1.);
#3004=VECTOR('',#12115,1.);
#3005=VECTOR('',#12116,1.);
#3006=VECTOR('',#12117,1.);
#3007=VECTOR('',#12118,1.);
#3008=VECTOR('',#12121,1.);
#3009=VECTOR('',#12122,1.);
#3010=VECTOR('',#12123,1.);
#3011=VECTOR('',#12126,1.);
#3012=VECTOR('',#12127,1.);
#3013=VECTOR('',#12128,1.);
#3014=VECTOR('',#12131,1.);
#3015=VECTOR('',#12132,1.);
#3016=VECTOR('',#12133,1.);
#3017=VECTOR('',#12134,1.);
#3018=VECTOR('',#12137,1.);
#3019=VECTOR('',#12138,1.);
#3020=VECTOR('',#12139,1.);
#3021=VECTOR('',#12142,1.);
#3022=VECTOR('',#12143,1.);
#3023=VECTOR('',#12144,1.);
#3024=VECTOR('',#12147,1.);
#3025=VECTOR('',#12148,1.);
#3026=VECTOR('',#12149,1.);
#3027=VECTOR('',#12150,1.);
#3028=VECTOR('',#12153,1.);
#3029=VECTOR('',#12154,1.);
#3030=VECTOR('',#12155,1.);
#3031=VECTOR('',#12156,1.);
#3032=VECTOR('',#12157,1.);
#3033=VECTOR('',#12158,1.);
#3034=VECTOR('',#12159,1.);
#3035=VECTOR('',#12160,1.);
#3036=VECTOR('',#12161,1.);
#3037=VECTOR('',#12162,1.);
#3038=VECTOR('',#12163,1.);
#3039=VECTOR('',#12164,1.);
#3040=VECTOR('',#12165,1.);
#3041=VECTOR('',#12166,1.);
#3042=VECTOR('',#12167,1.);
#3043=VECTOR('',#12168,1.);
#3044=VECTOR('',#12169,1.);
#3045=VECTOR('',#12170,1.);
#3046=VECTOR('',#12171,1.);
#3047=VECTOR('',#12172,1.);
#3048=VECTOR('',#12173,1.);
#3049=VECTOR('',#12174,1.);
#3050=VECTOR('',#12175,1.);
#3051=VECTOR('',#12176,1.);
#3052=VECTOR('',#12177,1.);
#3053=VECTOR('',#12178,1.);
#3054=VECTOR('',#12179,1.);
#3055=VECTOR('',#12180,1.);
#3056=VECTOR('',#12181,1.);
#3057=VECTOR('',#12182,1.);
#3058=VECTOR('',#12183,1.);
#3059=VECTOR('',#12184,1.);
#3060=VECTOR('',#12185,1.);
#3061=VECTOR('',#12188,1.);
#3062=VECTOR('',#12191,1.);
#3063=VECTOR('',#12192,1.);
#3064=VECTOR('',#12195,1.);
#3065=VECTOR('',#12196,1.);
#3066=VECTOR('',#12197,1.);
#3067=VECTOR('',#12200,1.);
#3068=VECTOR('',#12201,1.);
#3069=VECTOR('',#12202,1.);
#3070=VECTOR('',#12205,1.);
#3071=VECTOR('',#12208,1.);
#3072=VECTOR('',#12211,1.);
#3073=VECTOR('',#12212,1.);
#3074=VECTOR('',#12215,1.);
#3075=VECTOR('',#12218,1.);
#3076=VECTOR('',#12219,1.);
#3077=VECTOR('',#12222,1.);
#3078=VECTOR('',#12223,1.);
#3079=VECTOR('',#12224,1.);
#3080=VECTOR('',#12227,1.);
#3081=VECTOR('',#12230,1.);
#3082=VECTOR('',#12231,1.);
#3083=VECTOR('',#12234,1.);
#3084=VECTOR('',#12237,1.);
#3085=VECTOR('',#12238,1.);
#3086=VECTOR('',#12241,1.);
#3087=VECTOR('',#12242,1.);
#3088=VECTOR('',#12243,1.);
#3089=VECTOR('',#12246,1.);
#3090=VECTOR('',#12249,1.);
#3091=VECTOR('',#12250,1.);
#3092=VECTOR('',#12253,1.);
#3093=VECTOR('',#12256,1.);
#3094=VECTOR('',#12257,1.);
#3095=VECTOR('',#12260,1.);
#3096=VECTOR('',#12261,1.);
#3097=VECTOR('',#12262,1.);
#3098=VECTOR('',#12265,1.);
#3099=VECTOR('',#12268,1.);
#3100=VECTOR('',#12269,1.);
#3101=VECTOR('',#12272,1.);
#3102=VECTOR('',#12273,1.);
#3103=VECTOR('',#12276,1.);
#3104=VECTOR('',#12277,1.);
#3105=VECTOR('',#12280,1.);
#3106=VECTOR('',#12281,1.);
#3107=VECTOR('',#12284,1.);
#3108=VECTOR('',#12285,1.);
#3109=VECTOR('',#12288,1.);
#3110=VECTOR('',#12291,1.);
#3111=VECTOR('',#12292,1.);
#3112=VECTOR('',#12293,1.);
#3113=VECTOR('',#12296,1.);
#3114=VECTOR('',#12299,1.);
#3115=VECTOR('',#12300,1.);
#3116=VECTOR('',#12303,1.);
#3117=VECTOR('',#12304,1.);
#3118=VECTOR('',#12307,1.);
#3119=VECTOR('',#12308,1.);
#3120=VECTOR('',#12311,1.);
#3121=VECTOR('',#12318,1.);
#3122=VECTOR('',#12319,1.);
#3123=VECTOR('',#12320,1.);
#3124=VECTOR('',#12321,1.);
#3125=VECTOR('',#12324,1.);
#3126=VECTOR('',#12325,1.);
#3127=VECTOR('',#12326,1.);
#3128=VECTOR('',#12327,1.);
#3129=VECTOR('',#12330,1.);
#3130=VECTOR('',#12331,1.);
#3131=VECTOR('',#12332,1.);
#3132=VECTOR('',#12335,1.);
#3133=VECTOR('',#12336,1.);
#3134=VECTOR('',#12337,1.);
#3135=VECTOR('',#12340,1.);
#3136=VECTOR('',#12341,1.);
#3137=VECTOR('',#12342,1.);
#3138=VECTOR('',#12343,1.);
#3139=VECTOR('',#12346,1.);
#3140=VECTOR('',#12347,1.);
#3141=VECTOR('',#12348,1.);
#3142=VECTOR('',#12351,1.);
#3143=VECTOR('',#12352,1.);
#3144=VECTOR('',#12353,1.);
#3145=VECTOR('',#12356,1.);
#3146=VECTOR('',#12357,1.);
#3147=VECTOR('',#12358,1.);
#3148=VECTOR('',#12359,1.);
#3149=VECTOR('',#12362,1.);
#3150=VECTOR('',#12363,1.);
#3151=VECTOR('',#12364,1.);
#3152=VECTOR('',#12367,1.);
#3153=VECTOR('',#12368,1.);
#3154=VECTOR('',#12369,1.);
#3155=VECTOR('',#12372,1.);
#3156=VECTOR('',#12373,1.);
#3157=VECTOR('',#12374,1.);
#3158=VECTOR('',#12375,1.);
#3159=VECTOR('',#12378,1.);
#3160=VECTOR('',#12379,1.);
#3161=VECTOR('',#12380,1.);
#3162=VECTOR('',#12383,1.);
#3163=VECTOR('',#12384,1.);
#3164=VECTOR('',#12385,1.);
#3165=VECTOR('',#12388,1.);
#3166=VECTOR('',#12389,1.);
#3167=VECTOR('',#12390,1.);
#3168=VECTOR('',#12391,1.);
#3169=VECTOR('',#12394,1.);
#3170=VECTOR('',#12395,1.);
#3171=VECTOR('',#12396,1.);
#3172=VECTOR('',#12399,1.);
#3173=VECTOR('',#12400,1.);
#3174=VECTOR('',#12401,1.);
#3175=VECTOR('',#12404,1.);
#3176=VECTOR('',#12405,1.);
#3177=VECTOR('',#12406,1.);
#3178=VECTOR('',#12407,1.);
#3179=VECTOR('',#12410,1.);
#3180=VECTOR('',#12411,1.);
#3181=VECTOR('',#12412,1.);
#3182=VECTOR('',#12415,1.);
#3183=VECTOR('',#12416,1.);
#3184=VECTOR('',#12417,1.);
#3185=VECTOR('',#12418,1.);
#3186=VECTOR('',#12421,1.);
#3187=VECTOR('',#12422,1.);
#3188=VECTOR('',#12423,1.);
#3189=VECTOR('',#12426,1.);
#3190=VECTOR('',#12427,1.);
#3191=VECTOR('',#12428,1.);
#3192=VECTOR('',#12431,1.);
#3193=VECTOR('',#12432,1.);
#3194=VECTOR('',#12433,1.);
#3195=VECTOR('',#12434,1.);
#3196=VECTOR('',#12435,1.);
#3197=VECTOR('',#12436,1.);
#3198=VECTOR('',#12437,1.);
#3199=VECTOR('',#12438,1.);
#3200=VECTOR('',#12439,1.);
#3201=VECTOR('',#12440,1.);
#3202=VECTOR('',#12441,1.);
#3203=VECTOR('',#12442,1.);
#3204=VECTOR('',#12443,1.);
#3205=VECTOR('',#12444,1.);
#3206=VECTOR('',#12445,1.);
#3207=VECTOR('',#12446,1.);
#3208=VECTOR('',#12447,1.);
#3209=VECTOR('',#12448,1.);
#3210=VECTOR('',#12449,1.);
#3211=VECTOR('',#12450,1.);
#3212=VECTOR('',#12451,1.);
#3213=VECTOR('',#12452,1.);
#3214=VECTOR('',#12453,1.);
#3215=VECTOR('',#12454,1.);
#3216=VECTOR('',#12455,1.);
#3217=VECTOR('',#12456,1.);
#3218=VECTOR('',#12457,1.);
#3219=VECTOR('',#12460,1.);
#3220=VECTOR('',#12461,1.);
#3221=VECTOR('',#12464,1.);
#3222=VECTOR('',#12467,1.);
#3223=VECTOR('',#12468,1.);
#3224=VECTOR('',#12469,1.);
#3225=VECTOR('',#12472,1.);
#3226=VECTOR('',#12473,1.);
#3227=VECTOR('',#12476,1.);
#3228=VECTOR('',#12477,1.);
#3229=VECTOR('',#12480,1.);
#3230=VECTOR('',#12483,1.);
#3231=VECTOR('',#12486,1.);
#3232=VECTOR('',#12487,1.);
#3233=VECTOR('',#12488,1.);
#3234=VECTOR('',#12491,1.);
#3235=VECTOR('',#12492,1.);
#3236=VECTOR('',#12495,1.);
#3237=VECTOR('',#12496,1.);
#3238=VECTOR('',#12499,1.);
#3239=VECTOR('',#12502,1.);
#3240=VECTOR('',#12505,1.);
#3241=VECTOR('',#12506,1.);
#3242=VECTOR('',#12507,1.);
#3243=VECTOR('',#12510,1.);
#3244=VECTOR('',#12511,1.);
#3245=VECTOR('',#12514,1.);
#3246=VECTOR('',#12515,1.);
#3247=VECTOR('',#12518,1.);
#3248=VECTOR('',#12521,1.);
#3249=VECTOR('',#12524,1.);
#3250=VECTOR('',#12525,1.);
#3251=VECTOR('',#12528,1.);
#3252=VECTOR('',#12529,1.);
#3253=VECTOR('',#12532,1.);
#3254=VECTOR('',#12535,1.);
#3255=VECTOR('',#12538,1.);
#3256=VECTOR('',#12539,1.);
#3257=VECTOR('',#12542,1.);
#3258=VECTOR('',#12545,1.);
#3259=VECTOR('',#12546,1.);
#3260=VECTOR('',#12549,1.);
#3261=VECTOR('',#12550,1.);
#3262=VECTOR('',#12553,1.);
#3263=VECTOR('',#12554,1.);
#3264=VECTOR('',#12557,1.);
#3265=VECTOR('',#12566,0.3);
#3266=VECTOR('',#12571,1.);
#3267=VECTOR('',#12572,1.);
#3268=VECTOR('',#12573,1.);
#3269=VECTOR('',#12574,1.);
#3270=VECTOR('',#12577,1.);
#3271=VECTOR('',#12578,1.);
#3272=VECTOR('',#12579,1.);
#3273=VECTOR('',#12582,1.);
#3274=VECTOR('',#12583,1.);
#3275=VECTOR('',#12586,1.);
#3276=VECTOR('',#12587,1.);
#3277=VECTOR('',#12588,1.);
#3278=VECTOR('',#12589,1.);
#3279=VECTOR('',#12592,1.);
#3280=VECTOR('',#12593,1.);
#3281=VECTOR('',#12594,1.);
#3282=VECTOR('',#12597,1.);
#3283=VECTOR('',#12598,1.);
#3284=VECTOR('',#12599,1.);
#3285=VECTOR('',#12602,1.);
#3286=VECTOR('',#12603,1.);
#3287=VECTOR('',#12606,1.);
#3288=VECTOR('',#12607,1.);
#3289=VECTOR('',#12610,1.);
#3290=VECTOR('',#12615,1.);
#3291=VECTOR('',#12616,1.);
#3292=VECTOR('',#12617,1.);
#3293=VECTOR('',#12618,1.);
#3294=VECTOR('',#12619,1.);
#3295=VECTOR('',#12620,1.);
#3296=VECTOR('',#12621,1.);
#3297=VECTOR('',#12622,1.);
#3298=VECTOR('',#12623,1.);
#3299=VECTOR('',#12624,1.);
#3300=VECTOR('',#12625,1.);
#3301=VECTOR('',#12626,1.);
#3302=VECTOR('',#12627,1.);
#3303=VECTOR('',#12628,1.);
#3304=VECTOR('',#12629,0.999999999999999);
#3305=VECTOR('',#12630,1.);
#3306=VECTOR('',#12631,1.);
#3307=VECTOR('',#12632,1.);
#3308=VECTOR('',#12633,1.);
#3309=VECTOR('',#12634,1.);
#3310=VECTOR('',#12635,1.);
#3311=VECTOR('',#12636,1.);
#3312=VECTOR('',#12637,1.);
#3313=VECTOR('',#12638,1.);
#3314=VECTOR('',#12639,1.);
#3315=VECTOR('',#12640,1.);
#3316=VECTOR('',#12641,0.999999999999999);
#3317=VECTOR('',#12642,1.);
#3318=VECTOR('',#12643,1.);
#3319=VECTOR('',#12644,0.999999999999999);
#3320=VECTOR('',#12645,1.);
#3321=VECTOR('',#12646,1.);
#3322=VECTOR('',#12647,1.);
#3323=VECTOR('',#12648,1.);
#3324=VECTOR('',#12649,1.);
#3325=VECTOR('',#12650,1.);
#3326=VECTOR('',#12651,1.);
#3327=VECTOR('',#12652,1.);
#3328=VECTOR('',#12653,1.);
#3329=VECTOR('',#12654,1.);
#3330=VECTOR('',#12655,1.);
#3331=VECTOR('',#12656,1.);
#3332=VECTOR('',#12657,1.);
#3333=VECTOR('',#12658,1.);
#3334=VECTOR('',#12659,1.);
#3335=VECTOR('',#12660,1.);
#3336=VECTOR('',#12661,1.);
#3337=VECTOR('',#12662,1.);
#3338=VECTOR('',#12663,1.);
#3339=VECTOR('',#12664,1.);
#3340=VECTOR('',#12665,1.);
#3341=VECTOR('',#12666,1.);
#3342=VECTOR('',#12667,1.);
#3343=VECTOR('',#12668,1.);
#3344=VECTOR('',#12669,1.);
#3345=VECTOR('',#12670,1.);
#3346=VECTOR('',#12671,1.);
#3347=VECTOR('',#12672,1.);
#3348=VECTOR('',#12673,1.);
#3349=VECTOR('',#12674,1.);
#3350=VECTOR('',#12675,1.);
#3351=VECTOR('',#12676,1.);
#3352=VECTOR('',#12677,1.);
#3353=VECTOR('',#12678,0.999999999999999);
#3354=VECTOR('',#12679,1.);
#3355=VECTOR('',#12680,1.);
#3356=VECTOR('',#12681,1.);
#3357=VECTOR('',#12682,1.);
#3358=VECTOR('',#12683,1.);
#3359=VECTOR('',#12684,1.);
#3360=VECTOR('',#12685,1.);
#3361=VECTOR('',#12686,1.);
#3362=VECTOR('',#12687,1.);
#3363=VECTOR('',#12688,1.);
#3364=VECTOR('',#12689,1.);
#3365=VECTOR('',#12690,1.);
#3366=VECTOR('',#12691,1.);
#3367=VECTOR('',#12692,1.);
#3368=VECTOR('',#12693,1.);
#3369=VECTOR('',#12694,1.);
#3370=VECTOR('',#12695,1.);
#3371=VECTOR('',#12696,1.);
#3372=VECTOR('',#12697,1.);
#3373=VECTOR('',#12698,1.);
#3374=VECTOR('',#12699,1.);
#3375=VECTOR('',#12700,1.);
#3376=VECTOR('',#12701,1.);
#3377=VECTOR('',#12702,1.);
#3378=VECTOR('',#12703,1.);
#3379=VECTOR('',#12704,1.);
#3380=VECTOR('',#12705,1.);
#3381=VECTOR('',#12706,1.);
#3382=VECTOR('',#12707,1.);
#3383=VECTOR('',#12708,1.);
#3384=VECTOR('',#12709,1.);
#3385=VECTOR('',#12710,1.);
#3386=VECTOR('',#12711,1.);
#3387=VECTOR('',#12712,1.);
#3388=VECTOR('',#12713,1.);
#3389=VECTOR('',#12714,1.);
#3390=VECTOR('',#12715,1.);
#3391=VECTOR('',#12716,1.);
#3392=VECTOR('',#12717,1.);
#3393=VECTOR('',#12718,1.);
#3394=VECTOR('',#12719,1.);
#3395=VECTOR('',#12720,1.);
#3396=VECTOR('',#12721,1.);
#3397=VECTOR('',#12722,1.);
#3398=VECTOR('',#12723,1.);
#3399=VECTOR('',#12724,1.);
#3400=VECTOR('',#12725,1.);
#3401=VECTOR('',#12726,1.);
#3402=VECTOR('',#12727,1.);
#3403=VECTOR('',#12728,1.);
#3404=VECTOR('',#12729,0.999999999999999);
#3405=VECTOR('',#12730,1.);
#3406=VECTOR('',#12731,1.);
#3407=VECTOR('',#12732,1.);
#3408=VECTOR('',#12733,1.);
#3409=VECTOR('',#12734,1.);
#3410=VECTOR('',#12735,1.);
#3411=VECTOR('',#12736,1.);
#3412=VECTOR('',#12737,1.);
#3413=VECTOR('',#12738,1.);
#3414=VECTOR('',#12739,1.);
#3415=VECTOR('',#12740,1.);
#3416=VECTOR('',#12741,1.);
#3417=VECTOR('',#12742,1.);
#3418=VECTOR('',#12743,0.999999999999999);
#3419=VECTOR('',#12744,1.);
#3420=VECTOR('',#12745,1.);
#3421=VECTOR('',#12746,1.);
#3422=VECTOR('',#12747,1.);
#3423=VECTOR('',#12748,1.);
#3424=VECTOR('',#12749,1.);
#3425=VECTOR('',#12750,1.);
#3426=VECTOR('',#12751,1.);
#3427=VECTOR('',#12752,1.);
#3428=VECTOR('',#12753,0.999999999999999);
#3429=VECTOR('',#12754,1.);
#3430=VECTOR('',#12755,1.);
#3431=VECTOR('',#12756,1.);
#3432=VECTOR('',#12757,1.);
#3433=VECTOR('',#12758,1.);
#3434=VECTOR('',#12759,1.);
#3435=VECTOR('',#12760,1.);
#3436=VECTOR('',#12761,1.);
#3437=VECTOR('',#12762,1.);
#3438=VECTOR('',#12763,1.);
#3439=VECTOR('',#12764,1.);
#3440=VECTOR('',#12765,0.999999999999999);
#3441=VECTOR('',#12766,1.);
#3442=VECTOR('',#12767,1.);
#3443=VECTOR('',#12768,1.);
#3444=VECTOR('',#12769,1.);
#3445=VECTOR('',#12770,1.);
#3446=VECTOR('',#12771,1.);
#3447=VECTOR('',#12772,1.);
#3448=VECTOR('',#12773,1.);
#3449=VECTOR('',#12774,1.);
#3450=VECTOR('',#12775,1.);
#3451=VECTOR('',#12776,0.999999999999999);
#3452=VECTOR('',#12777,1.);
#3453=VECTOR('',#12778,1.);
#3454=VECTOR('',#12779,1.);
#3455=VECTOR('',#12780,1.);
#3456=VECTOR('',#12781,1.);
#3457=VECTOR('',#12782,1.);
#3458=VECTOR('',#12783,1.);
#3459=VECTOR('',#12784,1.);
#3460=VECTOR('',#12785,1.);
#3461=VECTOR('',#12786,1.);
#3462=VECTOR('',#12787,1.);
#3463=VECTOR('',#12788,1.);
#3464=VECTOR('',#12789,1.);
#3465=VECTOR('',#12790,1.);
#3466=VECTOR('',#12791,1.);
#3467=VECTOR('',#12792,1.);
#3468=VECTOR('',#12793,1.);
#3469=VECTOR('',#12794,1.);
#3470=VECTOR('',#12795,1.);
#3471=VECTOR('',#12796,1.);
#3472=VECTOR('',#12797,1.);
#3473=VECTOR('',#12798,1.);
#3474=VECTOR('',#12799,1.);
#3475=VECTOR('',#12800,1.);
#3476=VECTOR('',#12801,1.);
#3477=VECTOR('',#12802,1.);
#3478=VECTOR('',#12803,1.);
#3479=VECTOR('',#12804,1.);
#3480=VECTOR('',#12805,1.);
#3481=VECTOR('',#12806,1.);
#3482=VECTOR('',#12807,1.);
#3483=VECTOR('',#12808,1.);
#3484=VECTOR('',#12809,1.);
#3485=VECTOR('',#12810,1.);
#3486=VECTOR('',#12811,1.);
#3487=VECTOR('',#12812,1.);
#3488=VECTOR('',#12813,1.);
#3489=VECTOR('',#12814,1.);
#3490=VECTOR('',#12815,1.);
#3491=VECTOR('',#12816,1.);
#3492=VECTOR('',#12817,1.);
#3493=VECTOR('',#12818,1.);
#3494=VECTOR('',#12819,1.);
#3495=VECTOR('',#12820,1.);
#3496=VECTOR('',#12821,1.);
#3497=VECTOR('',#12822,1.);
#3498=VECTOR('',#12823,1.);
#3499=VECTOR('',#12824,1.);
#3500=VECTOR('',#12825,1.);
#3501=VECTOR('',#12826,1.);
#3502=VECTOR('',#12827,1.);
#3503=VECTOR('',#12828,1.);
#3504=VECTOR('',#12829,1.);
#3505=VECTOR('',#12830,1.);
#3506=VECTOR('',#12831,1.);
#3507=VECTOR('',#12832,1.);
#3508=VECTOR('',#12833,1.);
#3509=VECTOR('',#12834,1.);
#3510=VECTOR('',#12835,0.999999999999999);
#3511=VECTOR('',#12836,1.);
#3512=VECTOR('',#12837,1.);
#3513=VECTOR('',#12838,1.);
#3514=VECTOR('',#12839,1.);
#3515=VECTOR('',#12840,1.);
#3516=VECTOR('',#12841,1.);
#3517=VECTOR('',#12842,1.);
#3518=VECTOR('',#12843,1.);
#3519=VECTOR('',#12844,1.);
#3520=VECTOR('',#12845,1.);
#3521=VECTOR('',#12846,1.);
#3522=VECTOR('',#12847,1.);
#3523=VECTOR('',#12848,1.);
#3524=VECTOR('',#12849,1.);
#3525=VECTOR('',#12850,1.);
#3526=VECTOR('',#12851,1.);
#3527=VECTOR('',#12852,1.);
#3528=VECTOR('',#12853,0.999999999999999);
#3529=VECTOR('',#12854,1.);
#3530=VECTOR('',#12855,1.);
#3531=VECTOR('',#12856,1.);
#3532=VECTOR('',#12857,1.);
#3533=VECTOR('',#12858,1.);
#3534=VECTOR('',#12859,1.);
#3535=VECTOR('',#12860,1.);
#3536=VECTOR('',#12861,1.);
#3537=VECTOR('',#12862,1.);
#3538=VECTOR('',#12863,1.);
#3539=VECTOR('',#12864,1.);
#3540=VECTOR('',#12865,1.);
#3541=VECTOR('',#12866,1.);
#3542=VECTOR('',#12867,1.);
#3543=VECTOR('',#12868,1.);
#3544=VECTOR('',#12869,1.);
#3545=VECTOR('',#12870,1.);
#3546=VECTOR('',#12871,1.);
#3547=VECTOR('',#12872,1.);
#3548=VECTOR('',#12873,1.);
#3549=VECTOR('',#12874,1.);
#3550=VECTOR('',#12875,1.);
#3551=VECTOR('',#12876,1.);
#3552=VECTOR('',#12877,1.);
#3553=VECTOR('',#12878,1.);
#3554=VECTOR('',#12879,1.);
#3555=VECTOR('',#12880,1.);
#3556=VECTOR('',#12881,1.);
#3557=VECTOR('',#12882,1.);
#3558=VECTOR('',#12883,1.);
#3559=VECTOR('',#12884,1.);
#3560=VECTOR('',#12885,1.);
#3561=VECTOR('',#12886,1.);
#3562=VECTOR('',#12887,0.999999999999999);
#3563=VECTOR('',#12888,1.);
#3564=VECTOR('',#12889,1.);
#3565=VECTOR('',#12890,0.999999999999999);
#3566=VECTOR('',#12891,1.);
#3567=VECTOR('',#12892,1.);
#3568=VECTOR('',#12893,1.);
#3569=VECTOR('',#12894,1.);
#3570=VECTOR('',#12895,1.);
#3571=VECTOR('',#12896,1.);
#3572=VECTOR('',#12897,1.);
#3573=VECTOR('',#12898,1.);
#3574=VECTOR('',#12899,1.);
#3575=VECTOR('',#12900,1.);
#3576=VECTOR('',#12901,1.);
#3577=VECTOR('',#12902,1.);
#3578=VECTOR('',#12903,1.);
#3579=VECTOR('',#12904,1.);
#3580=VECTOR('',#12907,1.);
#3581=VECTOR('',#12908,1.);
#3582=VECTOR('',#12909,1.);
#3583=VECTOR('',#12912,1.);
#3584=VECTOR('',#12913,1.);
#3585=VECTOR('',#12916,1.);
#3586=VECTOR('',#12917,1.);
#3587=VECTOR('',#12920,1.);
#3588=VECTOR('',#12921,1.);
#3589=VECTOR('',#12924,1.);
#3590=VECTOR('',#12925,1.);
#3591=VECTOR('',#12928,1.);
#3592=VECTOR('',#12929,1.);
#3593=VECTOR('',#12932,1.);
#3594=VECTOR('',#12933,1.);
#3595=VECTOR('',#12936,1.);
#3596=VECTOR('',#12937,0.999999999999999);
#3597=VECTOR('',#12940,1.);
#3598=VECTOR('',#12941,1.);
#3599=VECTOR('',#12944,1.);
#3600=VECTOR('',#12945,1.);
#3601=VECTOR('',#12948,1.);
#3602=VECTOR('',#12949,1.);
#3603=VECTOR('',#12952,1.);
#3604=VECTOR('',#12953,1.);
#3605=VECTOR('',#12956,1.);
#3606=VECTOR('',#12957,1.);
#3607=VECTOR('',#12960,1.);
#3608=VECTOR('',#12961,1.);
#3609=VECTOR('',#12964,1.);
#3610=VECTOR('',#12965,1.);
#3611=VECTOR('',#12968,1.);
#3612=VECTOR('',#12969,1.);
#3613=VECTOR('',#12972,1.);
#3614=VECTOR('',#12973,1.);
#3615=VECTOR('',#12976,1.);
#3616=VECTOR('',#12977,0.999999999999999);
#3617=VECTOR('',#12980,1.);
#3618=VECTOR('',#12981,1.);
#3619=VECTOR('',#12984,1.);
#3620=VECTOR('',#12985,1.);
#3621=VECTOR('',#12988,1.);
#3622=VECTOR('',#12989,1.);
#3623=VECTOR('',#12992,1.);
#3624=VECTOR('',#12993,1.);
#3625=VECTOR('',#12996,1.);
#3626=VECTOR('',#12997,1.);
#3627=VECTOR('',#13000,1.);
#3628=VECTOR('',#13001,1.);
#3629=VECTOR('',#13004,1.);
#3630=VECTOR('',#13005,1.);
#3631=VECTOR('',#13008,1.);
#3632=VECTOR('',#13009,1.);
#3633=VECTOR('',#13012,1.);
#3634=VECTOR('',#13013,1.);
#3635=VECTOR('',#13016,1.);
#3636=VECTOR('',#13017,1.);
#3637=VECTOR('',#13020,1.);
#3638=VECTOR('',#13021,1.);
#3639=VECTOR('',#13024,1.);
#3640=VECTOR('',#13025,1.);
#3641=VECTOR('',#13028,1.);
#3642=VECTOR('',#13029,1.);
#3643=VECTOR('',#13032,1.);
#3644=VECTOR('',#13033,0.999999999999999);
#3645=VECTOR('',#13036,1.);
#3646=VECTOR('',#13037,1.);
#3647=VECTOR('',#13040,1.);
#3648=VECTOR('',#13041,1.);
#3649=VECTOR('',#13044,1.);
#3650=VECTOR('',#13045,1.);
#3651=VECTOR('',#13048,1.);
#3652=VECTOR('',#13049,1.);
#3653=VECTOR('',#13052,1.);
#3654=VECTOR('',#13053,1.);
#3655=VECTOR('',#13056,1.);
#3656=VECTOR('',#13057,1.);
#3657=VECTOR('',#13060,1.);
#3658=VECTOR('',#13061,1.);
#3659=VECTOR('',#13064,1.);
#3660=VECTOR('',#13065,1.);
#3661=VECTOR('',#13068,1.);
#3662=VECTOR('',#13069,1.);
#3663=VECTOR('',#13072,1.);
#3664=VECTOR('',#13073,1.);
#3665=VECTOR('',#13076,1.);
#3666=VECTOR('',#13077,1.);
#3667=VECTOR('',#13080,1.);
#3668=VECTOR('',#13081,1.);
#3669=VECTOR('',#13084,1.);
#3670=VECTOR('',#13085,1.);
#3671=VECTOR('',#13088,1.);
#3672=VECTOR('',#13089,1.);
#3673=VECTOR('',#13092,1.);
#3674=VECTOR('',#13093,1.);
#3675=VECTOR('',#13096,1.);
#3676=VECTOR('',#13097,1.);
#3677=VECTOR('',#13100,1.);
#3678=VECTOR('',#13101,1.);
#3679=VECTOR('',#13104,1.);
#3680=VECTOR('',#13105,1.);
#3681=VECTOR('',#13108,1.);
#3682=VECTOR('',#13109,1.);
#3683=VECTOR('',#13112,1.);
#3684=VECTOR('',#13113,1.);
#3685=VECTOR('',#13116,1.);
#3686=VECTOR('',#13117,1.);
#3687=VECTOR('',#13120,1.);
#3688=VECTOR('',#13121,1.);
#3689=VECTOR('',#13124,1.);
#3690=VECTOR('',#13125,1.);
#3691=VECTOR('',#13128,1.);
#3692=VECTOR('',#13129,1.);
#3693=VECTOR('',#13132,1.);
#3694=VECTOR('',#13133,1.);
#3695=VECTOR('',#13136,1.);
#3696=VECTOR('',#13137,1.);
#3697=VECTOR('',#13140,1.);
#3698=VECTOR('',#13141,1.);
#3699=VECTOR('',#13144,1.);
#3700=VECTOR('',#13145,1.);
#3701=VECTOR('',#13148,1.);
#3702=VECTOR('',#13149,1.);
#3703=VECTOR('',#13152,1.);
#3704=VECTOR('',#13153,1.);
#3705=VECTOR('',#13156,1.);
#3706=VECTOR('',#13157,1.);
#3707=VECTOR('',#13160,1.);
#3708=VECTOR('',#13161,1.);
#3709=VECTOR('',#13164,1.);
#3710=VECTOR('',#13165,1.);
#3711=VECTOR('',#13168,1.);
#3712=VECTOR('',#13169,1.);
#3713=VECTOR('',#13172,1.);
#3714=VECTOR('',#13173,1.);
#3715=VECTOR('',#13176,1.);
#3716=VECTOR('',#13177,1.);
#3717=VECTOR('',#13180,1.);
#3718=VECTOR('',#13181,1.);
#3719=VECTOR('',#13184,1.);
#3720=VECTOR('',#13185,1.);
#3721=VECTOR('',#13188,1.);
#3722=VECTOR('',#13189,1.);
#3723=VECTOR('',#13192,1.);
#3724=VECTOR('',#13193,1.);
#3725=VECTOR('',#13196,1.);
#3726=VECTOR('',#13197,1.);
#3727=VECTOR('',#13200,1.);
#3728=VECTOR('',#13201,1.);
#3729=VECTOR('',#13204,1.);
#3730=VECTOR('',#13205,1.);
#3731=VECTOR('',#13208,1.);
#3732=VECTOR('',#13209,1.);
#3733=VECTOR('',#13212,1.);
#3734=VECTOR('',#13213,1.);
#3735=VECTOR('',#13216,1.);
#3736=VECTOR('',#13217,1.);
#3737=VECTOR('',#13220,1.);
#3738=VECTOR('',#13221,1.);
#3739=VECTOR('',#13224,1.);
#3740=VECTOR('',#13225,1.);
#3741=VECTOR('',#13228,1.);
#3742=VECTOR('',#13229,1.);
#3743=VECTOR('',#13232,1.);
#3744=VECTOR('',#13233,1.);
#3745=VECTOR('',#13236,1.);
#3746=VECTOR('',#13237,0.999999999999999);
#3747=VECTOR('',#13240,1.);
#3748=VECTOR('',#13241,1.);
#3749=VECTOR('',#13244,1.);
#3750=VECTOR('',#13245,1.);
#3751=VECTOR('',#13248,1.);
#3752=VECTOR('',#13249,1.);
#3753=VECTOR('',#13252,1.);
#3754=VECTOR('',#13253,1.);
#3755=VECTOR('',#13256,1.);
#3756=VECTOR('',#13257,1.);
#3757=VECTOR('',#13260,1.);
#3758=VECTOR('',#13261,1.);
#3759=VECTOR('',#13264,1.);
#3760=VECTOR('',#13265,1.);
#3761=VECTOR('',#13268,1.);
#3762=VECTOR('',#13269,1.);
#3763=VECTOR('',#13272,1.);
#3764=VECTOR('',#13273,1.);
#3765=VECTOR('',#13276,1.);
#3766=VECTOR('',#13277,1.);
#3767=VECTOR('',#13280,1.);
#3768=VECTOR('',#13281,1.);
#3769=VECTOR('',#13284,1.);
#3770=VECTOR('',#13285,1.);
#3771=VECTOR('',#13288,1.);
#3772=VECTOR('',#13289,1.);
#3773=VECTOR('',#13292,1.);
#3774=VECTOR('',#13293,1.);
#3775=VECTOR('',#13296,1.);
#3776=VECTOR('',#13297,1.);
#3777=VECTOR('',#13300,1.);
#3778=VECTOR('',#13301,1.);
#3779=VECTOR('',#13304,1.);
#3780=VECTOR('',#13305,1.);
#3781=VECTOR('',#13308,1.);
#3782=VECTOR('',#13309,1.);
#3783=VECTOR('',#13312,1.);
#3784=VECTOR('',#13313,1.);
#3785=VECTOR('',#13316,1.);
#3786=VECTOR('',#13317,1.);
#3787=VECTOR('',#13320,1.);
#3788=VECTOR('',#13321,1.);
#3789=VECTOR('',#13324,1.);
#3790=VECTOR('',#13325,1.);
#3791=VECTOR('',#13328,1.);
#3792=VECTOR('',#13329,1.);
#3793=VECTOR('',#13332,1.);
#3794=VECTOR('',#13333,1.);
#3795=VECTOR('',#13336,1.);
#3796=VECTOR('',#13337,1.);
#3797=VECTOR('',#13340,1.);
#3798=VECTOR('',#13341,1.);
#3799=VECTOR('',#13344,1.);
#3800=VECTOR('',#13345,1.);
#3801=VECTOR('',#13348,1.);
#3802=VECTOR('',#13349,1.);
#3803=VECTOR('',#13352,1.);
#3804=VECTOR('',#13353,1.);
#3805=VECTOR('',#13356,1.);
#3806=VECTOR('',#13357,1.);
#3807=VECTOR('',#13360,1.);
#3808=VECTOR('',#13361,1.);
#3809=VECTOR('',#13364,1.);
#3810=VECTOR('',#13365,1.);
#3811=VECTOR('',#13368,1.);
#3812=VECTOR('',#13369,1.);
#3813=VECTOR('',#13372,1.);
#3814=VECTOR('',#13373,0.999999999999999);
#3815=VECTOR('',#13376,1.);
#3816=VECTOR('',#13377,1.);
#3817=VECTOR('',#13380,1.);
#3818=VECTOR('',#13381,1.);
#3819=VECTOR('',#13384,1.);
#3820=VECTOR('',#13385,0.999999999999999);
#3821=VECTOR('',#13388,1.);
#3822=VECTOR('',#13389,1.);
#3823=VECTOR('',#13392,1.);
#3824=VECTOR('',#13393,1.);
#3825=VECTOR('',#13396,1.);
#3826=VECTOR('',#13397,1.);
#3827=VECTOR('',#13400,1.);
#3828=VECTOR('',#13401,1.);
#3829=VECTOR('',#13404,1.);
#3830=VECTOR('',#13405,1.);
#3831=VECTOR('',#13408,1.);
#3832=VECTOR('',#13409,1.);
#3833=VECTOR('',#13412,1.);
#3834=VECTOR('',#13413,1.);
#3835=VECTOR('',#13416,1.);
#3836=VECTOR('',#13417,1.);
#3837=VECTOR('',#13420,1.);
#3838=VECTOR('',#13421,1.);
#3839=VECTOR('',#13424,1.);
#3840=VECTOR('',#13425,1.);
#3841=VECTOR('',#13428,1.);
#3842=VECTOR('',#13429,1.);
#3843=VECTOR('',#13432,1.);
#3844=VECTOR('',#13433,0.999999999999999);
#3845=VECTOR('',#13436,1.);
#3846=VECTOR('',#13437,1.);
#3847=VECTOR('',#13440,1.);
#3848=VECTOR('',#13441,1.);
#3849=VECTOR('',#13444,1.);
#3850=VECTOR('',#13445,1.);
#3851=VECTOR('',#13448,1.);
#3852=VECTOR('',#13449,1.);
#3853=VECTOR('',#13452,1.);
#3854=VECTOR('',#13453,1.);
#3855=VECTOR('',#13456,1.);
#3856=VECTOR('',#13457,1.);
#3857=VECTOR('',#13460,1.);
#3858=VECTOR('',#13461,1.);
#3859=VECTOR('',#13464,1.);
#3860=VECTOR('',#13465,1.);
#3861=VECTOR('',#13468,1.);
#3862=VECTOR('',#13469,1.);
#3863=VECTOR('',#13472,1.);
#3864=VECTOR('',#13473,1.);
#3865=VECTOR('',#13476,1.);
#3866=VECTOR('',#13477,1.);
#3867=VECTOR('',#13480,1.);
#3868=VECTOR('',#13481,1.);
#3869=VECTOR('',#13484,1.);
#3870=VECTOR('',#13485,1.);
#3871=VECTOR('',#13488,1.);
#3872=VECTOR('',#13489,1.);
#3873=VECTOR('',#13492,1.);
#3874=VECTOR('',#13493,1.);
#3875=VECTOR('',#13496,1.);
#3876=VECTOR('',#13497,1.);
#3877=VECTOR('',#13500,1.);
#3878=VECTOR('',#13501,1.);
#3879=VECTOR('',#13504,1.);
#3880=VECTOR('',#13505,1.);
#3881=VECTOR('',#13508,0.999999999999999);
#3882=VECTOR('',#13509,1.);
#3883=VECTOR('',#13512,1.);
#3884=VECTOR('',#13513,1.);
#3885=VECTOR('',#13516,1.);
#3886=VECTOR('',#13517,1.);
#3887=VECTOR('',#13520,1.);
#3888=VECTOR('',#13521,1.);
#3889=VECTOR('',#13524,1.);
#3890=VECTOR('',#13525,1.);
#3891=VECTOR('',#13528,1.);
#3892=VECTOR('',#13529,1.);
#3893=VECTOR('',#13532,1.);
#3894=VECTOR('',#13533,1.);
#3895=VECTOR('',#13536,1.);
#3896=VECTOR('',#13537,1.);
#3897=VECTOR('',#13540,1.);
#3898=VECTOR('',#13541,1.);
#3899=VECTOR('',#13544,1.);
#3900=VECTOR('',#13545,1.);
#3901=VECTOR('',#13548,1.);
#3902=VECTOR('',#13549,1.);
#3903=VECTOR('',#13552,0.999999999999999);
#3904=VECTOR('',#13553,1.);
#3905=VECTOR('',#13556,1.);
#3906=VECTOR('',#13557,1.);
#3907=VECTOR('',#13560,1.);
#3908=VECTOR('',#13561,1.);
#3909=VECTOR('',#13564,1.);
#3910=VECTOR('',#13565,1.);
#3911=VECTOR('',#13568,1.);
#3912=VECTOR('',#13569,1.);
#3913=VECTOR('',#13572,1.);
#3914=VECTOR('',#13573,1.);
#3915=VECTOR('',#13576,1.);
#3916=VECTOR('',#13577,1.);
#3917=VECTOR('',#13580,1.);
#3918=VECTOR('',#13581,1.);
#3919=VECTOR('',#13584,1.);
#3920=VECTOR('',#13585,1.);
#3921=VECTOR('',#13588,1.);
#3922=VECTOR('',#13589,1.);
#3923=VECTOR('',#13592,1.);
#3924=VECTOR('',#13593,1.);
#3925=VECTOR('',#13596,1.);
#3926=VECTOR('',#13597,1.);
#3927=VECTOR('',#13600,1.);
#3928=VECTOR('',#13601,1.);
#3929=VECTOR('',#13604,1.);
#3930=VECTOR('',#13605,1.);
#3931=VECTOR('',#13608,1.);
#3932=VECTOR('',#13609,1.);
#3933=VECTOR('',#13612,1.);
#3934=VECTOR('',#13613,1.);
#3935=VECTOR('',#13616,1.);
#3936=VECTOR('',#13617,1.);
#3937=VECTOR('',#13620,1.);
#3938=VECTOR('',#13621,1.);
#3939=VECTOR('',#13624,1.);
#3940=VECTOR('',#13625,1.);
#3941=VECTOR('',#13628,1.);
#3942=VECTOR('',#13629,1.);
#3943=VECTOR('',#13632,1.);
#3944=VECTOR('',#13633,1.);
#3945=VECTOR('',#13636,1.);
#3946=VECTOR('',#13637,1.);
#3947=VECTOR('',#13640,1.);
#3948=VECTOR('',#13641,1.);
#3949=VECTOR('',#13644,1.);
#3950=VECTOR('',#13645,1.);
#3951=VECTOR('',#13648,1.);
#3952=VECTOR('',#13649,1.);
#3953=VECTOR('',#13652,1.);
#3954=VECTOR('',#13653,1.);
#3955=VECTOR('',#13656,1.);
#3956=VECTOR('',#13657,1.);
#3957=VECTOR('',#13660,1.);
#3958=VECTOR('',#13661,1.);
#3959=VECTOR('',#13664,1.);
#3960=VECTOR('',#13665,1.);
#3961=VECTOR('',#13668,1.);
#3962=VECTOR('',#13669,1.);
#3963=VECTOR('',#13672,1.);
#3964=VECTOR('',#13673,1.);
#3965=VECTOR('',#13676,1.);
#3966=VECTOR('',#13677,1.);
#3967=VECTOR('',#13680,1.);
#3968=VECTOR('',#13681,1.);
#3969=VECTOR('',#13684,1.);
#3970=VECTOR('',#13685,1.);
#3971=VECTOR('',#13688,1.);
#3972=VECTOR('',#13689,1.);
#3973=VECTOR('',#13692,1.);
#3974=VECTOR('',#13693,1.);
#3975=VECTOR('',#13696,1.);
#3976=VECTOR('',#13697,1.);
#3977=VECTOR('',#13700,1.);
#3978=VECTOR('',#13701,1.);
#3979=VECTOR('',#13704,1.);
#3980=VECTOR('',#13705,1.);
#3981=VECTOR('',#13708,1.);
#3982=VECTOR('',#13709,1.);
#3983=VECTOR('',#13712,1.);
#3984=VECTOR('',#13713,1.);
#3985=VECTOR('',#13716,1.);
#3986=VECTOR('',#13717,1.);
#3987=VECTOR('',#13720,1.);
#3988=VECTOR('',#13721,1.);
#3989=VECTOR('',#13724,1.);
#3990=VECTOR('',#13725,1.);
#3991=VECTOR('',#13728,1.);
#3992=VECTOR('',#13729,1.);
#3993=VECTOR('',#13732,1.);
#3994=VECTOR('',#13733,1.);
#3995=VECTOR('',#13736,1.);
#3996=VECTOR('',#13737,1.);
#3997=VECTOR('',#13740,1.);
#3998=VECTOR('',#13741,1.);
#3999=VECTOR('',#13744,1.);
#4000=VECTOR('',#13745,1.);
#4001=VECTOR('',#13748,1.);
#4002=VECTOR('',#13749,1.);
#4003=VECTOR('',#13752,1.);
#4004=VECTOR('',#13753,1.);
#4005=VECTOR('',#13756,1.);
#4006=VECTOR('',#13757,1.);
#4007=VECTOR('',#13760,1.);
#4008=VECTOR('',#13761,1.);
#4009=VECTOR('',#13764,1.);
#4010=VECTOR('',#13765,1.);
#4011=VECTOR('',#13768,1.);
#4012=VECTOR('',#13769,1.);
#4013=VECTOR('',#13772,1.);
#4014=VECTOR('',#13773,1.);
#4015=VECTOR('',#13776,1.);
#4016=VECTOR('',#13777,1.);
#4017=VECTOR('',#13780,1.);
#4018=VECTOR('',#13781,1.);
#4019=VECTOR('',#13784,1.);
#4020=VECTOR('',#13785,1.);
#4021=VECTOR('',#13788,0.999999999999999);
#4022=VECTOR('',#13789,1.);
#4023=VECTOR('',#13792,1.);
#4024=VECTOR('',#13793,1.);
#4025=VECTOR('',#13796,1.);
#4026=VECTOR('',#13797,1.);
#4027=VECTOR('',#13800,1.);
#4028=VECTOR('',#13801,1.);
#4029=VECTOR('',#13804,1.);
#4030=VECTOR('',#13805,1.);
#4031=VECTOR('',#13808,1.);
#4032=VECTOR('',#13809,1.);
#4033=VECTOR('',#13812,1.);
#4034=VECTOR('',#13813,1.);
#4035=VECTOR('',#13816,1.);
#4036=VECTOR('',#13817,1.);
#4037=VECTOR('',#13820,1.);
#4038=VECTOR('',#13821,1.);
#4039=VECTOR('',#13824,1.);
#4040=VECTOR('',#13825,1.);
#4041=VECTOR('',#13828,1.);
#4042=VECTOR('',#13829,1.);
#4043=VECTOR('',#13832,1.);
#4044=VECTOR('',#13833,1.);
#4045=VECTOR('',#13836,1.);
#4046=VECTOR('',#13837,1.);
#4047=VECTOR('',#13840,1.);
#4048=VECTOR('',#13841,1.);
#4049=VECTOR('',#13844,1.);
#4050=VECTOR('',#13845,1.);
#4051=VECTOR('',#13848,1.);
#4052=VECTOR('',#13849,1.);
#4053=VECTOR('',#13852,1.);
#4054=VECTOR('',#13853,1.);
#4055=VECTOR('',#13856,1.);
#4056=VECTOR('',#13857,1.);
#4057=VECTOR('',#13860,0.999999999999999);
#4058=VECTOR('',#13861,1.);
#4059=VECTOR('',#13864,1.);
#4060=VECTOR('',#13865,1.);
#4061=VECTOR('',#13868,1.);
#4062=VECTOR('',#13869,1.);
#4063=VECTOR('',#13872,1.);
#4064=VECTOR('',#13873,1.);
#4065=VECTOR('',#13876,1.);
#4066=VECTOR('',#13877,1.);
#4067=VECTOR('',#13880,1.);
#4068=VECTOR('',#13881,1.);
#4069=VECTOR('',#13884,1.);
#4070=VECTOR('',#13885,1.);
#4071=VECTOR('',#13888,1.);
#4072=VECTOR('',#13889,1.);
#4073=VECTOR('',#13892,1.);
#4074=VECTOR('',#13893,1.);
#4075=VECTOR('',#13896,1.);
#4076=VECTOR('',#13897,1.);
#4077=VECTOR('',#13900,1.);
#4078=VECTOR('',#13901,1.);
#4079=VECTOR('',#13904,1.);
#4080=VECTOR('',#13905,1.);
#4081=VECTOR('',#13908,1.);
#4082=VECTOR('',#13909,1.);
#4083=VECTOR('',#13912,1.);
#4084=VECTOR('',#13913,1.);
#4085=VECTOR('',#13916,1.);
#4086=VECTOR('',#13917,1.);
#4087=VECTOR('',#13920,1.);
#4088=VECTOR('',#13921,1.);
#4089=VECTOR('',#13924,1.);
#4090=VECTOR('',#13925,1.);
#4091=VECTOR('',#13928,1.);
#4092=VECTOR('',#13929,1.);
#4093=VECTOR('',#13932,1.);
#4094=VECTOR('',#13933,1.);
#4095=VECTOR('',#13936,1.);
#4096=VECTOR('',#13937,1.);
#4097=VECTOR('',#13940,1.);
#4098=VECTOR('',#13941,1.);
#4099=VECTOR('',#13944,1.);
#4100=VECTOR('',#13945,1.);
#4101=VECTOR('',#13948,1.);
#4102=VECTOR('',#13949,1.);
#4103=VECTOR('',#13952,1.);
#4104=VECTOR('',#13953,1.);
#4105=VECTOR('',#13956,1.);
#4106=VECTOR('',#13957,1.);
#4107=VECTOR('',#13960,1.);
#4108=VECTOR('',#13961,1.);
#4109=VECTOR('',#13964,1.);
#4110=VECTOR('',#13965,1.);
#4111=VECTOR('',#13968,1.);
#4112=VECTOR('',#13969,1.);
#4113=VECTOR('',#13972,1.);
#4114=VECTOR('',#13973,1.);
#4115=VECTOR('',#13976,1.);
#4116=VECTOR('',#13977,1.);
#4117=VECTOR('',#13980,1.);
#4118=VECTOR('',#13981,1.);
#4119=VECTOR('',#13984,1.);
#4120=VECTOR('',#13985,1.);
#4121=VECTOR('',#13988,1.);
#4122=VECTOR('',#13989,1.);
#4123=VECTOR('',#13992,1.);
#4124=VECTOR('',#13993,1.);
#4125=VECTOR('',#13996,0.999999999999999);
#4126=VECTOR('',#13997,1.);
#4127=VECTOR('',#14000,1.);
#4128=VECTOR('',#14001,1.);
#4129=VECTOR('',#14004,1.);
#4130=VECTOR('',#14005,1.);
#4131=VECTOR('',#14008,0.999999999999999);
#4132=VECTOR('',#14009,1.);
#4133=VECTOR('',#14012,1.);
#4134=VECTOR('',#14013,1.);
#4135=VECTOR('',#14016,1.);
#4136=VECTOR('',#14017,1.);
#4137=VECTOR('',#14020,1.);
#4138=VECTOR('',#14021,1.);
#4139=VECTOR('',#14024,1.);
#4140=VECTOR('',#14025,1.);
#4141=VECTOR('',#14028,1.);
#4142=VECTOR('',#14029,1.);
#4143=VECTOR('',#14032,1.);
#4144=VECTOR('',#14033,1.);
#4145=VECTOR('',#14036,1.);
#4146=VECTOR('',#14037,1.);
#4147=VECTOR('',#14040,1.);
#4148=VECTOR('',#14041,1.);
#4149=VECTOR('',#14044,1.);
#4150=VECTOR('',#14045,1.);
#4151=VECTOR('',#14048,1.);
#4152=VECTOR('',#14049,1.);
#4153=VECTOR('',#14052,1.);
#4154=VECTOR('',#14053,1.);
#4155=VECTOR('',#14056,1.);
#4156=VECTOR('',#14057,1.);
#4157=VECTOR('',#14060,1.);
#4158=VECTOR('',#14061,1.);
#4159=VECTOR('',#14064,1.);
#4160=VECTOR('',#14071,1.);
#4161=VECTOR('',#14072,1.);
#4162=VECTOR('',#14073,1.);
#4163=VECTOR('',#14074,1.);
#4164=VECTOR('',#14077,1.);
#4165=VECTOR('',#14078,1.);
#4166=VECTOR('',#14079,1.);
#4167=VECTOR('',#14080,1.);
#4168=VECTOR('',#14083,1.);
#4169=VECTOR('',#14084,1.);
#4170=VECTOR('',#14085,1.);
#4171=VECTOR('',#14086,1.);
#4172=VECTOR('',#14089,1.);
#4173=VECTOR('',#14090,1.);
#4174=VECTOR('',#14093,1.);
#4175=VECTOR('',#14094,1.);
#4176=VECTOR('',#14095,1.);
#4177=VECTOR('',#14098,1.);
#4178=VECTOR('',#14099,1.);
#4179=VECTOR('',#14100,1.);
#4180=VECTOR('',#14103,1.);
#4181=VECTOR('',#14104,1.);
#4182=VECTOR('',#14105,1.);
#4183=VECTOR('',#14106,1.);
#4184=VECTOR('',#14119,1.);
#4185=VECTOR('',#14122,1.);
#4186=VECTOR('',#14127,1.);
#4187=VECTOR('',#14128,1.);
#4188=VECTOR('',#14129,1.);
#4189=VECTOR('',#14130,1.);
#4190=VECTOR('',#14131,1.);
#4191=VECTOR('',#14132,1.);
#4192=VECTOR('',#14133,1.);
#4193=VECTOR('',#14134,1.);
#4194=VECTOR('',#14135,1.);
#4195=VECTOR('',#14138,1.);
#4196=VECTOR('',#14139,1.);
#4197=VECTOR('',#14140,1.);
#4198=VECTOR('',#14143,1.);
#4199=VECTOR('',#14144,1.);
#4200=VECTOR('',#14147,1.);
#4201=VECTOR('',#14150,1.);
#4202=VECTOR('',#14151,1.);
#4203=VECTOR('',#14154,1.);
#4204=VECTOR('',#14157,1.);
#4205=VECTOR('',#14158,1.);
#4206=VECTOR('',#14161,1.);
#4207=VECTOR('',#14166,1.);
#4208=VECTOR('',#14171,1.);
#4209=VECTOR('',#14172,1.);
#4210=VECTOR('',#14173,1.);
#4211=VECTOR('',#14174,1.);
#4212=VECTOR('',#14183,1.);
#4213=VECTOR('',#14184,1.);
#4214=VECTOR('',#14185,1.);
#4215=VECTOR('',#14186,1.);
#4216=VECTOR('',#14187,1.);
#4217=VECTOR('',#14190,1.);
#4218=VECTOR('',#14191,1.);
#4219=VECTOR('',#14192,1.);
#4220=VECTOR('',#14195,1.);
#4221=VECTOR('',#14196,1.);
#4222=VECTOR('',#14199,1.);
#4223=VECTOR('',#14200,1.);
#4224=VECTOR('',#14203,1.);
#4225=VECTOR('',#14206,1.25);
#4226=VECTOR('',#14207,1.);
#4227=VECTOR('',#14210,1.);
#4228=VECTOR('',#14213,1.);
#4229=VECTOR('',#14214,1.);
#4230=VECTOR('',#14217,1.);
#4231=VECTOR('',#14218,1.);
#4232=VECTOR('',#14221,1.);
#4233=VECTOR('',#14222,1.);
#4234=VECTOR('',#14225,1.);
#4235=VECTOR('',#14226,1.);
#4236=VECTOR('',#14229,1.);
#4237=VECTOR('',#14238,0.5);
#4238=VECTOR('',#14243,1.);
#4239=VECTOR('',#14244,1.);
#4240=VECTOR('',#14245,1.);
#4241=VECTOR('',#14246,1.);
#4242=VECTOR('',#14249,1.);
#4243=VECTOR('',#14250,1.);
#4244=VECTOR('',#14251,1.);
#4245=VECTOR('',#14254,1.);
#4246=VECTOR('',#14255,1.);
#4247=VECTOR('',#14256,1.);
#4248=VECTOR('',#14259,1.);
#4249=VECTOR('',#14260,1.);
#4250=VECTOR('',#14271,0.5);
#4251=VECTOR('',#14276,1.);
#4252=VECTOR('',#14277,1.);
#4253=VECTOR('',#14278,1.);
#4254=VECTOR('',#14279,1.);
#4255=VECTOR('',#14282,1.);
#4256=VECTOR('',#14283,1.);
#4257=VECTOR('',#14284,1.);
#4258=VECTOR('',#14287,1.);
#4259=VECTOR('',#14288,1.);
#4260=VECTOR('',#14289,1.);
#4261=VECTOR('',#14292,1.);
#4262=VECTOR('',#14293,1.);
#4263=VECTOR('',#14304,0.5);
#4264=VECTOR('',#14309,1.);
#4265=VECTOR('',#14310,1.);
#4266=VECTOR('',#14311,1.);
#4267=VECTOR('',#14312,1.);
#4268=VECTOR('',#14315,1.);
#4269=VECTOR('',#14316,1.);
#4270=VECTOR('',#14317,1.);
#4271=VECTOR('',#14320,1.);
#4272=VECTOR('',#14321,1.);
#4273=VECTOR('',#14322,1.);
#4274=VECTOR('',#14325,1.);
#4275=VECTOR('',#14326,1.);
#4276=VECTOR('',#14337,0.5);
#4277=VECTOR('',#14342,1.);
#4278=VECTOR('',#14343,1.);
#4279=VECTOR('',#14344,1.);
#4280=VECTOR('',#14345,1.);
#4281=VECTOR('',#14348,1.);
#4282=VECTOR('',#14349,1.);
#4283=VECTOR('',#14350,1.);
#4284=VECTOR('',#14353,1.);
#4285=VECTOR('',#14354,1.);
#4286=VECTOR('',#14355,1.);
#4287=VECTOR('',#14358,1.);
#4288=VECTOR('',#14359,1.);
#4289=VECTOR('',#14370,0.3);
#4290=VECTOR('',#14383,0.3);
#4291=VECTOR('',#14396,0.3);
#4292=VECTOR('',#14403,0.5);
#4293=VECTOR('',#14416,0.3);
#4294=VECTOR('',#14423,0.5);
#4295=VECTOR('',#14436,0.3);
#4296=VECTOR('',#14443,0.5);
#4297=VECTOR('',#14456,0.3);
#4298=VECTOR('',#14463,0.5);
#4299=VECTOR('',#14474,1.);
#4300=VECTOR('',#14475,1.);
#4301=VECTOR('',#14476,1.);
#4302=VECTOR('',#14477,1.);
#4303=VECTOR('',#14482,1.);
#4304=VECTOR('',#14483,1.);
#4305=VECTOR('',#14484,1.);
#4306=VECTOR('',#14485,1.);
#4307=VECTOR('',#14488,1.);
#4308=VECTOR('',#14489,1.);
#4309=VECTOR('',#14492,1.);
#4310=VECTOR('',#14493,1.);
#4311=VECTOR('',#14500,0.3);
#4312=VERTEX_POINT('',#14542);
#4313=VERTEX_POINT('',#14543);
#4314=VERTEX_POINT('',#14545);
#4315=VERTEX_POINT('',#14547);
#4316=VERTEX_POINT('',#14551);
#4317=VERTEX_POINT('',#14553);
#4318=VERTEX_POINT('',#14557);
#4319=VERTEX_POINT('',#14559);
#4320=VERTEX_POINT('',#14563);
#4321=VERTEX_POINT('',#14565);
#4322=VERTEX_POINT('',#14567);
#4323=VERTEX_POINT('',#14569);
#4324=VERTEX_POINT('',#14571);
#4325=VERTEX_POINT('',#14573);
#4326=VERTEX_POINT('',#14575);
#4327=VERTEX_POINT('',#14577);
#4328=VERTEX_POINT('',#14579);
#4329=VERTEX_POINT('',#14581);
#4330=VERTEX_POINT('',#14583);
#4331=VERTEX_POINT('',#14585);
#4332=VERTEX_POINT('',#14589);
#4333=VERTEX_POINT('',#14593);
#4334=VERTEX_POINT('',#14595);
#4335=VERTEX_POINT('',#14599);
#4336=VERTEX_POINT('',#14603);
#4337=VERTEX_POINT('',#14607);
#4338=VERTEX_POINT('',#14612);
#4339=VERTEX_POINT('',#14614);
#4340=VERTEX_POINT('',#14616);
#4341=VERTEX_POINT('',#14618);
#4342=VERTEX_POINT('',#14620);
#4343=VERTEX_POINT('',#14622);
#4344=VERTEX_POINT('',#14626);
#4345=VERTEX_POINT('',#14638);
#4346=VERTEX_POINT('',#14646);
#4347=VERTEX_POINT('',#14647);
#4348=VERTEX_POINT('',#14649);
#4349=VERTEX_POINT('',#14651);
#4350=VERTEX_POINT('',#14655);
#4351=VERTEX_POINT('',#14657);
#4352=VERTEX_POINT('',#14661);
#4353=VERTEX_POINT('',#14665);
#4354=VERTEX_POINT('',#14673);
#4355=VERTEX_POINT('',#14674);
#4356=VERTEX_POINT('',#14676);
#4357=VERTEX_POINT('',#14678);
#4358=VERTEX_POINT('',#14682);
#4359=VERTEX_POINT('',#14684);
#4360=VERTEX_POINT('',#14688);
#4361=VERTEX_POINT('',#14690);
#4362=VERTEX_POINT('',#14694);
#4363=VERTEX_POINT('',#14696);
#4364=VERTEX_POINT('',#14698);
#4365=VERTEX_POINT('',#14700);
#4366=VERTEX_POINT('',#14702);
#4367=VERTEX_POINT('',#14704);
#4368=VERTEX_POINT('',#14706);
#4369=VERTEX_POINT('',#14708);
#4370=VERTEX_POINT('',#14712);
#4371=VERTEX_POINT('',#14714);
#4372=VERTEX_POINT('',#14716);
#4373=VERTEX_POINT('',#14718);
#4374=VERTEX_POINT('',#14720);
#4375=VERTEX_POINT('',#14722);
#4376=VERTEX_POINT('',#14724);
#4377=VERTEX_POINT('',#14726);
#4378=VERTEX_POINT('',#14736);
#4379=VERTEX_POINT('',#14738);
#4380=VERTEX_POINT('',#14740);
#4381=VERTEX_POINT('',#14742);
#4382=VERTEX_POINT('',#14744);
#4383=VERTEX_POINT('',#14746);
#4384=VERTEX_POINT('',#14748);
#4385=VERTEX_POINT('',#14750);
#4386=VERTEX_POINT('',#14752);
#4387=VERTEX_POINT('',#14754);
#4388=VERTEX_POINT('',#14756);
#4389=VERTEX_POINT('',#14758);
#4390=VERTEX_POINT('',#14760);
#4391=VERTEX_POINT('',#14762);
#4392=VERTEX_POINT('',#14768);
#4393=VERTEX_POINT('',#14776);
#4394=VERTEX_POINT('',#14780);
#4395=VERTEX_POINT('',#14784);
#4396=VERTEX_POINT('',#14786);
#4397=VERTEX_POINT('',#14788);
#4398=VERTEX_POINT('',#14790);
#4399=VERTEX_POINT('',#14792);
#4400=VERTEX_POINT('',#14794);
#4401=VERTEX_POINT('',#14796);
#4402=VERTEX_POINT('',#14798);
#4403=VERTEX_POINT('',#14800);
#4404=VERTEX_POINT('',#14802);
#4405=VERTEX_POINT('',#14804);
#4406=VERTEX_POINT('',#14817);
#4407=VERTEX_POINT('',#14829);
#4408=VERTEX_POINT('',#14838);
#4409=VERTEX_POINT('',#14839);
#4410=VERTEX_POINT('',#14841);
#4411=VERTEX_POINT('',#14843);
#4412=VERTEX_POINT('',#14847);
#4413=VERTEX_POINT('',#14849);
#4414=VERTEX_POINT('',#14853);
#4415=VERTEX_POINT('',#14854);
#4416=VERTEX_POINT('',#14856);
#4417=VERTEX_POINT('',#14858);
#4418=VERTEX_POINT('',#14862);
#4419=VERTEX_POINT('',#14864);
#4420=VERTEX_POINT('',#14868);
#4421=VERTEX_POINT('',#14870);
#4422=VERTEX_POINT('',#14874);
#4423=VERTEX_POINT('',#14875);
#4424=VERTEX_POINT('',#14877);
#4425=VERTEX_POINT('',#14879);
#4426=VERTEX_POINT('',#14883);
#4427=VERTEX_POINT('',#14885);
#4428=VERTEX_POINT('',#14889);
#4429=VERTEX_POINT('',#14891);
#4430=VERTEX_POINT('',#14895);
#4431=VERTEX_POINT('',#14896);
#4432=VERTEX_POINT('',#14898);
#4433=VERTEX_POINT('',#14900);
#4434=VERTEX_POINT('',#14904);
#4435=VERTEX_POINT('',#14906);
#4436=VERTEX_POINT('',#14910);
#4437=VERTEX_POINT('',#14912);
#4438=VERTEX_POINT('',#14916);
#4439=VERTEX_POINT('',#14917);
#4440=VERTEX_POINT('',#14919);
#4441=VERTEX_POINT('',#14921);
#4442=VERTEX_POINT('',#14925);
#4443=VERTEX_POINT('',#14927);
#4444=VERTEX_POINT('',#14931);
#4445=VERTEX_POINT('',#14933);
#4446=VERTEX_POINT('',#14937);
#4447=VERTEX_POINT('',#14938);
#4448=VERTEX_POINT('',#14940);
#4449=VERTEX_POINT('',#14942);
#4450=VERTEX_POINT('',#14950);
#4451=VERTEX_POINT('',#14952);
#4452=VERTEX_POINT('',#14954);
#4453=VERTEX_POINT('',#14956);
#4454=VERTEX_POINT('',#14958);
#4455=VERTEX_POINT('',#14960);
#4456=VERTEX_POINT('',#14962);
#4457=VERTEX_POINT('',#14964);
#4458=VERTEX_POINT('',#14966);
#4459=VERTEX_POINT('',#14968);
#4460=VERTEX_POINT('',#14970);
#4461=VERTEX_POINT('',#14972);
#4462=VERTEX_POINT('',#14974);
#4463=VERTEX_POINT('',#14976);
#4464=VERTEX_POINT('',#14978);
#4465=VERTEX_POINT('',#14980);
#4466=VERTEX_POINT('',#14982);
#4467=VERTEX_POINT('',#14984);
#4468=VERTEX_POINT('',#14986);
#4469=VERTEX_POINT('',#14988);
#4470=VERTEX_POINT('',#14990);
#4471=VERTEX_POINT('',#14993);
#4472=VERTEX_POINT('',#14995);
#4473=VERTEX_POINT('',#14997);
#4474=VERTEX_POINT('',#14999);
#4475=VERTEX_POINT('',#15001);
#4476=VERTEX_POINT('',#15003);
#4477=VERTEX_POINT('',#15009);
#4478=VERTEX_POINT('',#15013);
#4479=VERTEX_POINT('',#15015);
#4480=VERTEX_POINT('',#15019);
#4481=VERTEX_POINT('',#15021);
#4482=VERTEX_POINT('',#15029);
#4483=VERTEX_POINT('',#15035);
#4484=VERTEX_POINT('',#15039);
#4485=VERTEX_POINT('',#15041);
#4486=VERTEX_POINT('',#15047);
#4487=VERTEX_POINT('',#15053);
#4488=VERTEX_POINT('',#15057);
#4489=VERTEX_POINT('',#15059);
#4490=VERTEX_POINT('',#15065);
#4491=VERTEX_POINT('',#15071);
#4492=VERTEX_POINT('',#15075);
#4493=VERTEX_POINT('',#15077);
#4494=VERTEX_POINT('',#15083);
#4495=VERTEX_POINT('',#15087);
#4496=VERTEX_POINT('',#15091);
#4497=VERTEX_POINT('',#15095);
#4498=VERTEX_POINT('',#15099);
#4499=VERTEX_POINT('',#15105);
#4500=VERTEX_POINT('',#15107);
#4501=VERTEX_POINT('',#15113);
#4502=VERTEX_POINT('',#15117);
#4503=VERTEX_POINT('',#15121);
#4504=VERTEX_POINT('',#15129);
#4505=VERTEX_POINT('',#15130);
#4506=VERTEX_POINT('',#15132);
#4507=VERTEX_POINT('',#15134);
#4508=VERTEX_POINT('',#15138);
#4509=VERTEX_POINT('',#15139);
#4510=VERTEX_POINT('',#15141);
#4511=VERTEX_POINT('',#15143);
#4512=VERTEX_POINT('',#15147);
#4513=VERTEX_POINT('',#15149);
#4514=VERTEX_POINT('',#15153);
#4515=VERTEX_POINT('',#15155);
#4516=VERTEX_POINT('',#15159);
#4517=VERTEX_POINT('',#15160);
#4518=VERTEX_POINT('',#15162);
#4519=VERTEX_POINT('',#15164);
#4520=VERTEX_POINT('',#15168);
#4521=VERTEX_POINT('',#15170);
#4522=VERTEX_POINT('',#15174);
#4523=VERTEX_POINT('',#15176);
#4524=VERTEX_POINT('',#15180);
#4525=VERTEX_POINT('',#15181);
#4526=VERTEX_POINT('',#15183);
#4527=VERTEX_POINT('',#15185);
#4528=VERTEX_POINT('',#15189);
#4529=VERTEX_POINT('',#15191);
#4530=VERTEX_POINT('',#15195);
#4531=VERTEX_POINT('',#15197);
#4532=VERTEX_POINT('',#15201);
#4533=VERTEX_POINT('',#15202);
#4534=VERTEX_POINT('',#15204);
#4535=VERTEX_POINT('',#15206);
#4536=VERTEX_POINT('',#15210);
#4537=VERTEX_POINT('',#15212);
#4538=VERTEX_POINT('',#15216);
#4539=VERTEX_POINT('',#15218);
#4540=VERTEX_POINT('',#15222);
#4541=VERTEX_POINT('',#15223);
#4542=VERTEX_POINT('',#15225);
#4543=VERTEX_POINT('',#15227);
#4544=VERTEX_POINT('',#15231);
#4545=VERTEX_POINT('',#15233);
#4546=VERTEX_POINT('',#15237);
#4547=VERTEX_POINT('',#15239);
#4548=VERTEX_POINT('',#15243);
#4549=VERTEX_POINT('',#15244);
#4550=VERTEX_POINT('',#15246);
#4551=VERTEX_POINT('',#15248);
#4552=VERTEX_POINT('',#15252);
#4553=VERTEX_POINT('',#15254);
#4554=VERTEX_POINT('',#15258);
#4555=VERTEX_POINT('',#15259);
#4556=VERTEX_POINT('',#15261);
#4557=VERTEX_POINT('',#15263);
#4558=VERTEX_POINT('',#15267);
#4559=VERTEX_POINT('',#15269);
#4560=VERTEX_POINT('',#15273);
#4561=VERTEX_POINT('',#15275);
#4562=VERTEX_POINT('',#15279);
#4563=VERTEX_POINT('',#15281);
#4564=VERTEX_POINT('',#15283);
#4565=VERTEX_POINT('',#15285);
#4566=VERTEX_POINT('',#15287);
#4567=VERTEX_POINT('',#15296);
#4568=VERTEX_POINT('',#15298);
#4569=VERTEX_POINT('',#15300);
#4570=VERTEX_POINT('',#15302);
#4571=VERTEX_POINT('',#15304);
#4572=VERTEX_POINT('',#15306);
#4573=VERTEX_POINT('',#15308);
#4574=VERTEX_POINT('',#15310);
#4575=VERTEX_POINT('',#15312);
#4576=VERTEX_POINT('',#15314);
#4577=VERTEX_POINT('',#15316);
#4578=VERTEX_POINT('',#15318);
#4579=VERTEX_POINT('',#15320);
#4580=VERTEX_POINT('',#15322);
#4581=VERTEX_POINT('',#15326);
#4582=VERTEX_POINT('',#15332);
#4583=VERTEX_POINT('',#15334);
#4584=VERTEX_POINT('',#15338);
#4585=VERTEX_POINT('',#15342);
#4586=VERTEX_POINT('',#15350);
#4587=VERTEX_POINT('',#15352);
#4588=VERTEX_POINT('',#15356);
#4589=VERTEX_POINT('',#15360);
#4590=VERTEX_POINT('',#15368);
#4591=VERTEX_POINT('',#15370);
#4592=VERTEX_POINT('',#15374);
#4593=VERTEX_POINT('',#15378);
#4594=VERTEX_POINT('',#15386);
#4595=VERTEX_POINT('',#15390);
#4596=VERTEX_POINT('',#15398);
#4597=VERTEX_POINT('',#15404);
#4598=VERTEX_POINT('',#15408);
#4599=VERTEX_POINT('',#15412);
#4600=VERTEX_POINT('',#15420);
#4601=VERTEX_POINT('',#15422);
#4602=VERTEX_POINT('',#15426);
#4603=VERTEX_POINT('',#15427);
#4604=VERTEX_POINT('',#15429);
#4605=VERTEX_POINT('',#15431);
#4606=VERTEX_POINT('',#15435);
#4607=VERTEX_POINT('',#15437);
#4608=VERTEX_POINT('',#15441);
#4609=VERTEX_POINT('',#15445);
#4610=VERTEX_POINT('',#15446);
#4611=VERTEX_POINT('',#15448);
#4612=VERTEX_POINT('',#15450);
#4613=VERTEX_POINT('',#15454);
#4614=VERTEX_POINT('',#15456);
#4615=VERTEX_POINT('',#15460);
#4616=VERTEX_POINT('',#15462);
#4617=VERTEX_POINT('',#15466);
#4618=VERTEX_POINT('',#15476);
#4619=VERTEX_POINT('',#15477);
#4620=VERTEX_POINT('',#15479);
#4621=VERTEX_POINT('',#15481);
#4622=VERTEX_POINT('',#15483);
#4623=VERTEX_POINT('',#15485);
#4624=VERTEX_POINT('',#15487);
#4625=VERTEX_POINT('',#15489);
#4626=VERTEX_POINT('',#15491);
#4627=VERTEX_POINT('',#15493);
#4628=VERTEX_POINT('',#15495);
#4629=VERTEX_POINT('',#15497);
#4630=VERTEX_POINT('',#15499);
#4631=VERTEX_POINT('',#15501);
#4632=VERTEX_POINT('',#15503);
#4633=VERTEX_POINT('',#15505);
#4634=VERTEX_POINT('',#15507);
#4635=VERTEX_POINT('',#15509);
#4636=VERTEX_POINT('',#15511);
#4637=VERTEX_POINT('',#15513);
#4638=VERTEX_POINT('',#15515);
#4639=VERTEX_POINT('',#15517);
#4640=VERTEX_POINT('',#15519);
#4641=VERTEX_POINT('',#15521);
#4642=VERTEX_POINT('',#15523);
#4643=VERTEX_POINT('',#15525);
#4644=VERTEX_POINT('',#15527);
#4645=VERTEX_POINT('',#15529);
#4646=VERTEX_POINT('',#15531);
#4647=VERTEX_POINT('',#15533);
#4648=VERTEX_POINT('',#15535);
#4649=VERTEX_POINT('',#15537);
#4650=VERTEX_POINT('',#15539);
#4651=VERTEX_POINT('',#15541);
#4652=VERTEX_POINT('',#15543);
#4653=VERTEX_POINT('',#15545);
#4654=VERTEX_POINT('',#15547);
#4655=VERTEX_POINT('',#15549);
#4656=VERTEX_POINT('',#15551);
#4657=VERTEX_POINT('',#15553);
#4658=VERTEX_POINT('',#15555);
#4659=VERTEX_POINT('',#15557);
#4660=VERTEX_POINT('',#15559);
#4661=VERTEX_POINT('',#15561);
#4662=VERTEX_POINT('',#15563);
#4663=VERTEX_POINT('',#15565);
#4664=VERTEX_POINT('',#15567);
#4665=VERTEX_POINT('',#15569);
#4666=VERTEX_POINT('',#15571);
#4667=VERTEX_POINT('',#15573);
#4668=VERTEX_POINT('',#15575);
#4669=VERTEX_POINT('',#15577);
#4670=VERTEX_POINT('',#15579);
#4671=VERTEX_POINT('',#15581);
#4672=VERTEX_POINT('',#15583);
#4673=VERTEX_POINT('',#15585);
#4674=VERTEX_POINT('',#15587);
#4675=VERTEX_POINT('',#15589);
#4676=VERTEX_POINT('',#15591);
#4677=VERTEX_POINT('',#15593);
#4678=VERTEX_POINT('',#15595);
#4679=VERTEX_POINT('',#15597);
#4680=VERTEX_POINT('',#15599);
#4681=VERTEX_POINT('',#15601);
#4682=VERTEX_POINT('',#15603);
#4683=VERTEX_POINT('',#15605);
#4684=VERTEX_POINT('',#15607);
#4685=VERTEX_POINT('',#15609);
#4686=VERTEX_POINT('',#15611);
#4687=VERTEX_POINT('',#15613);
#4688=VERTEX_POINT('',#15615);
#4689=VERTEX_POINT('',#15617);
#4690=VERTEX_POINT('',#15619);
#4691=VERTEX_POINT('',#15621);
#4692=VERTEX_POINT('',#15623);
#4693=VERTEX_POINT('',#15625);
#4694=VERTEX_POINT('',#15627);
#4695=VERTEX_POINT('',#15629);
#4696=VERTEX_POINT('',#15631);
#4697=VERTEX_POINT('',#15633);
#4698=VERTEX_POINT('',#15635);
#4699=VERTEX_POINT('',#15637);
#4700=VERTEX_POINT('',#15639);
#4701=VERTEX_POINT('',#15641);
#4702=VERTEX_POINT('',#15643);
#4703=VERTEX_POINT('',#15645);
#4704=VERTEX_POINT('',#15647);
#4705=VERTEX_POINT('',#15649);
#4706=VERTEX_POINT('',#15651);
#4707=VERTEX_POINT('',#15653);
#4708=VERTEX_POINT('',#15655);
#4709=VERTEX_POINT('',#15657);
#4710=VERTEX_POINT('',#15659);
#4711=VERTEX_POINT('',#15661);
#4712=VERTEX_POINT('',#15663);
#4713=VERTEX_POINT('',#15665);
#4714=VERTEX_POINT('',#15667);
#4715=VERTEX_POINT('',#15669);
#4716=VERTEX_POINT('',#15671);
#4717=VERTEX_POINT('',#15673);
#4718=VERTEX_POINT('',#15675);
#4719=VERTEX_POINT('',#15677);
#4720=VERTEX_POINT('',#15679);
#4721=VERTEX_POINT('',#15681);
#4722=VERTEX_POINT('',#15683);
#4723=VERTEX_POINT('',#15685);
#4724=VERTEX_POINT('',#15687);
#4725=VERTEX_POINT('',#15689);
#4726=VERTEX_POINT('',#15691);
#4727=VERTEX_POINT('',#15693);
#4728=VERTEX_POINT('',#15695);
#4729=VERTEX_POINT('',#15697);
#4730=VERTEX_POINT('',#15699);
#4731=VERTEX_POINT('',#15701);
#4732=VERTEX_POINT('',#15703);
#4733=VERTEX_POINT('',#15705);
#4734=VERTEX_POINT('',#15707);
#4735=VERTEX_POINT('',#15709);
#4736=VERTEX_POINT('',#15711);
#4737=VERTEX_POINT('',#15713);
#4738=VERTEX_POINT('',#15715);
#4739=VERTEX_POINT('',#15717);
#4740=VERTEX_POINT('',#15719);
#4741=VERTEX_POINT('',#15721);
#4742=VERTEX_POINT('',#15723);
#4743=VERTEX_POINT('',#15725);
#4744=VERTEX_POINT('',#15727);
#4745=VERTEX_POINT('',#15729);
#4746=VERTEX_POINT('',#15731);
#4747=VERTEX_POINT('',#15733);
#4748=VERTEX_POINT('',#15735);
#4749=VERTEX_POINT('',#15737);
#4750=VERTEX_POINT('',#15739);
#4751=VERTEX_POINT('',#15741);
#4752=VERTEX_POINT('',#15743);
#4753=VERTEX_POINT('',#15745);
#4754=VERTEX_POINT('',#15747);
#4755=VERTEX_POINT('',#15749);
#4756=VERTEX_POINT('',#15751);
#4757=VERTEX_POINT('',#15753);
#4758=VERTEX_POINT('',#15755);
#4759=VERTEX_POINT('',#15757);
#4760=VERTEX_POINT('',#15759);
#4761=VERTEX_POINT('',#15761);
#4762=VERTEX_POINT('',#15763);
#4763=VERTEX_POINT('',#15765);
#4764=VERTEX_POINT('',#15767);
#4765=VERTEX_POINT('',#15769);
#4766=VERTEX_POINT('',#15771);
#4767=VERTEX_POINT('',#15773);
#4768=VERTEX_POINT('',#15775);
#4769=VERTEX_POINT('',#15777);
#4770=VERTEX_POINT('',#15779);
#4771=VERTEX_POINT('',#15781);
#4772=VERTEX_POINT('',#15783);
#4773=VERTEX_POINT('',#15785);
#4774=VERTEX_POINT('',#15787);
#4775=VERTEX_POINT('',#15789);
#4776=VERTEX_POINT('',#15791);
#4777=VERTEX_POINT('',#15793);
#4778=VERTEX_POINT('',#15795);
#4779=VERTEX_POINT('',#15797);
#4780=VERTEX_POINT('',#15799);
#4781=VERTEX_POINT('',#15801);
#4782=VERTEX_POINT('',#15803);
#4783=VERTEX_POINT('',#15805);
#4784=VERTEX_POINT('',#15807);
#4785=VERTEX_POINT('',#15809);
#4786=VERTEX_POINT('',#15811);
#4787=VERTEX_POINT('',#15813);
#4788=VERTEX_POINT('',#15815);
#4789=VERTEX_POINT('',#15817);
#4790=VERTEX_POINT('',#15819);
#4791=VERTEX_POINT('',#15821);
#4792=VERTEX_POINT('',#15823);
#4793=VERTEX_POINT('',#15825);
#4794=VERTEX_POINT('',#15827);
#4795=VERTEX_POINT('',#15829);
#4796=VERTEX_POINT('',#15831);
#4797=VERTEX_POINT('',#15833);
#4798=VERTEX_POINT('',#15835);
#4799=VERTEX_POINT('',#15837);
#4800=VERTEX_POINT('',#15839);
#4801=VERTEX_POINT('',#15841);
#4802=VERTEX_POINT('',#15843);
#4803=VERTEX_POINT('',#15845);
#4804=VERTEX_POINT('',#15847);
#4805=VERTEX_POINT('',#15849);
#4806=VERTEX_POINT('',#15851);
#4807=VERTEX_POINT('',#15853);
#4808=VERTEX_POINT('',#15855);
#4809=VERTEX_POINT('',#15857);
#4810=VERTEX_POINT('',#15859);
#4811=VERTEX_POINT('',#15861);
#4812=VERTEX_POINT('',#15863);
#4813=VERTEX_POINT('',#15865);
#4814=VERTEX_POINT('',#15867);
#4815=VERTEX_POINT('',#15869);
#4816=VERTEX_POINT('',#15871);
#4817=VERTEX_POINT('',#15873);
#4818=VERTEX_POINT('',#15875);
#4819=VERTEX_POINT('',#15877);
#4820=VERTEX_POINT('',#15879);
#4821=VERTEX_POINT('',#15881);
#4822=VERTEX_POINT('',#15883);
#4823=VERTEX_POINT('',#15885);
#4824=VERTEX_POINT('',#15887);
#4825=VERTEX_POINT('',#15889);
#4826=VERTEX_POINT('',#15891);
#4827=VERTEX_POINT('',#15893);
#4828=VERTEX_POINT('',#15895);
#4829=VERTEX_POINT('',#15897);
#4830=VERTEX_POINT('',#15899);
#4831=VERTEX_POINT('',#15901);
#4832=VERTEX_POINT('',#15903);
#4833=VERTEX_POINT('',#15905);
#4834=VERTEX_POINT('',#15907);
#4835=VERTEX_POINT('',#15909);
#4836=VERTEX_POINT('',#15911);
#4837=VERTEX_POINT('',#15913);
#4838=VERTEX_POINT('',#15915);
#4839=VERTEX_POINT('',#15917);
#4840=VERTEX_POINT('',#15919);
#4841=VERTEX_POINT('',#15921);
#4842=VERTEX_POINT('',#15923);
#4843=VERTEX_POINT('',#15925);
#4844=VERTEX_POINT('',#15927);
#4845=VERTEX_POINT('',#15929);
#4846=VERTEX_POINT('',#15931);
#4847=VERTEX_POINT('',#15933);
#4848=VERTEX_POINT('',#15935);
#4849=VERTEX_POINT('',#15937);
#4850=VERTEX_POINT('',#15939);
#4851=VERTEX_POINT('',#15941);
#4852=VERTEX_POINT('',#15943);
#4853=VERTEX_POINT('',#15945);
#4854=VERTEX_POINT('',#15947);
#4855=VERTEX_POINT('',#15949);
#4856=VERTEX_POINT('',#15951);
#4857=VERTEX_POINT('',#15953);
#4858=VERTEX_POINT('',#15955);
#4859=VERTEX_POINT('',#15957);
#4860=VERTEX_POINT('',#15959);
#4861=VERTEX_POINT('',#15961);
#4862=VERTEX_POINT('',#15963);
#4863=VERTEX_POINT('',#15965);
#4864=VERTEX_POINT('',#15967);
#4865=VERTEX_POINT('',#15969);
#4866=VERTEX_POINT('',#15971);
#4867=VERTEX_POINT('',#15973);
#4868=VERTEX_POINT('',#15975);
#4869=VERTEX_POINT('',#15977);
#4870=VERTEX_POINT('',#15979);
#4871=VERTEX_POINT('',#15981);
#4872=VERTEX_POINT('',#15983);
#4873=VERTEX_POINT('',#15985);
#4874=VERTEX_POINT('',#15987);
#4875=VERTEX_POINT('',#15989);
#4876=VERTEX_POINT('',#15991);
#4877=VERTEX_POINT('',#15993);
#4878=VERTEX_POINT('',#15995);
#4879=VERTEX_POINT('',#15997);
#4880=VERTEX_POINT('',#15999);
#4881=VERTEX_POINT('',#16001);
#4882=VERTEX_POINT('',#16003);
#4883=VERTEX_POINT('',#16005);
#4884=VERTEX_POINT('',#16007);
#4885=VERTEX_POINT('',#16009);
#4886=VERTEX_POINT('',#16011);
#4887=VERTEX_POINT('',#16013);
#4888=VERTEX_POINT('',#16015);
#4889=VERTEX_POINT('',#16017);
#4890=VERTEX_POINT('',#16019);
#4891=VERTEX_POINT('',#16021);
#4892=VERTEX_POINT('',#16023);
#4893=VERTEX_POINT('',#16025);
#4894=VERTEX_POINT('',#16027);
#4895=VERTEX_POINT('',#16029);
#4896=VERTEX_POINT('',#16031);
#4897=VERTEX_POINT('',#16033);
#4898=VERTEX_POINT('',#16035);
#4899=VERTEX_POINT('',#16037);
#4900=VERTEX_POINT('',#16039);
#4901=VERTEX_POINT('',#16041);
#4902=VERTEX_POINT('',#16043);
#4903=VERTEX_POINT('',#16045);
#4904=VERTEX_POINT('',#16047);
#4905=VERTEX_POINT('',#16049);
#4906=VERTEX_POINT('',#16051);
#4907=VERTEX_POINT('',#16053);
#4908=VERTEX_POINT('',#16057);
#4909=VERTEX_POINT('',#16059);
#4910=VERTEX_POINT('',#16063);
#4911=VERTEX_POINT('',#16067);
#4912=VERTEX_POINT('',#16071);
#4913=VERTEX_POINT('',#16075);
#4914=VERTEX_POINT('',#16079);
#4915=VERTEX_POINT('',#16083);
#4916=VERTEX_POINT('',#16087);
#4917=VERTEX_POINT('',#16091);
#4918=VERTEX_POINT('',#16095);
#4919=VERTEX_POINT('',#16099);
#4920=VERTEX_POINT('',#16103);
#4921=VERTEX_POINT('',#16107);
#4922=VERTEX_POINT('',#16111);
#4923=VERTEX_POINT('',#16115);
#4924=VERTEX_POINT('',#16119);
#4925=VERTEX_POINT('',#16123);
#4926=VERTEX_POINT('',#16127);
#4927=VERTEX_POINT('',#16131);
#4928=VERTEX_POINT('',#16135);
#4929=VERTEX_POINT('',#16139);
#4930=VERTEX_POINT('',#16143);
#4931=VERTEX_POINT('',#16147);
#4932=VERTEX_POINT('',#16151);
#4933=VERTEX_POINT('',#16155);
#4934=VERTEX_POINT('',#16159);
#4935=VERTEX_POINT('',#16163);
#4936=VERTEX_POINT('',#16167);
#4937=VERTEX_POINT('',#16171);
#4938=VERTEX_POINT('',#16175);
#4939=VERTEX_POINT('',#16179);
#4940=VERTEX_POINT('',#16183);
#4941=VERTEX_POINT('',#16187);
#4942=VERTEX_POINT('',#16191);
#4943=VERTEX_POINT('',#16195);
#4944=VERTEX_POINT('',#16199);
#4945=VERTEX_POINT('',#16203);
#4946=VERTEX_POINT('',#16207);
#4947=VERTEX_POINT('',#16211);
#4948=VERTEX_POINT('',#16215);
#4949=VERTEX_POINT('',#16219);
#4950=VERTEX_POINT('',#16223);
#4951=VERTEX_POINT('',#16227);
#4952=VERTEX_POINT('',#16231);
#4953=VERTEX_POINT('',#16235);
#4954=VERTEX_POINT('',#16239);
#4955=VERTEX_POINT('',#16243);
#4956=VERTEX_POINT('',#16247);
#4957=VERTEX_POINT('',#16251);
#4958=VERTEX_POINT('',#16255);
#4959=VERTEX_POINT('',#16259);
#4960=VERTEX_POINT('',#16263);
#4961=VERTEX_POINT('',#16267);
#4962=VERTEX_POINT('',#16271);
#4963=VERTEX_POINT('',#16275);
#4964=VERTEX_POINT('',#16279);
#4965=VERTEX_POINT('',#16283);
#4966=VERTEX_POINT('',#16287);
#4967=VERTEX_POINT('',#16291);
#4968=VERTEX_POINT('',#16295);
#4969=VERTEX_POINT('',#16299);
#4970=VERTEX_POINT('',#16303);
#4971=VERTEX_POINT('',#16307);
#4972=VERTEX_POINT('',#16311);
#4973=VERTEX_POINT('',#16315);
#4974=VERTEX_POINT('',#16319);
#4975=VERTEX_POINT('',#16323);
#4976=VERTEX_POINT('',#16327);
#4977=VERTEX_POINT('',#16331);
#4978=VERTEX_POINT('',#16335);
#4979=VERTEX_POINT('',#16339);
#4980=VERTEX_POINT('',#16343);
#4981=VERTEX_POINT('',#16347);
#4982=VERTEX_POINT('',#16351);
#4983=VERTEX_POINT('',#16355);
#4984=VERTEX_POINT('',#16359);
#4985=VERTEX_POINT('',#16363);
#4986=VERTEX_POINT('',#16367);
#4987=VERTEX_POINT('',#16371);
#4988=VERTEX_POINT('',#16375);
#4989=VERTEX_POINT('',#16379);
#4990=VERTEX_POINT('',#16383);
#4991=VERTEX_POINT('',#16387);
#4992=VERTEX_POINT('',#16391);
#4993=VERTEX_POINT('',#16395);
#4994=VERTEX_POINT('',#16399);
#4995=VERTEX_POINT('',#16403);
#4996=VERTEX_POINT('',#16407);
#4997=VERTEX_POINT('',#16411);
#4998=VERTEX_POINT('',#16415);
#4999=VERTEX_POINT('',#16419);
#5000=VERTEX_POINT('',#16423);
#5001=VERTEX_POINT('',#16427);
#5002=VERTEX_POINT('',#16431);
#5003=VERTEX_POINT('',#16435);
#5004=VERTEX_POINT('',#16439);
#5005=VERTEX_POINT('',#16443);
#5006=VERTEX_POINT('',#16447);
#5007=VERTEX_POINT('',#16451);
#5008=VERTEX_POINT('',#16455);
#5009=VERTEX_POINT('',#16459);
#5010=VERTEX_POINT('',#16463);
#5011=VERTEX_POINT('',#16467);
#5012=VERTEX_POINT('',#16471);
#5013=VERTEX_POINT('',#16475);
#5014=VERTEX_POINT('',#16479);
#5015=VERTEX_POINT('',#16483);
#5016=VERTEX_POINT('',#16487);
#5017=VERTEX_POINT('',#16491);
#5018=VERTEX_POINT('',#16495);
#5019=VERTEX_POINT('',#16499);
#5020=VERTEX_POINT('',#16503);
#5021=VERTEX_POINT('',#16507);
#5022=VERTEX_POINT('',#16511);
#5023=VERTEX_POINT('',#16515);
#5024=VERTEX_POINT('',#16519);
#5025=VERTEX_POINT('',#16523);
#5026=VERTEX_POINT('',#16527);
#5027=VERTEX_POINT('',#16531);
#5028=VERTEX_POINT('',#16535);
#5029=VERTEX_POINT('',#16539);
#5030=VERTEX_POINT('',#16543);
#5031=VERTEX_POINT('',#16547);
#5032=VERTEX_POINT('',#16551);
#5033=VERTEX_POINT('',#16555);
#5034=VERTEX_POINT('',#16559);
#5035=VERTEX_POINT('',#16563);
#5036=VERTEX_POINT('',#16567);
#5037=VERTEX_POINT('',#16571);
#5038=VERTEX_POINT('',#16575);
#5039=VERTEX_POINT('',#16579);
#5040=VERTEX_POINT('',#16583);
#5041=VERTEX_POINT('',#16587);
#5042=VERTEX_POINT('',#16591);
#5043=VERTEX_POINT('',#16595);
#5044=VERTEX_POINT('',#16599);
#5045=VERTEX_POINT('',#16603);
#5046=VERTEX_POINT('',#16607);
#5047=VERTEX_POINT('',#16611);
#5048=VERTEX_POINT('',#16615);
#5049=VERTEX_POINT('',#16619);
#5050=VERTEX_POINT('',#16623);
#5051=VERTEX_POINT('',#16627);
#5052=VERTEX_POINT('',#16631);
#5053=VERTEX_POINT('',#16635);
#5054=VERTEX_POINT('',#16639);
#5055=VERTEX_POINT('',#16643);
#5056=VERTEX_POINT('',#16647);
#5057=VERTEX_POINT('',#16651);
#5058=VERTEX_POINT('',#16655);
#5059=VERTEX_POINT('',#16659);
#5060=VERTEX_POINT('',#16663);
#5061=VERTEX_POINT('',#16667);
#5062=VERTEX_POINT('',#16671);
#5063=VERTEX_POINT('',#16675);
#5064=VERTEX_POINT('',#16679);
#5065=VERTEX_POINT('',#16683);
#5066=VERTEX_POINT('',#16687);
#5067=VERTEX_POINT('',#16691);
#5068=VERTEX_POINT('',#16695);
#5069=VERTEX_POINT('',#16699);
#5070=VERTEX_POINT('',#16703);
#5071=VERTEX_POINT('',#16707);
#5072=VERTEX_POINT('',#16711);
#5073=VERTEX_POINT('',#16715);
#5074=VERTEX_POINT('',#16719);
#5075=VERTEX_POINT('',#16723);
#5076=VERTEX_POINT('',#16727);
#5077=VERTEX_POINT('',#16731);
#5078=VERTEX_POINT('',#16735);
#5079=VERTEX_POINT('',#16739);
#5080=VERTEX_POINT('',#16743);
#5081=VERTEX_POINT('',#16747);
#5082=VERTEX_POINT('',#16751);
#5083=VERTEX_POINT('',#16755);
#5084=VERTEX_POINT('',#16759);
#5085=VERTEX_POINT('',#16763);
#5086=VERTEX_POINT('',#16767);
#5087=VERTEX_POINT('',#16771);
#5088=VERTEX_POINT('',#16775);
#5089=VERTEX_POINT('',#16779);
#5090=VERTEX_POINT('',#16783);
#5091=VERTEX_POINT('',#16787);
#5092=VERTEX_POINT('',#16791);
#5093=VERTEX_POINT('',#16795);
#5094=VERTEX_POINT('',#16799);
#5095=VERTEX_POINT('',#16803);
#5096=VERTEX_POINT('',#16807);
#5097=VERTEX_POINT('',#16811);
#5098=VERTEX_POINT('',#16815);
#5099=VERTEX_POINT('',#16819);
#5100=VERTEX_POINT('',#16823);
#5101=VERTEX_POINT('',#16827);
#5102=VERTEX_POINT('',#16831);
#5103=VERTEX_POINT('',#16835);
#5104=VERTEX_POINT('',#16839);
#5105=VERTEX_POINT('',#16843);
#5106=VERTEX_POINT('',#16847);
#5107=VERTEX_POINT('',#16851);
#5108=VERTEX_POINT('',#16855);
#5109=VERTEX_POINT('',#16859);
#5110=VERTEX_POINT('',#16863);
#5111=VERTEX_POINT('',#16867);
#5112=VERTEX_POINT('',#16871);
#5113=VERTEX_POINT('',#16875);
#5114=VERTEX_POINT('',#16879);
#5115=VERTEX_POINT('',#16883);
#5116=VERTEX_POINT('',#16887);
#5117=VERTEX_POINT('',#16891);
#5118=VERTEX_POINT('',#16895);
#5119=VERTEX_POINT('',#16899);
#5120=VERTEX_POINT('',#16903);
#5121=VERTEX_POINT('',#16907);
#5122=VERTEX_POINT('',#16911);
#5123=VERTEX_POINT('',#16915);
#5124=VERTEX_POINT('',#16919);
#5125=VERTEX_POINT('',#16923);
#5126=VERTEX_POINT('',#16927);
#5127=VERTEX_POINT('',#16931);
#5128=VERTEX_POINT('',#16935);
#5129=VERTEX_POINT('',#16939);
#5130=VERTEX_POINT('',#16943);
#5131=VERTEX_POINT('',#16947);
#5132=VERTEX_POINT('',#16951);
#5133=VERTEX_POINT('',#16955);
#5134=VERTEX_POINT('',#16959);
#5135=VERTEX_POINT('',#16963);
#5136=VERTEX_POINT('',#16967);
#5137=VERTEX_POINT('',#16971);
#5138=VERTEX_POINT('',#16975);
#5139=VERTEX_POINT('',#16979);
#5140=VERTEX_POINT('',#16983);
#5141=VERTEX_POINT('',#16987);
#5142=VERTEX_POINT('',#16991);
#5143=VERTEX_POINT('',#16995);
#5144=VERTEX_POINT('',#16999);
#5145=VERTEX_POINT('',#17003);
#5146=VERTEX_POINT('',#17007);
#5147=VERTEX_POINT('',#17011);
#5148=VERTEX_POINT('',#17015);
#5149=VERTEX_POINT('',#17019);
#5150=VERTEX_POINT('',#17023);
#5151=VERTEX_POINT('',#17027);
#5152=VERTEX_POINT('',#17031);
#5153=VERTEX_POINT('',#17035);
#5154=VERTEX_POINT('',#17039);
#5155=VERTEX_POINT('',#17043);
#5156=VERTEX_POINT('',#17047);
#5157=VERTEX_POINT('',#17051);
#5158=VERTEX_POINT('',#17055);
#5159=VERTEX_POINT('',#17059);
#5160=VERTEX_POINT('',#17063);
#5161=VERTEX_POINT('',#17067);
#5162=VERTEX_POINT('',#17071);
#5163=VERTEX_POINT('',#17075);
#5164=VERTEX_POINT('',#17079);
#5165=VERTEX_POINT('',#17083);
#5166=VERTEX_POINT('',#17087);
#5167=VERTEX_POINT('',#17091);
#5168=VERTEX_POINT('',#17095);
#5169=VERTEX_POINT('',#17099);
#5170=VERTEX_POINT('',#17103);
#5171=VERTEX_POINT('',#17107);
#5172=VERTEX_POINT('',#17111);
#5173=VERTEX_POINT('',#17115);
#5174=VERTEX_POINT('',#17119);
#5175=VERTEX_POINT('',#17123);
#5176=VERTEX_POINT('',#17127);
#5177=VERTEX_POINT('',#17131);
#5178=VERTEX_POINT('',#17135);
#5179=VERTEX_POINT('',#17139);
#5180=VERTEX_POINT('',#17143);
#5181=VERTEX_POINT('',#17147);
#5182=VERTEX_POINT('',#17151);
#5183=VERTEX_POINT('',#17155);
#5184=VERTEX_POINT('',#17159);
#5185=VERTEX_POINT('',#17163);
#5186=VERTEX_POINT('',#17167);
#5187=VERTEX_POINT('',#17171);
#5188=VERTEX_POINT('',#17175);
#5189=VERTEX_POINT('',#17179);
#5190=VERTEX_POINT('',#17183);
#5191=VERTEX_POINT('',#17187);
#5192=VERTEX_POINT('',#17191);
#5193=VERTEX_POINT('',#17195);
#5194=VERTEX_POINT('',#17199);
#5195=VERTEX_POINT('',#17203);
#5196=VERTEX_POINT('',#17207);
#5197=VERTEX_POINT('',#17211);
#5198=VERTEX_POINT('',#17219);
#5199=VERTEX_POINT('',#17220);
#5200=VERTEX_POINT('',#17222);
#5201=VERTEX_POINT('',#17224);
#5202=VERTEX_POINT('',#17228);
#5203=VERTEX_POINT('',#17229);
#5204=VERTEX_POINT('',#17231);
#5205=VERTEX_POINT('',#17233);
#5206=VERTEX_POINT('',#17237);
#5207=VERTEX_POINT('',#17238);
#5208=VERTEX_POINT('',#17240);
#5209=VERTEX_POINT('',#17242);
#5210=VERTEX_POINT('',#17249);
#5211=VERTEX_POINT('',#17251);
#5212=VERTEX_POINT('',#17255);
#5213=VERTEX_POINT('',#17257);
#5214=VERTEX_POINT('',#17261);
#5215=VERTEX_POINT('',#17262);
#5216=VERTEX_POINT('',#17264);
#5217=VERTEX_POINT('',#17266);
#5218=VERTEX_POINT('',#17274);
#5219=VERTEX_POINT('',#17276);
#5220=VERTEX_POINT('',#17278);
#5221=VERTEX_POINT('',#17280);
#5222=VERTEX_POINT('',#17284);
#5223=VERTEX_POINT('',#17285);
#5224=VERTEX_POINT('',#17287);
#5225=VERTEX_POINT('',#17289);
#5226=VERTEX_POINT('',#17292);
#5227=VERTEX_POINT('',#17294);
#5228=VERTEX_POINT('',#17296);
#5229=VERTEX_POINT('',#17298);
#5230=VERTEX_POINT('',#17302);
#5231=VERTEX_POINT('',#17304);
#5232=VERTEX_POINT('',#17308);
#5233=VERTEX_POINT('',#17319);
#5234=VERTEX_POINT('',#17329);
#5235=VERTEX_POINT('',#17330);
#5236=VERTEX_POINT('',#17332);
#5237=VERTEX_POINT('',#17334);
#5238=VERTEX_POINT('',#17337);
#5239=VERTEX_POINT('',#17340);
#5240=VERTEX_POINT('',#17341);
#5241=VERTEX_POINT('',#17343);
#5242=VERTEX_POINT('',#17345);
#5243=VERTEX_POINT('',#17347);
#5244=VERTEX_POINT('',#17349);
#5245=VERTEX_POINT('',#17351);
#5246=VERTEX_POINT('',#17355);
#5247=VERTEX_POINT('',#17356);
#5248=VERTEX_POINT('',#17361);
#5249=VERTEX_POINT('',#17365);
#5250=VERTEX_POINT('',#17372);
#5251=VERTEX_POINT('',#17374);
#5252=VERTEX_POINT('',#17378);
#5253=VERTEX_POINT('',#17382);
#5254=VERTEX_POINT('',#17386);
#5255=VERTEX_POINT('',#17390);
#5256=VERTEX_POINT('',#17398);
#5257=VERTEX_POINT('',#17400);
#5258=VERTEX_POINT('',#17404);
#5259=VERTEX_POINT('',#17405);
#5260=VERTEX_POINT('',#17407);
#5261=VERTEX_POINT('',#17409);
#5262=VERTEX_POINT('',#17413);
#5263=VERTEX_POINT('',#17415);
#5264=VERTEX_POINT('',#17419);
#5265=VERTEX_POINT('',#17421);
#5266=VERTEX_POINT('',#17431);
#5267=VERTEX_POINT('',#17433);
#5268=VERTEX_POINT('',#17437);
#5269=VERTEX_POINT('',#17438);
#5270=VERTEX_POINT('',#17440);
#5271=VERTEX_POINT('',#17442);
#5272=VERTEX_POINT('',#17446);
#5273=VERTEX_POINT('',#17448);
#5274=VERTEX_POINT('',#17452);
#5275=VERTEX_POINT('',#17454);
#5276=VERTEX_POINT('',#17464);
#5277=VERTEX_POINT('',#17466);
#5278=VERTEX_POINT('',#17470);
#5279=VERTEX_POINT('',#17471);
#5280=VERTEX_POINT('',#17473);
#5281=VERTEX_POINT('',#17475);
#5282=VERTEX_POINT('',#17479);
#5283=VERTEX_POINT('',#17481);
#5284=VERTEX_POINT('',#17485);
#5285=VERTEX_POINT('',#17487);
#5286=VERTEX_POINT('',#17497);
#5287=VERTEX_POINT('',#17499);
#5288=VERTEX_POINT('',#17503);
#5289=VERTEX_POINT('',#17504);
#5290=VERTEX_POINT('',#17506);
#5291=VERTEX_POINT('',#17508);
#5292=VERTEX_POINT('',#17512);
#5293=VERTEX_POINT('',#17514);
#5294=VERTEX_POINT('',#17518);
#5295=VERTEX_POINT('',#17520);
#5296=VERTEX_POINT('',#17530);
#5297=VERTEX_POINT('',#17532);
#5298=VERTEX_POINT('',#17539);
#5299=VERTEX_POINT('',#17541);
#5300=VERTEX_POINT('',#17548);
#5301=VERTEX_POINT('',#17550);
#5302=VERTEX_POINT('',#17554);
#5303=VERTEX_POINT('',#17556);
#5304=VERTEX_POINT('',#17563);
#5305=VERTEX_POINT('',#17565);
#5306=VERTEX_POINT('',#17569);
#5307=VERTEX_POINT('',#17571);
#5308=VERTEX_POINT('',#17578);
#5309=VERTEX_POINT('',#17580);
#5310=VERTEX_POINT('',#17584);
#5311=VERTEX_POINT('',#17586);
#5312=VERTEX_POINT('',#17593);
#5313=VERTEX_POINT('',#17595);
#5314=VERTEX_POINT('',#17599);
#5315=VERTEX_POINT('',#17601);
#5316=VERTEX_POINT('',#17608);
#5317=VERTEX_POINT('',#17609);
#5318=VERTEX_POINT('',#17611);
#5319=VERTEX_POINT('',#17613);
#5320=VERTEX_POINT('',#17616);
#5321=VERTEX_POINT('',#17619);
#5322=VERTEX_POINT('',#17620);
#5323=VERTEX_POINT('',#17622);
#5324=VERTEX_POINT('',#17624);
#5325=VERTEX_POINT('',#17636);
#5326=EDGE_CURVE('',#4312,#4313,#1370,.T.);
#5327=EDGE_CURVE('',#4314,#4312,#1371,.T.);
#5328=EDGE_CURVE('',#4315,#4314,#1372,.T.);
#5329=EDGE_CURVE('',#4313,#4315,#1373,.T.);
#5330=EDGE_CURVE('',#4316,#4312,#1374,.T.);
#5331=EDGE_CURVE('',#4316,#4317,#1375,.T.);
#5332=EDGE_CURVE('',#4314,#4317,#1376,.T.);
#5333=EDGE_CURVE('',#4318,#4316,#1377,.T.);
#5334=EDGE_CURVE('',#4319,#4318,#1378,.T.);
#5335=EDGE_CURVE('',#4317,#4319,#1379,.T.);
#5336=EDGE_CURVE('',#4313,#4320,#1380,.T.);
#5337=EDGE_CURVE('',#4321,#4320,#1381,.T.);
#5338=EDGE_CURVE('',#4321,#4322,#199,.T.);
#5339=EDGE_CURVE('',#4323,#4322,#1382,.T.);
#5340=EDGE_CURVE('',#4323,#4324,#1383,.T.);
#5341=EDGE_CURVE('',#4325,#4324,#1384,.T.);
#5342=EDGE_CURVE('',#4325,#4326,#1385,.T.);
#5343=EDGE_CURVE('',#4327,#4326,#1386,.T.);
#5344=EDGE_CURVE('',#4327,#4328,#1387,.T.);
#5345=EDGE_CURVE('',#4328,#4329,#1388,.T.);
#5346=EDGE_CURVE('',#4329,#4330,#200,.T.);
#5347=EDGE_CURVE('',#4330,#4331,#1389,.T.);
#5348=EDGE_CURVE('',#4331,#4318,#1390,.T.);
#5349=EDGE_CURVE('',#4315,#4332,#1391,.T.);
#5350=EDGE_CURVE('',#4332,#4320,#1392,.T.);
#5351=EDGE_CURVE('',#4330,#4333,#1393,.T.);
#5352=EDGE_CURVE('',#4334,#4329,#1394,.T.);
#5353=EDGE_CURVE('',#4333,#4334,#201,.T.);
#5354=EDGE_CURVE('',#4333,#4335,#1395,.T.);
#5355=EDGE_CURVE('',#4331,#4335,#1396,.T.);
#5356=EDGE_CURVE('',#4328,#4336,#1397,.T.);
#5357=EDGE_CURVE('',#4336,#4334,#1398,.T.);
#5358=EDGE_CURVE('',#4337,#4327,#1399,.T.);
#5359=EDGE_CURVE('',#4336,#4337,#1400,.T.);
#5360=EDGE_CURVE('',#4335,#4319,#1401,.T.);
#5361=EDGE_CURVE('',#4338,#4337,#1402,.T.);
#5362=EDGE_CURVE('',#4338,#4339,#1403,.T.);
#5363=EDGE_CURVE('',#4340,#4339,#1404,.T.);
#5364=EDGE_CURVE('',#4340,#4341,#1405,.T.);
#5365=EDGE_CURVE('',#4341,#4342,#1406,.T.);
#5366=EDGE_CURVE('',#4342,#4343,#202,.T.);
#5367=EDGE_CURVE('',#4343,#4332,#1407,.T.);
#5368=EDGE_CURVE('',#4326,#4344,#1408,.T.);
#5369=EDGE_CURVE('',#4344,#4338,#1409,.T.);
#5370=EDGE_CURVE('',#4322,#4342,#1410,.T.);
#5371=EDGE_CURVE('',#4343,#4321,#1411,.T.);
#5372=EDGE_CURVE('',#4341,#4323,#1412,.T.);
#5373=EDGE_CURVE('',#4324,#4340,#1413,.T.);
#5374=EDGE_CURVE('',#4339,#4345,#1414,.T.);
#5375=EDGE_CURVE('',#4345,#4325,#1415,.T.);
#5376=EDGE_CURVE('',#4344,#4345,#1416,.T.);
#5377=EDGE_CURVE('',#4346,#4347,#1417,.T.);
#5378=EDGE_CURVE('',#4348,#4346,#1418,.T.);
#5379=EDGE_CURVE('',#4349,#4348,#1419,.T.);
#5380=EDGE_CURVE('',#4347,#4349,#1420,.T.);
#5381=EDGE_CURVE('',#4348,#4350,#1421,.T.);
#5382=EDGE_CURVE('',#4351,#4350,#1422,.T.);
#5383=EDGE_CURVE('',#4349,#4351,#1423,.T.);
#5384=EDGE_CURVE('',#4346,#4352,#1424,.T.);
#5385=EDGE_CURVE('',#4350,#4352,#1425,.T.);
#5386=EDGE_CURVE('',#4347,#4353,#1426,.T.);
#5387=EDGE_CURVE('',#4352,#4353,#1427,.T.);
#5388=EDGE_CURVE('',#4353,#4351,#1428,.T.);
#5389=EDGE_CURVE('',#4354,#4355,#1429,.T.);
#5390=EDGE_CURVE('',#4355,#4356,#1430,.T.);
#5391=EDGE_CURVE('',#4357,#4356,#1431,.T.);
#5392=EDGE_CURVE('',#4354,#4357,#1432,.T.);
#5393=EDGE_CURVE('',#4355,#4358,#1433,.T.);
#5394=EDGE_CURVE('',#4358,#4359,#1434,.T.);
#5395=EDGE_CURVE('',#4356,#4359,#1435,.T.);
#5396=EDGE_CURVE('',#4358,#4360,#1436,.T.);
#5397=EDGE_CURVE('',#4361,#4360,#1437,.T.);
#5398=EDGE_CURVE('',#4359,#4361,#1438,.T.);
#5399=EDGE_CURVE('',#4361,#4362,#1439,.T.);
#5400=EDGE_CURVE('',#4362,#4363,#1440,.T.);
#5401=EDGE_CURVE('',#4363,#4364,#1441,.T.);
#5402=EDGE_CURVE('',#4365,#4364,#1442,.T.);
#5403=EDGE_CURVE('',#4366,#4365,#1443,.T.);
#5404=EDGE_CURVE('',#4366,#4367,#1444,.T.);
#5405=EDGE_CURVE('',#4367,#4368,#1445,.T.);
#5406=EDGE_CURVE('',#4368,#4369,#1446,.T.);
#5407=EDGE_CURVE('',#4369,#4357,#1447,.T.);
#5408=EDGE_CURVE('',#4370,#4354,#1448,.T.);
#5409=EDGE_CURVE('',#4371,#4370,#1449,.T.);
#5410=EDGE_CURVE('',#4372,#4371,#1450,.T.);
#5411=EDGE_CURVE('',#4373,#4372,#1451,.T.);
#5412=EDGE_CURVE('',#4374,#4373,#1452,.T.);
#5413=EDGE_CURVE('',#4375,#4374,#1453,.T.);
#5414=EDGE_CURVE('',#4376,#4375,#1454,.T.);
#5415=EDGE_CURVE('',#4377,#4376,#1455,.T.);
#5416=EDGE_CURVE('',#4360,#4377,#1456,.T.);
#5417=EDGE_CURVE('',#4370,#4369,#1457,.T.);
#5418=EDGE_CURVE('',#4362,#4377,#1458,.T.);
#5419=EDGE_CURVE('',#4376,#4363,#1459,.T.);
#5420=EDGE_CURVE('',#4375,#4378,#1460,.T.);
#5421=EDGE_CURVE('',#4378,#4379,#1461,.T.);
#5422=EDGE_CURVE('',#4380,#4379,#1462,.T.);
#5423=EDGE_CURVE('',#4381,#4380,#1463,.T.);
#5424=EDGE_CURVE('',#4381,#4382,#203,.T.);
#5425=EDGE_CURVE('',#4383,#4382,#1464,.T.);
#5426=EDGE_CURVE('',#4384,#4383,#1465,.T.);
#5427=EDGE_CURVE('',#4385,#4384,#1466,.T.);
#5428=EDGE_CURVE('',#4386,#4385,#1467,.T.);
#5429=EDGE_CURVE('',#4387,#4386,#1468,.T.);
#5430=EDGE_CURVE('',#4388,#4387,#1469,.T.);
#5431=EDGE_CURVE('',#4388,#4389,#1470,.T.);
#5432=EDGE_CURVE('',#4389,#4390,#204,.T.);
#5433=EDGE_CURVE('',#4390,#4391,#1471,.T.);
#5434=EDGE_CURVE('',#4364,#4391,#1472,.T.);
#5435=EDGE_CURVE('',#4371,#4368,#1473,.T.);
#5436=EDGE_CURVE('',#4391,#4392,#1474,.T.);
#5437=EDGE_CURVE('',#4365,#4392,#1475,.T.);
#5438=EDGE_CURVE('',#4373,#4366,#1476,.T.);
#5439=EDGE_CURVE('',#4372,#4367,#1477,.T.);
#5440=EDGE_CURVE('',#4393,#4374,#1478,.T.);
#5441=EDGE_CURVE('',#4393,#4378,#1479,.T.);
#5442=EDGE_CURVE('',#4394,#4393,#1480,.T.);
#5443=EDGE_CURVE('',#4379,#4394,#1481,.T.);
#5444=EDGE_CURVE('',#4395,#4392,#1482,.T.);
#5445=EDGE_CURVE('',#4395,#4396,#205,.T.);
#5446=EDGE_CURVE('',#4397,#4396,#1483,.T.);
#5447=EDGE_CURVE('',#4398,#4397,#1484,.T.);
#5448=EDGE_CURVE('',#4399,#4398,#1485,.T.);
#5449=EDGE_CURVE('',#4400,#4399,#1486,.T.);
#5450=EDGE_CURVE('',#4401,#4400,#1487,.T.);
#5451=EDGE_CURVE('',#4402,#4401,#1488,.T.);
#5452=EDGE_CURVE('',#4402,#4403,#1489,.T.);
#5453=EDGE_CURVE('',#4403,#4404,#206,.T.);
#5454=EDGE_CURVE('',#4404,#4405,#1490,.T.);
#5455=EDGE_CURVE('',#4405,#4394,#1491,.T.);
#5456=EDGE_CURVE('',#4404,#4381,#1492,.T.);
#5457=EDGE_CURVE('',#4382,#4403,#1493,.T.);
#5458=EDGE_CURVE('',#4405,#4380,#1494,.T.);
#5459=EDGE_CURVE('',#4383,#4402,#1495,.T.);
#5460=EDGE_CURVE('',#4384,#4401,#1496,.T.);
#5461=EDGE_CURVE('',#4400,#4406,#1497,.T.);
#5462=EDGE_CURVE('',#4406,#4385,#1498,.T.);
#5463=EDGE_CURVE('',#4396,#4389,#1499,.T.);
#5464=EDGE_CURVE('',#4390,#4395,#1500,.T.);
#5465=EDGE_CURVE('',#4397,#4388,#1501,.T.);
#5466=EDGE_CURVE('',#4398,#4387,#1502,.T.);
#5467=EDGE_CURVE('',#4386,#4407,#1503,.T.);
#5468=EDGE_CURVE('',#4407,#4399,#1504,.T.);
#5469=EDGE_CURVE('',#4406,#4407,#1505,.T.);
#5470=EDGE_CURVE('',#4408,#4409,#1506,.T.);
#5471=EDGE_CURVE('',#4409,#4410,#1507,.T.);
#5472=EDGE_CURVE('',#4411,#4410,#1508,.T.);
#5473=EDGE_CURVE('',#4408,#4411,#1509,.T.);
#5474=EDGE_CURVE('',#4409,#4412,#1510,.T.);
#5475=EDGE_CURVE('',#4413,#4412,#1511,.T.);
#5476=EDGE_CURVE('',#4410,#4413,#1512,.T.);
#5477=EDGE_CURVE('',#4414,#4415,#1513,.T.);
#5478=EDGE_CURVE('',#4415,#4416,#1514,.T.);
#5479=EDGE_CURVE('',#4417,#4416,#1515,.T.);
#5480=EDGE_CURVE('',#4414,#4417,#1516,.T.);
#5481=EDGE_CURVE('',#4415,#4418,#1517,.T.);
#5482=EDGE_CURVE('',#4418,#4419,#1518,.T.);
#5483=EDGE_CURVE('',#4416,#4419,#1519,.T.);
#5484=EDGE_CURVE('',#4418,#4420,#1520,.T.);
#5485=EDGE_CURVE('',#4421,#4420,#1521,.T.);
#5486=EDGE_CURVE('',#4419,#4421,#1522,.T.);
#5487=EDGE_CURVE('',#4422,#4423,#1523,.T.);
#5488=EDGE_CURVE('',#4423,#4424,#1524,.T.);
#5489=EDGE_CURVE('',#4425,#4424,#1525,.T.);
#5490=EDGE_CURVE('',#4422,#4425,#1526,.T.);
#5491=EDGE_CURVE('',#4423,#4426,#1527,.T.);
#5492=EDGE_CURVE('',#4426,#4427,#1528,.T.);
#5493=EDGE_CURVE('',#4424,#4427,#1529,.T.);
#5494=EDGE_CURVE('',#4426,#4428,#1530,.T.);
#5495=EDGE_CURVE('',#4429,#4428,#1531,.T.);
#5496=EDGE_CURVE('',#4427,#4429,#1532,.T.);
#5497=EDGE_CURVE('',#4430,#4431,#1533,.T.);
#5498=EDGE_CURVE('',#4431,#4432,#1534,.T.);
#5499=EDGE_CURVE('',#4433,#4432,#1535,.T.);
#5500=EDGE_CURVE('',#4430,#4433,#1536,.T.);
#5501=EDGE_CURVE('',#4431,#4434,#1537,.T.);
#5502=EDGE_CURVE('',#4434,#4435,#1538,.T.);
#5503=EDGE_CURVE('',#4432,#4435,#1539,.T.);
#5504=EDGE_CURVE('',#4434,#4436,#1540,.T.);
#5505=EDGE_CURVE('',#4437,#4436,#1541,.T.);
#5506=EDGE_CURVE('',#4435,#4437,#1542,.T.);
#5507=EDGE_CURVE('',#4438,#4439,#1543,.T.);
#5508=EDGE_CURVE('',#4439,#4440,#1544,.T.);
#5509=EDGE_CURVE('',#4441,#4440,#1545,.T.);
#5510=EDGE_CURVE('',#4438,#4441,#1546,.T.);
#5511=EDGE_CURVE('',#4439,#4442,#1547,.T.);
#5512=EDGE_CURVE('',#4442,#4443,#1548,.T.);
#5513=EDGE_CURVE('',#4440,#4443,#1549,.T.);
#5514=EDGE_CURVE('',#4442,#4444,#1550,.T.);
#5515=EDGE_CURVE('',#4445,#4444,#1551,.T.);
#5516=EDGE_CURVE('',#4443,#4445,#1552,.T.);
#5517=EDGE_CURVE('',#4446,#4447,#1553,.T.);
#5518=EDGE_CURVE('',#4448,#4447,#1554,.T.);
#5519=EDGE_CURVE('',#4449,#4448,#1555,.T.);
#5520=EDGE_CURVE('',#4446,#4449,#1556,.T.);
#5521=EDGE_CURVE('',#4436,#4438,#1557,.T.);
#5522=EDGE_CURVE('',#4428,#4430,#1558,.T.);
#5523=EDGE_CURVE('',#4420,#4422,#1559,.T.);
#5524=EDGE_CURVE('',#4412,#4414,#1560,.T.);
#5525=EDGE_CURVE('',#4450,#4408,#1561,.T.);
#5526=EDGE_CURVE('',#4451,#4450,#1562,.T.);
#5527=EDGE_CURVE('',#4452,#4451,#1563,.T.);
#5528=EDGE_CURVE('',#4453,#4452,#1564,.T.);
#5529=EDGE_CURVE('',#4454,#4453,#1565,.T.);
#5530=EDGE_CURVE('',#4455,#4454,#1566,.T.);
#5531=EDGE_CURVE('',#4456,#4455,#1567,.T.);
#5532=EDGE_CURVE('',#4457,#4456,#1568,.T.);
#5533=EDGE_CURVE('',#4458,#4457,#1569,.T.);
#5534=EDGE_CURVE('',#4459,#4458,#1570,.T.);
#5535=EDGE_CURVE('',#4460,#4459,#1571,.T.);
#5536=EDGE_CURVE('',#4461,#4460,#1572,.T.);
#5537=EDGE_CURVE('',#4462,#4461,#1573,.T.);
#5538=EDGE_CURVE('',#4463,#4462,#1574,.T.);
#5539=EDGE_CURVE('',#4464,#4463,#1575,.T.);
#5540=EDGE_CURVE('',#4465,#4464,#1576,.T.);
#5541=EDGE_CURVE('',#4466,#4465,#1577,.T.);
#5542=EDGE_CURVE('',#4467,#4466,#1578,.T.);
#5543=EDGE_CURVE('',#4468,#4467,#1579,.T.);
#5544=EDGE_CURVE('',#4469,#4468,#1580,.T.);
#5545=EDGE_CURVE('',#4470,#4469,#1581,.T.);
#5546=EDGE_CURVE('',#4447,#4470,#1582,.T.);
#5547=EDGE_CURVE('',#4471,#4446,#1583,.T.);
#5548=EDGE_CURVE('',#4472,#4471,#1584,.T.);
#5549=EDGE_CURVE('',#4473,#4472,#1585,.T.);
#5550=EDGE_CURVE('',#4474,#4473,#1586,.T.);
#5551=EDGE_CURVE('',#4475,#4474,#1587,.T.);
#5552=EDGE_CURVE('',#4476,#4475,#1588,.T.);
#5553=EDGE_CURVE('',#4444,#4476,#1589,.T.);
#5554=EDGE_CURVE('',#4437,#4441,#1590,.T.);
#5555=EDGE_CURVE('',#4476,#4477,#1591,.T.);
#5556=EDGE_CURVE('',#4445,#4477,#1592,.T.);
#5557=EDGE_CURVE('',#4469,#4478,#1593,.T.);
#5558=EDGE_CURVE('',#4479,#4478,#1594,.T.);
#5559=EDGE_CURVE('',#4470,#4479,#1595,.T.);
#5560=EDGE_CURVE('',#4480,#4467,#1596,.T.);
#5561=EDGE_CURVE('',#4481,#4480,#1597,.T.);
#5562=EDGE_CURVE('',#4468,#4481,#1598,.T.);
#5563=EDGE_CURVE('',#4478,#4481,#1599,.T.);
#5564=EDGE_CURVE('',#4448,#4479,#1600,.T.);
#5565=EDGE_CURVE('',#4466,#4482,#1601,.T.);
#5566=EDGE_CURVE('',#4480,#4482,#1602,.T.);
#5567=EDGE_CURVE('',#4429,#4433,#1603,.T.);
#5568=EDGE_CURVE('',#4465,#4483,#1604,.T.);
#5569=EDGE_CURVE('',#4482,#4483,#1605,.T.);
#5570=EDGE_CURVE('',#4484,#4463,#1606,.T.);
#5571=EDGE_CURVE('',#4485,#4484,#1607,.T.);
#5572=EDGE_CURVE('',#4464,#4485,#1608,.T.);
#5573=EDGE_CURVE('',#4483,#4485,#1609,.T.);
#5574=EDGE_CURVE('',#4462,#4486,#1610,.T.);
#5575=EDGE_CURVE('',#4484,#4486,#1611,.T.);
#5576=EDGE_CURVE('',#4421,#4425,#1612,.T.);
#5577=EDGE_CURVE('',#4461,#4487,#1613,.T.);
#5578=EDGE_CURVE('',#4486,#4487,#1614,.T.);
#5579=EDGE_CURVE('',#4488,#4459,#1615,.T.);
#5580=EDGE_CURVE('',#4489,#4488,#1616,.T.);
#5581=EDGE_CURVE('',#4460,#4489,#1617,.T.);
#5582=EDGE_CURVE('',#4487,#4489,#1618,.T.);
#5583=EDGE_CURVE('',#4458,#4490,#1619,.T.);
#5584=EDGE_CURVE('',#4488,#4490,#1620,.T.);
#5585=EDGE_CURVE('',#4413,#4417,#1621,.T.);
#5586=EDGE_CURVE('',#4457,#4491,#1622,.T.);
#5587=EDGE_CURVE('',#4490,#4491,#1623,.T.);
#5588=EDGE_CURVE('',#4492,#4455,#1624,.T.);
#5589=EDGE_CURVE('',#4493,#4492,#1625,.T.);
#5590=EDGE_CURVE('',#4456,#4493,#1626,.T.);
#5591=EDGE_CURVE('',#4491,#4493,#1627,.T.);
#5592=EDGE_CURVE('',#4454,#4494,#1628,.T.);
#5593=EDGE_CURVE('',#4492,#4494,#1629,.T.);
#5594=EDGE_CURVE('',#4495,#4411,#1630,.T.);
#5595=EDGE_CURVE('',#4450,#4495,#1631,.T.);
#5596=EDGE_CURVE('',#4496,#4495,#1632,.T.);
#5597=EDGE_CURVE('',#4496,#4451,#1633,.T.);
#5598=EDGE_CURVE('',#4453,#4497,#1634,.T.);
#5599=EDGE_CURVE('',#4494,#4497,#1635,.T.);
#5600=EDGE_CURVE('',#4498,#4496,#1636,.T.);
#5601=EDGE_CURVE('',#4452,#4498,#1637,.T.);
#5602=EDGE_CURVE('',#4497,#4498,#1638,.T.);
#5603=EDGE_CURVE('',#4471,#4499,#1639,.T.);
#5604=EDGE_CURVE('',#4500,#4499,#1640,.T.);
#5605=EDGE_CURVE('',#4472,#4500,#1641,.T.);
#5606=EDGE_CURVE('',#4499,#4449,#1642,.T.);
#5607=EDGE_CURVE('',#4501,#4500,#1643,.T.);
#5608=EDGE_CURVE('',#4473,#4501,#1644,.T.);
#5609=EDGE_CURVE('',#4475,#4502,#1645,.T.);
#5610=EDGE_CURVE('',#4477,#4502,#1646,.T.);
#5611=EDGE_CURVE('',#4474,#4503,#1647,.T.);
#5612=EDGE_CURVE('',#4502,#4503,#1648,.T.);
#5613=EDGE_CURVE('',#4503,#4501,#1649,.T.);
#5614=EDGE_CURVE('',#4504,#4505,#1650,.T.);
#5615=EDGE_CURVE('',#4506,#4505,#1651,.T.);
#5616=EDGE_CURVE('',#4507,#4506,#1652,.T.);
#5617=EDGE_CURVE('',#4504,#4507,#1653,.T.);
#5618=EDGE_CURVE('',#4508,#4509,#1654,.T.);
#5619=EDGE_CURVE('',#4509,#4510,#1655,.T.);
#5620=EDGE_CURVE('',#4511,#4510,#1656,.T.);
#5621=EDGE_CURVE('',#4508,#4511,#1657,.T.);
#5622=EDGE_CURVE('',#4509,#4512,#1658,.T.);
#5623=EDGE_CURVE('',#4512,#4513,#1659,.T.);
#5624=EDGE_CURVE('',#4510,#4513,#1660,.T.);
#5625=EDGE_CURVE('',#4512,#4514,#1661,.T.);
#5626=EDGE_CURVE('',#4515,#4514,#1662,.T.);
#5627=EDGE_CURVE('',#4513,#4515,#1663,.T.);
#5628=EDGE_CURVE('',#4516,#4517,#1664,.T.);
#5629=EDGE_CURVE('',#4517,#4518,#1665,.T.);
#5630=EDGE_CURVE('',#4519,#4518,#1666,.T.);
#5631=EDGE_CURVE('',#4516,#4519,#1667,.T.);
#5632=EDGE_CURVE('',#4517,#4520,#1668,.T.);
#5633=EDGE_CURVE('',#4520,#4521,#1669,.T.);
#5634=EDGE_CURVE('',#4518,#4521,#1670,.T.);
#5635=EDGE_CURVE('',#4520,#4522,#1671,.T.);
#5636=EDGE_CURVE('',#4523,#4522,#1672,.T.);
#5637=EDGE_CURVE('',#4521,#4523,#1673,.T.);
#5638=EDGE_CURVE('',#4524,#4525,#1674,.T.);
#5639=EDGE_CURVE('',#4525,#4526,#1675,.T.);
#5640=EDGE_CURVE('',#4527,#4526,#1676,.T.);
#5641=EDGE_CURVE('',#4524,#4527,#1677,.T.);
#5642=EDGE_CURVE('',#4525,#4528,#1678,.T.);
#5643=EDGE_CURVE('',#4528,#4529,#1679,.T.);
#5644=EDGE_CURVE('',#4526,#4529,#1680,.T.);
#5645=EDGE_CURVE('',#4528,#4530,#1681,.T.);
#5646=EDGE_CURVE('',#4531,#4530,#1682,.T.);
#5647=EDGE_CURVE('',#4529,#4531,#1683,.T.);
#5648=EDGE_CURVE('',#4532,#4533,#1684,.T.);
#5649=EDGE_CURVE('',#4533,#4534,#1685,.T.);
#5650=EDGE_CURVE('',#4535,#4534,#1686,.T.);
#5651=EDGE_CURVE('',#4532,#4535,#1687,.T.);
#5652=EDGE_CURVE('',#4533,#4536,#1688,.T.);
#5653=EDGE_CURVE('',#4536,#4537,#1689,.T.);
#5654=EDGE_CURVE('',#4534,#4537,#1690,.T.);
#5655=EDGE_CURVE('',#4536,#4538,#1691,.T.);
#5656=EDGE_CURVE('',#4539,#4538,#1692,.T.);
#5657=EDGE_CURVE('',#4537,#4539,#1693,.T.);
#5658=EDGE_CURVE('',#4540,#4541,#1694,.T.);
#5659=EDGE_CURVE('',#4541,#4542,#1695,.T.);
#5660=EDGE_CURVE('',#4543,#4542,#1696,.T.);
#5661=EDGE_CURVE('',#4540,#4543,#1697,.T.);
#5662=EDGE_CURVE('',#4541,#4544,#1698,.T.);
#5663=EDGE_CURVE('',#4544,#4545,#1699,.T.);
#5664=EDGE_CURVE('',#4542,#4545,#1700,.T.);
#5665=EDGE_CURVE('',#4544,#4546,#1701,.T.);
#5666=EDGE_CURVE('',#4547,#4546,#1702,.T.);
#5667=EDGE_CURVE('',#4545,#4547,#1703,.T.);
#5668=EDGE_CURVE('',#4548,#4549,#1704,.T.);
#5669=EDGE_CURVE('',#4549,#4550,#1705,.T.);
#5670=EDGE_CURVE('',#4551,#4550,#1706,.T.);
#5671=EDGE_CURVE('',#4548,#4551,#1707,.T.);
#5672=EDGE_CURVE('',#4549,#4552,#1708,.T.);
#5673=EDGE_CURVE('',#4552,#4553,#1709,.T.);
#5674=EDGE_CURVE('',#4550,#4553,#1710,.T.);
#5675=EDGE_CURVE('',#4554,#4555,#1711,.T.);
#5676=EDGE_CURVE('',#4556,#4555,#1712,.T.);
#5677=EDGE_CURVE('',#4557,#4556,#1713,.T.);
#5678=EDGE_CURVE('',#4554,#4557,#1714,.T.);
#5679=EDGE_CURVE('',#4558,#4554,#1715,.T.);
#5680=EDGE_CURVE('',#4559,#4557,#1716,.T.);
#5681=EDGE_CURVE('',#4558,#4559,#1717,.T.);
#5682=EDGE_CURVE('',#4560,#4558,#1718,.T.);
#5683=EDGE_CURVE('',#4561,#4559,#1719,.T.);
#5684=EDGE_CURVE('',#4560,#4561,#1720,.T.);
#5685=EDGE_CURVE('',#4562,#4560,#1721,.T.);
#5686=EDGE_CURVE('',#4563,#4562,#1722,.T.);
#5687=EDGE_CURVE('',#4564,#4563,#1723,.T.);
#5688=EDGE_CURVE('',#4565,#4564,#1724,.T.);
#5689=EDGE_CURVE('',#4566,#4565,#1725,.T.);
#5690=EDGE_CURVE('',#4552,#4566,#1726,.T.);
#5691=EDGE_CURVE('',#4546,#4548,#1727,.T.);
#5692=EDGE_CURVE('',#4538,#4540,#1728,.T.);
#5693=EDGE_CURVE('',#4530,#4532,#1729,.T.);
#5694=EDGE_CURVE('',#4522,#4524,#1730,.T.);
#5695=EDGE_CURVE('',#4514,#4516,#1731,.T.);
#5696=EDGE_CURVE('',#4505,#4508,#1732,.T.);
#5697=EDGE_CURVE('',#4567,#4504,#1733,.T.);
#5698=EDGE_CURVE('',#4568,#4567,#1734,.T.);
#5699=EDGE_CURVE('',#4569,#4568,#1735,.T.);
#5700=EDGE_CURVE('',#4570,#4569,#1736,.T.);
#5701=EDGE_CURVE('',#4571,#4570,#1737,.T.);
#5702=EDGE_CURVE('',#4572,#4571,#1738,.T.);
#5703=EDGE_CURVE('',#4573,#4572,#1739,.T.);
#5704=EDGE_CURVE('',#4574,#4573,#1740,.T.);
#5705=EDGE_CURVE('',#4575,#4574,#1741,.T.);
#5706=EDGE_CURVE('',#4576,#4575,#1742,.T.);
#5707=EDGE_CURVE('',#4577,#4576,#1743,.T.);
#5708=EDGE_CURVE('',#4578,#4577,#1744,.T.);
#5709=EDGE_CURVE('',#4579,#4578,#1745,.T.);
#5710=EDGE_CURVE('',#4580,#4579,#1746,.T.);
#5711=EDGE_CURVE('',#4555,#4580,#1747,.T.);
#5712=EDGE_CURVE('',#4581,#4561,#1748,.T.);
#5713=EDGE_CURVE('',#4562,#4581,#1749,.T.);
#5714=EDGE_CURVE('',#4539,#4543,#1750,.T.);
#5715=EDGE_CURVE('',#4582,#4577,#1751,.T.);
#5716=EDGE_CURVE('',#4583,#4582,#1752,.T.);
#5717=EDGE_CURVE('',#4578,#4583,#1753,.T.);
#5718=EDGE_CURVE('',#4584,#4583,#1754,.T.);
#5719=EDGE_CURVE('',#4579,#4584,#1755,.T.);
#5720=EDGE_CURVE('',#4585,#4584,#1756,.T.);
#5721=EDGE_CURVE('',#4580,#4585,#1757,.T.);
#5722=EDGE_CURVE('',#4556,#4585,#1758,.T.);
#5723=EDGE_CURVE('',#4531,#4535,#1759,.T.);
#5724=EDGE_CURVE('',#4586,#4573,#1760,.T.);
#5725=EDGE_CURVE('',#4587,#4586,#1761,.T.);
#5726=EDGE_CURVE('',#4574,#4587,#1762,.T.);
#5727=EDGE_CURVE('',#4588,#4587,#1763,.T.);
#5728=EDGE_CURVE('',#4575,#4588,#1764,.T.);
#5729=EDGE_CURVE('',#4589,#4588,#1765,.T.);
#5730=EDGE_CURVE('',#4576,#4589,#1766,.T.);
#5731=EDGE_CURVE('',#4582,#4589,#1767,.T.);
#5732=EDGE_CURVE('',#4523,#4527,#1768,.T.);
#5733=EDGE_CURVE('',#4590,#4569,#1769,.T.);
#5734=EDGE_CURVE('',#4591,#4590,#1770,.T.);
#5735=EDGE_CURVE('',#4570,#4591,#1771,.T.);
#5736=EDGE_CURVE('',#4592,#4591,#1772,.T.);
#5737=EDGE_CURVE('',#4571,#4592,#1773,.T.);
#5738=EDGE_CURVE('',#4593,#4592,#1774,.T.);
#5739=EDGE_CURVE('',#4572,#4593,#1775,.T.);
#5740=EDGE_CURVE('',#4586,#4593,#1776,.T.);
#5741=EDGE_CURVE('',#4515,#4519,#1777,.T.);
#5742=EDGE_CURVE('',#4594,#4507,#1778,.T.);
#5743=EDGE_CURVE('',#4567,#4594,#1779,.T.);
#5744=EDGE_CURVE('',#4595,#4594,#1780,.T.);
#5745=EDGE_CURVE('',#4568,#4595,#1781,.T.);
#5746=EDGE_CURVE('',#4590,#4595,#1782,.T.);
#5747=EDGE_CURVE('',#4506,#4511,#1783,.T.);
#5748=EDGE_CURVE('',#4596,#4566,#1784,.T.);
#5749=EDGE_CURVE('',#4553,#4596,#1785,.T.);
#5750=EDGE_CURVE('',#4547,#4551,#1786,.T.);
#5751=EDGE_CURVE('',#4597,#4581,#1787,.T.);
#5752=EDGE_CURVE('',#4563,#4597,#1788,.T.);
#5753=EDGE_CURVE('',#4565,#4598,#1789,.T.);
#5754=EDGE_CURVE('',#4596,#4598,#1790,.T.);
#5755=EDGE_CURVE('',#4564,#4599,#1791,.T.);
#5756=EDGE_CURVE('',#4598,#4599,#1792,.T.);
#5757=EDGE_CURVE('',#4599,#4597,#1793,.T.);
#5758=EDGE_CURVE('',#4600,#4600,#207,.T.);
#5759=EDGE_CURVE('',#4600,#4601,#1794,.T.);
#5760=EDGE_CURVE('',#4601,#4601,#208,.T.);
#5761=EDGE_CURVE('',#4602,#4603,#1795,.T.);
#5762=EDGE_CURVE('',#4604,#4602,#1796,.T.);
#5763=EDGE_CURVE('',#4605,#4604,#1797,.T.);
#5764=EDGE_CURVE('',#4603,#4605,#1798,.T.);
#5765=EDGE_CURVE('',#4604,#4606,#1799,.T.);
#5766=EDGE_CURVE('',#4607,#4606,#1800,.T.);
#5767=EDGE_CURVE('',#4605,#4607,#1801,.T.);
#5768=EDGE_CURVE('',#4602,#4608,#1802,.T.);
#5769=EDGE_CURVE('',#4606,#4608,#1803,.T.);
#5770=EDGE_CURVE('',#4609,#4610,#1804,.T.);
#5771=EDGE_CURVE('',#4609,#4611,#1805,.T.);
#5772=EDGE_CURVE('',#4612,#4611,#1806,.T.);
#5773=EDGE_CURVE('',#4610,#4612,#1807,.T.);
#5774=EDGE_CURVE('',#4613,#4609,#1808,.T.);
#5775=EDGE_CURVE('',#4613,#4614,#1809,.T.);
#5776=EDGE_CURVE('',#4611,#4614,#1810,.T.);
#5777=EDGE_CURVE('',#4610,#4615,#1811,.T.);
#5778=EDGE_CURVE('',#4616,#4612,#1812,.T.);
#5779=EDGE_CURVE('',#4615,#4616,#1813,.T.);
#5780=EDGE_CURVE('',#4603,#4617,#1814,.T.);
#5781=EDGE_CURVE('',#4608,#4617,#1815,.T.);
#5782=EDGE_CURVE('',#4615,#4613,#1816,.T.);
#5783=EDGE_CURVE('',#4614,#4616,#1817,.T.);
#5784=EDGE_CURVE('',#4617,#4607,#1818,.T.);
#5785=EDGE_CURVE('',#4618,#4619,#1819,.T.);
#5786=EDGE_CURVE('',#4620,#4618,#1820,.T.);
#5787=EDGE_CURVE('',#4621,#4620,#1821,.T.);
#5788=EDGE_CURVE('',#4622,#4621,#1822,.T.);
#5789=EDGE_CURVE('',#4623,#4622,#1823,.T.);
#5790=EDGE_CURVE('',#4624,#4623,#1824,.T.);
#5791=EDGE_CURVE('',#4625,#4624,#1825,.T.);
#5792=EDGE_CURVE('',#4626,#4625,#1826,.T.);
#5793=EDGE_CURVE('',#4627,#4626,#1827,.T.);
#5794=EDGE_CURVE('',#4628,#4627,#1828,.T.);
#5795=EDGE_CURVE('',#4629,#4628,#1829,.T.);
#5796=EDGE_CURVE('',#4630,#4629,#1830,.T.);
#5797=EDGE_CURVE('',#4631,#4630,#1831,.T.);
#5798=EDGE_CURVE('',#4632,#4631,#1832,.T.);
#5799=EDGE_CURVE('',#4633,#4632,#1833,.T.);
#5800=EDGE_CURVE('',#4634,#4633,#1834,.T.);
#5801=EDGE_CURVE('',#4635,#4634,#1835,.T.);
#5802=EDGE_CURVE('',#4636,#4635,#1836,.T.);
#5803=EDGE_CURVE('',#4637,#4636,#1837,.T.);
#5804=EDGE_CURVE('',#4638,#4637,#1838,.T.);
#5805=EDGE_CURVE('',#4639,#4638,#1839,.T.);
#5806=EDGE_CURVE('',#4640,#4639,#1840,.T.);
#5807=EDGE_CURVE('',#4641,#4640,#1841,.T.);
#5808=EDGE_CURVE('',#4642,#4641,#1842,.T.);
#5809=EDGE_CURVE('',#4643,#4642,#1843,.T.);
#5810=EDGE_CURVE('',#4644,#4643,#1844,.T.);
#5811=EDGE_CURVE('',#4645,#4644,#1845,.T.);
#5812=EDGE_CURVE('',#4646,#4645,#1846,.T.);
#5813=EDGE_CURVE('',#4647,#4646,#1847,.T.);
#5814=EDGE_CURVE('',#4648,#4647,#1848,.T.);
#5815=EDGE_CURVE('',#4649,#4648,#1849,.T.);
#5816=EDGE_CURVE('',#4650,#4649,#1850,.T.);
#5817=EDGE_CURVE('',#4651,#4650,#1851,.T.);
#5818=EDGE_CURVE('',#4652,#4651,#1852,.T.);
#5819=EDGE_CURVE('',#4653,#4652,#1853,.T.);
#5820=EDGE_CURVE('',#4654,#4653,#1854,.T.);
#5821=EDGE_CURVE('',#4655,#4654,#1855,.T.);
#5822=EDGE_CURVE('',#4656,#4655,#1856,.T.);
#5823=EDGE_CURVE('',#4657,#4656,#1857,.T.);
#5824=EDGE_CURVE('',#4658,#4657,#1858,.T.);
#5825=EDGE_CURVE('',#4659,#4658,#1859,.T.);
#5826=EDGE_CURVE('',#4660,#4659,#1860,.T.);
#5827=EDGE_CURVE('',#4661,#4660,#1861,.T.);
#5828=EDGE_CURVE('',#4662,#4661,#1862,.T.);
#5829=EDGE_CURVE('',#4663,#4662,#1863,.T.);
#5830=EDGE_CURVE('',#4664,#4663,#1864,.T.);
#5831=EDGE_CURVE('',#4665,#4664,#1865,.T.);
#5832=EDGE_CURVE('',#4666,#4665,#1866,.T.);
#5833=EDGE_CURVE('',#4667,#4666,#1867,.T.);
#5834=EDGE_CURVE('',#4668,#4667,#1868,.T.);
#5835=EDGE_CURVE('',#4669,#4668,#1869,.T.);
#5836=EDGE_CURVE('',#4670,#4669,#1870,.T.);
#5837=EDGE_CURVE('',#4671,#4670,#1871,.T.);
#5838=EDGE_CURVE('',#4672,#4671,#1872,.T.);
#5839=EDGE_CURVE('',#4673,#4672,#1873,.T.);
#5840=EDGE_CURVE('',#4674,#4673,#1874,.T.);
#5841=EDGE_CURVE('',#4675,#4674,#1875,.T.);
#5842=EDGE_CURVE('',#4676,#4675,#1876,.T.);
#5843=EDGE_CURVE('',#4677,#4676,#1877,.T.);
#5844=EDGE_CURVE('',#4678,#4677,#1878,.T.);
#5845=EDGE_CURVE('',#4679,#4678,#1879,.T.);
#5846=EDGE_CURVE('',#4680,#4679,#1880,.T.);
#5847=EDGE_CURVE('',#4681,#4680,#1881,.T.);
#5848=EDGE_CURVE('',#4682,#4681,#1882,.T.);
#5849=EDGE_CURVE('',#4683,#4682,#1883,.T.);
#5850=EDGE_CURVE('',#4684,#4683,#1884,.T.);
#5851=EDGE_CURVE('',#4685,#4684,#1885,.T.);
#5852=EDGE_CURVE('',#4686,#4685,#1886,.T.);
#5853=EDGE_CURVE('',#4687,#4686,#1887,.T.);
#5854=EDGE_CURVE('',#4688,#4687,#1888,.T.);
#5855=EDGE_CURVE('',#4689,#4688,#1889,.T.);
#5856=EDGE_CURVE('',#4690,#4689,#1890,.T.);
#5857=EDGE_CURVE('',#4691,#4690,#1891,.T.);
#5858=EDGE_CURVE('',#4692,#4691,#1892,.T.);
#5859=EDGE_CURVE('',#4693,#4692,#1893,.T.);
#5860=EDGE_CURVE('',#4694,#4693,#1894,.T.);
#5861=EDGE_CURVE('',#4695,#4694,#1895,.T.);
#5862=EDGE_CURVE('',#4696,#4695,#1896,.T.);
#5863=EDGE_CURVE('',#4697,#4696,#1897,.T.);
#5864=EDGE_CURVE('',#4698,#4697,#1898,.T.);
#5865=EDGE_CURVE('',#4699,#4698,#1899,.T.);
#5866=EDGE_CURVE('',#4700,#4699,#1900,.T.);
#5867=EDGE_CURVE('',#4701,#4700,#1901,.T.);
#5868=EDGE_CURVE('',#4702,#4701,#1902,.T.);
#5869=EDGE_CURVE('',#4703,#4702,#1903,.T.);
#5870=EDGE_CURVE('',#4704,#4703,#1904,.T.);
#5871=EDGE_CURVE('',#4705,#4704,#1905,.T.);
#5872=EDGE_CURVE('',#4706,#4705,#1906,.T.);
#5873=EDGE_CURVE('',#4707,#4706,#1907,.T.);
#5874=EDGE_CURVE('',#4708,#4707,#1908,.T.);
#5875=EDGE_CURVE('',#4709,#4708,#1909,.T.);
#5876=EDGE_CURVE('',#4710,#4709,#1910,.T.);
#5877=EDGE_CURVE('',#4711,#4710,#1911,.T.);
#5878=EDGE_CURVE('',#4712,#4711,#1912,.T.);
#5879=EDGE_CURVE('',#4713,#4712,#1913,.T.);
#5880=EDGE_CURVE('',#4714,#4713,#1914,.T.);
#5881=EDGE_CURVE('',#4715,#4714,#1915,.T.);
#5882=EDGE_CURVE('',#4716,#4715,#1916,.T.);
#5883=EDGE_CURVE('',#4717,#4716,#1917,.T.);
#5884=EDGE_CURVE('',#4718,#4717,#1918,.T.);
#5885=EDGE_CURVE('',#4719,#4718,#1919,.T.);
#5886=EDGE_CURVE('',#4720,#4719,#1920,.T.);
#5887=EDGE_CURVE('',#4721,#4720,#1921,.T.);
#5888=EDGE_CURVE('',#4722,#4721,#1922,.T.);
#5889=EDGE_CURVE('',#4723,#4722,#1923,.T.);
#5890=EDGE_CURVE('',#4724,#4723,#1924,.T.);
#5891=EDGE_CURVE('',#4725,#4724,#1925,.T.);
#5892=EDGE_CURVE('',#4726,#4725,#1926,.T.);
#5893=EDGE_CURVE('',#4727,#4726,#1927,.T.);
#5894=EDGE_CURVE('',#4728,#4727,#1928,.T.);
#5895=EDGE_CURVE('',#4729,#4728,#1929,.T.);
#5896=EDGE_CURVE('',#4730,#4729,#1930,.T.);
#5897=EDGE_CURVE('',#4731,#4730,#1931,.T.);
#5898=EDGE_CURVE('',#4732,#4731,#1932,.T.);
#5899=EDGE_CURVE('',#4733,#4732,#1933,.T.);
#5900=EDGE_CURVE('',#4734,#4733,#1934,.T.);
#5901=EDGE_CURVE('',#4735,#4734,#1935,.T.);
#5902=EDGE_CURVE('',#4736,#4735,#1936,.T.);
#5903=EDGE_CURVE('',#4737,#4736,#1937,.T.);
#5904=EDGE_CURVE('',#4738,#4737,#1938,.T.);
#5905=EDGE_CURVE('',#4739,#4738,#1939,.T.);
#5906=EDGE_CURVE('',#4740,#4739,#1940,.T.);
#5907=EDGE_CURVE('',#4741,#4740,#1941,.T.);
#5908=EDGE_CURVE('',#4742,#4741,#1942,.T.);
#5909=EDGE_CURVE('',#4743,#4742,#1943,.T.);
#5910=EDGE_CURVE('',#4744,#4743,#1944,.T.);
#5911=EDGE_CURVE('',#4745,#4744,#1945,.T.);
#5912=EDGE_CURVE('',#4746,#4745,#1946,.T.);
#5913=EDGE_CURVE('',#4747,#4746,#1947,.T.);
#5914=EDGE_CURVE('',#4748,#4747,#1948,.T.);
#5915=EDGE_CURVE('',#4749,#4748,#1949,.T.);
#5916=EDGE_CURVE('',#4750,#4749,#1950,.T.);
#5917=EDGE_CURVE('',#4751,#4750,#1951,.T.);
#5918=EDGE_CURVE('',#4752,#4751,#1952,.T.);
#5919=EDGE_CURVE('',#4753,#4752,#1953,.T.);
#5920=EDGE_CURVE('',#4754,#4753,#1954,.T.);
#5921=EDGE_CURVE('',#4755,#4754,#1955,.T.);
#5922=EDGE_CURVE('',#4756,#4755,#1956,.T.);
#5923=EDGE_CURVE('',#4757,#4756,#1957,.T.);
#5924=EDGE_CURVE('',#4758,#4757,#1958,.T.);
#5925=EDGE_CURVE('',#4759,#4758,#1959,.T.);
#5926=EDGE_CURVE('',#4760,#4759,#1960,.T.);
#5927=EDGE_CURVE('',#4761,#4760,#1961,.T.);
#5928=EDGE_CURVE('',#4762,#4761,#1962,.T.);
#5929=EDGE_CURVE('',#4763,#4762,#1963,.T.);
#5930=EDGE_CURVE('',#4764,#4763,#1964,.T.);
#5931=EDGE_CURVE('',#4765,#4764,#1965,.T.);
#5932=EDGE_CURVE('',#4766,#4765,#1966,.T.);
#5933=EDGE_CURVE('',#4767,#4766,#1967,.T.);
#5934=EDGE_CURVE('',#4768,#4767,#1968,.T.);
#5935=EDGE_CURVE('',#4769,#4768,#1969,.T.);
#5936=EDGE_CURVE('',#4770,#4769,#1970,.T.);
#5937=EDGE_CURVE('',#4771,#4770,#1971,.T.);
#5938=EDGE_CURVE('',#4772,#4771,#1972,.T.);
#5939=EDGE_CURVE('',#4773,#4772,#1973,.T.);
#5940=EDGE_CURVE('',#4774,#4773,#1974,.T.);
#5941=EDGE_CURVE('',#4775,#4774,#1975,.T.);
#5942=EDGE_CURVE('',#4776,#4775,#1976,.T.);
#5943=EDGE_CURVE('',#4777,#4776,#1977,.T.);
#5944=EDGE_CURVE('',#4778,#4777,#1978,.T.);
#5945=EDGE_CURVE('',#4779,#4778,#1979,.T.);
#5946=EDGE_CURVE('',#4780,#4779,#1980,.T.);
#5947=EDGE_CURVE('',#4781,#4780,#1981,.T.);
#5948=EDGE_CURVE('',#4782,#4781,#1982,.T.);
#5949=EDGE_CURVE('',#4783,#4782,#1983,.T.);
#5950=EDGE_CURVE('',#4784,#4783,#1984,.T.);
#5951=EDGE_CURVE('',#4785,#4784,#1985,.T.);
#5952=EDGE_CURVE('',#4786,#4785,#1986,.T.);
#5953=EDGE_CURVE('',#4787,#4786,#1987,.T.);
#5954=EDGE_CURVE('',#4788,#4787,#1988,.T.);
#5955=EDGE_CURVE('',#4789,#4788,#1989,.T.);
#5956=EDGE_CURVE('',#4790,#4789,#1990,.T.);
#5957=EDGE_CURVE('',#4791,#4790,#1991,.T.);
#5958=EDGE_CURVE('',#4792,#4791,#1992,.T.);
#5959=EDGE_CURVE('',#4793,#4792,#1993,.T.);
#5960=EDGE_CURVE('',#4794,#4793,#1994,.T.);
#5961=EDGE_CURVE('',#4795,#4794,#1995,.T.);
#5962=EDGE_CURVE('',#4796,#4795,#1996,.T.);
#5963=EDGE_CURVE('',#4797,#4796,#1997,.T.);
#5964=EDGE_CURVE('',#4798,#4797,#1998,.T.);
#5965=EDGE_CURVE('',#4799,#4798,#1999,.T.);
#5966=EDGE_CURVE('',#4800,#4799,#2000,.T.);
#5967=EDGE_CURVE('',#4801,#4800,#2001,.T.);
#5968=EDGE_CURVE('',#4802,#4801,#2002,.T.);
#5969=EDGE_CURVE('',#4803,#4802,#2003,.T.);
#5970=EDGE_CURVE('',#4804,#4803,#2004,.T.);
#5971=EDGE_CURVE('',#4805,#4804,#2005,.T.);
#5972=EDGE_CURVE('',#4806,#4805,#2006,.T.);
#5973=EDGE_CURVE('',#4807,#4806,#2007,.T.);
#5974=EDGE_CURVE('',#4808,#4807,#2008,.T.);
#5975=EDGE_CURVE('',#4809,#4808,#2009,.T.);
#5976=EDGE_CURVE('',#4810,#4809,#2010,.T.);
#5977=EDGE_CURVE('',#4811,#4810,#2011,.T.);
#5978=EDGE_CURVE('',#4812,#4811,#2012,.T.);
#5979=EDGE_CURVE('',#4813,#4812,#2013,.T.);
#5980=EDGE_CURVE('',#4814,#4813,#2014,.T.);
#5981=EDGE_CURVE('',#4815,#4814,#2015,.T.);
#5982=EDGE_CURVE('',#4816,#4815,#2016,.T.);
#5983=EDGE_CURVE('',#4817,#4816,#2017,.T.);
#5984=EDGE_CURVE('',#4818,#4817,#2018,.T.);
#5985=EDGE_CURVE('',#4819,#4818,#2019,.T.);
#5986=EDGE_CURVE('',#4820,#4819,#2020,.T.);
#5987=EDGE_CURVE('',#4821,#4820,#2021,.T.);
#5988=EDGE_CURVE('',#4822,#4821,#2022,.T.);
#5989=EDGE_CURVE('',#4823,#4822,#2023,.T.);
#5990=EDGE_CURVE('',#4824,#4823,#2024,.T.);
#5991=EDGE_CURVE('',#4825,#4824,#2025,.T.);
#5992=EDGE_CURVE('',#4826,#4825,#2026,.T.);
#5993=EDGE_CURVE('',#4827,#4826,#2027,.T.);
#5994=EDGE_CURVE('',#4828,#4827,#2028,.T.);
#5995=EDGE_CURVE('',#4829,#4828,#2029,.T.);
#5996=EDGE_CURVE('',#4830,#4829,#2030,.T.);
#5997=EDGE_CURVE('',#4831,#4830,#2031,.T.);
#5998=EDGE_CURVE('',#4832,#4831,#2032,.T.);
#5999=EDGE_CURVE('',#4833,#4832,#2033,.T.);
#6000=EDGE_CURVE('',#4834,#4833,#2034,.T.);
#6001=EDGE_CURVE('',#4835,#4834,#2035,.T.);
#6002=EDGE_CURVE('',#4836,#4835,#2036,.T.);
#6003=EDGE_CURVE('',#4837,#4836,#2037,.T.);
#6004=EDGE_CURVE('',#4838,#4837,#2038,.T.);
#6005=EDGE_CURVE('',#4839,#4838,#2039,.T.);
#6006=EDGE_CURVE('',#4840,#4839,#2040,.T.);
#6007=EDGE_CURVE('',#4841,#4840,#2041,.T.);
#6008=EDGE_CURVE('',#4842,#4841,#2042,.T.);
#6009=EDGE_CURVE('',#4843,#4842,#2043,.T.);
#6010=EDGE_CURVE('',#4844,#4843,#2044,.T.);
#6011=EDGE_CURVE('',#4845,#4844,#2045,.T.);
#6012=EDGE_CURVE('',#4846,#4845,#2046,.T.);
#6013=EDGE_CURVE('',#4847,#4846,#2047,.T.);
#6014=EDGE_CURVE('',#4848,#4847,#2048,.T.);
#6015=EDGE_CURVE('',#4849,#4848,#2049,.T.);
#6016=EDGE_CURVE('',#4850,#4849,#2050,.T.);
#6017=EDGE_CURVE('',#4851,#4850,#2051,.T.);
#6018=EDGE_CURVE('',#4852,#4851,#2052,.T.);
#6019=EDGE_CURVE('',#4853,#4852,#2053,.T.);
#6020=EDGE_CURVE('',#4854,#4853,#2054,.T.);
#6021=EDGE_CURVE('',#4855,#4854,#2055,.T.);
#6022=EDGE_CURVE('',#4856,#4855,#2056,.T.);
#6023=EDGE_CURVE('',#4857,#4856,#2057,.T.);
#6024=EDGE_CURVE('',#4858,#4857,#2058,.T.);
#6025=EDGE_CURVE('',#4859,#4858,#2059,.T.);
#6026=EDGE_CURVE('',#4860,#4859,#2060,.T.);
#6027=EDGE_CURVE('',#4861,#4860,#2061,.T.);
#6028=EDGE_CURVE('',#4862,#4861,#2062,.T.);
#6029=EDGE_CURVE('',#4863,#4862,#2063,.T.);
#6030=EDGE_CURVE('',#4864,#4863,#2064,.T.);
#6031=EDGE_CURVE('',#4865,#4864,#2065,.T.);
#6032=EDGE_CURVE('',#4866,#4865,#2066,.T.);
#6033=EDGE_CURVE('',#4867,#4866,#2067,.T.);
#6034=EDGE_CURVE('',#4868,#4867,#2068,.T.);
#6035=EDGE_CURVE('',#4869,#4868,#2069,.T.);
#6036=EDGE_CURVE('',#4870,#4869,#2070,.T.);
#6037=EDGE_CURVE('',#4871,#4870,#2071,.T.);
#6038=EDGE_CURVE('',#4872,#4871,#2072,.T.);
#6039=EDGE_CURVE('',#4873,#4872,#2073,.T.);
#6040=EDGE_CURVE('',#4874,#4873,#2074,.T.);
#6041=EDGE_CURVE('',#4875,#4874,#2075,.T.);
#6042=EDGE_CURVE('',#4876,#4875,#2076,.T.);
#6043=EDGE_CURVE('',#4877,#4876,#2077,.T.);
#6044=EDGE_CURVE('',#4878,#4877,#2078,.T.);
#6045=EDGE_CURVE('',#4879,#4878,#2079,.T.);
#6046=EDGE_CURVE('',#4880,#4879,#2080,.T.);
#6047=EDGE_CURVE('',#4881,#4880,#2081,.T.);
#6048=EDGE_CURVE('',#4882,#4881,#2082,.T.);
#6049=EDGE_CURVE('',#4883,#4882,#2083,.T.);
#6050=EDGE_CURVE('',#4884,#4883,#2084,.T.);
#6051=EDGE_CURVE('',#4885,#4884,#2085,.T.);
#6052=EDGE_CURVE('',#4886,#4885,#2086,.T.);
#6053=EDGE_CURVE('',#4887,#4886,#2087,.T.);
#6054=EDGE_CURVE('',#4888,#4887,#2088,.T.);
#6055=EDGE_CURVE('',#4889,#4888,#2089,.T.);
#6056=EDGE_CURVE('',#4890,#4889,#2090,.T.);
#6057=EDGE_CURVE('',#4891,#4890,#2091,.T.);
#6058=EDGE_CURVE('',#4892,#4891,#2092,.T.);
#6059=EDGE_CURVE('',#4893,#4892,#2093,.T.);
#6060=EDGE_CURVE('',#4894,#4893,#2094,.T.);
#6061=EDGE_CURVE('',#4895,#4894,#2095,.T.);
#6062=EDGE_CURVE('',#4896,#4895,#2096,.T.);
#6063=EDGE_CURVE('',#4897,#4896,#2097,.T.);
#6064=EDGE_CURVE('',#4898,#4897,#2098,.T.);
#6065=EDGE_CURVE('',#4899,#4898,#2099,.T.);
#6066=EDGE_CURVE('',#4900,#4899,#2100,.T.);
#6067=EDGE_CURVE('',#4901,#4900,#2101,.T.);
#6068=EDGE_CURVE('',#4902,#4901,#2102,.T.);
#6069=EDGE_CURVE('',#4903,#4902,#2103,.T.);
#6070=EDGE_CURVE('',#4904,#4903,#2104,.T.);
#6071=EDGE_CURVE('',#4905,#4904,#2105,.T.);
#6072=EDGE_CURVE('',#4906,#4905,#2106,.T.);
#6073=EDGE_CURVE('',#4907,#4906,#2107,.T.);
#6074=EDGE_CURVE('',#4619,#4907,#2108,.T.);
#6075=EDGE_CURVE('',#4763,#4908,#2109,.T.);
#6076=EDGE_CURVE('',#4909,#4908,#2110,.T.);
#6077=EDGE_CURVE('',#4764,#4909,#2111,.T.);
#6078=EDGE_CURVE('',#4762,#4910,#2112,.T.);
#6079=EDGE_CURVE('',#4908,#4910,#2113,.T.);
#6080=EDGE_CURVE('',#4761,#4911,#2114,.T.);
#6081=EDGE_CURVE('',#4910,#4911,#2115,.T.);
#6082=EDGE_CURVE('',#4760,#4912,#2116,.T.);
#6083=EDGE_CURVE('',#4911,#4912,#2117,.T.);
#6084=EDGE_CURVE('',#4759,#4913,#2118,.T.);
#6085=EDGE_CURVE('',#4912,#4913,#2119,.T.);
#6086=EDGE_CURVE('',#4758,#4914,#2120,.T.);
#6087=EDGE_CURVE('',#4913,#4914,#2121,.T.);
#6088=EDGE_CURVE('',#4757,#4915,#2122,.T.);
#6089=EDGE_CURVE('',#4914,#4915,#2123,.T.);
#6090=EDGE_CURVE('',#4756,#4916,#2124,.T.);
#6091=EDGE_CURVE('',#4915,#4916,#2125,.T.);
#6092=EDGE_CURVE('',#4755,#4917,#2126,.T.);
#6093=EDGE_CURVE('',#4916,#4917,#2127,.T.);
#6094=EDGE_CURVE('',#4754,#4918,#2128,.T.);
#6095=EDGE_CURVE('',#4917,#4918,#2129,.T.);
#6096=EDGE_CURVE('',#4753,#4919,#2130,.T.);
#6097=EDGE_CURVE('',#4918,#4919,#2131,.T.);
#6098=EDGE_CURVE('',#4752,#4920,#2132,.T.);
#6099=EDGE_CURVE('',#4919,#4920,#2133,.T.);
#6100=EDGE_CURVE('',#4751,#4921,#2134,.T.);
#6101=EDGE_CURVE('',#4920,#4921,#2135,.T.);
#6102=EDGE_CURVE('',#4750,#4922,#2136,.T.);
#6103=EDGE_CURVE('',#4921,#4922,#2137,.T.);
#6104=EDGE_CURVE('',#4749,#4923,#2138,.T.);
#6105=EDGE_CURVE('',#4922,#4923,#2139,.T.);
#6106=EDGE_CURVE('',#4748,#4924,#2140,.T.);
#6107=EDGE_CURVE('',#4923,#4924,#2141,.T.);
#6108=EDGE_CURVE('',#4747,#4925,#2142,.T.);
#6109=EDGE_CURVE('',#4924,#4925,#2143,.T.);
#6110=EDGE_CURVE('',#4746,#4926,#2144,.T.);
#6111=EDGE_CURVE('',#4925,#4926,#2145,.T.);
#6112=EDGE_CURVE('',#4745,#4927,#2146,.T.);
#6113=EDGE_CURVE('',#4926,#4927,#2147,.T.);
#6114=EDGE_CURVE('',#4744,#4928,#2148,.T.);
#6115=EDGE_CURVE('',#4927,#4928,#2149,.T.);
#6116=EDGE_CURVE('',#4743,#4929,#2150,.T.);
#6117=EDGE_CURVE('',#4928,#4929,#2151,.T.);
#6118=EDGE_CURVE('',#4742,#4930,#2152,.T.);
#6119=EDGE_CURVE('',#4929,#4930,#2153,.T.);
#6120=EDGE_CURVE('',#4741,#4931,#2154,.T.);
#6121=EDGE_CURVE('',#4930,#4931,#2155,.T.);
#6122=EDGE_CURVE('',#4740,#4932,#2156,.T.);
#6123=EDGE_CURVE('',#4931,#4932,#2157,.T.);
#6124=EDGE_CURVE('',#4739,#4933,#2158,.T.);
#6125=EDGE_CURVE('',#4932,#4933,#2159,.T.);
#6126=EDGE_CURVE('',#4738,#4934,#2160,.T.);
#6127=EDGE_CURVE('',#4933,#4934,#2161,.T.);
#6128=EDGE_CURVE('',#4737,#4935,#2162,.T.);
#6129=EDGE_CURVE('',#4934,#4935,#2163,.T.);
#6130=EDGE_CURVE('',#4736,#4936,#2164,.T.);
#6131=EDGE_CURVE('',#4935,#4936,#2165,.T.);
#6132=EDGE_CURVE('',#4735,#4937,#2166,.T.);
#6133=EDGE_CURVE('',#4936,#4937,#2167,.T.);
#6134=EDGE_CURVE('',#4734,#4938,#2168,.T.);
#6135=EDGE_CURVE('',#4937,#4938,#2169,.T.);
#6136=EDGE_CURVE('',#4733,#4939,#2170,.T.);
#6137=EDGE_CURVE('',#4938,#4939,#2171,.T.);
#6138=EDGE_CURVE('',#4732,#4940,#2172,.T.);
#6139=EDGE_CURVE('',#4939,#4940,#2173,.T.);
#6140=EDGE_CURVE('',#4731,#4941,#2174,.T.);
#6141=EDGE_CURVE('',#4940,#4941,#2175,.T.);
#6142=EDGE_CURVE('',#4730,#4942,#2176,.T.);
#6143=EDGE_CURVE('',#4941,#4942,#2177,.T.);
#6144=EDGE_CURVE('',#4729,#4943,#2178,.T.);
#6145=EDGE_CURVE('',#4942,#4943,#2179,.T.);
#6146=EDGE_CURVE('',#4728,#4944,#2180,.T.);
#6147=EDGE_CURVE('',#4943,#4944,#2181,.T.);
#6148=EDGE_CURVE('',#4727,#4945,#2182,.T.);
#6149=EDGE_CURVE('',#4944,#4945,#2183,.T.);
#6150=EDGE_CURVE('',#4726,#4946,#2184,.T.);
#6151=EDGE_CURVE('',#4945,#4946,#2185,.T.);
#6152=EDGE_CURVE('',#4725,#4947,#2186,.T.);
#6153=EDGE_CURVE('',#4946,#4947,#2187,.T.);
#6154=EDGE_CURVE('',#4724,#4948,#2188,.T.);
#6155=EDGE_CURVE('',#4947,#4948,#2189,.T.);
#6156=EDGE_CURVE('',#4723,#4949,#2190,.T.);
#6157=EDGE_CURVE('',#4948,#4949,#2191,.T.);
#6158=EDGE_CURVE('',#4722,#4950,#2192,.T.);
#6159=EDGE_CURVE('',#4949,#4950,#2193,.T.);
#6160=EDGE_CURVE('',#4721,#4951,#2194,.T.);
#6161=EDGE_CURVE('',#4950,#4951,#2195,.T.);
#6162=EDGE_CURVE('',#4720,#4952,#2196,.T.);
#6163=EDGE_CURVE('',#4951,#4952,#2197,.T.);
#6164=EDGE_CURVE('',#4719,#4953,#2198,.T.);
#6165=EDGE_CURVE('',#4952,#4953,#2199,.T.);
#6166=EDGE_CURVE('',#4718,#4954,#2200,.T.);
#6167=EDGE_CURVE('',#4953,#4954,#2201,.T.);
#6168=EDGE_CURVE('',#4717,#4955,#2202,.T.);
#6169=EDGE_CURVE('',#4954,#4955,#2203,.T.);
#6170=EDGE_CURVE('',#4716,#4956,#2204,.T.);
#6171=EDGE_CURVE('',#4955,#4956,#2205,.T.);
#6172=EDGE_CURVE('',#4715,#4957,#2206,.T.);
#6173=EDGE_CURVE('',#4956,#4957,#2207,.T.);
#6174=EDGE_CURVE('',#4714,#4958,#2208,.T.);
#6175=EDGE_CURVE('',#4957,#4958,#2209,.T.);
#6176=EDGE_CURVE('',#4713,#4959,#2210,.T.);
#6177=EDGE_CURVE('',#4958,#4959,#2211,.T.);
#6178=EDGE_CURVE('',#4712,#4960,#2212,.T.);
#6179=EDGE_CURVE('',#4959,#4960,#2213,.T.);
#6180=EDGE_CURVE('',#4711,#4961,#2214,.T.);
#6181=EDGE_CURVE('',#4960,#4961,#2215,.T.);
#6182=EDGE_CURVE('',#4710,#4962,#2216,.T.);
#6183=EDGE_CURVE('',#4961,#4962,#2217,.T.);
#6184=EDGE_CURVE('',#4709,#4963,#2218,.T.);
#6185=EDGE_CURVE('',#4962,#4963,#2219,.T.);
#6186=EDGE_CURVE('',#4708,#4964,#2220,.T.);
#6187=EDGE_CURVE('',#4963,#4964,#2221,.T.);
#6188=EDGE_CURVE('',#4707,#4965,#2222,.T.);
#6189=EDGE_CURVE('',#4964,#4965,#2223,.T.);
#6190=EDGE_CURVE('',#4706,#4966,#2224,.T.);
#6191=EDGE_CURVE('',#4965,#4966,#2225,.T.);
#6192=EDGE_CURVE('',#4705,#4967,#2226,.T.);
#6193=EDGE_CURVE('',#4966,#4967,#2227,.T.);
#6194=EDGE_CURVE('',#4704,#4968,#2228,.T.);
#6195=EDGE_CURVE('',#4967,#4968,#2229,.T.);
#6196=EDGE_CURVE('',#4703,#4969,#2230,.T.);
#6197=EDGE_CURVE('',#4968,#4969,#2231,.T.);
#6198=EDGE_CURVE('',#4702,#4970,#2232,.T.);
#6199=EDGE_CURVE('',#4969,#4970,#2233,.T.);
#6200=EDGE_CURVE('',#4701,#4971,#2234,.T.);
#6201=EDGE_CURVE('',#4970,#4971,#2235,.T.);
#6202=EDGE_CURVE('',#4700,#4972,#2236,.T.);
#6203=EDGE_CURVE('',#4971,#4972,#2237,.T.);
#6204=EDGE_CURVE('',#4699,#4973,#2238,.T.);
#6205=EDGE_CURVE('',#4972,#4973,#2239,.T.);
#6206=EDGE_CURVE('',#4698,#4974,#2240,.T.);
#6207=EDGE_CURVE('',#4973,#4974,#2241,.T.);
#6208=EDGE_CURVE('',#4697,#4975,#2242,.T.);
#6209=EDGE_CURVE('',#4974,#4975,#2243,.T.);
#6210=EDGE_CURVE('',#4696,#4976,#2244,.T.);
#6211=EDGE_CURVE('',#4975,#4976,#2245,.T.);
#6212=EDGE_CURVE('',#4695,#4977,#2246,.T.);
#6213=EDGE_CURVE('',#4976,#4977,#2247,.T.);
#6214=EDGE_CURVE('',#4694,#4978,#2248,.T.);
#6215=EDGE_CURVE('',#4977,#4978,#2249,.T.);
#6216=EDGE_CURVE('',#4693,#4979,#2250,.T.);
#6217=EDGE_CURVE('',#4978,#4979,#2251,.T.);
#6218=EDGE_CURVE('',#4692,#4980,#2252,.T.);
#6219=EDGE_CURVE('',#4979,#4980,#2253,.T.);
#6220=EDGE_CURVE('',#4691,#4981,#2254,.T.);
#6221=EDGE_CURVE('',#4980,#4981,#2255,.T.);
#6222=EDGE_CURVE('',#4690,#4982,#2256,.T.);
#6223=EDGE_CURVE('',#4981,#4982,#2257,.T.);
#6224=EDGE_CURVE('',#4689,#4983,#2258,.T.);
#6225=EDGE_CURVE('',#4982,#4983,#2259,.T.);
#6226=EDGE_CURVE('',#4688,#4984,#2260,.T.);
#6227=EDGE_CURVE('',#4983,#4984,#2261,.T.);
#6228=EDGE_CURVE('',#4687,#4985,#2262,.T.);
#6229=EDGE_CURVE('',#4984,#4985,#2263,.T.);
#6230=EDGE_CURVE('',#4686,#4986,#2264,.T.);
#6231=EDGE_CURVE('',#4985,#4986,#2265,.T.);
#6232=EDGE_CURVE('',#4685,#4987,#2266,.T.);
#6233=EDGE_CURVE('',#4986,#4987,#2267,.T.);
#6234=EDGE_CURVE('',#4684,#4988,#2268,.T.);
#6235=EDGE_CURVE('',#4987,#4988,#2269,.T.);
#6236=EDGE_CURVE('',#4683,#4989,#2270,.T.);
#6237=EDGE_CURVE('',#4988,#4989,#2271,.T.);
#6238=EDGE_CURVE('',#4682,#4990,#2272,.T.);
#6239=EDGE_CURVE('',#4989,#4990,#2273,.T.);
#6240=EDGE_CURVE('',#4681,#4991,#2274,.T.);
#6241=EDGE_CURVE('',#4990,#4991,#2275,.T.);
#6242=EDGE_CURVE('',#4680,#4992,#2276,.T.);
#6243=EDGE_CURVE('',#4991,#4992,#2277,.T.);
#6244=EDGE_CURVE('',#4679,#4993,#2278,.T.);
#6245=EDGE_CURVE('',#4992,#4993,#2279,.T.);
#6246=EDGE_CURVE('',#4678,#4994,#2280,.T.);
#6247=EDGE_CURVE('',#4993,#4994,#2281,.T.);
#6248=EDGE_CURVE('',#4677,#4995,#2282,.T.);
#6249=EDGE_CURVE('',#4994,#4995,#2283,.T.);
#6250=EDGE_CURVE('',#4676,#4996,#2284,.T.);
#6251=EDGE_CURVE('',#4995,#4996,#2285,.T.);
#6252=EDGE_CURVE('',#4675,#4997,#2286,.T.);
#6253=EDGE_CURVE('',#4996,#4997,#2287,.T.);
#6254=EDGE_CURVE('',#4674,#4998,#2288,.T.);
#6255=EDGE_CURVE('',#4997,#4998,#2289,.T.);
#6256=EDGE_CURVE('',#4673,#4999,#2290,.T.);
#6257=EDGE_CURVE('',#4998,#4999,#2291,.T.);
#6258=EDGE_CURVE('',#4672,#5000,#2292,.T.);
#6259=EDGE_CURVE('',#4999,#5000,#2293,.T.);
#6260=EDGE_CURVE('',#4671,#5001,#2294,.T.);
#6261=EDGE_CURVE('',#5000,#5001,#2295,.T.);
#6262=EDGE_CURVE('',#4670,#5002,#2296,.T.);
#6263=EDGE_CURVE('',#5001,#5002,#2297,.T.);
#6264=EDGE_CURVE('',#4669,#5003,#2298,.T.);
#6265=EDGE_CURVE('',#5002,#5003,#2299,.T.);
#6266=EDGE_CURVE('',#4668,#5004,#2300,.T.);
#6267=EDGE_CURVE('',#5003,#5004,#2301,.T.);
#6268=EDGE_CURVE('',#4667,#5005,#2302,.T.);
#6269=EDGE_CURVE('',#5004,#5005,#2303,.T.);
#6270=EDGE_CURVE('',#4666,#5006,#2304,.T.);
#6271=EDGE_CURVE('',#5005,#5006,#2305,.T.);
#6272=EDGE_CURVE('',#4665,#5007,#2306,.T.);
#6273=EDGE_CURVE('',#5006,#5007,#2307,.T.);
#6274=EDGE_CURVE('',#4664,#5008,#2308,.T.);
#6275=EDGE_CURVE('',#5007,#5008,#2309,.T.);
#6276=EDGE_CURVE('',#4663,#5009,#2310,.T.);
#6277=EDGE_CURVE('',#5008,#5009,#2311,.T.);
#6278=EDGE_CURVE('',#4662,#5010,#2312,.T.);
#6279=EDGE_CURVE('',#5009,#5010,#2313,.T.);
#6280=EDGE_CURVE('',#4661,#5011,#2314,.T.);
#6281=EDGE_CURVE('',#5010,#5011,#2315,.T.);
#6282=EDGE_CURVE('',#4660,#5012,#2316,.T.);
#6283=EDGE_CURVE('',#5011,#5012,#2317,.T.);
#6284=EDGE_CURVE('',#4659,#5013,#2318,.T.);
#6285=EDGE_CURVE('',#5012,#5013,#2319,.T.);
#6286=EDGE_CURVE('',#4658,#5014,#2320,.T.);
#6287=EDGE_CURVE('',#5013,#5014,#2321,.T.);
#6288=EDGE_CURVE('',#4657,#5015,#2322,.T.);
#6289=EDGE_CURVE('',#5014,#5015,#2323,.T.);
#6290=EDGE_CURVE('',#4656,#5016,#2324,.T.);
#6291=EDGE_CURVE('',#5015,#5016,#2325,.T.);
#6292=EDGE_CURVE('',#4655,#5017,#2326,.T.);
#6293=EDGE_CURVE('',#5016,#5017,#2327,.T.);
#6294=EDGE_CURVE('',#4654,#5018,#2328,.T.);
#6295=EDGE_CURVE('',#5017,#5018,#2329,.T.);
#6296=EDGE_CURVE('',#4653,#5019,#2330,.T.);
#6297=EDGE_CURVE('',#5018,#5019,#2331,.T.);
#6298=EDGE_CURVE('',#4652,#5020,#2332,.T.);
#6299=EDGE_CURVE('',#5019,#5020,#2333,.T.);
#6300=EDGE_CURVE('',#4651,#5021,#2334,.T.);
#6301=EDGE_CURVE('',#5020,#5021,#2335,.T.);
#6302=EDGE_CURVE('',#4650,#5022,#2336,.T.);
#6303=EDGE_CURVE('',#5021,#5022,#2337,.T.);
#6304=EDGE_CURVE('',#4649,#5023,#2338,.T.);
#6305=EDGE_CURVE('',#5022,#5023,#2339,.T.);
#6306=EDGE_CURVE('',#4648,#5024,#2340,.T.);
#6307=EDGE_CURVE('',#5023,#5024,#2341,.T.);
#6308=EDGE_CURVE('',#4647,#5025,#2342,.T.);
#6309=EDGE_CURVE('',#5024,#5025,#2343,.T.);
#6310=EDGE_CURVE('',#4646,#5026,#2344,.T.);
#6311=EDGE_CURVE('',#5025,#5026,#2345,.T.);
#6312=EDGE_CURVE('',#4645,#5027,#2346,.T.);
#6313=EDGE_CURVE('',#5026,#5027,#2347,.T.);
#6314=EDGE_CURVE('',#4644,#5028,#2348,.T.);
#6315=EDGE_CURVE('',#5027,#5028,#2349,.T.);
#6316=EDGE_CURVE('',#4643,#5029,#2350,.T.);
#6317=EDGE_CURVE('',#5028,#5029,#2351,.T.);
#6318=EDGE_CURVE('',#4642,#5030,#2352,.T.);
#6319=EDGE_CURVE('',#5029,#5030,#2353,.T.);
#6320=EDGE_CURVE('',#4641,#5031,#2354,.T.);
#6321=EDGE_CURVE('',#5030,#5031,#2355,.T.);
#6322=EDGE_CURVE('',#4640,#5032,#2356,.T.);
#6323=EDGE_CURVE('',#5031,#5032,#2357,.T.);
#6324=EDGE_CURVE('',#4639,#5033,#2358,.T.);
#6325=EDGE_CURVE('',#5032,#5033,#2359,.T.);
#6326=EDGE_CURVE('',#4638,#5034,#2360,.T.);
#6327=EDGE_CURVE('',#5033,#5034,#2361,.T.);
#6328=EDGE_CURVE('',#4637,#5035,#2362,.T.);
#6329=EDGE_CURVE('',#5034,#5035,#2363,.T.);
#6330=EDGE_CURVE('',#4636,#5036,#2364,.T.);
#6331=EDGE_CURVE('',#5035,#5036,#2365,.T.);
#6332=EDGE_CURVE('',#4635,#5037,#2366,.T.);
#6333=EDGE_CURVE('',#5036,#5037,#2367,.T.);
#6334=EDGE_CURVE('',#4634,#5038,#2368,.T.);
#6335=EDGE_CURVE('',#5037,#5038,#2369,.T.);
#6336=EDGE_CURVE('',#4633,#5039,#2370,.T.);
#6337=EDGE_CURVE('',#5038,#5039,#2371,.T.);
#6338=EDGE_CURVE('',#4632,#5040,#2372,.T.);
#6339=EDGE_CURVE('',#5039,#5040,#2373,.T.);
#6340=EDGE_CURVE('',#4631,#5041,#2374,.T.);
#6341=EDGE_CURVE('',#5040,#5041,#2375,.T.);
#6342=EDGE_CURVE('',#4630,#5042,#2376,.T.);
#6343=EDGE_CURVE('',#5041,#5042,#2377,.T.);
#6344=EDGE_CURVE('',#4629,#5043,#2378,.T.);
#6345=EDGE_CURVE('',#5042,#5043,#2379,.T.);
#6346=EDGE_CURVE('',#4628,#5044,#2380,.T.);
#6347=EDGE_CURVE('',#5043,#5044,#2381,.T.);
#6348=EDGE_CURVE('',#4627,#5045,#2382,.T.);
#6349=EDGE_CURVE('',#5044,#5045,#2383,.T.);
#6350=EDGE_CURVE('',#4626,#5046,#2384,.T.);
#6351=EDGE_CURVE('',#5045,#5046,#2385,.T.);
#6352=EDGE_CURVE('',#4625,#5047,#2386,.T.);
#6353=EDGE_CURVE('',#5046,#5047,#2387,.T.);
#6354=EDGE_CURVE('',#4624,#5048,#2388,.T.);
#6355=EDGE_CURVE('',#5047,#5048,#2389,.T.);
#6356=EDGE_CURVE('',#4623,#5049,#2390,.T.);
#6357=EDGE_CURVE('',#5048,#5049,#2391,.T.);
#6358=EDGE_CURVE('',#4622,#5050,#2392,.T.);
#6359=EDGE_CURVE('',#5049,#5050,#2393,.T.);
#6360=EDGE_CURVE('',#4621,#5051,#2394,.T.);
#6361=EDGE_CURVE('',#5050,#5051,#2395,.T.);
#6362=EDGE_CURVE('',#4620,#5052,#2396,.T.);
#6363=EDGE_CURVE('',#5051,#5052,#2397,.T.);
#6364=EDGE_CURVE('',#4618,#5053,#2398,.T.);
#6365=EDGE_CURVE('',#5052,#5053,#2399,.T.);
#6366=EDGE_CURVE('',#4619,#5054,#2400,.T.);
#6367=EDGE_CURVE('',#5053,#5054,#2401,.T.);
#6368=EDGE_CURVE('',#5055,#4909,#2402,.T.);
#6369=EDGE_CURVE('',#4765,#5055,#2403,.T.);
#6370=EDGE_CURVE('',#5056,#5055,#2404,.T.);
#6371=EDGE_CURVE('',#4766,#5056,#2405,.T.);
#6372=EDGE_CURVE('',#5057,#5056,#2406,.T.);
#6373=EDGE_CURVE('',#4767,#5057,#2407,.T.);
#6374=EDGE_CURVE('',#5058,#5057,#2408,.T.);
#6375=EDGE_CURVE('',#4768,#5058,#2409,.T.);
#6376=EDGE_CURVE('',#5059,#5058,#2410,.T.);
#6377=EDGE_CURVE('',#4769,#5059,#2411,.T.);
#6378=EDGE_CURVE('',#5060,#5059,#2412,.T.);
#6379=EDGE_CURVE('',#4770,#5060,#2413,.T.);
#6380=EDGE_CURVE('',#5061,#5060,#2414,.T.);
#6381=EDGE_CURVE('',#4771,#5061,#2415,.T.);
#6382=EDGE_CURVE('',#5062,#5061,#2416,.T.);
#6383=EDGE_CURVE('',#4772,#5062,#2417,.T.);
#6384=EDGE_CURVE('',#5063,#5062,#2418,.T.);
#6385=EDGE_CURVE('',#4773,#5063,#2419,.T.);
#6386=EDGE_CURVE('',#5064,#5063,#2420,.T.);
#6387=EDGE_CURVE('',#4774,#5064,#2421,.T.);
#6388=EDGE_CURVE('',#5065,#5064,#2422,.T.);
#6389=EDGE_CURVE('',#4775,#5065,#2423,.T.);
#6390=EDGE_CURVE('',#5066,#5065,#2424,.T.);
#6391=EDGE_CURVE('',#4776,#5066,#2425,.T.);
#6392=EDGE_CURVE('',#5067,#5066,#2426,.T.);
#6393=EDGE_CURVE('',#4777,#5067,#2427,.T.);
#6394=EDGE_CURVE('',#5068,#5067,#2428,.T.);
#6395=EDGE_CURVE('',#4778,#5068,#2429,.T.);
#6396=EDGE_CURVE('',#5069,#5068,#2430,.T.);
#6397=EDGE_CURVE('',#4779,#5069,#2431,.T.);
#6398=EDGE_CURVE('',#5070,#5069,#2432,.T.);
#6399=EDGE_CURVE('',#4780,#5070,#2433,.T.);
#6400=EDGE_CURVE('',#5071,#5070,#2434,.T.);
#6401=EDGE_CURVE('',#4781,#5071,#2435,.T.);
#6402=EDGE_CURVE('',#5072,#5071,#2436,.T.);
#6403=EDGE_CURVE('',#4782,#5072,#2437,.T.);
#6404=EDGE_CURVE('',#5073,#5072,#2438,.T.);
#6405=EDGE_CURVE('',#4783,#5073,#2439,.T.);
#6406=EDGE_CURVE('',#5074,#5073,#2440,.T.);
#6407=EDGE_CURVE('',#4784,#5074,#2441,.T.);
#6408=EDGE_CURVE('',#5075,#5074,#2442,.T.);
#6409=EDGE_CURVE('',#4785,#5075,#2443,.T.);
#6410=EDGE_CURVE('',#5076,#5075,#2444,.T.);
#6411=EDGE_CURVE('',#4786,#5076,#2445,.T.);
#6412=EDGE_CURVE('',#5077,#5076,#2446,.T.);
#6413=EDGE_CURVE('',#4787,#5077,#2447,.T.);
#6414=EDGE_CURVE('',#5078,#5077,#2448,.T.);
#6415=EDGE_CURVE('',#4788,#5078,#2449,.T.);
#6416=EDGE_CURVE('',#5079,#5078,#2450,.T.);
#6417=EDGE_CURVE('',#4789,#5079,#2451,.T.);
#6418=EDGE_CURVE('',#5080,#5079,#2452,.T.);
#6419=EDGE_CURVE('',#4790,#5080,#2453,.T.);
#6420=EDGE_CURVE('',#5081,#5080,#2454,.T.);
#6421=EDGE_CURVE('',#4791,#5081,#2455,.T.);
#6422=EDGE_CURVE('',#5082,#5081,#2456,.T.);
#6423=EDGE_CURVE('',#4792,#5082,#2457,.T.);
#6424=EDGE_CURVE('',#5083,#5082,#2458,.T.);
#6425=EDGE_CURVE('',#4793,#5083,#2459,.T.);
#6426=EDGE_CURVE('',#5084,#5083,#2460,.T.);
#6427=EDGE_CURVE('',#4794,#5084,#2461,.T.);
#6428=EDGE_CURVE('',#5085,#5084,#2462,.T.);
#6429=EDGE_CURVE('',#4795,#5085,#2463,.T.);
#6430=EDGE_CURVE('',#5086,#5085,#2464,.T.);
#6431=EDGE_CURVE('',#4796,#5086,#2465,.T.);
#6432=EDGE_CURVE('',#5087,#5086,#2466,.T.);
#6433=EDGE_CURVE('',#4797,#5087,#2467,.T.);
#6434=EDGE_CURVE('',#5088,#5087,#2468,.T.);
#6435=EDGE_CURVE('',#4798,#5088,#2469,.T.);
#6436=EDGE_CURVE('',#5089,#5088,#2470,.T.);
#6437=EDGE_CURVE('',#4799,#5089,#2471,.T.);
#6438=EDGE_CURVE('',#5090,#5089,#2472,.T.);
#6439=EDGE_CURVE('',#4800,#5090,#2473,.T.);
#6440=EDGE_CURVE('',#5091,#5090,#2474,.T.);
#6441=EDGE_CURVE('',#4801,#5091,#2475,.T.);
#6442=EDGE_CURVE('',#5092,#5091,#2476,.T.);
#6443=EDGE_CURVE('',#4802,#5092,#2477,.T.);
#6444=EDGE_CURVE('',#5093,#5092,#2478,.T.);
#6445=EDGE_CURVE('',#4803,#5093,#2479,.T.);
#6446=EDGE_CURVE('',#5094,#5093,#2480,.T.);
#6447=EDGE_CURVE('',#4804,#5094,#2481,.T.);
#6448=EDGE_CURVE('',#5095,#5094,#2482,.T.);
#6449=EDGE_CURVE('',#4805,#5095,#2483,.T.);
#6450=EDGE_CURVE('',#5096,#5095,#2484,.T.);
#6451=EDGE_CURVE('',#4806,#5096,#2485,.T.);
#6452=EDGE_CURVE('',#5097,#5096,#2486,.T.);
#6453=EDGE_CURVE('',#4807,#5097,#2487,.T.);
#6454=EDGE_CURVE('',#5098,#5097,#2488,.T.);
#6455=EDGE_CURVE('',#4808,#5098,#2489,.T.);
#6456=EDGE_CURVE('',#5099,#5098,#2490,.T.);
#6457=EDGE_CURVE('',#4809,#5099,#2491,.T.);
#6458=EDGE_CURVE('',#5100,#5099,#2492,.T.);
#6459=EDGE_CURVE('',#4810,#5100,#2493,.T.);
#6460=EDGE_CURVE('',#5101,#5100,#2494,.T.);
#6461=EDGE_CURVE('',#4811,#5101,#2495,.T.);
#6462=EDGE_CURVE('',#5102,#5101,#2496,.T.);
#6463=EDGE_CURVE('',#4812,#5102,#2497,.T.);
#6464=EDGE_CURVE('',#5103,#5102,#2498,.T.);
#6465=EDGE_CURVE('',#4813,#5103,#2499,.T.);
#6466=EDGE_CURVE('',#5104,#5103,#2500,.T.);
#6467=EDGE_CURVE('',#4814,#5104,#2501,.T.);
#6468=EDGE_CURVE('',#5105,#5104,#2502,.T.);
#6469=EDGE_CURVE('',#4815,#5105,#2503,.T.);
#6470=EDGE_CURVE('',#5106,#5105,#2504,.T.);
#6471=EDGE_CURVE('',#4816,#5106,#2505,.T.);
#6472=EDGE_CURVE('',#5107,#5106,#2506,.T.);
#6473=EDGE_CURVE('',#4817,#5107,#2507,.T.);
#6474=EDGE_CURVE('',#5108,#5107,#2508,.T.);
#6475=EDGE_CURVE('',#4818,#5108,#2509,.T.);
#6476=EDGE_CURVE('',#5109,#5108,#2510,.T.);
#6477=EDGE_CURVE('',#4819,#5109,#2511,.T.);
#6478=EDGE_CURVE('',#5110,#5109,#2512,.T.);
#6479=EDGE_CURVE('',#4820,#5110,#2513,.T.);
#6480=EDGE_CURVE('',#5111,#5110,#2514,.T.);
#6481=EDGE_CURVE('',#4821,#5111,#2515,.T.);
#6482=EDGE_CURVE('',#5112,#5111,#2516,.T.);
#6483=EDGE_CURVE('',#4822,#5112,#2517,.T.);
#6484=EDGE_CURVE('',#5113,#5112,#2518,.T.);
#6485=EDGE_CURVE('',#4823,#5113,#2519,.T.);
#6486=EDGE_CURVE('',#5114,#5113,#2520,.T.);
#6487=EDGE_CURVE('',#4824,#5114,#2521,.T.);
#6488=EDGE_CURVE('',#5115,#5114,#2522,.T.);
#6489=EDGE_CURVE('',#4825,#5115,#2523,.T.);
#6490=EDGE_CURVE('',#5116,#5115,#2524,.T.);
#6491=EDGE_CURVE('',#4826,#5116,#2525,.T.);
#6492=EDGE_CURVE('',#5117,#5116,#2526,.T.);
#6493=EDGE_CURVE('',#4827,#5117,#2527,.T.);
#6494=EDGE_CURVE('',#5118,#5117,#2528,.T.);
#6495=EDGE_CURVE('',#4828,#5118,#2529,.T.);
#6496=EDGE_CURVE('',#5119,#5118,#2530,.T.);
#6497=EDGE_CURVE('',#4829,#5119,#2531,.T.);
#6498=EDGE_CURVE('',#5120,#5119,#2532,.T.);
#6499=EDGE_CURVE('',#4830,#5120,#2533,.T.);
#6500=EDGE_CURVE('',#5121,#5120,#2534,.T.);
#6501=EDGE_CURVE('',#4831,#5121,#2535,.T.);
#6502=EDGE_CURVE('',#5122,#5121,#2536,.T.);
#6503=EDGE_CURVE('',#4832,#5122,#2537,.T.);
#6504=EDGE_CURVE('',#5123,#5122,#2538,.T.);
#6505=EDGE_CURVE('',#4833,#5123,#2539,.T.);
#6506=EDGE_CURVE('',#5124,#5123,#2540,.T.);
#6507=EDGE_CURVE('',#4834,#5124,#2541,.T.);
#6508=EDGE_CURVE('',#5125,#5124,#2542,.T.);
#6509=EDGE_CURVE('',#4835,#5125,#2543,.T.);
#6510=EDGE_CURVE('',#5126,#5125,#2544,.T.);
#6511=EDGE_CURVE('',#4836,#5126,#2545,.T.);
#6512=EDGE_CURVE('',#5127,#5126,#2546,.T.);
#6513=EDGE_CURVE('',#4837,#5127,#2547,.T.);
#6514=EDGE_CURVE('',#5128,#5127,#2548,.T.);
#6515=EDGE_CURVE('',#4838,#5128,#2549,.T.);
#6516=EDGE_CURVE('',#5129,#5128,#2550,.T.);
#6517=EDGE_CURVE('',#4839,#5129,#2551,.T.);
#6518=EDGE_CURVE('',#5130,#5129,#2552,.T.);
#6519=EDGE_CURVE('',#4840,#5130,#2553,.T.);
#6520=EDGE_CURVE('',#5131,#5130,#2554,.T.);
#6521=EDGE_CURVE('',#4841,#5131,#2555,.T.);
#6522=EDGE_CURVE('',#5132,#5131,#2556,.T.);
#6523=EDGE_CURVE('',#4842,#5132,#2557,.T.);
#6524=EDGE_CURVE('',#5133,#5132,#2558,.T.);
#6525=EDGE_CURVE('',#4843,#5133,#2559,.T.);
#6526=EDGE_CURVE('',#5134,#5133,#2560,.T.);
#6527=EDGE_CURVE('',#4844,#5134,#2561,.T.);
#6528=EDGE_CURVE('',#5135,#5134,#2562,.T.);
#6529=EDGE_CURVE('',#4845,#5135,#2563,.T.);
#6530=EDGE_CURVE('',#5136,#5135,#2564,.T.);
#6531=EDGE_CURVE('',#4846,#5136,#2565,.T.);
#6532=EDGE_CURVE('',#5137,#5136,#2566,.T.);
#6533=EDGE_CURVE('',#4847,#5137,#2567,.T.);
#6534=EDGE_CURVE('',#5138,#5137,#2568,.T.);
#6535=EDGE_CURVE('',#4848,#5138,#2569,.T.);
#6536=EDGE_CURVE('',#5139,#5138,#2570,.T.);
#6537=EDGE_CURVE('',#4849,#5139,#2571,.T.);
#6538=EDGE_CURVE('',#5140,#5139,#2572,.T.);
#6539=EDGE_CURVE('',#4850,#5140,#2573,.T.);
#6540=EDGE_CURVE('',#5141,#5140,#2574,.T.);
#6541=EDGE_CURVE('',#4851,#5141,#2575,.T.);
#6542=EDGE_CURVE('',#5142,#5141,#2576,.T.);
#6543=EDGE_CURVE('',#4852,#5142,#2577,.T.);
#6544=EDGE_CURVE('',#5143,#5142,#2578,.T.);
#6545=EDGE_CURVE('',#4853,#5143,#2579,.T.);
#6546=EDGE_CURVE('',#5144,#5143,#2580,.T.);
#6547=EDGE_CURVE('',#4854,#5144,#2581,.T.);
#6548=EDGE_CURVE('',#5145,#5144,#2582,.T.);
#6549=EDGE_CURVE('',#4855,#5145,#2583,.T.);
#6550=EDGE_CURVE('',#5146,#5145,#2584,.T.);
#6551=EDGE_CURVE('',#4856,#5146,#2585,.T.);
#6552=EDGE_CURVE('',#5147,#5146,#2586,.T.);
#6553=EDGE_CURVE('',#4857,#5147,#2587,.T.);
#6554=EDGE_CURVE('',#5148,#5147,#2588,.T.);
#6555=EDGE_CURVE('',#4858,#5148,#2589,.T.);
#6556=EDGE_CURVE('',#5149,#5148,#2590,.T.);
#6557=EDGE_CURVE('',#4859,#5149,#2591,.T.);
#6558=EDGE_CURVE('',#5150,#5149,#2592,.T.);
#6559=EDGE_CURVE('',#4860,#5150,#2593,.T.);
#6560=EDGE_CURVE('',#5151,#5150,#2594,.T.);
#6561=EDGE_CURVE('',#4861,#5151,#2595,.T.);
#6562=EDGE_CURVE('',#5152,#5151,#2596,.T.);
#6563=EDGE_CURVE('',#4862,#5152,#2597,.T.);
#6564=EDGE_CURVE('',#5153,#5152,#2598,.T.);
#6565=EDGE_CURVE('',#4863,#5153,#2599,.T.);
#6566=EDGE_CURVE('',#5154,#5153,#2600,.T.);
#6567=EDGE_CURVE('',#4864,#5154,#2601,.T.);
#6568=EDGE_CURVE('',#5155,#5154,#2602,.T.);
#6569=EDGE_CURVE('',#4865,#5155,#2603,.T.);
#6570=EDGE_CURVE('',#5156,#5155,#2604,.T.);
#6571=EDGE_CURVE('',#4866,#5156,#2605,.T.);
#6572=EDGE_CURVE('',#5157,#5156,#2606,.T.);
#6573=EDGE_CURVE('',#4867,#5157,#2607,.T.);
#6574=EDGE_CURVE('',#5158,#5157,#2608,.T.);
#6575=EDGE_CURVE('',#4868,#5158,#2609,.T.);
#6576=EDGE_CURVE('',#5159,#5158,#2610,.T.);
#6577=EDGE_CURVE('',#4869,#5159,#2611,.T.);
#6578=EDGE_CURVE('',#5160,#5159,#2612,.T.);
#6579=EDGE_CURVE('',#4870,#5160,#2613,.T.);
#6580=EDGE_CURVE('',#5161,#5160,#2614,.T.);
#6581=EDGE_CURVE('',#4871,#5161,#2615,.T.);
#6582=EDGE_CURVE('',#5162,#5161,#2616,.T.);
#6583=EDGE_CURVE('',#4872,#5162,#2617,.T.);
#6584=EDGE_CURVE('',#5163,#5162,#2618,.T.);
#6585=EDGE_CURVE('',#4873,#5163,#2619,.T.);
#6586=EDGE_CURVE('',#5164,#5163,#2620,.T.);
#6587=EDGE_CURVE('',#4874,#5164,#2621,.T.);
#6588=EDGE_CURVE('',#5165,#5164,#2622,.T.);
#6589=EDGE_CURVE('',#4875,#5165,#2623,.T.);
#6590=EDGE_CURVE('',#5166,#5165,#2624,.T.);
#6591=EDGE_CURVE('',#4876,#5166,#2625,.T.);
#6592=EDGE_CURVE('',#5167,#5166,#2626,.T.);
#6593=EDGE_CURVE('',#4877,#5167,#2627,.T.);
#6594=EDGE_CURVE('',#5168,#5167,#2628,.T.);
#6595=EDGE_CURVE('',#4878,#5168,#2629,.T.);
#6596=EDGE_CURVE('',#5169,#5168,#2630,.T.);
#6597=EDGE_CURVE('',#4879,#5169,#2631,.T.);
#6598=EDGE_CURVE('',#5170,#5169,#2632,.T.);
#6599=EDGE_CURVE('',#4880,#5170,#2633,.T.);
#6600=EDGE_CURVE('',#5171,#5170,#2634,.T.);
#6601=EDGE_CURVE('',#4881,#5171,#2635,.T.);
#6602=EDGE_CURVE('',#5172,#5171,#2636,.T.);
#6603=EDGE_CURVE('',#4882,#5172,#2637,.T.);
#6604=EDGE_CURVE('',#5173,#5172,#2638,.T.);
#6605=EDGE_CURVE('',#4883,#5173,#2639,.T.);
#6606=EDGE_CURVE('',#5174,#5173,#2640,.T.);
#6607=EDGE_CURVE('',#4884,#5174,#2641,.T.);
#6608=EDGE_CURVE('',#5175,#5174,#2642,.T.);
#6609=EDGE_CURVE('',#4885,#5175,#2643,.T.);
#6610=EDGE_CURVE('',#5176,#5175,#2644,.T.);
#6611=EDGE_CURVE('',#4886,#5176,#2645,.T.);
#6612=EDGE_CURVE('',#5177,#5176,#2646,.T.);
#6613=EDGE_CURVE('',#4887,#5177,#2647,.T.);
#6614=EDGE_CURVE('',#5178,#5177,#2648,.T.);
#6615=EDGE_CURVE('',#4888,#5178,#2649,.T.);
#6616=EDGE_CURVE('',#5179,#5178,#2650,.T.);
#6617=EDGE_CURVE('',#4889,#5179,#2651,.T.);
#6618=EDGE_CURVE('',#5180,#5179,#2652,.T.);
#6619=EDGE_CURVE('',#4890,#5180,#2653,.T.);
#6620=EDGE_CURVE('',#5181,#5180,#2654,.T.);
#6621=EDGE_CURVE('',#4891,#5181,#2655,.T.);
#6622=EDGE_CURVE('',#5182,#5181,#2656,.T.);
#6623=EDGE_CURVE('',#4892,#5182,#2657,.T.);
#6624=EDGE_CURVE('',#5183,#5182,#2658,.T.);
#6625=EDGE_CURVE('',#4893,#5183,#2659,.T.);
#6626=EDGE_CURVE('',#5184,#5183,#2660,.T.);
#6627=EDGE_CURVE('',#4894,#5184,#2661,.T.);
#6628=EDGE_CURVE('',#5185,#5184,#2662,.T.);
#6629=EDGE_CURVE('',#4895,#5185,#2663,.T.);
#6630=EDGE_CURVE('',#5186,#5185,#2664,.T.);
#6631=EDGE_CURVE('',#4896,#5186,#2665,.T.);
#6632=EDGE_CURVE('',#5187,#5186,#2666,.T.);
#6633=EDGE_CURVE('',#4897,#5187,#2667,.T.);
#6634=EDGE_CURVE('',#5188,#5187,#2668,.T.);
#6635=EDGE_CURVE('',#4898,#5188,#2669,.T.);
#6636=EDGE_CURVE('',#5189,#5188,#2670,.T.);
#6637=EDGE_CURVE('',#4899,#5189,#2671,.T.);
#6638=EDGE_CURVE('',#5190,#5189,#2672,.T.);
#6639=EDGE_CURVE('',#4900,#5190,#2673,.T.);
#6640=EDGE_CURVE('',#5191,#5190,#2674,.T.);
#6641=EDGE_CURVE('',#4901,#5191,#2675,.T.);
#6642=EDGE_CURVE('',#5192,#5191,#2676,.T.);
#6643=EDGE_CURVE('',#4902,#5192,#2677,.T.);
#6644=EDGE_CURVE('',#5193,#5192,#2678,.T.);
#6645=EDGE_CURVE('',#4903,#5193,#2679,.T.);
#6646=EDGE_CURVE('',#5194,#5193,#2680,.T.);
#6647=EDGE_CURVE('',#4904,#5194,#2681,.T.);
#6648=EDGE_CURVE('',#5195,#5194,#2682,.T.);
#6649=EDGE_CURVE('',#4905,#5195,#2683,.T.);
#6650=EDGE_CURVE('',#5196,#5195,#2684,.T.);
#6651=EDGE_CURVE('',#4906,#5196,#2685,.T.);
#6652=EDGE_CURVE('',#5197,#5196,#2686,.T.);
#6653=EDGE_CURVE('',#4907,#5197,#2687,.T.);
#6654=EDGE_CURVE('',#5054,#5197,#2688,.T.);
#6655=EDGE_CURVE('',#5198,#5199,#2689,.T.);
#6656=EDGE_CURVE('',#5200,#5198,#2690,.T.);
#6657=EDGE_CURVE('',#5201,#5200,#2691,.T.);
#6658=EDGE_CURVE('',#5199,#5201,#2692,.T.);
#6659=EDGE_CURVE('',#5202,#5203,#2693,.T.);
#6660=EDGE_CURVE('',#5204,#5202,#2694,.T.);
#6661=EDGE_CURVE('',#5205,#5204,#2695,.T.);
#6662=EDGE_CURVE('',#5203,#5205,#2696,.T.);
#6663=EDGE_CURVE('',#5206,#5207,#2697,.T.);
#6664=EDGE_CURVE('',#5208,#5206,#2698,.T.);
#6665=EDGE_CURVE('',#5209,#5208,#2699,.T.);
#6666=EDGE_CURVE('',#5209,#5207,#2700,.T.);
#6667=EDGE_CURVE('',#5207,#5198,#2701,.T.);
#6668=EDGE_CURVE('',#5200,#5209,#2702,.T.);
#6669=EDGE_CURVE('',#5210,#5202,#2703,.T.);
#6670=EDGE_CURVE('',#5211,#5210,#2704,.T.);
#6671=EDGE_CURVE('',#5204,#5211,#2705,.T.);
#6672=EDGE_CURVE('',#5212,#5210,#2706,.T.);
#6673=EDGE_CURVE('',#5213,#5212,#2707,.T.);
#6674=EDGE_CURVE('',#5211,#5213,#2708,.T.);
#6675=EDGE_CURVE('',#5214,#5215,#2709,.T.);
#6676=EDGE_CURVE('',#5215,#5216,#2710,.T.);
#6677=EDGE_CURVE('',#5216,#5217,#2711,.T.);
#6678=EDGE_CURVE('',#5217,#5214,#2712,.T.);
#6679=EDGE_CURVE('',#5213,#5206,#209,.T.);
#6680=EDGE_CURVE('',#5199,#5205,#210,.T.);
#6681=EDGE_CURVE('',#5208,#5212,#211,.T.);
#6682=EDGE_CURVE('',#5218,#5201,#212,.T.);
#6683=EDGE_CURVE('',#5219,#5218,#2713,.T.);
#6684=EDGE_CURVE('',#5219,#5220,#213,.T.);
#6685=EDGE_CURVE('',#5221,#5220,#2714,.T.);
#6686=EDGE_CURVE('',#5203,#5221,#214,.T.);
#6687=EDGE_CURVE('',#5222,#5223,#2715,.T.);
#6688=EDGE_CURVE('',#5224,#5222,#2716,.T.);
#6689=EDGE_CURVE('',#5225,#5224,#2717,.T.);
#6690=EDGE_CURVE('',#5223,#5225,#2718,.T.);
#6691=EDGE_CURVE('',#5226,#5219,#2719,.T.);
#6692=EDGE_CURVE('',#5227,#5226,#2720,.T.);
#6693=EDGE_CURVE('',#5228,#5227,#2721,.T.);
#6694=EDGE_CURVE('',#5229,#5228,#2722,.T.);
#6695=EDGE_CURVE('',#5220,#5229,#2723,.T.);
#6696=EDGE_CURVE('',#5226,#5230,#2724,.T.);
#6697=EDGE_CURVE('',#5230,#5231,#2725,.T.);
#6698=EDGE_CURVE('',#5227,#5231,#2726,.T.);
#6699=EDGE_CURVE('',#5231,#5232,#2727,.T.);
#6700=EDGE_CURVE('',#5228,#5232,#2728,.T.);
#6701=EDGE_CURVE('',#5218,#5230,#2729,.T.);
#6702=EDGE_CURVE('',#5224,#5216,#2730,.T.);
#6703=EDGE_CURVE('',#5225,#5215,#2731,.T.);
#6704=EDGE_CURVE('',#5222,#5217,#2732,.T.);
#6705=EDGE_CURVE('',#5233,#5221,#2733,.T.);
#6706=EDGE_CURVE('',#5232,#5233,#2734,.T.);
#6707=EDGE_CURVE('',#5233,#5229,#2735,.T.);
#6708=EDGE_CURVE('',#5214,#5223,#2736,.T.);
#6709=EDGE_CURVE('',#5234,#5235,#2737,.T.);
#6710=EDGE_CURVE('',#5235,#5236,#2738,.T.);
#6711=EDGE_CURVE('',#5236,#5237,#2739,.T.);
#6712=EDGE_CURVE('',#5237,#5234,#2740,.T.);
#6713=EDGE_CURVE('',#5238,#5238,#215,.T.);
#6714=EDGE_CURVE('',#5239,#5240,#216,.T.);
#6715=EDGE_CURVE('',#5240,#5241,#217,.T.);
#6716=EDGE_CURVE('',#5242,#5241,#2741,.T.);
#6717=EDGE_CURVE('',#5243,#5242,#2742,.T.);
#6718=EDGE_CURVE('',#5244,#5243,#2743,.T.);
#6719=EDGE_CURVE('',#5245,#5244,#2744,.T.);
#6720=EDGE_CURVE('',#5239,#5245,#2745,.T.);
#6721=EDGE_CURVE('',#5246,#5247,#2746,.T.);
#6722=EDGE_CURVE('',#5236,#5247,#2747,.T.);
#6723=EDGE_CURVE('',#5246,#5235,#2748,.T.);
#6724=EDGE_CURVE('',#5248,#5246,#2749,.T.);
#6725=EDGE_CURVE('',#5234,#5248,#2750,.T.);
#6726=EDGE_CURVE('',#5247,#5249,#2751,.T.);
#6727=EDGE_CURVE('',#5237,#5249,#2752,.T.);
#6728=EDGE_CURVE('',#5249,#5248,#2753,.T.);
#6729=EDGE_CURVE('',#5238,#5240,#2754,.T.);
#6730=EDGE_CURVE('',#5250,#5239,#2755,.T.);
#6731=EDGE_CURVE('',#5250,#5251,#218,.T.);
#6732=EDGE_CURVE('',#5241,#5251,#2756,.T.);
#6733=EDGE_CURVE('',#5252,#5250,#2757,.T.);
#6734=EDGE_CURVE('',#5252,#5245,#2758,.T.);
#6735=EDGE_CURVE('',#5251,#5253,#2759,.T.);
#6736=EDGE_CURVE('',#5242,#5253,#2760,.T.);
#6737=EDGE_CURVE('',#5254,#5252,#2761,.T.);
#6738=EDGE_CURVE('',#5244,#5254,#2762,.T.);
#6739=EDGE_CURVE('',#5255,#5254,#2763,.T.);
#6740=EDGE_CURVE('',#5243,#5255,#2764,.T.);
#6741=EDGE_CURVE('',#5253,#5255,#2765,.T.);
#6742=EDGE_CURVE('',#5256,#5256,#219,.T.);
#6743=EDGE_CURVE('',#5256,#5257,#2766,.T.);
#6744=EDGE_CURVE('',#5257,#5257,#220,.T.);
#6745=EDGE_CURVE('',#5258,#5259,#2767,.T.);
#6746=EDGE_CURVE('',#5259,#5260,#2768,.T.);
#6747=EDGE_CURVE('',#5261,#5260,#2769,.T.);
#6748=EDGE_CURVE('',#5258,#5261,#2770,.T.);
#6749=EDGE_CURVE('',#5262,#5258,#2771,.T.);
#6750=EDGE_CURVE('',#5263,#5261,#2772,.T.);
#6751=EDGE_CURVE('',#5262,#5263,#2773,.T.);
#6752=EDGE_CURVE('',#5264,#5262,#2774,.T.);
#6753=EDGE_CURVE('',#5265,#5263,#2775,.T.);
#6754=EDGE_CURVE('',#5264,#5265,#2776,.T.);
#6755=EDGE_CURVE('',#5259,#5264,#2777,.T.);
#6756=EDGE_CURVE('',#5260,#5265,#2778,.T.);
#6757=EDGE_CURVE('',#5266,#5266,#221,.T.);
#6758=EDGE_CURVE('',#5266,#5267,#2779,.T.);
#6759=EDGE_CURVE('',#5267,#5267,#222,.T.);
#6760=EDGE_CURVE('',#5268,#5269,#2780,.T.);
#6761=EDGE_CURVE('',#5269,#5270,#2781,.T.);
#6762=EDGE_CURVE('',#5271,#5270,#2782,.T.);
#6763=EDGE_CURVE('',#5268,#5271,#2783,.T.);
#6764=EDGE_CURVE('',#5272,#5268,#2784,.T.);
#6765=EDGE_CURVE('',#5273,#5271,#2785,.T.);
#6766=EDGE_CURVE('',#5272,#5273,#2786,.T.);
#6767=EDGE_CURVE('',#5274,#5272,#2787,.T.);
#6768=EDGE_CURVE('',#5275,#5273,#2788,.T.);
#6769=EDGE_CURVE('',#5274,#5275,#2789,.T.);
#6770=EDGE_CURVE('',#5269,#5274,#2790,.T.);
#6771=EDGE_CURVE('',#5270,#5275,#2791,.T.);
#6772=EDGE_CURVE('',#5276,#5276,#223,.T.);
#6773=EDGE_CURVE('',#5276,#5277,#2792,.T.);
#6774=EDGE_CURVE('',#5277,#5277,#224,.T.);
#6775=EDGE_CURVE('',#5278,#5279,#2793,.T.);
#6776=EDGE_CURVE('',#5279,#5280,#2794,.T.);
#6777=EDGE_CURVE('',#5281,#5280,#2795,.T.);
#6778=EDGE_CURVE('',#5278,#5281,#2796,.T.);
#6779=EDGE_CURVE('',#5282,#5278,#2797,.T.);
#6780=EDGE_CURVE('',#5283,#5281,#2798,.T.);
#6781=EDGE_CURVE('',#5282,#5283,#2799,.T.);
#6782=EDGE_CURVE('',#5284,#5282,#2800,.T.);
#6783=EDGE_CURVE('',#5285,#5283,#2801,.T.);
#6784=EDGE_CURVE('',#5284,#5285,#2802,.T.);
#6785=EDGE_CURVE('',#5279,#5284,#2803,.T.);
#6786=EDGE_CURVE('',#5280,#5285,#2804,.T.);
#6787=EDGE_CURVE('',#5286,#5286,#225,.T.);
#6788=EDGE_CURVE('',#5286,#5287,#2805,.T.);
#6789=EDGE_CURVE('',#5287,#5287,#226,.T.);
#6790=EDGE_CURVE('',#5288,#5289,#2806,.T.);
#6791=EDGE_CURVE('',#5289,#5290,#2807,.T.);
#6792=EDGE_CURVE('',#5291,#5290,#2808,.T.);
#6793=EDGE_CURVE('',#5288,#5291,#2809,.T.);
#6794=EDGE_CURVE('',#5292,#5288,#2810,.T.);
#6795=EDGE_CURVE('',#5293,#5291,#2811,.T.);
#6796=EDGE_CURVE('',#5292,#5293,#2812,.T.);
#6797=EDGE_CURVE('',#5294,#5292,#2813,.T.);
#6798=EDGE_CURVE('',#5295,#5293,#2814,.T.);
#6799=EDGE_CURVE('',#5294,#5295,#2815,.T.);
#6800=EDGE_CURVE('',#5289,#5294,#2816,.T.);
#6801=EDGE_CURVE('',#5290,#5295,#2817,.T.);
#6802=EDGE_CURVE('',#5296,#5296,#227,.T.);
#6803=EDGE_CURVE('',#5296,#5297,#2818,.T.);
#6804=EDGE_CURVE('',#5297,#5297,#228,.T.);
#6805=EDGE_CURVE('',#5298,#5298,#229,.T.);
#6806=EDGE_CURVE('',#5298,#5299,#2819,.T.);
#6807=EDGE_CURVE('',#5299,#5299,#230,.T.);
#6808=EDGE_CURVE('',#5300,#5300,#231,.T.);
#6809=EDGE_CURVE('',#5300,#5301,#2820,.T.);
#6810=EDGE_CURVE('',#5301,#5301,#232,.T.);
#6811=EDGE_CURVE('',#5302,#5302,#233,.T.);
#6812=EDGE_CURVE('',#5302,#5303,#2821,.T.);
#6813=EDGE_CURVE('',#5303,#5303,#234,.T.);
#6814=EDGE_CURVE('',#5304,#5304,#235,.T.);
#6815=EDGE_CURVE('',#5304,#5305,#2822,.T.);
#6816=EDGE_CURVE('',#5305,#5305,#236,.T.);
#6817=EDGE_CURVE('',#5306,#5306,#237,.T.);
#6818=EDGE_CURVE('',#5306,#5307,#2823,.T.);
#6819=EDGE_CURVE('',#5307,#5307,#238,.T.);
#6820=EDGE_CURVE('',#5308,#5308,#239,.T.);
#6821=EDGE_CURVE('',#5308,#5309,#2824,.T.);
#6822=EDGE_CURVE('',#5309,#5309,#240,.T.);
#6823=EDGE_CURVE('',#5310,#5310,#241,.T.);
#6824=EDGE_CURVE('',#5310,#5311,#2825,.T.);
#6825=EDGE_CURVE('',#5311,#5311,#242,.T.);
#6826=EDGE_CURVE('',#5312,#5312,#243,.T.);
#6827=EDGE_CURVE('',#5312,#5313,#2826,.T.);
#6828=EDGE_CURVE('',#5313,#5313,#244,.T.);
#6829=EDGE_CURVE('',#5314,#5314,#245,.T.);
#6830=EDGE_CURVE('',#5314,#5315,#2827,.T.);
#6831=EDGE_CURVE('',#5315,#5315,#246,.T.);
#6832=EDGE_CURVE('',#5316,#5317,#2828,.T.);
#6833=EDGE_CURVE('',#5317,#5318,#2829,.T.);
#6834=EDGE_CURVE('',#5319,#5318,#2830,.T.);
#6835=EDGE_CURVE('',#5316,#5319,#2831,.T.);
#6836=EDGE_CURVE('',#5320,#5320,#247,.T.);
#6837=EDGE_CURVE('',#5321,#5322,#2832,.T.);
#6838=EDGE_CURVE('',#5322,#5323,#2833,.T.);
#6839=EDGE_CURVE('',#5324,#5323,#2834,.T.);
#6840=EDGE_CURVE('',#5321,#5324,#2835,.T.);
#6841=EDGE_CURVE('',#5317,#5321,#2836,.T.);
#6842=EDGE_CURVE('',#5318,#5324,#2837,.T.);
#6843=EDGE_CURVE('',#5322,#5316,#2838,.T.);
#6844=EDGE_CURVE('',#5323,#5319,#2839,.T.);
#6845=EDGE_CURVE('',#5320,#5325,#2840,.T.);
#6846=EDGE_CURVE('',#5325,#5325,#248,.T.);
#6847=ORIENTED_EDGE('',*,*,#5326,.F.);
#6848=ORIENTED_EDGE('',*,*,#5327,.F.);
#6849=ORIENTED_EDGE('',*,*,#5328,.F.);
#6850=ORIENTED_EDGE('',*,*,#5329,.F.);
#6851=ORIENTED_EDGE('',*,*,#5330,.F.);
#6852=ORIENTED_EDGE('',*,*,#5331,.T.);
#6853=ORIENTED_EDGE('',*,*,#5332,.F.);
#6854=ORIENTED_EDGE('',*,*,#5327,.T.);
#6855=ORIENTED_EDGE('',*,*,#5333,.F.);
#6856=ORIENTED_EDGE('',*,*,#5334,.F.);
#6857=ORIENTED_EDGE('',*,*,#5335,.F.);
#6858=ORIENTED_EDGE('',*,*,#5331,.F.);
#6859=ORIENTED_EDGE('',*,*,#5333,.T.);
#6860=ORIENTED_EDGE('',*,*,#5330,.T.);
#6861=ORIENTED_EDGE('',*,*,#5326,.T.);
#6862=ORIENTED_EDGE('',*,*,#5336,.T.);
#6863=ORIENTED_EDGE('',*,*,#5337,.F.);
#6864=ORIENTED_EDGE('',*,*,#5338,.T.);
#6865=ORIENTED_EDGE('',*,*,#5339,.F.);
#6866=ORIENTED_EDGE('',*,*,#5340,.T.);
#6867=ORIENTED_EDGE('',*,*,#5341,.F.);
#6868=ORIENTED_EDGE('',*,*,#5342,.T.);
#6869=ORIENTED_EDGE('',*,*,#5343,.F.);
#6870=ORIENTED_EDGE('',*,*,#5344,.T.);
#6871=ORIENTED_EDGE('',*,*,#5345,.T.);
#6872=ORIENTED_EDGE('',*,*,#5346,.T.);
#6873=ORIENTED_EDGE('',*,*,#5347,.T.);
#6874=ORIENTED_EDGE('',*,*,#5348,.T.);
#6875=ORIENTED_EDGE('',*,*,#5329,.T.);
#6876=ORIENTED_EDGE('',*,*,#5349,.T.);
#6877=ORIENTED_EDGE('',*,*,#5350,.T.);
#6878=ORIENTED_EDGE('',*,*,#5336,.F.);
#6879=ORIENTED_EDGE('',*,*,#5351,.F.);
#6880=ORIENTED_EDGE('',*,*,#5346,.F.);
#6881=ORIENTED_EDGE('',*,*,#5352,.F.);
#6882=ORIENTED_EDGE('',*,*,#5353,.F.);
#6883=ORIENTED_EDGE('',*,*,#5351,.T.);
#6884=ORIENTED_EDGE('',*,*,#5354,.T.);
#6885=ORIENTED_EDGE('',*,*,#5355,.F.);
#6886=ORIENTED_EDGE('',*,*,#5347,.F.);
#6887=ORIENTED_EDGE('',*,*,#5352,.T.);
#6888=ORIENTED_EDGE('',*,*,#5345,.F.);
#6889=ORIENTED_EDGE('',*,*,#5356,.T.);
#6890=ORIENTED_EDGE('',*,*,#5357,.T.);
#6891=ORIENTED_EDGE('',*,*,#5358,.F.);
#6892=ORIENTED_EDGE('',*,*,#5359,.F.);
#6893=ORIENTED_EDGE('',*,*,#5356,.F.);
#6894=ORIENTED_EDGE('',*,*,#5344,.F.);
#6895=ORIENTED_EDGE('',*,*,#5335,.T.);
#6896=ORIENTED_EDGE('',*,*,#5360,.F.);
#6897=ORIENTED_EDGE('',*,*,#5354,.F.);
#6898=ORIENTED_EDGE('',*,*,#5353,.T.);
#6899=ORIENTED_EDGE('',*,*,#5357,.F.);
#6900=ORIENTED_EDGE('',*,*,#5359,.T.);
#6901=ORIENTED_EDGE('',*,*,#5361,.F.);
#6902=ORIENTED_EDGE('',*,*,#5362,.T.);
#6903=ORIENTED_EDGE('',*,*,#5363,.F.);
#6904=ORIENTED_EDGE('',*,*,#5364,.T.);
#6905=ORIENTED_EDGE('',*,*,#5365,.T.);
#6906=ORIENTED_EDGE('',*,*,#5366,.T.);
#6907=ORIENTED_EDGE('',*,*,#5367,.T.);
#6908=ORIENTED_EDGE('',*,*,#5349,.F.);
#6909=ORIENTED_EDGE('',*,*,#5328,.T.);
#6910=ORIENTED_EDGE('',*,*,#5332,.T.);
#6911=ORIENTED_EDGE('',*,*,#5358,.T.);
#6912=ORIENTED_EDGE('',*,*,#5343,.T.);
#6913=ORIENTED_EDGE('',*,*,#5368,.T.);
#6914=ORIENTED_EDGE('',*,*,#5369,.T.);
#6915=ORIENTED_EDGE('',*,*,#5361,.T.);
#6916=ORIENTED_EDGE('',*,*,#5370,.F.);
#6917=ORIENTED_EDGE('',*,*,#5338,.F.);
#6918=ORIENTED_EDGE('',*,*,#5371,.F.);
#6919=ORIENTED_EDGE('',*,*,#5366,.F.);
#6920=ORIENTED_EDGE('',*,*,#5370,.T.);
#6921=ORIENTED_EDGE('',*,*,#5365,.F.);
#6922=ORIENTED_EDGE('',*,*,#5372,.T.);
#6923=ORIENTED_EDGE('',*,*,#5339,.T.);
#6924=ORIENTED_EDGE('',*,*,#5371,.T.);
#6925=ORIENTED_EDGE('',*,*,#5337,.T.);
#6926=ORIENTED_EDGE('',*,*,#5350,.F.);
#6927=ORIENTED_EDGE('',*,*,#5367,.F.);
#6928=ORIENTED_EDGE('',*,*,#5373,.F.);
#6929=ORIENTED_EDGE('',*,*,#5340,.F.);
#6930=ORIENTED_EDGE('',*,*,#5372,.F.);
#6931=ORIENTED_EDGE('',*,*,#5364,.F.);
#6932=ORIENTED_EDGE('',*,*,#5373,.T.);
#6933=ORIENTED_EDGE('',*,*,#5363,.T.);
#6934=ORIENTED_EDGE('',*,*,#5374,.T.);
#6935=ORIENTED_EDGE('',*,*,#5375,.T.);
#6936=ORIENTED_EDGE('',*,*,#5341,.T.);
#6937=ORIENTED_EDGE('',*,*,#5342,.F.);
#6938=ORIENTED_EDGE('',*,*,#5375,.F.);
#6939=ORIENTED_EDGE('',*,*,#5376,.F.);
#6940=ORIENTED_EDGE('',*,*,#5368,.F.);
#6941=ORIENTED_EDGE('',*,*,#5376,.T.);
#6942=ORIENTED_EDGE('',*,*,#5374,.F.);
#6943=ORIENTED_EDGE('',*,*,#5362,.F.);
#6944=ORIENTED_EDGE('',*,*,#5369,.F.);
#6945=ORIENTED_EDGE('',*,*,#5334,.T.);
#6946=ORIENTED_EDGE('',*,*,#5348,.F.);
#6947=ORIENTED_EDGE('',*,*,#5355,.T.);
#6948=ORIENTED_EDGE('',*,*,#5360,.T.);
#6949=ORIENTED_EDGE('',*,*,#5377,.F.);
#6950=ORIENTED_EDGE('',*,*,#5378,.F.);
#6951=ORIENTED_EDGE('',*,*,#5379,.F.);
#6952=ORIENTED_EDGE('',*,*,#5380,.F.);
#6953=ORIENTED_EDGE('',*,*,#5379,.T.);
#6954=ORIENTED_EDGE('',*,*,#5381,.T.);
#6955=ORIENTED_EDGE('',*,*,#5382,.F.);
#6956=ORIENTED_EDGE('',*,*,#5383,.F.);
#6957=ORIENTED_EDGE('',*,*,#5378,.T.);
#6958=ORIENTED_EDGE('',*,*,#5384,.T.);
#6959=ORIENTED_EDGE('',*,*,#5385,.F.);
#6960=ORIENTED_EDGE('',*,*,#5381,.F.);
#6961=ORIENTED_EDGE('',*,*,#5377,.T.);
#6962=ORIENTED_EDGE('',*,*,#5386,.T.);
#6963=ORIENTED_EDGE('',*,*,#5387,.F.);
#6964=ORIENTED_EDGE('',*,*,#5384,.F.);
#6965=ORIENTED_EDGE('',*,*,#5380,.T.);
#6966=ORIENTED_EDGE('',*,*,#5383,.T.);
#6967=ORIENTED_EDGE('',*,*,#5388,.F.);
#6968=ORIENTED_EDGE('',*,*,#5386,.F.);
#6969=ORIENTED_EDGE('',*,*,#5388,.T.);
#6970=ORIENTED_EDGE('',*,*,#5382,.T.);
#6971=ORIENTED_EDGE('',*,*,#5385,.T.);
#6972=ORIENTED_EDGE('',*,*,#5387,.T.);
#6973=ORIENTED_EDGE('',*,*,#5389,.T.);
#6974=ORIENTED_EDGE('',*,*,#5390,.T.);
#6975=ORIENTED_EDGE('',*,*,#5391,.F.);
#6976=ORIENTED_EDGE('',*,*,#5392,.F.);
#6977=ORIENTED_EDGE('',*,*,#5393,.T.);
#6978=ORIENTED_EDGE('',*,*,#5394,.T.);
#6979=ORIENTED_EDGE('',*,*,#5395,.F.);
#6980=ORIENTED_EDGE('',*,*,#5390,.F.);
#6981=ORIENTED_EDGE('',*,*,#5396,.T.);
#6982=ORIENTED_EDGE('',*,*,#5397,.F.);
#6983=ORIENTED_EDGE('',*,*,#5398,.F.);
#6984=ORIENTED_EDGE('',*,*,#5394,.F.);
#6985=ORIENTED_EDGE('',*,*,#5399,.T.);
#6986=ORIENTED_EDGE('',*,*,#5400,.T.);
#6987=ORIENTED_EDGE('',*,*,#5401,.T.);
#6988=ORIENTED_EDGE('',*,*,#5402,.F.);
#6989=ORIENTED_EDGE('',*,*,#5403,.F.);
#6990=ORIENTED_EDGE('',*,*,#5404,.T.);
#6991=ORIENTED_EDGE('',*,*,#5405,.T.);
#6992=ORIENTED_EDGE('',*,*,#5406,.T.);
#6993=ORIENTED_EDGE('',*,*,#5407,.T.);
#6994=ORIENTED_EDGE('',*,*,#5391,.T.);
#6995=ORIENTED_EDGE('',*,*,#5395,.T.);
#6996=ORIENTED_EDGE('',*,*,#5398,.T.);
#6997=ORIENTED_EDGE('',*,*,#5408,.F.);
#6998=ORIENTED_EDGE('',*,*,#5409,.F.);
#6999=ORIENTED_EDGE('',*,*,#5410,.F.);
#7000=ORIENTED_EDGE('',*,*,#5411,.F.);
#7001=ORIENTED_EDGE('',*,*,#5412,.F.);
#7002=ORIENTED_EDGE('',*,*,#5413,.F.);
#7003=ORIENTED_EDGE('',*,*,#5414,.F.);
#7004=ORIENTED_EDGE('',*,*,#5415,.F.);
#7005=ORIENTED_EDGE('',*,*,#5416,.F.);
#7006=ORIENTED_EDGE('',*,*,#5396,.F.);
#7007=ORIENTED_EDGE('',*,*,#5393,.F.);
#7008=ORIENTED_EDGE('',*,*,#5389,.F.);
#7009=ORIENTED_EDGE('',*,*,#5408,.T.);
#7010=ORIENTED_EDGE('',*,*,#5392,.T.);
#7011=ORIENTED_EDGE('',*,*,#5407,.F.);
#7012=ORIENTED_EDGE('',*,*,#5417,.F.);
#7013=ORIENTED_EDGE('',*,*,#5397,.T.);
#7014=ORIENTED_EDGE('',*,*,#5416,.T.);
#7015=ORIENTED_EDGE('',*,*,#5418,.F.);
#7016=ORIENTED_EDGE('',*,*,#5399,.F.);
#7017=ORIENTED_EDGE('',*,*,#5418,.T.);
#7018=ORIENTED_EDGE('',*,*,#5415,.T.);
#7019=ORIENTED_EDGE('',*,*,#5419,.T.);
#7020=ORIENTED_EDGE('',*,*,#5400,.F.);
#7021=ORIENTED_EDGE('',*,*,#5414,.T.);
#7022=ORIENTED_EDGE('',*,*,#5420,.T.);
#7023=ORIENTED_EDGE('',*,*,#5421,.T.);
#7024=ORIENTED_EDGE('',*,*,#5422,.F.);
#7025=ORIENTED_EDGE('',*,*,#5423,.F.);
#7026=ORIENTED_EDGE('',*,*,#5424,.T.);
#7027=ORIENTED_EDGE('',*,*,#5425,.F.);
#7028=ORIENTED_EDGE('',*,*,#5426,.F.);
#7029=ORIENTED_EDGE('',*,*,#5427,.F.);
#7030=ORIENTED_EDGE('',*,*,#5428,.F.);
#7031=ORIENTED_EDGE('',*,*,#5429,.F.);
#7032=ORIENTED_EDGE('',*,*,#5430,.F.);
#7033=ORIENTED_EDGE('',*,*,#5431,.T.);
#7034=ORIENTED_EDGE('',*,*,#5432,.T.);
#7035=ORIENTED_EDGE('',*,*,#5433,.T.);
#7036=ORIENTED_EDGE('',*,*,#5434,.F.);
#7037=ORIENTED_EDGE('',*,*,#5401,.F.);
#7038=ORIENTED_EDGE('',*,*,#5419,.F.);
#7039=ORIENTED_EDGE('',*,*,#5409,.T.);
#7040=ORIENTED_EDGE('',*,*,#5417,.T.);
#7041=ORIENTED_EDGE('',*,*,#5406,.F.);
#7042=ORIENTED_EDGE('',*,*,#5435,.F.);
#7043=ORIENTED_EDGE('',*,*,#5402,.T.);
#7044=ORIENTED_EDGE('',*,*,#5434,.T.);
#7045=ORIENTED_EDGE('',*,*,#5436,.T.);
#7046=ORIENTED_EDGE('',*,*,#5437,.F.);
#7047=ORIENTED_EDGE('',*,*,#5438,.F.);
#7048=ORIENTED_EDGE('',*,*,#5411,.T.);
#7049=ORIENTED_EDGE('',*,*,#5439,.T.);
#7050=ORIENTED_EDGE('',*,*,#5404,.F.);
#7051=ORIENTED_EDGE('',*,*,#5435,.T.);
#7052=ORIENTED_EDGE('',*,*,#5405,.F.);
#7053=ORIENTED_EDGE('',*,*,#5439,.F.);
#7054=ORIENTED_EDGE('',*,*,#5410,.T.);
#7055=ORIENTED_EDGE('',*,*,#5440,.F.);
#7056=ORIENTED_EDGE('',*,*,#5441,.T.);
#7057=ORIENTED_EDGE('',*,*,#5420,.F.);
#7058=ORIENTED_EDGE('',*,*,#5413,.T.);
#7059=ORIENTED_EDGE('',*,*,#5421,.F.);
#7060=ORIENTED_EDGE('',*,*,#5441,.F.);
#7061=ORIENTED_EDGE('',*,*,#5442,.F.);
#7062=ORIENTED_EDGE('',*,*,#5443,.F.);
#7063=ORIENTED_EDGE('',*,*,#5403,.T.);
#7064=ORIENTED_EDGE('',*,*,#5437,.T.);
#7065=ORIENTED_EDGE('',*,*,#5444,.F.);
#7066=ORIENTED_EDGE('',*,*,#5445,.T.);
#7067=ORIENTED_EDGE('',*,*,#5446,.F.);
#7068=ORIENTED_EDGE('',*,*,#5447,.F.);
#7069=ORIENTED_EDGE('',*,*,#5448,.F.);
#7070=ORIENTED_EDGE('',*,*,#5449,.F.);
#7071=ORIENTED_EDGE('',*,*,#5450,.F.);
#7072=ORIENTED_EDGE('',*,*,#5451,.F.);
#7073=ORIENTED_EDGE('',*,*,#5452,.T.);
#7074=ORIENTED_EDGE('',*,*,#5453,.T.);
#7075=ORIENTED_EDGE('',*,*,#5454,.T.);
#7076=ORIENTED_EDGE('',*,*,#5455,.T.);
#7077=ORIENTED_EDGE('',*,*,#5442,.T.);
#7078=ORIENTED_EDGE('',*,*,#5440,.T.);
#7079=ORIENTED_EDGE('',*,*,#5412,.T.);
#7080=ORIENTED_EDGE('',*,*,#5438,.T.);
#7081=ORIENTED_EDGE('',*,*,#5456,.F.);
#7082=ORIENTED_EDGE('',*,*,#5453,.F.);
#7083=ORIENTED_EDGE('',*,*,#5457,.F.);
#7084=ORIENTED_EDGE('',*,*,#5424,.F.);
#7085=ORIENTED_EDGE('',*,*,#5456,.T.);
#7086=ORIENTED_EDGE('',*,*,#5423,.T.);
#7087=ORIENTED_EDGE('',*,*,#5458,.F.);
#7088=ORIENTED_EDGE('',*,*,#5454,.F.);
#7089=ORIENTED_EDGE('',*,*,#5457,.T.);
#7090=ORIENTED_EDGE('',*,*,#5452,.F.);
#7091=ORIENTED_EDGE('',*,*,#5459,.F.);
#7092=ORIENTED_EDGE('',*,*,#5425,.T.);
#7093=ORIENTED_EDGE('',*,*,#5460,.F.);
#7094=ORIENTED_EDGE('',*,*,#5426,.T.);
#7095=ORIENTED_EDGE('',*,*,#5459,.T.);
#7096=ORIENTED_EDGE('',*,*,#5451,.T.);
#7097=ORIENTED_EDGE('',*,*,#5460,.T.);
#7098=ORIENTED_EDGE('',*,*,#5450,.T.);
#7099=ORIENTED_EDGE('',*,*,#5461,.T.);
#7100=ORIENTED_EDGE('',*,*,#5462,.T.);
#7101=ORIENTED_EDGE('',*,*,#5427,.T.);
#7102=ORIENTED_EDGE('',*,*,#5463,.F.);
#7103=ORIENTED_EDGE('',*,*,#5445,.F.);
#7104=ORIENTED_EDGE('',*,*,#5464,.F.);
#7105=ORIENTED_EDGE('',*,*,#5432,.F.);
#7106=ORIENTED_EDGE('',*,*,#5463,.T.);
#7107=ORIENTED_EDGE('',*,*,#5431,.F.);
#7108=ORIENTED_EDGE('',*,*,#5465,.F.);
#7109=ORIENTED_EDGE('',*,*,#5446,.T.);
#7110=ORIENTED_EDGE('',*,*,#5464,.T.);
#7111=ORIENTED_EDGE('',*,*,#5444,.T.);
#7112=ORIENTED_EDGE('',*,*,#5436,.F.);
#7113=ORIENTED_EDGE('',*,*,#5433,.F.);
#7114=ORIENTED_EDGE('',*,*,#5466,.F.);
#7115=ORIENTED_EDGE('',*,*,#5447,.T.);
#7116=ORIENTED_EDGE('',*,*,#5465,.T.);
#7117=ORIENTED_EDGE('',*,*,#5430,.T.);
#7118=ORIENTED_EDGE('',*,*,#5466,.T.);
#7119=ORIENTED_EDGE('',*,*,#5429,.T.);
#7120=ORIENTED_EDGE('',*,*,#5467,.T.);
#7121=ORIENTED_EDGE('',*,*,#5468,.T.);
#7122=ORIENTED_EDGE('',*,*,#5448,.T.);
#7123=ORIENTED_EDGE('',*,*,#5443,.T.);
#7124=ORIENTED_EDGE('',*,*,#5455,.F.);
#7125=ORIENTED_EDGE('',*,*,#5458,.T.);
#7126=ORIENTED_EDGE('',*,*,#5422,.T.);
#7127=ORIENTED_EDGE('',*,*,#5449,.T.);
#7128=ORIENTED_EDGE('',*,*,#5468,.F.);
#7129=ORIENTED_EDGE('',*,*,#5469,.F.);
#7130=ORIENTED_EDGE('',*,*,#5461,.F.);
#7131=ORIENTED_EDGE('',*,*,#5469,.T.);
#7132=ORIENTED_EDGE('',*,*,#5467,.F.);
#7133=ORIENTED_EDGE('',*,*,#5428,.T.);
#7134=ORIENTED_EDGE('',*,*,#5462,.F.);
#7135=ORIENTED_EDGE('',*,*,#5470,.T.);
#7136=ORIENTED_EDGE('',*,*,#5471,.T.);
#7137=ORIENTED_EDGE('',*,*,#5472,.F.);
#7138=ORIENTED_EDGE('',*,*,#5473,.F.);
#7139=ORIENTED_EDGE('',*,*,#5474,.T.);
#7140=ORIENTED_EDGE('',*,*,#5475,.F.);
#7141=ORIENTED_EDGE('',*,*,#5476,.F.);
#7142=ORIENTED_EDGE('',*,*,#5471,.F.);
#7143=ORIENTED_EDGE('',*,*,#5477,.T.);
#7144=ORIENTED_EDGE('',*,*,#5478,.T.);
#7145=ORIENTED_EDGE('',*,*,#5479,.F.);
#7146=ORIENTED_EDGE('',*,*,#5480,.F.);
#7147=ORIENTED_EDGE('',*,*,#5481,.T.);
#7148=ORIENTED_EDGE('',*,*,#5482,.T.);
#7149=ORIENTED_EDGE('',*,*,#5483,.F.);
#7150=ORIENTED_EDGE('',*,*,#5478,.F.);
#7151=ORIENTED_EDGE('',*,*,#5484,.T.);
#7152=ORIENTED_EDGE('',*,*,#5485,.F.);
#7153=ORIENTED_EDGE('',*,*,#5486,.F.);
#7154=ORIENTED_EDGE('',*,*,#5482,.F.);
#7155=ORIENTED_EDGE('',*,*,#5487,.T.);
#7156=ORIENTED_EDGE('',*,*,#5488,.T.);
#7157=ORIENTED_EDGE('',*,*,#5489,.F.);
#7158=ORIENTED_EDGE('',*,*,#5490,.F.);
#7159=ORIENTED_EDGE('',*,*,#5491,.T.);
#7160=ORIENTED_EDGE('',*,*,#5492,.T.);
#7161=ORIENTED_EDGE('',*,*,#5493,.F.);
#7162=ORIENTED_EDGE('',*,*,#5488,.F.);
#7163=ORIENTED_EDGE('',*,*,#5494,.T.);
#7164=ORIENTED_EDGE('',*,*,#5495,.F.);
#7165=ORIENTED_EDGE('',*,*,#5496,.F.);
#7166=ORIENTED_EDGE('',*,*,#5492,.F.);
#7167=ORIENTED_EDGE('',*,*,#5497,.T.);
#7168=ORIENTED_EDGE('',*,*,#5498,.T.);
#7169=ORIENTED_EDGE('',*,*,#5499,.F.);
#7170=ORIENTED_EDGE('',*,*,#5500,.F.);
#7171=ORIENTED_EDGE('',*,*,#5501,.T.);
#7172=ORIENTED_EDGE('',*,*,#5502,.T.);
#7173=ORIENTED_EDGE('',*,*,#5503,.F.);
#7174=ORIENTED_EDGE('',*,*,#5498,.F.);
#7175=ORIENTED_EDGE('',*,*,#5504,.T.);
#7176=ORIENTED_EDGE('',*,*,#5505,.F.);
#7177=ORIENTED_EDGE('',*,*,#5506,.F.);
#7178=ORIENTED_EDGE('',*,*,#5502,.F.);
#7179=ORIENTED_EDGE('',*,*,#5507,.T.);
#7180=ORIENTED_EDGE('',*,*,#5508,.T.);
#7181=ORIENTED_EDGE('',*,*,#5509,.F.);
#7182=ORIENTED_EDGE('',*,*,#5510,.F.);
#7183=ORIENTED_EDGE('',*,*,#5511,.T.);
#7184=ORIENTED_EDGE('',*,*,#5512,.T.);
#7185=ORIENTED_EDGE('',*,*,#5513,.F.);
#7186=ORIENTED_EDGE('',*,*,#5508,.F.);
#7187=ORIENTED_EDGE('',*,*,#5514,.T.);
#7188=ORIENTED_EDGE('',*,*,#5515,.F.);
#7189=ORIENTED_EDGE('',*,*,#5516,.F.);
#7190=ORIENTED_EDGE('',*,*,#5512,.F.);
#7191=ORIENTED_EDGE('',*,*,#5517,.T.);
#7192=ORIENTED_EDGE('',*,*,#5518,.F.);
#7193=ORIENTED_EDGE('',*,*,#5519,.F.);
#7194=ORIENTED_EDGE('',*,*,#5520,.F.);
#7195=ORIENTED_EDGE('',*,*,#5521,.F.);
#7196=ORIENTED_EDGE('',*,*,#5504,.F.);
#7197=ORIENTED_EDGE('',*,*,#5501,.F.);
#7198=ORIENTED_EDGE('',*,*,#5497,.F.);
#7199=ORIENTED_EDGE('',*,*,#5522,.F.);
#7200=ORIENTED_EDGE('',*,*,#5494,.F.);
#7201=ORIENTED_EDGE('',*,*,#5491,.F.);
#7202=ORIENTED_EDGE('',*,*,#5487,.F.);
#7203=ORIENTED_EDGE('',*,*,#5523,.F.);
#7204=ORIENTED_EDGE('',*,*,#5484,.F.);
#7205=ORIENTED_EDGE('',*,*,#5481,.F.);
#7206=ORIENTED_EDGE('',*,*,#5477,.F.);
#7207=ORIENTED_EDGE('',*,*,#5524,.F.);
#7208=ORIENTED_EDGE('',*,*,#5474,.F.);
#7209=ORIENTED_EDGE('',*,*,#5470,.F.);
#7210=ORIENTED_EDGE('',*,*,#5525,.F.);
#7211=ORIENTED_EDGE('',*,*,#5526,.F.);
#7212=ORIENTED_EDGE('',*,*,#5527,.F.);
#7213=ORIENTED_EDGE('',*,*,#5528,.F.);
#7214=ORIENTED_EDGE('',*,*,#5529,.F.);
#7215=ORIENTED_EDGE('',*,*,#5530,.F.);
#7216=ORIENTED_EDGE('',*,*,#5531,.F.);
#7217=ORIENTED_EDGE('',*,*,#5532,.F.);
#7218=ORIENTED_EDGE('',*,*,#5533,.F.);
#7219=ORIENTED_EDGE('',*,*,#5534,.F.);
#7220=ORIENTED_EDGE('',*,*,#5535,.F.);
#7221=ORIENTED_EDGE('',*,*,#5536,.F.);
#7222=ORIENTED_EDGE('',*,*,#5537,.F.);
#7223=ORIENTED_EDGE('',*,*,#5538,.F.);
#7224=ORIENTED_EDGE('',*,*,#5539,.F.);
#7225=ORIENTED_EDGE('',*,*,#5540,.F.);
#7226=ORIENTED_EDGE('',*,*,#5541,.F.);
#7227=ORIENTED_EDGE('',*,*,#5542,.F.);
#7228=ORIENTED_EDGE('',*,*,#5543,.F.);
#7229=ORIENTED_EDGE('',*,*,#5544,.F.);
#7230=ORIENTED_EDGE('',*,*,#5545,.F.);
#7231=ORIENTED_EDGE('',*,*,#5546,.F.);
#7232=ORIENTED_EDGE('',*,*,#5517,.F.);
#7233=ORIENTED_EDGE('',*,*,#5547,.F.);
#7234=ORIENTED_EDGE('',*,*,#5548,.F.);
#7235=ORIENTED_EDGE('',*,*,#5549,.F.);
#7236=ORIENTED_EDGE('',*,*,#5550,.F.);
#7237=ORIENTED_EDGE('',*,*,#5551,.F.);
#7238=ORIENTED_EDGE('',*,*,#5552,.F.);
#7239=ORIENTED_EDGE('',*,*,#5553,.F.);
#7240=ORIENTED_EDGE('',*,*,#5514,.F.);
#7241=ORIENTED_EDGE('',*,*,#5511,.F.);
#7242=ORIENTED_EDGE('',*,*,#5507,.F.);
#7243=ORIENTED_EDGE('',*,*,#5510,.T.);
#7244=ORIENTED_EDGE('',*,*,#5554,.F.);
#7245=ORIENTED_EDGE('',*,*,#5505,.T.);
#7246=ORIENTED_EDGE('',*,*,#5521,.T.);
#7247=ORIENTED_EDGE('',*,*,#5515,.T.);
#7248=ORIENTED_EDGE('',*,*,#5553,.T.);
#7249=ORIENTED_EDGE('',*,*,#5555,.T.);
#7250=ORIENTED_EDGE('',*,*,#5556,.F.);
#7251=ORIENTED_EDGE('',*,*,#5545,.T.);
#7252=ORIENTED_EDGE('',*,*,#5557,.T.);
#7253=ORIENTED_EDGE('',*,*,#5558,.F.);
#7254=ORIENTED_EDGE('',*,*,#5559,.F.);
#7255=ORIENTED_EDGE('',*,*,#5543,.T.);
#7256=ORIENTED_EDGE('',*,*,#5560,.F.);
#7257=ORIENTED_EDGE('',*,*,#5561,.F.);
#7258=ORIENTED_EDGE('',*,*,#5562,.F.);
#7259=ORIENTED_EDGE('',*,*,#5544,.T.);
#7260=ORIENTED_EDGE('',*,*,#5562,.T.);
#7261=ORIENTED_EDGE('',*,*,#5563,.F.);
#7262=ORIENTED_EDGE('',*,*,#5557,.F.);
#7263=ORIENTED_EDGE('',*,*,#5559,.T.);
#7264=ORIENTED_EDGE('',*,*,#5564,.F.);
#7265=ORIENTED_EDGE('',*,*,#5518,.T.);
#7266=ORIENTED_EDGE('',*,*,#5546,.T.);
#7267=ORIENTED_EDGE('',*,*,#5560,.T.);
#7268=ORIENTED_EDGE('',*,*,#5542,.T.);
#7269=ORIENTED_EDGE('',*,*,#5565,.T.);
#7270=ORIENTED_EDGE('',*,*,#5566,.F.);
#7271=ORIENTED_EDGE('',*,*,#5500,.T.);
#7272=ORIENTED_EDGE('',*,*,#5567,.F.);
#7273=ORIENTED_EDGE('',*,*,#5495,.T.);
#7274=ORIENTED_EDGE('',*,*,#5522,.T.);
#7275=ORIENTED_EDGE('',*,*,#5541,.T.);
#7276=ORIENTED_EDGE('',*,*,#5568,.T.);
#7277=ORIENTED_EDGE('',*,*,#5569,.F.);
#7278=ORIENTED_EDGE('',*,*,#5565,.F.);
#7279=ORIENTED_EDGE('',*,*,#5539,.T.);
#7280=ORIENTED_EDGE('',*,*,#5570,.F.);
#7281=ORIENTED_EDGE('',*,*,#5571,.F.);
#7282=ORIENTED_EDGE('',*,*,#5572,.F.);
#7283=ORIENTED_EDGE('',*,*,#5540,.T.);
#7284=ORIENTED_EDGE('',*,*,#5572,.T.);
#7285=ORIENTED_EDGE('',*,*,#5573,.F.);
#7286=ORIENTED_EDGE('',*,*,#5568,.F.);
#7287=ORIENTED_EDGE('',*,*,#5570,.T.);
#7288=ORIENTED_EDGE('',*,*,#5538,.T.);
#7289=ORIENTED_EDGE('',*,*,#5574,.T.);
#7290=ORIENTED_EDGE('',*,*,#5575,.F.);
#7291=ORIENTED_EDGE('',*,*,#5490,.T.);
#7292=ORIENTED_EDGE('',*,*,#5576,.F.);
#7293=ORIENTED_EDGE('',*,*,#5485,.T.);
#7294=ORIENTED_EDGE('',*,*,#5523,.T.);
#7295=ORIENTED_EDGE('',*,*,#5537,.T.);
#7296=ORIENTED_EDGE('',*,*,#5577,.T.);
#7297=ORIENTED_EDGE('',*,*,#5578,.F.);
#7298=ORIENTED_EDGE('',*,*,#5574,.F.);
#7299=ORIENTED_EDGE('',*,*,#5535,.T.);
#7300=ORIENTED_EDGE('',*,*,#5579,.F.);
#7301=ORIENTED_EDGE('',*,*,#5580,.F.);
#7302=ORIENTED_EDGE('',*,*,#5581,.F.);
#7303=ORIENTED_EDGE('',*,*,#5536,.T.);
#7304=ORIENTED_EDGE('',*,*,#5581,.T.);
#7305=ORIENTED_EDGE('',*,*,#5582,.F.);
#7306=ORIENTED_EDGE('',*,*,#5577,.F.);
#7307=ORIENTED_EDGE('',*,*,#5579,.T.);
#7308=ORIENTED_EDGE('',*,*,#5534,.T.);
#7309=ORIENTED_EDGE('',*,*,#5583,.T.);
#7310=ORIENTED_EDGE('',*,*,#5584,.F.);
#7311=ORIENTED_EDGE('',*,*,#5480,.T.);
#7312=ORIENTED_EDGE('',*,*,#5585,.F.);
#7313=ORIENTED_EDGE('',*,*,#5475,.T.);
#7314=ORIENTED_EDGE('',*,*,#5524,.T.);
#7315=ORIENTED_EDGE('',*,*,#5533,.T.);
#7316=ORIENTED_EDGE('',*,*,#5586,.T.);
#7317=ORIENTED_EDGE('',*,*,#5587,.F.);
#7318=ORIENTED_EDGE('',*,*,#5583,.F.);
#7319=ORIENTED_EDGE('',*,*,#5531,.T.);
#7320=ORIENTED_EDGE('',*,*,#5588,.F.);
#7321=ORIENTED_EDGE('',*,*,#5589,.F.);
#7322=ORIENTED_EDGE('',*,*,#5590,.F.);
#7323=ORIENTED_EDGE('',*,*,#5532,.T.);
#7324=ORIENTED_EDGE('',*,*,#5590,.T.);
#7325=ORIENTED_EDGE('',*,*,#5591,.F.);
#7326=ORIENTED_EDGE('',*,*,#5586,.F.);
#7327=ORIENTED_EDGE('',*,*,#5588,.T.);
#7328=ORIENTED_EDGE('',*,*,#5530,.T.);
#7329=ORIENTED_EDGE('',*,*,#5592,.T.);
#7330=ORIENTED_EDGE('',*,*,#5593,.F.);
#7331=ORIENTED_EDGE('',*,*,#5525,.T.);
#7332=ORIENTED_EDGE('',*,*,#5473,.T.);
#7333=ORIENTED_EDGE('',*,*,#5594,.F.);
#7334=ORIENTED_EDGE('',*,*,#5595,.F.);
#7335=ORIENTED_EDGE('',*,*,#5595,.T.);
#7336=ORIENTED_EDGE('',*,*,#5596,.F.);
#7337=ORIENTED_EDGE('',*,*,#5597,.T.);
#7338=ORIENTED_EDGE('',*,*,#5526,.T.);
#7339=ORIENTED_EDGE('',*,*,#5529,.T.);
#7340=ORIENTED_EDGE('',*,*,#5598,.T.);
#7341=ORIENTED_EDGE('',*,*,#5599,.F.);
#7342=ORIENTED_EDGE('',*,*,#5592,.F.);
#7343=ORIENTED_EDGE('',*,*,#5527,.T.);
#7344=ORIENTED_EDGE('',*,*,#5597,.F.);
#7345=ORIENTED_EDGE('',*,*,#5600,.F.);
#7346=ORIENTED_EDGE('',*,*,#5601,.F.);
#7347=ORIENTED_EDGE('',*,*,#5528,.T.);
#7348=ORIENTED_EDGE('',*,*,#5601,.T.);
#7349=ORIENTED_EDGE('',*,*,#5602,.F.);
#7350=ORIENTED_EDGE('',*,*,#5598,.F.);
#7351=ORIENTED_EDGE('',*,*,#5548,.T.);
#7352=ORIENTED_EDGE('',*,*,#5603,.T.);
#7353=ORIENTED_EDGE('',*,*,#5604,.F.);
#7354=ORIENTED_EDGE('',*,*,#5605,.F.);
#7355=ORIENTED_EDGE('',*,*,#5547,.T.);
#7356=ORIENTED_EDGE('',*,*,#5520,.T.);
#7357=ORIENTED_EDGE('',*,*,#5606,.F.);
#7358=ORIENTED_EDGE('',*,*,#5603,.F.);
#7359=ORIENTED_EDGE('',*,*,#5605,.T.);
#7360=ORIENTED_EDGE('',*,*,#5607,.F.);
#7361=ORIENTED_EDGE('',*,*,#5608,.F.);
#7362=ORIENTED_EDGE('',*,*,#5549,.T.);
#7363=ORIENTED_EDGE('',*,*,#5552,.T.);
#7364=ORIENTED_EDGE('',*,*,#5609,.T.);
#7365=ORIENTED_EDGE('',*,*,#5610,.F.);
#7366=ORIENTED_EDGE('',*,*,#5555,.F.);
#7367=ORIENTED_EDGE('',*,*,#5551,.T.);
#7368=ORIENTED_EDGE('',*,*,#5611,.T.);
#7369=ORIENTED_EDGE('',*,*,#5612,.F.);
#7370=ORIENTED_EDGE('',*,*,#5609,.F.);
#7371=ORIENTED_EDGE('',*,*,#5550,.T.);
#7372=ORIENTED_EDGE('',*,*,#5608,.T.);
#7373=ORIENTED_EDGE('',*,*,#5613,.F.);
#7374=ORIENTED_EDGE('',*,*,#5611,.F.);
#7375=ORIENTED_EDGE('',*,*,#5556,.T.);
#7376=ORIENTED_EDGE('',*,*,#5610,.T.);
#7377=ORIENTED_EDGE('',*,*,#5612,.T.);
#7378=ORIENTED_EDGE('',*,*,#5613,.T.);
#7379=ORIENTED_EDGE('',*,*,#5607,.T.);
#7380=ORIENTED_EDGE('',*,*,#5604,.T.);
#7381=ORIENTED_EDGE('',*,*,#5606,.T.);
#7382=ORIENTED_EDGE('',*,*,#5519,.T.);
#7383=ORIENTED_EDGE('',*,*,#5564,.T.);
#7384=ORIENTED_EDGE('',*,*,#5558,.T.);
#7385=ORIENTED_EDGE('',*,*,#5563,.T.);
#7386=ORIENTED_EDGE('',*,*,#5561,.T.);
#7387=ORIENTED_EDGE('',*,*,#5566,.T.);
#7388=ORIENTED_EDGE('',*,*,#5569,.T.);
#7389=ORIENTED_EDGE('',*,*,#5573,.T.);
#7390=ORIENTED_EDGE('',*,*,#5571,.T.);
#7391=ORIENTED_EDGE('',*,*,#5575,.T.);
#7392=ORIENTED_EDGE('',*,*,#5578,.T.);
#7393=ORIENTED_EDGE('',*,*,#5582,.T.);
#7394=ORIENTED_EDGE('',*,*,#5580,.T.);
#7395=ORIENTED_EDGE('',*,*,#5584,.T.);
#7396=ORIENTED_EDGE('',*,*,#5587,.T.);
#7397=ORIENTED_EDGE('',*,*,#5591,.T.);
#7398=ORIENTED_EDGE('',*,*,#5589,.T.);
#7399=ORIENTED_EDGE('',*,*,#5593,.T.);
#7400=ORIENTED_EDGE('',*,*,#5599,.T.);
#7401=ORIENTED_EDGE('',*,*,#5602,.T.);
#7402=ORIENTED_EDGE('',*,*,#5600,.T.);
#7403=ORIENTED_EDGE('',*,*,#5596,.T.);
#7404=ORIENTED_EDGE('',*,*,#5594,.T.);
#7405=ORIENTED_EDGE('',*,*,#5472,.T.);
#7406=ORIENTED_EDGE('',*,*,#5476,.T.);
#7407=ORIENTED_EDGE('',*,*,#5585,.T.);
#7408=ORIENTED_EDGE('',*,*,#5479,.T.);
#7409=ORIENTED_EDGE('',*,*,#5483,.T.);
#7410=ORIENTED_EDGE('',*,*,#5486,.T.);
#7411=ORIENTED_EDGE('',*,*,#5576,.T.);
#7412=ORIENTED_EDGE('',*,*,#5489,.T.);
#7413=ORIENTED_EDGE('',*,*,#5493,.T.);
#7414=ORIENTED_EDGE('',*,*,#5496,.T.);
#7415=ORIENTED_EDGE('',*,*,#5567,.T.);
#7416=ORIENTED_EDGE('',*,*,#5499,.T.);
#7417=ORIENTED_EDGE('',*,*,#5503,.T.);
#7418=ORIENTED_EDGE('',*,*,#5506,.T.);
#7419=ORIENTED_EDGE('',*,*,#5554,.T.);
#7420=ORIENTED_EDGE('',*,*,#5509,.T.);
#7421=ORIENTED_EDGE('',*,*,#5513,.T.);
#7422=ORIENTED_EDGE('',*,*,#5516,.T.);
#7423=ORIENTED_EDGE('',*,*,#5614,.T.);
#7424=ORIENTED_EDGE('',*,*,#5615,.F.);
#7425=ORIENTED_EDGE('',*,*,#5616,.F.);
#7426=ORIENTED_EDGE('',*,*,#5617,.F.);
#7427=ORIENTED_EDGE('',*,*,#5618,.T.);
#7428=ORIENTED_EDGE('',*,*,#5619,.T.);
#7429=ORIENTED_EDGE('',*,*,#5620,.F.);
#7430=ORIENTED_EDGE('',*,*,#5621,.F.);
#7431=ORIENTED_EDGE('',*,*,#5622,.T.);
#7432=ORIENTED_EDGE('',*,*,#5623,.T.);
#7433=ORIENTED_EDGE('',*,*,#5624,.F.);
#7434=ORIENTED_EDGE('',*,*,#5619,.F.);
#7435=ORIENTED_EDGE('',*,*,#5625,.T.);
#7436=ORIENTED_EDGE('',*,*,#5626,.F.);
#7437=ORIENTED_EDGE('',*,*,#5627,.F.);
#7438=ORIENTED_EDGE('',*,*,#5623,.F.);
#7439=ORIENTED_EDGE('',*,*,#5628,.T.);
#7440=ORIENTED_EDGE('',*,*,#5629,.T.);
#7441=ORIENTED_EDGE('',*,*,#5630,.F.);
#7442=ORIENTED_EDGE('',*,*,#5631,.F.);
#7443=ORIENTED_EDGE('',*,*,#5632,.T.);
#7444=ORIENTED_EDGE('',*,*,#5633,.T.);
#7445=ORIENTED_EDGE('',*,*,#5634,.F.);
#7446=ORIENTED_EDGE('',*,*,#5629,.F.);
#7447=ORIENTED_EDGE('',*,*,#5635,.T.);
#7448=ORIENTED_EDGE('',*,*,#5636,.F.);
#7449=ORIENTED_EDGE('',*,*,#5637,.F.);
#7450=ORIENTED_EDGE('',*,*,#5633,.F.);
#7451=ORIENTED_EDGE('',*,*,#5638,.T.);
#7452=ORIENTED_EDGE('',*,*,#5639,.T.);
#7453=ORIENTED_EDGE('',*,*,#5640,.F.);
#7454=ORIENTED_EDGE('',*,*,#5641,.F.);
#7455=ORIENTED_EDGE('',*,*,#5642,.T.);
#7456=ORIENTED_EDGE('',*,*,#5643,.T.);
#7457=ORIENTED_EDGE('',*,*,#5644,.F.);
#7458=ORIENTED_EDGE('',*,*,#5639,.F.);
#7459=ORIENTED_EDGE('',*,*,#5645,.T.);
#7460=ORIENTED_EDGE('',*,*,#5646,.F.);
#7461=ORIENTED_EDGE('',*,*,#5647,.F.);
#7462=ORIENTED_EDGE('',*,*,#5643,.F.);
#7463=ORIENTED_EDGE('',*,*,#5648,.T.);
#7464=ORIENTED_EDGE('',*,*,#5649,.T.);
#7465=ORIENTED_EDGE('',*,*,#5650,.F.);
#7466=ORIENTED_EDGE('',*,*,#5651,.F.);
#7467=ORIENTED_EDGE('',*,*,#5652,.T.);
#7468=ORIENTED_EDGE('',*,*,#5653,.T.);
#7469=ORIENTED_EDGE('',*,*,#5654,.F.);
#7470=ORIENTED_EDGE('',*,*,#5649,.F.);
#7471=ORIENTED_EDGE('',*,*,#5655,.T.);
#7472=ORIENTED_EDGE('',*,*,#5656,.F.);
#7473=ORIENTED_EDGE('',*,*,#5657,.F.);
#7474=ORIENTED_EDGE('',*,*,#5653,.F.);
#7475=ORIENTED_EDGE('',*,*,#5658,.T.);
#7476=ORIENTED_EDGE('',*,*,#5659,.T.);
#7477=ORIENTED_EDGE('',*,*,#5660,.F.);
#7478=ORIENTED_EDGE('',*,*,#5661,.F.);
#7479=ORIENTED_EDGE('',*,*,#5662,.T.);
#7480=ORIENTED_EDGE('',*,*,#5663,.T.);
#7481=ORIENTED_EDGE('',*,*,#5664,.F.);
#7482=ORIENTED_EDGE('',*,*,#5659,.F.);
#7483=ORIENTED_EDGE('',*,*,#5665,.T.);
#7484=ORIENTED_EDGE('',*,*,#5666,.F.);
#7485=ORIENTED_EDGE('',*,*,#5667,.F.);
#7486=ORIENTED_EDGE('',*,*,#5663,.F.);
#7487=ORIENTED_EDGE('',*,*,#5668,.T.);
#7488=ORIENTED_EDGE('',*,*,#5669,.T.);
#7489=ORIENTED_EDGE('',*,*,#5670,.F.);
#7490=ORIENTED_EDGE('',*,*,#5671,.F.);
#7491=ORIENTED_EDGE('',*,*,#5672,.T.);
#7492=ORIENTED_EDGE('',*,*,#5673,.T.);
#7493=ORIENTED_EDGE('',*,*,#5674,.F.);
#7494=ORIENTED_EDGE('',*,*,#5669,.F.);
#7495=ORIENTED_EDGE('',*,*,#5675,.T.);
#7496=ORIENTED_EDGE('',*,*,#5676,.F.);
#7497=ORIENTED_EDGE('',*,*,#5677,.F.);
#7498=ORIENTED_EDGE('',*,*,#5678,.F.);
#7499=ORIENTED_EDGE('',*,*,#5679,.T.);
#7500=ORIENTED_EDGE('',*,*,#5678,.T.);
#7501=ORIENTED_EDGE('',*,*,#5680,.F.);
#7502=ORIENTED_EDGE('',*,*,#5681,.F.);
#7503=ORIENTED_EDGE('',*,*,#5682,.T.);
#7504=ORIENTED_EDGE('',*,*,#5681,.T.);
#7505=ORIENTED_EDGE('',*,*,#5683,.F.);
#7506=ORIENTED_EDGE('',*,*,#5684,.F.);
#7507=ORIENTED_EDGE('',*,*,#5675,.F.);
#7508=ORIENTED_EDGE('',*,*,#5679,.F.);
#7509=ORIENTED_EDGE('',*,*,#5682,.F.);
#7510=ORIENTED_EDGE('',*,*,#5685,.F.);
#7511=ORIENTED_EDGE('',*,*,#5686,.F.);
#7512=ORIENTED_EDGE('',*,*,#5687,.F.);
#7513=ORIENTED_EDGE('',*,*,#5688,.F.);
#7514=ORIENTED_EDGE('',*,*,#5689,.F.);
#7515=ORIENTED_EDGE('',*,*,#5690,.F.);
#7516=ORIENTED_EDGE('',*,*,#5672,.F.);
#7517=ORIENTED_EDGE('',*,*,#5668,.F.);
#7518=ORIENTED_EDGE('',*,*,#5691,.F.);
#7519=ORIENTED_EDGE('',*,*,#5665,.F.);
#7520=ORIENTED_EDGE('',*,*,#5662,.F.);
#7521=ORIENTED_EDGE('',*,*,#5658,.F.);
#7522=ORIENTED_EDGE('',*,*,#5692,.F.);
#7523=ORIENTED_EDGE('',*,*,#5655,.F.);
#7524=ORIENTED_EDGE('',*,*,#5652,.F.);
#7525=ORIENTED_EDGE('',*,*,#5648,.F.);
#7526=ORIENTED_EDGE('',*,*,#5693,.F.);
#7527=ORIENTED_EDGE('',*,*,#5645,.F.);
#7528=ORIENTED_EDGE('',*,*,#5642,.F.);
#7529=ORIENTED_EDGE('',*,*,#5638,.F.);
#7530=ORIENTED_EDGE('',*,*,#5694,.F.);
#7531=ORIENTED_EDGE('',*,*,#5635,.F.);
#7532=ORIENTED_EDGE('',*,*,#5632,.F.);
#7533=ORIENTED_EDGE('',*,*,#5628,.F.);
#7534=ORIENTED_EDGE('',*,*,#5695,.F.);
#7535=ORIENTED_EDGE('',*,*,#5625,.F.);
#7536=ORIENTED_EDGE('',*,*,#5622,.F.);
#7537=ORIENTED_EDGE('',*,*,#5618,.F.);
#7538=ORIENTED_EDGE('',*,*,#5696,.F.);
#7539=ORIENTED_EDGE('',*,*,#5614,.F.);
#7540=ORIENTED_EDGE('',*,*,#5697,.F.);
#7541=ORIENTED_EDGE('',*,*,#5698,.F.);
#7542=ORIENTED_EDGE('',*,*,#5699,.F.);
#7543=ORIENTED_EDGE('',*,*,#5700,.F.);
#7544=ORIENTED_EDGE('',*,*,#5701,.F.);
#7545=ORIENTED_EDGE('',*,*,#5702,.F.);
#7546=ORIENTED_EDGE('',*,*,#5703,.F.);
#7547=ORIENTED_EDGE('',*,*,#5704,.F.);
#7548=ORIENTED_EDGE('',*,*,#5705,.F.);
#7549=ORIENTED_EDGE('',*,*,#5706,.F.);
#7550=ORIENTED_EDGE('',*,*,#5707,.F.);
#7551=ORIENTED_EDGE('',*,*,#5708,.F.);
#7552=ORIENTED_EDGE('',*,*,#5709,.F.);
#7553=ORIENTED_EDGE('',*,*,#5710,.F.);
#7554=ORIENTED_EDGE('',*,*,#5711,.F.);
#7555=ORIENTED_EDGE('',*,*,#5684,.T.);
#7556=ORIENTED_EDGE('',*,*,#5712,.F.);
#7557=ORIENTED_EDGE('',*,*,#5713,.F.);
#7558=ORIENTED_EDGE('',*,*,#5685,.T.);
#7559=ORIENTED_EDGE('',*,*,#5661,.T.);
#7560=ORIENTED_EDGE('',*,*,#5714,.F.);
#7561=ORIENTED_EDGE('',*,*,#5656,.T.);
#7562=ORIENTED_EDGE('',*,*,#5692,.T.);
#7563=ORIENTED_EDGE('',*,*,#5708,.T.);
#7564=ORIENTED_EDGE('',*,*,#5715,.F.);
#7565=ORIENTED_EDGE('',*,*,#5716,.F.);
#7566=ORIENTED_EDGE('',*,*,#5717,.F.);
#7567=ORIENTED_EDGE('',*,*,#5709,.T.);
#7568=ORIENTED_EDGE('',*,*,#5717,.T.);
#7569=ORIENTED_EDGE('',*,*,#5718,.F.);
#7570=ORIENTED_EDGE('',*,*,#5719,.F.);
#7571=ORIENTED_EDGE('',*,*,#5710,.T.);
#7572=ORIENTED_EDGE('',*,*,#5719,.T.);
#7573=ORIENTED_EDGE('',*,*,#5720,.F.);
#7574=ORIENTED_EDGE('',*,*,#5721,.F.);
#7575=ORIENTED_EDGE('',*,*,#5676,.T.);
#7576=ORIENTED_EDGE('',*,*,#5711,.T.);
#7577=ORIENTED_EDGE('',*,*,#5721,.T.);
#7578=ORIENTED_EDGE('',*,*,#5722,.F.);
#7579=ORIENTED_EDGE('',*,*,#5651,.T.);
#7580=ORIENTED_EDGE('',*,*,#5723,.F.);
#7581=ORIENTED_EDGE('',*,*,#5646,.T.);
#7582=ORIENTED_EDGE('',*,*,#5693,.T.);
#7583=ORIENTED_EDGE('',*,*,#5704,.T.);
#7584=ORIENTED_EDGE('',*,*,#5724,.F.);
#7585=ORIENTED_EDGE('',*,*,#5725,.F.);
#7586=ORIENTED_EDGE('',*,*,#5726,.F.);
#7587=ORIENTED_EDGE('',*,*,#5705,.T.);
#7588=ORIENTED_EDGE('',*,*,#5726,.T.);
#7589=ORIENTED_EDGE('',*,*,#5727,.F.);
#7590=ORIENTED_EDGE('',*,*,#5728,.F.);
#7591=ORIENTED_EDGE('',*,*,#5706,.T.);
#7592=ORIENTED_EDGE('',*,*,#5728,.T.);
#7593=ORIENTED_EDGE('',*,*,#5729,.F.);
#7594=ORIENTED_EDGE('',*,*,#5730,.F.);
#7595=ORIENTED_EDGE('',*,*,#5715,.T.);
#7596=ORIENTED_EDGE('',*,*,#5707,.T.);
#7597=ORIENTED_EDGE('',*,*,#5730,.T.);
#7598=ORIENTED_EDGE('',*,*,#5731,.F.);
#7599=ORIENTED_EDGE('',*,*,#5641,.T.);
#7600=ORIENTED_EDGE('',*,*,#5732,.F.);
#7601=ORIENTED_EDGE('',*,*,#5636,.T.);
#7602=ORIENTED_EDGE('',*,*,#5694,.T.);
#7603=ORIENTED_EDGE('',*,*,#5700,.T.);
#7604=ORIENTED_EDGE('',*,*,#5733,.F.);
#7605=ORIENTED_EDGE('',*,*,#5734,.F.);
#7606=ORIENTED_EDGE('',*,*,#5735,.F.);
#7607=ORIENTED_EDGE('',*,*,#5701,.T.);
#7608=ORIENTED_EDGE('',*,*,#5735,.T.);
#7609=ORIENTED_EDGE('',*,*,#5736,.F.);
#7610=ORIENTED_EDGE('',*,*,#5737,.F.);
#7611=ORIENTED_EDGE('',*,*,#5702,.T.);
#7612=ORIENTED_EDGE('',*,*,#5737,.T.);
#7613=ORIENTED_EDGE('',*,*,#5738,.F.);
#7614=ORIENTED_EDGE('',*,*,#5739,.F.);
#7615=ORIENTED_EDGE('',*,*,#5724,.T.);
#7616=ORIENTED_EDGE('',*,*,#5703,.T.);
#7617=ORIENTED_EDGE('',*,*,#5739,.T.);
#7618=ORIENTED_EDGE('',*,*,#5740,.F.);
#7619=ORIENTED_EDGE('',*,*,#5631,.T.);
#7620=ORIENTED_EDGE('',*,*,#5741,.F.);
#7621=ORIENTED_EDGE('',*,*,#5626,.T.);
#7622=ORIENTED_EDGE('',*,*,#5695,.T.);
#7623=ORIENTED_EDGE('',*,*,#5697,.T.);
#7624=ORIENTED_EDGE('',*,*,#5617,.T.);
#7625=ORIENTED_EDGE('',*,*,#5742,.F.);
#7626=ORIENTED_EDGE('',*,*,#5743,.F.);
#7627=ORIENTED_EDGE('',*,*,#5698,.T.);
#7628=ORIENTED_EDGE('',*,*,#5743,.T.);
#7629=ORIENTED_EDGE('',*,*,#5744,.F.);
#7630=ORIENTED_EDGE('',*,*,#5745,.F.);
#7631=ORIENTED_EDGE('',*,*,#5733,.T.);
#7632=ORIENTED_EDGE('',*,*,#5699,.T.);
#7633=ORIENTED_EDGE('',*,*,#5745,.T.);
#7634=ORIENTED_EDGE('',*,*,#5746,.F.);
#7635=ORIENTED_EDGE('',*,*,#5615,.T.);
#7636=ORIENTED_EDGE('',*,*,#5696,.T.);
#7637=ORIENTED_EDGE('',*,*,#5621,.T.);
#7638=ORIENTED_EDGE('',*,*,#5747,.F.);
#7639=ORIENTED_EDGE('',*,*,#5690,.T.);
#7640=ORIENTED_EDGE('',*,*,#5748,.F.);
#7641=ORIENTED_EDGE('',*,*,#5749,.F.);
#7642=ORIENTED_EDGE('',*,*,#5673,.F.);
#7643=ORIENTED_EDGE('',*,*,#5666,.T.);
#7644=ORIENTED_EDGE('',*,*,#5691,.T.);
#7645=ORIENTED_EDGE('',*,*,#5671,.T.);
#7646=ORIENTED_EDGE('',*,*,#5750,.F.);
#7647=ORIENTED_EDGE('',*,*,#5686,.T.);
#7648=ORIENTED_EDGE('',*,*,#5713,.T.);
#7649=ORIENTED_EDGE('',*,*,#5751,.F.);
#7650=ORIENTED_EDGE('',*,*,#5752,.F.);
#7651=ORIENTED_EDGE('',*,*,#5748,.T.);
#7652=ORIENTED_EDGE('',*,*,#5689,.T.);
#7653=ORIENTED_EDGE('',*,*,#5753,.T.);
#7654=ORIENTED_EDGE('',*,*,#5754,.F.);
#7655=ORIENTED_EDGE('',*,*,#5688,.T.);
#7656=ORIENTED_EDGE('',*,*,#5755,.T.);
#7657=ORIENTED_EDGE('',*,*,#5756,.F.);
#7658=ORIENTED_EDGE('',*,*,#5753,.F.);
#7659=ORIENTED_EDGE('',*,*,#5687,.T.);
#7660=ORIENTED_EDGE('',*,*,#5752,.T.);
#7661=ORIENTED_EDGE('',*,*,#5757,.F.);
#7662=ORIENTED_EDGE('',*,*,#5755,.F.);
#7663=ORIENTED_EDGE('',*,*,#5722,.T.);
#7664=ORIENTED_EDGE('',*,*,#5720,.T.);
#7665=ORIENTED_EDGE('',*,*,#5718,.T.);
#7666=ORIENTED_EDGE('',*,*,#5716,.T.);
#7667=ORIENTED_EDGE('',*,*,#5731,.T.);
#7668=ORIENTED_EDGE('',*,*,#5729,.T.);
#7669=ORIENTED_EDGE('',*,*,#5727,.T.);
#7670=ORIENTED_EDGE('',*,*,#5725,.T.);
#7671=ORIENTED_EDGE('',*,*,#5740,.T.);
#7672=ORIENTED_EDGE('',*,*,#5738,.T.);
#7673=ORIENTED_EDGE('',*,*,#5736,.T.);
#7674=ORIENTED_EDGE('',*,*,#5734,.T.);
#7675=ORIENTED_EDGE('',*,*,#5746,.T.);
#7676=ORIENTED_EDGE('',*,*,#5744,.T.);
#7677=ORIENTED_EDGE('',*,*,#5742,.T.);
#7678=ORIENTED_EDGE('',*,*,#5616,.T.);
#7679=ORIENTED_EDGE('',*,*,#5747,.T.);
#7680=ORIENTED_EDGE('',*,*,#5620,.T.);
#7681=ORIENTED_EDGE('',*,*,#5624,.T.);
#7682=ORIENTED_EDGE('',*,*,#5627,.T.);
#7683=ORIENTED_EDGE('',*,*,#5741,.T.);
#7684=ORIENTED_EDGE('',*,*,#5630,.T.);
#7685=ORIENTED_EDGE('',*,*,#5634,.T.);
#7686=ORIENTED_EDGE('',*,*,#5637,.T.);
#7687=ORIENTED_EDGE('',*,*,#5732,.T.);
#7688=ORIENTED_EDGE('',*,*,#5640,.T.);
#7689=ORIENTED_EDGE('',*,*,#5644,.T.);
#7690=ORIENTED_EDGE('',*,*,#5647,.T.);
#7691=ORIENTED_EDGE('',*,*,#5723,.T.);
#7692=ORIENTED_EDGE('',*,*,#5650,.T.);
#7693=ORIENTED_EDGE('',*,*,#5654,.T.);
#7694=ORIENTED_EDGE('',*,*,#5657,.T.);
#7695=ORIENTED_EDGE('',*,*,#5714,.T.);
#7696=ORIENTED_EDGE('',*,*,#5660,.T.);
#7697=ORIENTED_EDGE('',*,*,#5664,.T.);
#7698=ORIENTED_EDGE('',*,*,#5667,.T.);
#7699=ORIENTED_EDGE('',*,*,#5750,.T.);
#7700=ORIENTED_EDGE('',*,*,#5670,.T.);
#7701=ORIENTED_EDGE('',*,*,#5674,.T.);
#7702=ORIENTED_EDGE('',*,*,#5749,.T.);
#7703=ORIENTED_EDGE('',*,*,#5754,.T.);
#7704=ORIENTED_EDGE('',*,*,#5756,.T.);
#7705=ORIENTED_EDGE('',*,*,#5757,.T.);
#7706=ORIENTED_EDGE('',*,*,#5751,.T.);
#7707=ORIENTED_EDGE('',*,*,#5712,.T.);
#7708=ORIENTED_EDGE('',*,*,#5683,.T.);
#7709=ORIENTED_EDGE('',*,*,#5680,.T.);
#7710=ORIENTED_EDGE('',*,*,#5677,.T.);
#7711=ORIENTED_EDGE('',*,*,#5758,.F.);
#7712=ORIENTED_EDGE('',*,*,#5759,.T.);
#7713=ORIENTED_EDGE('',*,*,#5760,.F.);
#7714=ORIENTED_EDGE('',*,*,#5759,.F.);
#7715=ORIENTED_EDGE('',*,*,#5761,.F.);
#7716=ORIENTED_EDGE('',*,*,#5762,.F.);
#7717=ORIENTED_EDGE('',*,*,#5763,.F.);
#7718=ORIENTED_EDGE('',*,*,#5764,.F.);
#7719=ORIENTED_EDGE('',*,*,#5758,.T.);
#7720=ORIENTED_EDGE('',*,*,#5763,.T.);
#7721=ORIENTED_EDGE('',*,*,#5765,.T.);
#7722=ORIENTED_EDGE('',*,*,#5766,.F.);
#7723=ORIENTED_EDGE('',*,*,#5767,.F.);
#7724=ORIENTED_EDGE('',*,*,#5762,.T.);
#7725=ORIENTED_EDGE('',*,*,#5768,.T.);
#7726=ORIENTED_EDGE('',*,*,#5769,.F.);
#7727=ORIENTED_EDGE('',*,*,#5765,.F.);
#7728=ORIENTED_EDGE('',*,*,#5770,.F.);
#7729=ORIENTED_EDGE('',*,*,#5771,.T.);
#7730=ORIENTED_EDGE('',*,*,#5772,.F.);
#7731=ORIENTED_EDGE('',*,*,#5773,.F.);
#7732=ORIENTED_EDGE('',*,*,#5774,.F.);
#7733=ORIENTED_EDGE('',*,*,#5775,.T.);
#7734=ORIENTED_EDGE('',*,*,#5776,.F.);
#7735=ORIENTED_EDGE('',*,*,#5771,.F.);
#7736=ORIENTED_EDGE('',*,*,#5777,.F.);
#7737=ORIENTED_EDGE('',*,*,#5773,.T.);
#7738=ORIENTED_EDGE('',*,*,#5778,.F.);
#7739=ORIENTED_EDGE('',*,*,#5779,.F.);
#7740=ORIENTED_EDGE('',*,*,#5761,.T.);
#7741=ORIENTED_EDGE('',*,*,#5780,.T.);
#7742=ORIENTED_EDGE('',*,*,#5781,.F.);
#7743=ORIENTED_EDGE('',*,*,#5768,.F.);
#7744=ORIENTED_EDGE('',*,*,#5782,.F.);
#7745=ORIENTED_EDGE('',*,*,#5779,.T.);
#7746=ORIENTED_EDGE('',*,*,#5783,.F.);
#7747=ORIENTED_EDGE('',*,*,#5775,.F.);
#7748=ORIENTED_EDGE('',*,*,#5764,.T.);
#7749=ORIENTED_EDGE('',*,*,#5767,.T.);
#7750=ORIENTED_EDGE('',*,*,#5784,.F.);
#7751=ORIENTED_EDGE('',*,*,#5780,.F.);
#7752=ORIENTED_EDGE('',*,*,#5778,.T.);
#7753=ORIENTED_EDGE('',*,*,#5772,.T.);
#7754=ORIENTED_EDGE('',*,*,#5776,.T.);
#7755=ORIENTED_EDGE('',*,*,#5783,.T.);
#7756=ORIENTED_EDGE('',*,*,#5760,.T.);
#7757=ORIENTED_EDGE('',*,*,#5785,.F.);
#7758=ORIENTED_EDGE('',*,*,#5786,.F.);
#7759=ORIENTED_EDGE('',*,*,#5787,.F.);
#7760=ORIENTED_EDGE('',*,*,#5788,.F.);
#7761=ORIENTED_EDGE('',*,*,#5789,.F.);
#7762=ORIENTED_EDGE('',*,*,#5790,.F.);
#7763=ORIENTED_EDGE('',*,*,#5791,.F.);
#7764=ORIENTED_EDGE('',*,*,#5792,.F.);
#7765=ORIENTED_EDGE('',*,*,#5793,.F.);
#7766=ORIENTED_EDGE('',*,*,#5794,.F.);
#7767=ORIENTED_EDGE('',*,*,#5795,.F.);
#7768=ORIENTED_EDGE('',*,*,#5796,.F.);
#7769=ORIENTED_EDGE('',*,*,#5797,.F.);
#7770=ORIENTED_EDGE('',*,*,#5798,.F.);
#7771=ORIENTED_EDGE('',*,*,#5799,.F.);
#7772=ORIENTED_EDGE('',*,*,#5800,.F.);
#7773=ORIENTED_EDGE('',*,*,#5801,.F.);
#7774=ORIENTED_EDGE('',*,*,#5802,.F.);
#7775=ORIENTED_EDGE('',*,*,#5803,.F.);
#7776=ORIENTED_EDGE('',*,*,#5804,.F.);
#7777=ORIENTED_EDGE('',*,*,#5805,.F.);
#7778=ORIENTED_EDGE('',*,*,#5806,.F.);
#7779=ORIENTED_EDGE('',*,*,#5807,.F.);
#7780=ORIENTED_EDGE('',*,*,#5808,.F.);
#7781=ORIENTED_EDGE('',*,*,#5809,.F.);
#7782=ORIENTED_EDGE('',*,*,#5810,.F.);
#7783=ORIENTED_EDGE('',*,*,#5811,.F.);
#7784=ORIENTED_EDGE('',*,*,#5812,.F.);
#7785=ORIENTED_EDGE('',*,*,#5813,.F.);
#7786=ORIENTED_EDGE('',*,*,#5814,.F.);
#7787=ORIENTED_EDGE('',*,*,#5815,.F.);
#7788=ORIENTED_EDGE('',*,*,#5816,.F.);
#7789=ORIENTED_EDGE('',*,*,#5817,.F.);
#7790=ORIENTED_EDGE('',*,*,#5818,.F.);
#7791=ORIENTED_EDGE('',*,*,#5819,.F.);
#7792=ORIENTED_EDGE('',*,*,#5820,.F.);
#7793=ORIENTED_EDGE('',*,*,#5821,.F.);
#7794=ORIENTED_EDGE('',*,*,#5822,.F.);
#7795=ORIENTED_EDGE('',*,*,#5823,.F.);
#7796=ORIENTED_EDGE('',*,*,#5824,.F.);
#7797=ORIENTED_EDGE('',*,*,#5825,.F.);
#7798=ORIENTED_EDGE('',*,*,#5826,.F.);
#7799=ORIENTED_EDGE('',*,*,#5827,.F.);
#7800=ORIENTED_EDGE('',*,*,#5828,.F.);
#7801=ORIENTED_EDGE('',*,*,#5829,.F.);
#7802=ORIENTED_EDGE('',*,*,#5830,.F.);
#7803=ORIENTED_EDGE('',*,*,#5831,.F.);
#7804=ORIENTED_EDGE('',*,*,#5832,.F.);
#7805=ORIENTED_EDGE('',*,*,#5833,.F.);
#7806=ORIENTED_EDGE('',*,*,#5834,.F.);
#7807=ORIENTED_EDGE('',*,*,#5835,.F.);
#7808=ORIENTED_EDGE('',*,*,#5836,.F.);
#7809=ORIENTED_EDGE('',*,*,#5837,.F.);
#7810=ORIENTED_EDGE('',*,*,#5838,.F.);
#7811=ORIENTED_EDGE('',*,*,#5839,.F.);
#7812=ORIENTED_EDGE('',*,*,#5840,.F.);
#7813=ORIENTED_EDGE('',*,*,#5841,.F.);
#7814=ORIENTED_EDGE('',*,*,#5842,.F.);
#7815=ORIENTED_EDGE('',*,*,#5843,.F.);
#7816=ORIENTED_EDGE('',*,*,#5844,.F.);
#7817=ORIENTED_EDGE('',*,*,#5845,.F.);
#7818=ORIENTED_EDGE('',*,*,#5846,.F.);
#7819=ORIENTED_EDGE('',*,*,#5847,.F.);
#7820=ORIENTED_EDGE('',*,*,#5848,.F.);
#7821=ORIENTED_EDGE('',*,*,#5849,.F.);
#7822=ORIENTED_EDGE('',*,*,#5850,.F.);
#7823=ORIENTED_EDGE('',*,*,#5851,.F.);
#7824=ORIENTED_EDGE('',*,*,#5852,.F.);
#7825=ORIENTED_EDGE('',*,*,#5853,.F.);
#7826=ORIENTED_EDGE('',*,*,#5854,.F.);
#7827=ORIENTED_EDGE('',*,*,#5855,.F.);
#7828=ORIENTED_EDGE('',*,*,#5856,.F.);
#7829=ORIENTED_EDGE('',*,*,#5857,.F.);
#7830=ORIENTED_EDGE('',*,*,#5858,.F.);
#7831=ORIENTED_EDGE('',*,*,#5859,.F.);
#7832=ORIENTED_EDGE('',*,*,#5860,.F.);
#7833=ORIENTED_EDGE('',*,*,#5861,.F.);
#7834=ORIENTED_EDGE('',*,*,#5862,.F.);
#7835=ORIENTED_EDGE('',*,*,#5863,.F.);
#7836=ORIENTED_EDGE('',*,*,#5864,.F.);
#7837=ORIENTED_EDGE('',*,*,#5865,.F.);
#7838=ORIENTED_EDGE('',*,*,#5866,.F.);
#7839=ORIENTED_EDGE('',*,*,#5867,.F.);
#7840=ORIENTED_EDGE('',*,*,#5868,.F.);
#7841=ORIENTED_EDGE('',*,*,#5869,.F.);
#7842=ORIENTED_EDGE('',*,*,#5870,.F.);
#7843=ORIENTED_EDGE('',*,*,#5871,.F.);
#7844=ORIENTED_EDGE('',*,*,#5872,.F.);
#7845=ORIENTED_EDGE('',*,*,#5873,.F.);
#7846=ORIENTED_EDGE('',*,*,#5874,.F.);
#7847=ORIENTED_EDGE('',*,*,#5875,.F.);
#7848=ORIENTED_EDGE('',*,*,#5876,.F.);
#7849=ORIENTED_EDGE('',*,*,#5877,.F.);
#7850=ORIENTED_EDGE('',*,*,#5878,.F.);
#7851=ORIENTED_EDGE('',*,*,#5879,.F.);
#7852=ORIENTED_EDGE('',*,*,#5880,.F.);
#7853=ORIENTED_EDGE('',*,*,#5881,.F.);
#7854=ORIENTED_EDGE('',*,*,#5882,.F.);
#7855=ORIENTED_EDGE('',*,*,#5883,.F.);
#7856=ORIENTED_EDGE('',*,*,#5884,.F.);
#7857=ORIENTED_EDGE('',*,*,#5885,.F.);
#7858=ORIENTED_EDGE('',*,*,#5886,.F.);
#7859=ORIENTED_EDGE('',*,*,#5887,.F.);
#7860=ORIENTED_EDGE('',*,*,#5888,.F.);
#7861=ORIENTED_EDGE('',*,*,#5889,.F.);
#7862=ORIENTED_EDGE('',*,*,#5890,.F.);
#7863=ORIENTED_EDGE('',*,*,#5891,.F.);
#7864=ORIENTED_EDGE('',*,*,#5892,.F.);
#7865=ORIENTED_EDGE('',*,*,#5893,.F.);
#7866=ORIENTED_EDGE('',*,*,#5894,.F.);
#7867=ORIENTED_EDGE('',*,*,#5895,.F.);
#7868=ORIENTED_EDGE('',*,*,#5896,.F.);
#7869=ORIENTED_EDGE('',*,*,#5897,.F.);
#7870=ORIENTED_EDGE('',*,*,#5898,.F.);
#7871=ORIENTED_EDGE('',*,*,#5899,.F.);
#7872=ORIENTED_EDGE('',*,*,#5900,.F.);
#7873=ORIENTED_EDGE('',*,*,#5901,.F.);
#7874=ORIENTED_EDGE('',*,*,#5902,.F.);
#7875=ORIENTED_EDGE('',*,*,#5903,.F.);
#7876=ORIENTED_EDGE('',*,*,#5904,.F.);
#7877=ORIENTED_EDGE('',*,*,#5905,.F.);
#7878=ORIENTED_EDGE('',*,*,#5906,.F.);
#7879=ORIENTED_EDGE('',*,*,#5907,.F.);
#7880=ORIENTED_EDGE('',*,*,#5908,.F.);
#7881=ORIENTED_EDGE('',*,*,#5909,.F.);
#7882=ORIENTED_EDGE('',*,*,#5910,.F.);
#7883=ORIENTED_EDGE('',*,*,#5911,.F.);
#7884=ORIENTED_EDGE('',*,*,#5912,.F.);
#7885=ORIENTED_EDGE('',*,*,#5913,.F.);
#7886=ORIENTED_EDGE('',*,*,#5914,.F.);
#7887=ORIENTED_EDGE('',*,*,#5915,.F.);
#7888=ORIENTED_EDGE('',*,*,#5916,.F.);
#7889=ORIENTED_EDGE('',*,*,#5917,.F.);
#7890=ORIENTED_EDGE('',*,*,#5918,.F.);
#7891=ORIENTED_EDGE('',*,*,#5919,.F.);
#7892=ORIENTED_EDGE('',*,*,#5920,.F.);
#7893=ORIENTED_EDGE('',*,*,#5921,.F.);
#7894=ORIENTED_EDGE('',*,*,#5922,.F.);
#7895=ORIENTED_EDGE('',*,*,#5923,.F.);
#7896=ORIENTED_EDGE('',*,*,#5924,.F.);
#7897=ORIENTED_EDGE('',*,*,#5925,.F.);
#7898=ORIENTED_EDGE('',*,*,#5926,.F.);
#7899=ORIENTED_EDGE('',*,*,#5927,.F.);
#7900=ORIENTED_EDGE('',*,*,#5928,.F.);
#7901=ORIENTED_EDGE('',*,*,#5929,.F.);
#7902=ORIENTED_EDGE('',*,*,#5930,.F.);
#7903=ORIENTED_EDGE('',*,*,#5931,.F.);
#7904=ORIENTED_EDGE('',*,*,#5932,.F.);
#7905=ORIENTED_EDGE('',*,*,#5933,.F.);
#7906=ORIENTED_EDGE('',*,*,#5934,.F.);
#7907=ORIENTED_EDGE('',*,*,#5935,.F.);
#7908=ORIENTED_EDGE('',*,*,#5936,.F.);
#7909=ORIENTED_EDGE('',*,*,#5937,.F.);
#7910=ORIENTED_EDGE('',*,*,#5938,.F.);
#7911=ORIENTED_EDGE('',*,*,#5939,.F.);
#7912=ORIENTED_EDGE('',*,*,#5940,.F.);
#7913=ORIENTED_EDGE('',*,*,#5941,.F.);
#7914=ORIENTED_EDGE('',*,*,#5942,.F.);
#7915=ORIENTED_EDGE('',*,*,#5943,.F.);
#7916=ORIENTED_EDGE('',*,*,#5944,.F.);
#7917=ORIENTED_EDGE('',*,*,#5945,.F.);
#7918=ORIENTED_EDGE('',*,*,#5946,.F.);
#7919=ORIENTED_EDGE('',*,*,#5947,.F.);
#7920=ORIENTED_EDGE('',*,*,#5948,.F.);
#7921=ORIENTED_EDGE('',*,*,#5949,.F.);
#7922=ORIENTED_EDGE('',*,*,#5950,.F.);
#7923=ORIENTED_EDGE('',*,*,#5951,.F.);
#7924=ORIENTED_EDGE('',*,*,#5952,.F.);
#7925=ORIENTED_EDGE('',*,*,#5953,.F.);
#7926=ORIENTED_EDGE('',*,*,#5954,.F.);
#7927=ORIENTED_EDGE('',*,*,#5955,.F.);
#7928=ORIENTED_EDGE('',*,*,#5956,.F.);
#7929=ORIENTED_EDGE('',*,*,#5957,.F.);
#7930=ORIENTED_EDGE('',*,*,#5958,.F.);
#7931=ORIENTED_EDGE('',*,*,#5959,.F.);
#7932=ORIENTED_EDGE('',*,*,#5960,.F.);
#7933=ORIENTED_EDGE('',*,*,#5961,.F.);
#7934=ORIENTED_EDGE('',*,*,#5962,.F.);
#7935=ORIENTED_EDGE('',*,*,#5963,.F.);
#7936=ORIENTED_EDGE('',*,*,#5964,.F.);
#7937=ORIENTED_EDGE('',*,*,#5965,.F.);
#7938=ORIENTED_EDGE('',*,*,#5966,.F.);
#7939=ORIENTED_EDGE('',*,*,#5967,.F.);
#7940=ORIENTED_EDGE('',*,*,#5968,.F.);
#7941=ORIENTED_EDGE('',*,*,#5969,.F.);
#7942=ORIENTED_EDGE('',*,*,#5970,.F.);
#7943=ORIENTED_EDGE('',*,*,#5971,.F.);
#7944=ORIENTED_EDGE('',*,*,#5972,.F.);
#7945=ORIENTED_EDGE('',*,*,#5973,.F.);
#7946=ORIENTED_EDGE('',*,*,#5974,.F.);
#7947=ORIENTED_EDGE('',*,*,#5975,.F.);
#7948=ORIENTED_EDGE('',*,*,#5976,.F.);
#7949=ORIENTED_EDGE('',*,*,#5977,.F.);
#7950=ORIENTED_EDGE('',*,*,#5978,.F.);
#7951=ORIENTED_EDGE('',*,*,#5979,.F.);
#7952=ORIENTED_EDGE('',*,*,#5980,.F.);
#7953=ORIENTED_EDGE('',*,*,#5981,.F.);
#7954=ORIENTED_EDGE('',*,*,#5982,.F.);
#7955=ORIENTED_EDGE('',*,*,#5983,.F.);
#7956=ORIENTED_EDGE('',*,*,#5984,.F.);
#7957=ORIENTED_EDGE('',*,*,#5985,.F.);
#7958=ORIENTED_EDGE('',*,*,#5986,.F.);
#7959=ORIENTED_EDGE('',*,*,#5987,.F.);
#7960=ORIENTED_EDGE('',*,*,#5988,.F.);
#7961=ORIENTED_EDGE('',*,*,#5989,.F.);
#7962=ORIENTED_EDGE('',*,*,#5990,.F.);
#7963=ORIENTED_EDGE('',*,*,#5991,.F.);
#7964=ORIENTED_EDGE('',*,*,#5992,.F.);
#7965=ORIENTED_EDGE('',*,*,#5993,.F.);
#7966=ORIENTED_EDGE('',*,*,#5994,.F.);
#7967=ORIENTED_EDGE('',*,*,#5995,.F.);
#7968=ORIENTED_EDGE('',*,*,#5996,.F.);
#7969=ORIENTED_EDGE('',*,*,#5997,.F.);
#7970=ORIENTED_EDGE('',*,*,#5998,.F.);
#7971=ORIENTED_EDGE('',*,*,#5999,.F.);
#7972=ORIENTED_EDGE('',*,*,#6000,.F.);
#7973=ORIENTED_EDGE('',*,*,#6001,.F.);
#7974=ORIENTED_EDGE('',*,*,#6002,.F.);
#7975=ORIENTED_EDGE('',*,*,#6003,.F.);
#7976=ORIENTED_EDGE('',*,*,#6004,.F.);
#7977=ORIENTED_EDGE('',*,*,#6005,.F.);
#7978=ORIENTED_EDGE('',*,*,#6006,.F.);
#7979=ORIENTED_EDGE('',*,*,#6007,.F.);
#7980=ORIENTED_EDGE('',*,*,#6008,.F.);
#7981=ORIENTED_EDGE('',*,*,#6009,.F.);
#7982=ORIENTED_EDGE('',*,*,#6010,.F.);
#7983=ORIENTED_EDGE('',*,*,#6011,.F.);
#7984=ORIENTED_EDGE('',*,*,#6012,.F.);
#7985=ORIENTED_EDGE('',*,*,#6013,.F.);
#7986=ORIENTED_EDGE('',*,*,#6014,.F.);
#7987=ORIENTED_EDGE('',*,*,#6015,.F.);
#7988=ORIENTED_EDGE('',*,*,#6016,.F.);
#7989=ORIENTED_EDGE('',*,*,#6017,.F.);
#7990=ORIENTED_EDGE('',*,*,#6018,.F.);
#7991=ORIENTED_EDGE('',*,*,#6019,.F.);
#7992=ORIENTED_EDGE('',*,*,#6020,.F.);
#7993=ORIENTED_EDGE('',*,*,#6021,.F.);
#7994=ORIENTED_EDGE('',*,*,#6022,.F.);
#7995=ORIENTED_EDGE('',*,*,#6023,.F.);
#7996=ORIENTED_EDGE('',*,*,#6024,.F.);
#7997=ORIENTED_EDGE('',*,*,#6025,.F.);
#7998=ORIENTED_EDGE('',*,*,#6026,.F.);
#7999=ORIENTED_EDGE('',*,*,#6027,.F.);
#8000=ORIENTED_EDGE('',*,*,#6028,.F.);
#8001=ORIENTED_EDGE('',*,*,#6029,.F.);
#8002=ORIENTED_EDGE('',*,*,#6030,.F.);
#8003=ORIENTED_EDGE('',*,*,#6031,.F.);
#8004=ORIENTED_EDGE('',*,*,#6032,.F.);
#8005=ORIENTED_EDGE('',*,*,#6033,.F.);
#8006=ORIENTED_EDGE('',*,*,#6034,.F.);
#8007=ORIENTED_EDGE('',*,*,#6035,.F.);
#8008=ORIENTED_EDGE('',*,*,#6036,.F.);
#8009=ORIENTED_EDGE('',*,*,#6037,.F.);
#8010=ORIENTED_EDGE('',*,*,#6038,.F.);
#8011=ORIENTED_EDGE('',*,*,#6039,.F.);
#8012=ORIENTED_EDGE('',*,*,#6040,.F.);
#8013=ORIENTED_EDGE('',*,*,#6041,.F.);
#8014=ORIENTED_EDGE('',*,*,#6042,.F.);
#8015=ORIENTED_EDGE('',*,*,#6043,.F.);
#8016=ORIENTED_EDGE('',*,*,#6044,.F.);
#8017=ORIENTED_EDGE('',*,*,#6045,.F.);
#8018=ORIENTED_EDGE('',*,*,#6046,.F.);
#8019=ORIENTED_EDGE('',*,*,#6047,.F.);
#8020=ORIENTED_EDGE('',*,*,#6048,.F.);
#8021=ORIENTED_EDGE('',*,*,#6049,.F.);
#8022=ORIENTED_EDGE('',*,*,#6050,.F.);
#8023=ORIENTED_EDGE('',*,*,#6051,.F.);
#8024=ORIENTED_EDGE('',*,*,#6052,.F.);
#8025=ORIENTED_EDGE('',*,*,#6053,.F.);
#8026=ORIENTED_EDGE('',*,*,#6054,.F.);
#8027=ORIENTED_EDGE('',*,*,#6055,.F.);
#8028=ORIENTED_EDGE('',*,*,#6056,.F.);
#8029=ORIENTED_EDGE('',*,*,#6057,.F.);
#8030=ORIENTED_EDGE('',*,*,#6058,.F.);
#8031=ORIENTED_EDGE('',*,*,#6059,.F.);
#8032=ORIENTED_EDGE('',*,*,#6060,.F.);
#8033=ORIENTED_EDGE('',*,*,#6061,.F.);
#8034=ORIENTED_EDGE('',*,*,#6062,.F.);
#8035=ORIENTED_EDGE('',*,*,#6063,.F.);
#8036=ORIENTED_EDGE('',*,*,#6064,.F.);
#8037=ORIENTED_EDGE('',*,*,#6065,.F.);
#8038=ORIENTED_EDGE('',*,*,#6066,.F.);
#8039=ORIENTED_EDGE('',*,*,#6067,.F.);
#8040=ORIENTED_EDGE('',*,*,#6068,.F.);
#8041=ORIENTED_EDGE('',*,*,#6069,.F.);
#8042=ORIENTED_EDGE('',*,*,#6070,.F.);
#8043=ORIENTED_EDGE('',*,*,#6071,.F.);
#8044=ORIENTED_EDGE('',*,*,#6072,.F.);
#8045=ORIENTED_EDGE('',*,*,#6073,.F.);
#8046=ORIENTED_EDGE('',*,*,#6074,.F.);
#8047=ORIENTED_EDGE('',*,*,#5769,.T.);
#8048=ORIENTED_EDGE('',*,*,#5781,.T.);
#8049=ORIENTED_EDGE('',*,*,#5784,.T.);
#8050=ORIENTED_EDGE('',*,*,#5766,.T.);
#8051=ORIENTED_EDGE('',*,*,#5930,.T.);
#8052=ORIENTED_EDGE('',*,*,#6075,.T.);
#8053=ORIENTED_EDGE('',*,*,#6076,.F.);
#8054=ORIENTED_EDGE('',*,*,#6077,.F.);
#8055=ORIENTED_EDGE('',*,*,#5929,.T.);
#8056=ORIENTED_EDGE('',*,*,#6078,.T.);
#8057=ORIENTED_EDGE('',*,*,#6079,.F.);
#8058=ORIENTED_EDGE('',*,*,#6075,.F.);
#8059=ORIENTED_EDGE('',*,*,#5928,.T.);
#8060=ORIENTED_EDGE('',*,*,#6080,.T.);
#8061=ORIENTED_EDGE('',*,*,#6081,.F.);
#8062=ORIENTED_EDGE('',*,*,#6078,.F.);
#8063=ORIENTED_EDGE('',*,*,#5927,.T.);
#8064=ORIENTED_EDGE('',*,*,#6082,.T.);
#8065=ORIENTED_EDGE('',*,*,#6083,.F.);
#8066=ORIENTED_EDGE('',*,*,#6080,.F.);
#8067=ORIENTED_EDGE('',*,*,#5926,.T.);
#8068=ORIENTED_EDGE('',*,*,#6084,.T.);
#8069=ORIENTED_EDGE('',*,*,#6085,.F.);
#8070=ORIENTED_EDGE('',*,*,#6082,.F.);
#8071=ORIENTED_EDGE('',*,*,#5925,.T.);
#8072=ORIENTED_EDGE('',*,*,#6086,.T.);
#8073=ORIENTED_EDGE('',*,*,#6087,.F.);
#8074=ORIENTED_EDGE('',*,*,#6084,.F.);
#8075=ORIENTED_EDGE('',*,*,#5924,.T.);
#8076=ORIENTED_EDGE('',*,*,#6088,.T.);
#8077=ORIENTED_EDGE('',*,*,#6089,.F.);
#8078=ORIENTED_EDGE('',*,*,#6086,.F.);
#8079=ORIENTED_EDGE('',*,*,#5923,.T.);
#8080=ORIENTED_EDGE('',*,*,#6090,.T.);
#8081=ORIENTED_EDGE('',*,*,#6091,.F.);
#8082=ORIENTED_EDGE('',*,*,#6088,.F.);
#8083=ORIENTED_EDGE('',*,*,#5922,.T.);
#8084=ORIENTED_EDGE('',*,*,#6092,.T.);
#8085=ORIENTED_EDGE('',*,*,#6093,.F.);
#8086=ORIENTED_EDGE('',*,*,#6090,.F.);
#8087=ORIENTED_EDGE('',*,*,#5921,.T.);
#8088=ORIENTED_EDGE('',*,*,#6094,.T.);
#8089=ORIENTED_EDGE('',*,*,#6095,.F.);
#8090=ORIENTED_EDGE('',*,*,#6092,.F.);
#8091=ORIENTED_EDGE('',*,*,#5920,.T.);
#8092=ORIENTED_EDGE('',*,*,#6096,.T.);
#8093=ORIENTED_EDGE('',*,*,#6097,.F.);
#8094=ORIENTED_EDGE('',*,*,#6094,.F.);
#8095=ORIENTED_EDGE('',*,*,#5919,.T.);
#8096=ORIENTED_EDGE('',*,*,#6098,.T.);
#8097=ORIENTED_EDGE('',*,*,#6099,.F.);
#8098=ORIENTED_EDGE('',*,*,#6096,.F.);
#8099=ORIENTED_EDGE('',*,*,#5918,.T.);
#8100=ORIENTED_EDGE('',*,*,#6100,.T.);
#8101=ORIENTED_EDGE('',*,*,#6101,.F.);
#8102=ORIENTED_EDGE('',*,*,#6098,.F.);
#8103=ORIENTED_EDGE('',*,*,#5917,.T.);
#8104=ORIENTED_EDGE('',*,*,#6102,.T.);
#8105=ORIENTED_EDGE('',*,*,#6103,.F.);
#8106=ORIENTED_EDGE('',*,*,#6100,.F.);
#8107=ORIENTED_EDGE('',*,*,#5916,.T.);
#8108=ORIENTED_EDGE('',*,*,#6104,.T.);
#8109=ORIENTED_EDGE('',*,*,#6105,.F.);
#8110=ORIENTED_EDGE('',*,*,#6102,.F.);
#8111=ORIENTED_EDGE('',*,*,#5915,.T.);
#8112=ORIENTED_EDGE('',*,*,#6106,.T.);
#8113=ORIENTED_EDGE('',*,*,#6107,.F.);
#8114=ORIENTED_EDGE('',*,*,#6104,.F.);
#8115=ORIENTED_EDGE('',*,*,#5914,.T.);
#8116=ORIENTED_EDGE('',*,*,#6108,.T.);
#8117=ORIENTED_EDGE('',*,*,#6109,.F.);
#8118=ORIENTED_EDGE('',*,*,#6106,.F.);
#8119=ORIENTED_EDGE('',*,*,#5913,.T.);
#8120=ORIENTED_EDGE('',*,*,#6110,.T.);
#8121=ORIENTED_EDGE('',*,*,#6111,.F.);
#8122=ORIENTED_EDGE('',*,*,#6108,.F.);
#8123=ORIENTED_EDGE('',*,*,#5912,.T.);
#8124=ORIENTED_EDGE('',*,*,#6112,.T.);
#8125=ORIENTED_EDGE('',*,*,#6113,.F.);
#8126=ORIENTED_EDGE('',*,*,#6110,.F.);
#8127=ORIENTED_EDGE('',*,*,#5911,.T.);
#8128=ORIENTED_EDGE('',*,*,#6114,.T.);
#8129=ORIENTED_EDGE('',*,*,#6115,.F.);
#8130=ORIENTED_EDGE('',*,*,#6112,.F.);
#8131=ORIENTED_EDGE('',*,*,#5910,.T.);
#8132=ORIENTED_EDGE('',*,*,#6116,.T.);
#8133=ORIENTED_EDGE('',*,*,#6117,.F.);
#8134=ORIENTED_EDGE('',*,*,#6114,.F.);
#8135=ORIENTED_EDGE('',*,*,#5909,.T.);
#8136=ORIENTED_EDGE('',*,*,#6118,.T.);
#8137=ORIENTED_EDGE('',*,*,#6119,.F.);
#8138=ORIENTED_EDGE('',*,*,#6116,.F.);
#8139=ORIENTED_EDGE('',*,*,#5908,.T.);
#8140=ORIENTED_EDGE('',*,*,#6120,.T.);
#8141=ORIENTED_EDGE('',*,*,#6121,.F.);
#8142=ORIENTED_EDGE('',*,*,#6118,.F.);
#8143=ORIENTED_EDGE('',*,*,#5907,.T.);
#8144=ORIENTED_EDGE('',*,*,#6122,.T.);
#8145=ORIENTED_EDGE('',*,*,#6123,.F.);
#8146=ORIENTED_EDGE('',*,*,#6120,.F.);
#8147=ORIENTED_EDGE('',*,*,#5906,.T.);
#8148=ORIENTED_EDGE('',*,*,#6124,.T.);
#8149=ORIENTED_EDGE('',*,*,#6125,.F.);
#8150=ORIENTED_EDGE('',*,*,#6122,.F.);
#8151=ORIENTED_EDGE('',*,*,#5905,.T.);
#8152=ORIENTED_EDGE('',*,*,#6126,.T.);
#8153=ORIENTED_EDGE('',*,*,#6127,.F.);
#8154=ORIENTED_EDGE('',*,*,#6124,.F.);
#8155=ORIENTED_EDGE('',*,*,#5904,.T.);
#8156=ORIENTED_EDGE('',*,*,#6128,.T.);
#8157=ORIENTED_EDGE('',*,*,#6129,.F.);
#8158=ORIENTED_EDGE('',*,*,#6126,.F.);
#8159=ORIENTED_EDGE('',*,*,#5903,.T.);
#8160=ORIENTED_EDGE('',*,*,#6130,.T.);
#8161=ORIENTED_EDGE('',*,*,#6131,.F.);
#8162=ORIENTED_EDGE('',*,*,#6128,.F.);
#8163=ORIENTED_EDGE('',*,*,#5902,.T.);
#8164=ORIENTED_EDGE('',*,*,#6132,.T.);
#8165=ORIENTED_EDGE('',*,*,#6133,.F.);
#8166=ORIENTED_EDGE('',*,*,#6130,.F.);
#8167=ORIENTED_EDGE('',*,*,#5901,.T.);
#8168=ORIENTED_EDGE('',*,*,#6134,.T.);
#8169=ORIENTED_EDGE('',*,*,#6135,.F.);
#8170=ORIENTED_EDGE('',*,*,#6132,.F.);
#8171=ORIENTED_EDGE('',*,*,#5900,.T.);
#8172=ORIENTED_EDGE('',*,*,#6136,.T.);
#8173=ORIENTED_EDGE('',*,*,#6137,.F.);
#8174=ORIENTED_EDGE('',*,*,#6134,.F.);
#8175=ORIENTED_EDGE('',*,*,#5899,.T.);
#8176=ORIENTED_EDGE('',*,*,#6138,.T.);
#8177=ORIENTED_EDGE('',*,*,#6139,.F.);
#8178=ORIENTED_EDGE('',*,*,#6136,.F.);
#8179=ORIENTED_EDGE('',*,*,#5898,.T.);
#8180=ORIENTED_EDGE('',*,*,#6140,.T.);
#8181=ORIENTED_EDGE('',*,*,#6141,.F.);
#8182=ORIENTED_EDGE('',*,*,#6138,.F.);
#8183=ORIENTED_EDGE('',*,*,#5897,.T.);
#8184=ORIENTED_EDGE('',*,*,#6142,.T.);
#8185=ORIENTED_EDGE('',*,*,#6143,.F.);
#8186=ORIENTED_EDGE('',*,*,#6140,.F.);
#8187=ORIENTED_EDGE('',*,*,#5896,.T.);
#8188=ORIENTED_EDGE('',*,*,#6144,.T.);
#8189=ORIENTED_EDGE('',*,*,#6145,.F.);
#8190=ORIENTED_EDGE('',*,*,#6142,.F.);
#8191=ORIENTED_EDGE('',*,*,#5895,.T.);
#8192=ORIENTED_EDGE('',*,*,#6146,.T.);
#8193=ORIENTED_EDGE('',*,*,#6147,.F.);
#8194=ORIENTED_EDGE('',*,*,#6144,.F.);
#8195=ORIENTED_EDGE('',*,*,#5894,.T.);
#8196=ORIENTED_EDGE('',*,*,#6148,.T.);
#8197=ORIENTED_EDGE('',*,*,#6149,.F.);
#8198=ORIENTED_EDGE('',*,*,#6146,.F.);
#8199=ORIENTED_EDGE('',*,*,#5893,.T.);
#8200=ORIENTED_EDGE('',*,*,#6150,.T.);
#8201=ORIENTED_EDGE('',*,*,#6151,.F.);
#8202=ORIENTED_EDGE('',*,*,#6148,.F.);
#8203=ORIENTED_EDGE('',*,*,#5892,.T.);
#8204=ORIENTED_EDGE('',*,*,#6152,.T.);
#8205=ORIENTED_EDGE('',*,*,#6153,.F.);
#8206=ORIENTED_EDGE('',*,*,#6150,.F.);
#8207=ORIENTED_EDGE('',*,*,#5891,.T.);
#8208=ORIENTED_EDGE('',*,*,#6154,.T.);
#8209=ORIENTED_EDGE('',*,*,#6155,.F.);
#8210=ORIENTED_EDGE('',*,*,#6152,.F.);
#8211=ORIENTED_EDGE('',*,*,#5890,.T.);
#8212=ORIENTED_EDGE('',*,*,#6156,.T.);
#8213=ORIENTED_EDGE('',*,*,#6157,.F.);
#8214=ORIENTED_EDGE('',*,*,#6154,.F.);
#8215=ORIENTED_EDGE('',*,*,#5889,.T.);
#8216=ORIENTED_EDGE('',*,*,#6158,.T.);
#8217=ORIENTED_EDGE('',*,*,#6159,.F.);
#8218=ORIENTED_EDGE('',*,*,#6156,.F.);
#8219=ORIENTED_EDGE('',*,*,#5888,.T.);
#8220=ORIENTED_EDGE('',*,*,#6160,.T.);
#8221=ORIENTED_EDGE('',*,*,#6161,.F.);
#8222=ORIENTED_EDGE('',*,*,#6158,.F.);
#8223=ORIENTED_EDGE('',*,*,#5887,.T.);
#8224=ORIENTED_EDGE('',*,*,#6162,.T.);
#8225=ORIENTED_EDGE('',*,*,#6163,.F.);
#8226=ORIENTED_EDGE('',*,*,#6160,.F.);
#8227=ORIENTED_EDGE('',*,*,#5886,.T.);
#8228=ORIENTED_EDGE('',*,*,#6164,.T.);
#8229=ORIENTED_EDGE('',*,*,#6165,.F.);
#8230=ORIENTED_EDGE('',*,*,#6162,.F.);
#8231=ORIENTED_EDGE('',*,*,#5885,.T.);
#8232=ORIENTED_EDGE('',*,*,#6166,.T.);
#8233=ORIENTED_EDGE('',*,*,#6167,.F.);
#8234=ORIENTED_EDGE('',*,*,#6164,.F.);
#8235=ORIENTED_EDGE('',*,*,#5884,.T.);
#8236=ORIENTED_EDGE('',*,*,#6168,.T.);
#8237=ORIENTED_EDGE('',*,*,#6169,.F.);
#8238=ORIENTED_EDGE('',*,*,#6166,.F.);
#8239=ORIENTED_EDGE('',*,*,#5883,.T.);
#8240=ORIENTED_EDGE('',*,*,#6170,.T.);
#8241=ORIENTED_EDGE('',*,*,#6171,.F.);
#8242=ORIENTED_EDGE('',*,*,#6168,.F.);
#8243=ORIENTED_EDGE('',*,*,#5882,.T.);
#8244=ORIENTED_EDGE('',*,*,#6172,.T.);
#8245=ORIENTED_EDGE('',*,*,#6173,.F.);
#8246=ORIENTED_EDGE('',*,*,#6170,.F.);
#8247=ORIENTED_EDGE('',*,*,#5881,.T.);
#8248=ORIENTED_EDGE('',*,*,#6174,.T.);
#8249=ORIENTED_EDGE('',*,*,#6175,.F.);
#8250=ORIENTED_EDGE('',*,*,#6172,.F.);
#8251=ORIENTED_EDGE('',*,*,#5880,.T.);
#8252=ORIENTED_EDGE('',*,*,#6176,.T.);
#8253=ORIENTED_EDGE('',*,*,#6177,.F.);
#8254=ORIENTED_EDGE('',*,*,#6174,.F.);
#8255=ORIENTED_EDGE('',*,*,#5879,.T.);
#8256=ORIENTED_EDGE('',*,*,#6178,.T.);
#8257=ORIENTED_EDGE('',*,*,#6179,.F.);
#8258=ORIENTED_EDGE('',*,*,#6176,.F.);
#8259=ORIENTED_EDGE('',*,*,#5878,.T.);
#8260=ORIENTED_EDGE('',*,*,#6180,.T.);
#8261=ORIENTED_EDGE('',*,*,#6181,.F.);
#8262=ORIENTED_EDGE('',*,*,#6178,.F.);
#8263=ORIENTED_EDGE('',*,*,#5877,.T.);
#8264=ORIENTED_EDGE('',*,*,#6182,.T.);
#8265=ORIENTED_EDGE('',*,*,#6183,.F.);
#8266=ORIENTED_EDGE('',*,*,#6180,.F.);
#8267=ORIENTED_EDGE('',*,*,#5876,.T.);
#8268=ORIENTED_EDGE('',*,*,#6184,.T.);
#8269=ORIENTED_EDGE('',*,*,#6185,.F.);
#8270=ORIENTED_EDGE('',*,*,#6182,.F.);
#8271=ORIENTED_EDGE('',*,*,#5875,.T.);
#8272=ORIENTED_EDGE('',*,*,#6186,.T.);
#8273=ORIENTED_EDGE('',*,*,#6187,.F.);
#8274=ORIENTED_EDGE('',*,*,#6184,.F.);
#8275=ORIENTED_EDGE('',*,*,#5874,.T.);
#8276=ORIENTED_EDGE('',*,*,#6188,.T.);
#8277=ORIENTED_EDGE('',*,*,#6189,.F.);
#8278=ORIENTED_EDGE('',*,*,#6186,.F.);
#8279=ORIENTED_EDGE('',*,*,#5873,.T.);
#8280=ORIENTED_EDGE('',*,*,#6190,.T.);
#8281=ORIENTED_EDGE('',*,*,#6191,.F.);
#8282=ORIENTED_EDGE('',*,*,#6188,.F.);
#8283=ORIENTED_EDGE('',*,*,#5872,.T.);
#8284=ORIENTED_EDGE('',*,*,#6192,.T.);
#8285=ORIENTED_EDGE('',*,*,#6193,.F.);
#8286=ORIENTED_EDGE('',*,*,#6190,.F.);
#8287=ORIENTED_EDGE('',*,*,#5871,.T.);
#8288=ORIENTED_EDGE('',*,*,#6194,.T.);
#8289=ORIENTED_EDGE('',*,*,#6195,.F.);
#8290=ORIENTED_EDGE('',*,*,#6192,.F.);
#8291=ORIENTED_EDGE('',*,*,#5870,.T.);
#8292=ORIENTED_EDGE('',*,*,#6196,.T.);
#8293=ORIENTED_EDGE('',*,*,#6197,.F.);
#8294=ORIENTED_EDGE('',*,*,#6194,.F.);
#8295=ORIENTED_EDGE('',*,*,#5869,.T.);
#8296=ORIENTED_EDGE('',*,*,#6198,.T.);
#8297=ORIENTED_EDGE('',*,*,#6199,.F.);
#8298=ORIENTED_EDGE('',*,*,#6196,.F.);
#8299=ORIENTED_EDGE('',*,*,#5868,.T.);
#8300=ORIENTED_EDGE('',*,*,#6200,.T.);
#8301=ORIENTED_EDGE('',*,*,#6201,.F.);
#8302=ORIENTED_EDGE('',*,*,#6198,.F.);
#8303=ORIENTED_EDGE('',*,*,#5867,.T.);
#8304=ORIENTED_EDGE('',*,*,#6202,.T.);
#8305=ORIENTED_EDGE('',*,*,#6203,.F.);
#8306=ORIENTED_EDGE('',*,*,#6200,.F.);
#8307=ORIENTED_EDGE('',*,*,#5866,.T.);
#8308=ORIENTED_EDGE('',*,*,#6204,.T.);
#8309=ORIENTED_EDGE('',*,*,#6205,.F.);
#8310=ORIENTED_EDGE('',*,*,#6202,.F.);
#8311=ORIENTED_EDGE('',*,*,#5865,.T.);
#8312=ORIENTED_EDGE('',*,*,#6206,.T.);
#8313=ORIENTED_EDGE('',*,*,#6207,.F.);
#8314=ORIENTED_EDGE('',*,*,#6204,.F.);
#8315=ORIENTED_EDGE('',*,*,#5864,.T.);
#8316=ORIENTED_EDGE('',*,*,#6208,.T.);
#8317=ORIENTED_EDGE('',*,*,#6209,.F.);
#8318=ORIENTED_EDGE('',*,*,#6206,.F.);
#8319=ORIENTED_EDGE('',*,*,#5863,.T.);
#8320=ORIENTED_EDGE('',*,*,#6210,.T.);
#8321=ORIENTED_EDGE('',*,*,#6211,.F.);
#8322=ORIENTED_EDGE('',*,*,#6208,.F.);
#8323=ORIENTED_EDGE('',*,*,#5862,.T.);
#8324=ORIENTED_EDGE('',*,*,#6212,.T.);
#8325=ORIENTED_EDGE('',*,*,#6213,.F.);
#8326=ORIENTED_EDGE('',*,*,#6210,.F.);
#8327=ORIENTED_EDGE('',*,*,#5861,.T.);
#8328=ORIENTED_EDGE('',*,*,#6214,.T.);
#8329=ORIENTED_EDGE('',*,*,#6215,.F.);
#8330=ORIENTED_EDGE('',*,*,#6212,.F.);
#8331=ORIENTED_EDGE('',*,*,#5860,.T.);
#8332=ORIENTED_EDGE('',*,*,#6216,.T.);
#8333=ORIENTED_EDGE('',*,*,#6217,.F.);
#8334=ORIENTED_EDGE('',*,*,#6214,.F.);
#8335=ORIENTED_EDGE('',*,*,#5859,.T.);
#8336=ORIENTED_EDGE('',*,*,#6218,.T.);
#8337=ORIENTED_EDGE('',*,*,#6219,.F.);
#8338=ORIENTED_EDGE('',*,*,#6216,.F.);
#8339=ORIENTED_EDGE('',*,*,#5858,.T.);
#8340=ORIENTED_EDGE('',*,*,#6220,.T.);
#8341=ORIENTED_EDGE('',*,*,#6221,.F.);
#8342=ORIENTED_EDGE('',*,*,#6218,.F.);
#8343=ORIENTED_EDGE('',*,*,#5857,.T.);
#8344=ORIENTED_EDGE('',*,*,#6222,.T.);
#8345=ORIENTED_EDGE('',*,*,#6223,.F.);
#8346=ORIENTED_EDGE('',*,*,#6220,.F.);
#8347=ORIENTED_EDGE('',*,*,#5856,.T.);
#8348=ORIENTED_EDGE('',*,*,#6224,.T.);
#8349=ORIENTED_EDGE('',*,*,#6225,.F.);
#8350=ORIENTED_EDGE('',*,*,#6222,.F.);
#8351=ORIENTED_EDGE('',*,*,#5855,.T.);
#8352=ORIENTED_EDGE('',*,*,#6226,.T.);
#8353=ORIENTED_EDGE('',*,*,#6227,.F.);
#8354=ORIENTED_EDGE('',*,*,#6224,.F.);
#8355=ORIENTED_EDGE('',*,*,#5854,.T.);
#8356=ORIENTED_EDGE('',*,*,#6228,.T.);
#8357=ORIENTED_EDGE('',*,*,#6229,.F.);
#8358=ORIENTED_EDGE('',*,*,#6226,.F.);
#8359=ORIENTED_EDGE('',*,*,#5853,.T.);
#8360=ORIENTED_EDGE('',*,*,#6230,.T.);
#8361=ORIENTED_EDGE('',*,*,#6231,.F.);
#8362=ORIENTED_EDGE('',*,*,#6228,.F.);
#8363=ORIENTED_EDGE('',*,*,#5852,.T.);
#8364=ORIENTED_EDGE('',*,*,#6232,.T.);
#8365=ORIENTED_EDGE('',*,*,#6233,.F.);
#8366=ORIENTED_EDGE('',*,*,#6230,.F.);
#8367=ORIENTED_EDGE('',*,*,#5851,.T.);
#8368=ORIENTED_EDGE('',*,*,#6234,.T.);
#8369=ORIENTED_EDGE('',*,*,#6235,.F.);
#8370=ORIENTED_EDGE('',*,*,#6232,.F.);
#8371=ORIENTED_EDGE('',*,*,#5850,.T.);
#8372=ORIENTED_EDGE('',*,*,#6236,.T.);
#8373=ORIENTED_EDGE('',*,*,#6237,.F.);
#8374=ORIENTED_EDGE('',*,*,#6234,.F.);
#8375=ORIENTED_EDGE('',*,*,#5849,.T.);
#8376=ORIENTED_EDGE('',*,*,#6238,.T.);
#8377=ORIENTED_EDGE('',*,*,#6239,.F.);
#8378=ORIENTED_EDGE('',*,*,#6236,.F.);
#8379=ORIENTED_EDGE('',*,*,#5848,.T.);
#8380=ORIENTED_EDGE('',*,*,#6240,.T.);
#8381=ORIENTED_EDGE('',*,*,#6241,.F.);
#8382=ORIENTED_EDGE('',*,*,#6238,.F.);
#8383=ORIENTED_EDGE('',*,*,#5847,.T.);
#8384=ORIENTED_EDGE('',*,*,#6242,.T.);
#8385=ORIENTED_EDGE('',*,*,#6243,.F.);
#8386=ORIENTED_EDGE('',*,*,#6240,.F.);
#8387=ORIENTED_EDGE('',*,*,#5846,.T.);
#8388=ORIENTED_EDGE('',*,*,#6244,.T.);
#8389=ORIENTED_EDGE('',*,*,#6245,.F.);
#8390=ORIENTED_EDGE('',*,*,#6242,.F.);
#8391=ORIENTED_EDGE('',*,*,#5845,.T.);
#8392=ORIENTED_EDGE('',*,*,#6246,.T.);
#8393=ORIENTED_EDGE('',*,*,#6247,.F.);
#8394=ORIENTED_EDGE('',*,*,#6244,.F.);
#8395=ORIENTED_EDGE('',*,*,#5844,.T.);
#8396=ORIENTED_EDGE('',*,*,#6248,.T.);
#8397=ORIENTED_EDGE('',*,*,#6249,.F.);
#8398=ORIENTED_EDGE('',*,*,#6246,.F.);
#8399=ORIENTED_EDGE('',*,*,#5843,.T.);
#8400=ORIENTED_EDGE('',*,*,#6250,.T.);
#8401=ORIENTED_EDGE('',*,*,#6251,.F.);
#8402=ORIENTED_EDGE('',*,*,#6248,.F.);
#8403=ORIENTED_EDGE('',*,*,#5842,.T.);
#8404=ORIENTED_EDGE('',*,*,#6252,.T.);
#8405=ORIENTED_EDGE('',*,*,#6253,.F.);
#8406=ORIENTED_EDGE('',*,*,#6250,.F.);
#8407=ORIENTED_EDGE('',*,*,#5841,.T.);
#8408=ORIENTED_EDGE('',*,*,#6254,.T.);
#8409=ORIENTED_EDGE('',*,*,#6255,.F.);
#8410=ORIENTED_EDGE('',*,*,#6252,.F.);
#8411=ORIENTED_EDGE('',*,*,#5840,.T.);
#8412=ORIENTED_EDGE('',*,*,#6256,.T.);
#8413=ORIENTED_EDGE('',*,*,#6257,.F.);
#8414=ORIENTED_EDGE('',*,*,#6254,.F.);
#8415=ORIENTED_EDGE('',*,*,#5839,.T.);
#8416=ORIENTED_EDGE('',*,*,#6258,.T.);
#8417=ORIENTED_EDGE('',*,*,#6259,.F.);
#8418=ORIENTED_EDGE('',*,*,#6256,.F.);
#8419=ORIENTED_EDGE('',*,*,#5838,.T.);
#8420=ORIENTED_EDGE('',*,*,#6260,.T.);
#8421=ORIENTED_EDGE('',*,*,#6261,.F.);
#8422=ORIENTED_EDGE('',*,*,#6258,.F.);
#8423=ORIENTED_EDGE('',*,*,#5837,.T.);
#8424=ORIENTED_EDGE('',*,*,#6262,.T.);
#8425=ORIENTED_EDGE('',*,*,#6263,.F.);
#8426=ORIENTED_EDGE('',*,*,#6260,.F.);
#8427=ORIENTED_EDGE('',*,*,#5836,.T.);
#8428=ORIENTED_EDGE('',*,*,#6264,.T.);
#8429=ORIENTED_EDGE('',*,*,#6265,.F.);
#8430=ORIENTED_EDGE('',*,*,#6262,.F.);
#8431=ORIENTED_EDGE('',*,*,#5835,.T.);
#8432=ORIENTED_EDGE('',*,*,#6266,.T.);
#8433=ORIENTED_EDGE('',*,*,#6267,.F.);
#8434=ORIENTED_EDGE('',*,*,#6264,.F.);
#8435=ORIENTED_EDGE('',*,*,#5834,.T.);
#8436=ORIENTED_EDGE('',*,*,#6268,.T.);
#8437=ORIENTED_EDGE('',*,*,#6269,.F.);
#8438=ORIENTED_EDGE('',*,*,#6266,.F.);
#8439=ORIENTED_EDGE('',*,*,#5833,.T.);
#8440=ORIENTED_EDGE('',*,*,#6270,.T.);
#8441=ORIENTED_EDGE('',*,*,#6271,.F.);
#8442=ORIENTED_EDGE('',*,*,#6268,.F.);
#8443=ORIENTED_EDGE('',*,*,#5832,.T.);
#8444=ORIENTED_EDGE('',*,*,#6272,.T.);
#8445=ORIENTED_EDGE('',*,*,#6273,.F.);
#8446=ORIENTED_EDGE('',*,*,#6270,.F.);
#8447=ORIENTED_EDGE('',*,*,#5831,.T.);
#8448=ORIENTED_EDGE('',*,*,#6274,.T.);
#8449=ORIENTED_EDGE('',*,*,#6275,.F.);
#8450=ORIENTED_EDGE('',*,*,#6272,.F.);
#8451=ORIENTED_EDGE('',*,*,#5830,.T.);
#8452=ORIENTED_EDGE('',*,*,#6276,.T.);
#8453=ORIENTED_EDGE('',*,*,#6277,.F.);
#8454=ORIENTED_EDGE('',*,*,#6274,.F.);
#8455=ORIENTED_EDGE('',*,*,#5829,.T.);
#8456=ORIENTED_EDGE('',*,*,#6278,.T.);
#8457=ORIENTED_EDGE('',*,*,#6279,.F.);
#8458=ORIENTED_EDGE('',*,*,#6276,.F.);
#8459=ORIENTED_EDGE('',*,*,#5828,.T.);
#8460=ORIENTED_EDGE('',*,*,#6280,.T.);
#8461=ORIENTED_EDGE('',*,*,#6281,.F.);
#8462=ORIENTED_EDGE('',*,*,#6278,.F.);
#8463=ORIENTED_EDGE('',*,*,#5827,.T.);
#8464=ORIENTED_EDGE('',*,*,#6282,.T.);
#8465=ORIENTED_EDGE('',*,*,#6283,.F.);
#8466=ORIENTED_EDGE('',*,*,#6280,.F.);
#8467=ORIENTED_EDGE('',*,*,#5826,.T.);
#8468=ORIENTED_EDGE('',*,*,#6284,.T.);
#8469=ORIENTED_EDGE('',*,*,#6285,.F.);
#8470=ORIENTED_EDGE('',*,*,#6282,.F.);
#8471=ORIENTED_EDGE('',*,*,#5825,.T.);
#8472=ORIENTED_EDGE('',*,*,#6286,.T.);
#8473=ORIENTED_EDGE('',*,*,#6287,.F.);
#8474=ORIENTED_EDGE('',*,*,#6284,.F.);
#8475=ORIENTED_EDGE('',*,*,#5824,.T.);
#8476=ORIENTED_EDGE('',*,*,#6288,.T.);
#8477=ORIENTED_EDGE('',*,*,#6289,.F.);
#8478=ORIENTED_EDGE('',*,*,#6286,.F.);
#8479=ORIENTED_EDGE('',*,*,#5823,.T.);
#8480=ORIENTED_EDGE('',*,*,#6290,.T.);
#8481=ORIENTED_EDGE('',*,*,#6291,.F.);
#8482=ORIENTED_EDGE('',*,*,#6288,.F.);
#8483=ORIENTED_EDGE('',*,*,#5822,.T.);
#8484=ORIENTED_EDGE('',*,*,#6292,.T.);
#8485=ORIENTED_EDGE('',*,*,#6293,.F.);
#8486=ORIENTED_EDGE('',*,*,#6290,.F.);
#8487=ORIENTED_EDGE('',*,*,#5821,.T.);
#8488=ORIENTED_EDGE('',*,*,#6294,.T.);
#8489=ORIENTED_EDGE('',*,*,#6295,.F.);
#8490=ORIENTED_EDGE('',*,*,#6292,.F.);
#8491=ORIENTED_EDGE('',*,*,#5820,.T.);
#8492=ORIENTED_EDGE('',*,*,#6296,.T.);
#8493=ORIENTED_EDGE('',*,*,#6297,.F.);
#8494=ORIENTED_EDGE('',*,*,#6294,.F.);
#8495=ORIENTED_EDGE('',*,*,#5819,.T.);
#8496=ORIENTED_EDGE('',*,*,#6298,.T.);
#8497=ORIENTED_EDGE('',*,*,#6299,.F.);
#8498=ORIENTED_EDGE('',*,*,#6296,.F.);
#8499=ORIENTED_EDGE('',*,*,#5818,.T.);
#8500=ORIENTED_EDGE('',*,*,#6300,.T.);
#8501=ORIENTED_EDGE('',*,*,#6301,.F.);
#8502=ORIENTED_EDGE('',*,*,#6298,.F.);
#8503=ORIENTED_EDGE('',*,*,#5817,.T.);
#8504=ORIENTED_EDGE('',*,*,#6302,.T.);
#8505=ORIENTED_EDGE('',*,*,#6303,.F.);
#8506=ORIENTED_EDGE('',*,*,#6300,.F.);
#8507=ORIENTED_EDGE('',*,*,#5816,.T.);
#8508=ORIENTED_EDGE('',*,*,#6304,.T.);
#8509=ORIENTED_EDGE('',*,*,#6305,.F.);
#8510=ORIENTED_EDGE('',*,*,#6302,.F.);
#8511=ORIENTED_EDGE('',*,*,#5815,.T.);
#8512=ORIENTED_EDGE('',*,*,#6306,.T.);
#8513=ORIENTED_EDGE('',*,*,#6307,.F.);
#8514=ORIENTED_EDGE('',*,*,#6304,.F.);
#8515=ORIENTED_EDGE('',*,*,#5814,.T.);
#8516=ORIENTED_EDGE('',*,*,#6308,.T.);
#8517=ORIENTED_EDGE('',*,*,#6309,.F.);
#8518=ORIENTED_EDGE('',*,*,#6306,.F.);
#8519=ORIENTED_EDGE('',*,*,#5813,.T.);
#8520=ORIENTED_EDGE('',*,*,#6310,.T.);
#8521=ORIENTED_EDGE('',*,*,#6311,.F.);
#8522=ORIENTED_EDGE('',*,*,#6308,.F.);
#8523=ORIENTED_EDGE('',*,*,#5812,.T.);
#8524=ORIENTED_EDGE('',*,*,#6312,.T.);
#8525=ORIENTED_EDGE('',*,*,#6313,.F.);
#8526=ORIENTED_EDGE('',*,*,#6310,.F.);
#8527=ORIENTED_EDGE('',*,*,#5811,.T.);
#8528=ORIENTED_EDGE('',*,*,#6314,.T.);
#8529=ORIENTED_EDGE('',*,*,#6315,.F.);
#8530=ORIENTED_EDGE('',*,*,#6312,.F.);
#8531=ORIENTED_EDGE('',*,*,#5810,.T.);
#8532=ORIENTED_EDGE('',*,*,#6316,.T.);
#8533=ORIENTED_EDGE('',*,*,#6317,.F.);
#8534=ORIENTED_EDGE('',*,*,#6314,.F.);
#8535=ORIENTED_EDGE('',*,*,#5809,.T.);
#8536=ORIENTED_EDGE('',*,*,#6318,.T.);
#8537=ORIENTED_EDGE('',*,*,#6319,.F.);
#8538=ORIENTED_EDGE('',*,*,#6316,.F.);
#8539=ORIENTED_EDGE('',*,*,#5808,.T.);
#8540=ORIENTED_EDGE('',*,*,#6320,.T.);
#8541=ORIENTED_EDGE('',*,*,#6321,.F.);
#8542=ORIENTED_EDGE('',*,*,#6318,.F.);
#8543=ORIENTED_EDGE('',*,*,#5807,.T.);
#8544=ORIENTED_EDGE('',*,*,#6322,.T.);
#8545=ORIENTED_EDGE('',*,*,#6323,.F.);
#8546=ORIENTED_EDGE('',*,*,#6320,.F.);
#8547=ORIENTED_EDGE('',*,*,#5806,.T.);
#8548=ORIENTED_EDGE('',*,*,#6324,.T.);
#8549=ORIENTED_EDGE('',*,*,#6325,.F.);
#8550=ORIENTED_EDGE('',*,*,#6322,.F.);
#8551=ORIENTED_EDGE('',*,*,#5805,.T.);
#8552=ORIENTED_EDGE('',*,*,#6326,.T.);
#8553=ORIENTED_EDGE('',*,*,#6327,.F.);
#8554=ORIENTED_EDGE('',*,*,#6324,.F.);
#8555=ORIENTED_EDGE('',*,*,#5804,.T.);
#8556=ORIENTED_EDGE('',*,*,#6328,.T.);
#8557=ORIENTED_EDGE('',*,*,#6329,.F.);
#8558=ORIENTED_EDGE('',*,*,#6326,.F.);
#8559=ORIENTED_EDGE('',*,*,#5803,.T.);
#8560=ORIENTED_EDGE('',*,*,#6330,.T.);
#8561=ORIENTED_EDGE('',*,*,#6331,.F.);
#8562=ORIENTED_EDGE('',*,*,#6328,.F.);
#8563=ORIENTED_EDGE('',*,*,#5802,.T.);
#8564=ORIENTED_EDGE('',*,*,#6332,.T.);
#8565=ORIENTED_EDGE('',*,*,#6333,.F.);
#8566=ORIENTED_EDGE('',*,*,#6330,.F.);
#8567=ORIENTED_EDGE('',*,*,#5801,.T.);
#8568=ORIENTED_EDGE('',*,*,#6334,.T.);
#8569=ORIENTED_EDGE('',*,*,#6335,.F.);
#8570=ORIENTED_EDGE('',*,*,#6332,.F.);
#8571=ORIENTED_EDGE('',*,*,#5800,.T.);
#8572=ORIENTED_EDGE('',*,*,#6336,.T.);
#8573=ORIENTED_EDGE('',*,*,#6337,.F.);
#8574=ORIENTED_EDGE('',*,*,#6334,.F.);
#8575=ORIENTED_EDGE('',*,*,#5799,.T.);
#8576=ORIENTED_EDGE('',*,*,#6338,.T.);
#8577=ORIENTED_EDGE('',*,*,#6339,.F.);
#8578=ORIENTED_EDGE('',*,*,#6336,.F.);
#8579=ORIENTED_EDGE('',*,*,#5798,.T.);
#8580=ORIENTED_EDGE('',*,*,#6340,.T.);
#8581=ORIENTED_EDGE('',*,*,#6341,.F.);
#8582=ORIENTED_EDGE('',*,*,#6338,.F.);
#8583=ORIENTED_EDGE('',*,*,#5797,.T.);
#8584=ORIENTED_EDGE('',*,*,#6342,.T.);
#8585=ORIENTED_EDGE('',*,*,#6343,.F.);
#8586=ORIENTED_EDGE('',*,*,#6340,.F.);
#8587=ORIENTED_EDGE('',*,*,#5796,.T.);
#8588=ORIENTED_EDGE('',*,*,#6344,.T.);
#8589=ORIENTED_EDGE('',*,*,#6345,.F.);
#8590=ORIENTED_EDGE('',*,*,#6342,.F.);
#8591=ORIENTED_EDGE('',*,*,#5795,.T.);
#8592=ORIENTED_EDGE('',*,*,#6346,.T.);
#8593=ORIENTED_EDGE('',*,*,#6347,.F.);
#8594=ORIENTED_EDGE('',*,*,#6344,.F.);
#8595=ORIENTED_EDGE('',*,*,#5794,.T.);
#8596=ORIENTED_EDGE('',*,*,#6348,.T.);
#8597=ORIENTED_EDGE('',*,*,#6349,.F.);
#8598=ORIENTED_EDGE('',*,*,#6346,.F.);
#8599=ORIENTED_EDGE('',*,*,#5793,.T.);
#8600=ORIENTED_EDGE('',*,*,#6350,.T.);
#8601=ORIENTED_EDGE('',*,*,#6351,.F.);
#8602=ORIENTED_EDGE('',*,*,#6348,.F.);
#8603=ORIENTED_EDGE('',*,*,#5792,.T.);
#8604=ORIENTED_EDGE('',*,*,#6352,.T.);
#8605=ORIENTED_EDGE('',*,*,#6353,.F.);
#8606=ORIENTED_EDGE('',*,*,#6350,.F.);
#8607=ORIENTED_EDGE('',*,*,#5791,.T.);
#8608=ORIENTED_EDGE('',*,*,#6354,.T.);
#8609=ORIENTED_EDGE('',*,*,#6355,.F.);
#8610=ORIENTED_EDGE('',*,*,#6352,.F.);
#8611=ORIENTED_EDGE('',*,*,#5790,.T.);
#8612=ORIENTED_EDGE('',*,*,#6356,.T.);
#8613=ORIENTED_EDGE('',*,*,#6357,.F.);
#8614=ORIENTED_EDGE('',*,*,#6354,.F.);
#8615=ORIENTED_EDGE('',*,*,#5789,.T.);
#8616=ORIENTED_EDGE('',*,*,#6358,.T.);
#8617=ORIENTED_EDGE('',*,*,#6359,.F.);
#8618=ORIENTED_EDGE('',*,*,#6356,.F.);
#8619=ORIENTED_EDGE('',*,*,#5788,.T.);
#8620=ORIENTED_EDGE('',*,*,#6360,.T.);
#8621=ORIENTED_EDGE('',*,*,#6361,.F.);
#8622=ORIENTED_EDGE('',*,*,#6358,.F.);
#8623=ORIENTED_EDGE('',*,*,#5787,.T.);
#8624=ORIENTED_EDGE('',*,*,#6362,.T.);
#8625=ORIENTED_EDGE('',*,*,#6363,.F.);
#8626=ORIENTED_EDGE('',*,*,#6360,.F.);
#8627=ORIENTED_EDGE('',*,*,#5786,.T.);
#8628=ORIENTED_EDGE('',*,*,#6364,.T.);
#8629=ORIENTED_EDGE('',*,*,#6365,.F.);
#8630=ORIENTED_EDGE('',*,*,#6362,.F.);
#8631=ORIENTED_EDGE('',*,*,#5785,.T.);
#8632=ORIENTED_EDGE('',*,*,#6366,.T.);
#8633=ORIENTED_EDGE('',*,*,#6367,.F.);
#8634=ORIENTED_EDGE('',*,*,#6364,.F.);
#8635=ORIENTED_EDGE('',*,*,#5931,.T.);
#8636=ORIENTED_EDGE('',*,*,#6077,.T.);
#8637=ORIENTED_EDGE('',*,*,#6368,.F.);
#8638=ORIENTED_EDGE('',*,*,#6369,.F.);
#8639=ORIENTED_EDGE('',*,*,#5932,.T.);
#8640=ORIENTED_EDGE('',*,*,#6369,.T.);
#8641=ORIENTED_EDGE('',*,*,#6370,.F.);
#8642=ORIENTED_EDGE('',*,*,#6371,.F.);
#8643=ORIENTED_EDGE('',*,*,#5933,.T.);
#8644=ORIENTED_EDGE('',*,*,#6371,.T.);
#8645=ORIENTED_EDGE('',*,*,#6372,.F.);
#8646=ORIENTED_EDGE('',*,*,#6373,.F.);
#8647=ORIENTED_EDGE('',*,*,#5934,.T.);
#8648=ORIENTED_EDGE('',*,*,#6373,.T.);
#8649=ORIENTED_EDGE('',*,*,#6374,.F.);
#8650=ORIENTED_EDGE('',*,*,#6375,.F.);
#8651=ORIENTED_EDGE('',*,*,#5935,.T.);
#8652=ORIENTED_EDGE('',*,*,#6375,.T.);
#8653=ORIENTED_EDGE('',*,*,#6376,.F.);
#8654=ORIENTED_EDGE('',*,*,#6377,.F.);
#8655=ORIENTED_EDGE('',*,*,#5936,.T.);
#8656=ORIENTED_EDGE('',*,*,#6377,.T.);
#8657=ORIENTED_EDGE('',*,*,#6378,.F.);
#8658=ORIENTED_EDGE('',*,*,#6379,.F.);
#8659=ORIENTED_EDGE('',*,*,#5937,.T.);
#8660=ORIENTED_EDGE('',*,*,#6379,.T.);
#8661=ORIENTED_EDGE('',*,*,#6380,.F.);
#8662=ORIENTED_EDGE('',*,*,#6381,.F.);
#8663=ORIENTED_EDGE('',*,*,#5938,.T.);
#8664=ORIENTED_EDGE('',*,*,#6381,.T.);
#8665=ORIENTED_EDGE('',*,*,#6382,.F.);
#8666=ORIENTED_EDGE('',*,*,#6383,.F.);
#8667=ORIENTED_EDGE('',*,*,#5939,.T.);
#8668=ORIENTED_EDGE('',*,*,#6383,.T.);
#8669=ORIENTED_EDGE('',*,*,#6384,.F.);
#8670=ORIENTED_EDGE('',*,*,#6385,.F.);
#8671=ORIENTED_EDGE('',*,*,#5940,.T.);
#8672=ORIENTED_EDGE('',*,*,#6385,.T.);
#8673=ORIENTED_EDGE('',*,*,#6386,.F.);
#8674=ORIENTED_EDGE('',*,*,#6387,.F.);
#8675=ORIENTED_EDGE('',*,*,#5941,.T.);
#8676=ORIENTED_EDGE('',*,*,#6387,.T.);
#8677=ORIENTED_EDGE('',*,*,#6388,.F.);
#8678=ORIENTED_EDGE('',*,*,#6389,.F.);
#8679=ORIENTED_EDGE('',*,*,#5942,.T.);
#8680=ORIENTED_EDGE('',*,*,#6389,.T.);
#8681=ORIENTED_EDGE('',*,*,#6390,.F.);
#8682=ORIENTED_EDGE('',*,*,#6391,.F.);
#8683=ORIENTED_EDGE('',*,*,#5943,.T.);
#8684=ORIENTED_EDGE('',*,*,#6391,.T.);
#8685=ORIENTED_EDGE('',*,*,#6392,.F.);
#8686=ORIENTED_EDGE('',*,*,#6393,.F.);
#8687=ORIENTED_EDGE('',*,*,#5944,.T.);
#8688=ORIENTED_EDGE('',*,*,#6393,.T.);
#8689=ORIENTED_EDGE('',*,*,#6394,.F.);
#8690=ORIENTED_EDGE('',*,*,#6395,.F.);
#8691=ORIENTED_EDGE('',*,*,#5945,.T.);
#8692=ORIENTED_EDGE('',*,*,#6395,.T.);
#8693=ORIENTED_EDGE('',*,*,#6396,.F.);
#8694=ORIENTED_EDGE('',*,*,#6397,.F.);
#8695=ORIENTED_EDGE('',*,*,#5946,.T.);
#8696=ORIENTED_EDGE('',*,*,#6397,.T.);
#8697=ORIENTED_EDGE('',*,*,#6398,.F.);
#8698=ORIENTED_EDGE('',*,*,#6399,.F.);
#8699=ORIENTED_EDGE('',*,*,#5947,.T.);
#8700=ORIENTED_EDGE('',*,*,#6399,.T.);
#8701=ORIENTED_EDGE('',*,*,#6400,.F.);
#8702=ORIENTED_EDGE('',*,*,#6401,.F.);
#8703=ORIENTED_EDGE('',*,*,#5948,.T.);
#8704=ORIENTED_EDGE('',*,*,#6401,.T.);
#8705=ORIENTED_EDGE('',*,*,#6402,.F.);
#8706=ORIENTED_EDGE('',*,*,#6403,.F.);
#8707=ORIENTED_EDGE('',*,*,#5949,.T.);
#8708=ORIENTED_EDGE('',*,*,#6403,.T.);
#8709=ORIENTED_EDGE('',*,*,#6404,.F.);
#8710=ORIENTED_EDGE('',*,*,#6405,.F.);
#8711=ORIENTED_EDGE('',*,*,#5950,.T.);
#8712=ORIENTED_EDGE('',*,*,#6405,.T.);
#8713=ORIENTED_EDGE('',*,*,#6406,.F.);
#8714=ORIENTED_EDGE('',*,*,#6407,.F.);
#8715=ORIENTED_EDGE('',*,*,#5951,.T.);
#8716=ORIENTED_EDGE('',*,*,#6407,.T.);
#8717=ORIENTED_EDGE('',*,*,#6408,.F.);
#8718=ORIENTED_EDGE('',*,*,#6409,.F.);
#8719=ORIENTED_EDGE('',*,*,#5952,.T.);
#8720=ORIENTED_EDGE('',*,*,#6409,.T.);
#8721=ORIENTED_EDGE('',*,*,#6410,.F.);
#8722=ORIENTED_EDGE('',*,*,#6411,.F.);
#8723=ORIENTED_EDGE('',*,*,#5953,.T.);
#8724=ORIENTED_EDGE('',*,*,#6411,.T.);
#8725=ORIENTED_EDGE('',*,*,#6412,.F.);
#8726=ORIENTED_EDGE('',*,*,#6413,.F.);
#8727=ORIENTED_EDGE('',*,*,#5954,.T.);
#8728=ORIENTED_EDGE('',*,*,#6413,.T.);
#8729=ORIENTED_EDGE('',*,*,#6414,.F.);
#8730=ORIENTED_EDGE('',*,*,#6415,.F.);
#8731=ORIENTED_EDGE('',*,*,#5955,.T.);
#8732=ORIENTED_EDGE('',*,*,#6415,.T.);
#8733=ORIENTED_EDGE('',*,*,#6416,.F.);
#8734=ORIENTED_EDGE('',*,*,#6417,.F.);
#8735=ORIENTED_EDGE('',*,*,#5956,.T.);
#8736=ORIENTED_EDGE('',*,*,#6417,.T.);
#8737=ORIENTED_EDGE('',*,*,#6418,.F.);
#8738=ORIENTED_EDGE('',*,*,#6419,.F.);
#8739=ORIENTED_EDGE('',*,*,#5957,.T.);
#8740=ORIENTED_EDGE('',*,*,#6419,.T.);
#8741=ORIENTED_EDGE('',*,*,#6420,.F.);
#8742=ORIENTED_EDGE('',*,*,#6421,.F.);
#8743=ORIENTED_EDGE('',*,*,#5958,.T.);
#8744=ORIENTED_EDGE('',*,*,#6421,.T.);
#8745=ORIENTED_EDGE('',*,*,#6422,.F.);
#8746=ORIENTED_EDGE('',*,*,#6423,.F.);
#8747=ORIENTED_EDGE('',*,*,#5959,.T.);
#8748=ORIENTED_EDGE('',*,*,#6423,.T.);
#8749=ORIENTED_EDGE('',*,*,#6424,.F.);
#8750=ORIENTED_EDGE('',*,*,#6425,.F.);
#8751=ORIENTED_EDGE('',*,*,#5960,.T.);
#8752=ORIENTED_EDGE('',*,*,#6425,.T.);
#8753=ORIENTED_EDGE('',*,*,#6426,.F.);
#8754=ORIENTED_EDGE('',*,*,#6427,.F.);
#8755=ORIENTED_EDGE('',*,*,#5961,.T.);
#8756=ORIENTED_EDGE('',*,*,#6427,.T.);
#8757=ORIENTED_EDGE('',*,*,#6428,.F.);
#8758=ORIENTED_EDGE('',*,*,#6429,.F.);
#8759=ORIENTED_EDGE('',*,*,#5962,.T.);
#8760=ORIENTED_EDGE('',*,*,#6429,.T.);
#8761=ORIENTED_EDGE('',*,*,#6430,.F.);
#8762=ORIENTED_EDGE('',*,*,#6431,.F.);
#8763=ORIENTED_EDGE('',*,*,#5963,.T.);
#8764=ORIENTED_EDGE('',*,*,#6431,.T.);
#8765=ORIENTED_EDGE('',*,*,#6432,.F.);
#8766=ORIENTED_EDGE('',*,*,#6433,.F.);
#8767=ORIENTED_EDGE('',*,*,#5964,.T.);
#8768=ORIENTED_EDGE('',*,*,#6433,.T.);
#8769=ORIENTED_EDGE('',*,*,#6434,.F.);
#8770=ORIENTED_EDGE('',*,*,#6435,.F.);
#8771=ORIENTED_EDGE('',*,*,#5965,.T.);
#8772=ORIENTED_EDGE('',*,*,#6435,.T.);
#8773=ORIENTED_EDGE('',*,*,#6436,.F.);
#8774=ORIENTED_EDGE('',*,*,#6437,.F.);
#8775=ORIENTED_EDGE('',*,*,#5966,.T.);
#8776=ORIENTED_EDGE('',*,*,#6437,.T.);
#8777=ORIENTED_EDGE('',*,*,#6438,.F.);
#8778=ORIENTED_EDGE('',*,*,#6439,.F.);
#8779=ORIENTED_EDGE('',*,*,#5967,.T.);
#8780=ORIENTED_EDGE('',*,*,#6439,.T.);
#8781=ORIENTED_EDGE('',*,*,#6440,.F.);
#8782=ORIENTED_EDGE('',*,*,#6441,.F.);
#8783=ORIENTED_EDGE('',*,*,#5968,.T.);
#8784=ORIENTED_EDGE('',*,*,#6441,.T.);
#8785=ORIENTED_EDGE('',*,*,#6442,.F.);
#8786=ORIENTED_EDGE('',*,*,#6443,.F.);
#8787=ORIENTED_EDGE('',*,*,#5969,.T.);
#8788=ORIENTED_EDGE('',*,*,#6443,.T.);
#8789=ORIENTED_EDGE('',*,*,#6444,.F.);
#8790=ORIENTED_EDGE('',*,*,#6445,.F.);
#8791=ORIENTED_EDGE('',*,*,#5970,.T.);
#8792=ORIENTED_EDGE('',*,*,#6445,.T.);
#8793=ORIENTED_EDGE('',*,*,#6446,.F.);
#8794=ORIENTED_EDGE('',*,*,#6447,.F.);
#8795=ORIENTED_EDGE('',*,*,#5971,.T.);
#8796=ORIENTED_EDGE('',*,*,#6447,.T.);
#8797=ORIENTED_EDGE('',*,*,#6448,.F.);
#8798=ORIENTED_EDGE('',*,*,#6449,.F.);
#8799=ORIENTED_EDGE('',*,*,#5972,.T.);
#8800=ORIENTED_EDGE('',*,*,#6449,.T.);
#8801=ORIENTED_EDGE('',*,*,#6450,.F.);
#8802=ORIENTED_EDGE('',*,*,#6451,.F.);
#8803=ORIENTED_EDGE('',*,*,#5973,.T.);
#8804=ORIENTED_EDGE('',*,*,#6451,.T.);
#8805=ORIENTED_EDGE('',*,*,#6452,.F.);
#8806=ORIENTED_EDGE('',*,*,#6453,.F.);
#8807=ORIENTED_EDGE('',*,*,#5974,.T.);
#8808=ORIENTED_EDGE('',*,*,#6453,.T.);
#8809=ORIENTED_EDGE('',*,*,#6454,.F.);
#8810=ORIENTED_EDGE('',*,*,#6455,.F.);
#8811=ORIENTED_EDGE('',*,*,#5975,.T.);
#8812=ORIENTED_EDGE('',*,*,#6455,.T.);
#8813=ORIENTED_EDGE('',*,*,#6456,.F.);
#8814=ORIENTED_EDGE('',*,*,#6457,.F.);
#8815=ORIENTED_EDGE('',*,*,#5976,.T.);
#8816=ORIENTED_EDGE('',*,*,#6457,.T.);
#8817=ORIENTED_EDGE('',*,*,#6458,.F.);
#8818=ORIENTED_EDGE('',*,*,#6459,.F.);
#8819=ORIENTED_EDGE('',*,*,#5977,.T.);
#8820=ORIENTED_EDGE('',*,*,#6459,.T.);
#8821=ORIENTED_EDGE('',*,*,#6460,.F.);
#8822=ORIENTED_EDGE('',*,*,#6461,.F.);
#8823=ORIENTED_EDGE('',*,*,#5978,.T.);
#8824=ORIENTED_EDGE('',*,*,#6461,.T.);
#8825=ORIENTED_EDGE('',*,*,#6462,.F.);
#8826=ORIENTED_EDGE('',*,*,#6463,.F.);
#8827=ORIENTED_EDGE('',*,*,#5979,.T.);
#8828=ORIENTED_EDGE('',*,*,#6463,.T.);
#8829=ORIENTED_EDGE('',*,*,#6464,.F.);
#8830=ORIENTED_EDGE('',*,*,#6465,.F.);
#8831=ORIENTED_EDGE('',*,*,#5980,.T.);
#8832=ORIENTED_EDGE('',*,*,#6465,.T.);
#8833=ORIENTED_EDGE('',*,*,#6466,.F.);
#8834=ORIENTED_EDGE('',*,*,#6467,.F.);
#8835=ORIENTED_EDGE('',*,*,#5981,.T.);
#8836=ORIENTED_EDGE('',*,*,#6467,.T.);
#8837=ORIENTED_EDGE('',*,*,#6468,.F.);
#8838=ORIENTED_EDGE('',*,*,#6469,.F.);
#8839=ORIENTED_EDGE('',*,*,#5982,.T.);
#8840=ORIENTED_EDGE('',*,*,#6469,.T.);
#8841=ORIENTED_EDGE('',*,*,#6470,.F.);
#8842=ORIENTED_EDGE('',*,*,#6471,.F.);
#8843=ORIENTED_EDGE('',*,*,#5983,.T.);
#8844=ORIENTED_EDGE('',*,*,#6471,.T.);
#8845=ORIENTED_EDGE('',*,*,#6472,.F.);
#8846=ORIENTED_EDGE('',*,*,#6473,.F.);
#8847=ORIENTED_EDGE('',*,*,#5984,.T.);
#8848=ORIENTED_EDGE('',*,*,#6473,.T.);
#8849=ORIENTED_EDGE('',*,*,#6474,.F.);
#8850=ORIENTED_EDGE('',*,*,#6475,.F.);
#8851=ORIENTED_EDGE('',*,*,#5985,.T.);
#8852=ORIENTED_EDGE('',*,*,#6475,.T.);
#8853=ORIENTED_EDGE('',*,*,#6476,.F.);
#8854=ORIENTED_EDGE('',*,*,#6477,.F.);
#8855=ORIENTED_EDGE('',*,*,#5986,.T.);
#8856=ORIENTED_EDGE('',*,*,#6477,.T.);
#8857=ORIENTED_EDGE('',*,*,#6478,.F.);
#8858=ORIENTED_EDGE('',*,*,#6479,.F.);
#8859=ORIENTED_EDGE('',*,*,#5987,.T.);
#8860=ORIENTED_EDGE('',*,*,#6479,.T.);
#8861=ORIENTED_EDGE('',*,*,#6480,.F.);
#8862=ORIENTED_EDGE('',*,*,#6481,.F.);
#8863=ORIENTED_EDGE('',*,*,#5988,.T.);
#8864=ORIENTED_EDGE('',*,*,#6481,.T.);
#8865=ORIENTED_EDGE('',*,*,#6482,.F.);
#8866=ORIENTED_EDGE('',*,*,#6483,.F.);
#8867=ORIENTED_EDGE('',*,*,#5989,.T.);
#8868=ORIENTED_EDGE('',*,*,#6483,.T.);
#8869=ORIENTED_EDGE('',*,*,#6484,.F.);
#8870=ORIENTED_EDGE('',*,*,#6485,.F.);
#8871=ORIENTED_EDGE('',*,*,#5990,.T.);
#8872=ORIENTED_EDGE('',*,*,#6485,.T.);
#8873=ORIENTED_EDGE('',*,*,#6486,.F.);
#8874=ORIENTED_EDGE('',*,*,#6487,.F.);
#8875=ORIENTED_EDGE('',*,*,#5991,.T.);
#8876=ORIENTED_EDGE('',*,*,#6487,.T.);
#8877=ORIENTED_EDGE('',*,*,#6488,.F.);
#8878=ORIENTED_EDGE('',*,*,#6489,.F.);
#8879=ORIENTED_EDGE('',*,*,#5992,.T.);
#8880=ORIENTED_EDGE('',*,*,#6489,.T.);
#8881=ORIENTED_EDGE('',*,*,#6490,.F.);
#8882=ORIENTED_EDGE('',*,*,#6491,.F.);
#8883=ORIENTED_EDGE('',*,*,#5993,.T.);
#8884=ORIENTED_EDGE('',*,*,#6491,.T.);
#8885=ORIENTED_EDGE('',*,*,#6492,.F.);
#8886=ORIENTED_EDGE('',*,*,#6493,.F.);
#8887=ORIENTED_EDGE('',*,*,#5994,.T.);
#8888=ORIENTED_EDGE('',*,*,#6493,.T.);
#8889=ORIENTED_EDGE('',*,*,#6494,.F.);
#8890=ORIENTED_EDGE('',*,*,#6495,.F.);
#8891=ORIENTED_EDGE('',*,*,#5995,.T.);
#8892=ORIENTED_EDGE('',*,*,#6495,.T.);
#8893=ORIENTED_EDGE('',*,*,#6496,.F.);
#8894=ORIENTED_EDGE('',*,*,#6497,.F.);
#8895=ORIENTED_EDGE('',*,*,#5996,.T.);
#8896=ORIENTED_EDGE('',*,*,#6497,.T.);
#8897=ORIENTED_EDGE('',*,*,#6498,.F.);
#8898=ORIENTED_EDGE('',*,*,#6499,.F.);
#8899=ORIENTED_EDGE('',*,*,#5997,.T.);
#8900=ORIENTED_EDGE('',*,*,#6499,.T.);
#8901=ORIENTED_EDGE('',*,*,#6500,.F.);
#8902=ORIENTED_EDGE('',*,*,#6501,.F.);
#8903=ORIENTED_EDGE('',*,*,#5998,.T.);
#8904=ORIENTED_EDGE('',*,*,#6501,.T.);
#8905=ORIENTED_EDGE('',*,*,#6502,.F.);
#8906=ORIENTED_EDGE('',*,*,#6503,.F.);
#8907=ORIENTED_EDGE('',*,*,#5999,.T.);
#8908=ORIENTED_EDGE('',*,*,#6503,.T.);
#8909=ORIENTED_EDGE('',*,*,#6504,.F.);
#8910=ORIENTED_EDGE('',*,*,#6505,.F.);
#8911=ORIENTED_EDGE('',*,*,#6000,.T.);
#8912=ORIENTED_EDGE('',*,*,#6505,.T.);
#8913=ORIENTED_EDGE('',*,*,#6506,.F.);
#8914=ORIENTED_EDGE('',*,*,#6507,.F.);
#8915=ORIENTED_EDGE('',*,*,#6001,.T.);
#8916=ORIENTED_EDGE('',*,*,#6507,.T.);
#8917=ORIENTED_EDGE('',*,*,#6508,.F.);
#8918=ORIENTED_EDGE('',*,*,#6509,.F.);
#8919=ORIENTED_EDGE('',*,*,#6002,.T.);
#8920=ORIENTED_EDGE('',*,*,#6509,.T.);
#8921=ORIENTED_EDGE('',*,*,#6510,.F.);
#8922=ORIENTED_EDGE('',*,*,#6511,.F.);
#8923=ORIENTED_EDGE('',*,*,#6003,.T.);
#8924=ORIENTED_EDGE('',*,*,#6511,.T.);
#8925=ORIENTED_EDGE('',*,*,#6512,.F.);
#8926=ORIENTED_EDGE('',*,*,#6513,.F.);
#8927=ORIENTED_EDGE('',*,*,#6004,.T.);
#8928=ORIENTED_EDGE('',*,*,#6513,.T.);
#8929=ORIENTED_EDGE('',*,*,#6514,.F.);
#8930=ORIENTED_EDGE('',*,*,#6515,.F.);
#8931=ORIENTED_EDGE('',*,*,#6005,.T.);
#8932=ORIENTED_EDGE('',*,*,#6515,.T.);
#8933=ORIENTED_EDGE('',*,*,#6516,.F.);
#8934=ORIENTED_EDGE('',*,*,#6517,.F.);
#8935=ORIENTED_EDGE('',*,*,#6006,.T.);
#8936=ORIENTED_EDGE('',*,*,#6517,.T.);
#8937=ORIENTED_EDGE('',*,*,#6518,.F.);
#8938=ORIENTED_EDGE('',*,*,#6519,.F.);
#8939=ORIENTED_EDGE('',*,*,#6007,.T.);
#8940=ORIENTED_EDGE('',*,*,#6519,.T.);
#8941=ORIENTED_EDGE('',*,*,#6520,.F.);
#8942=ORIENTED_EDGE('',*,*,#6521,.F.);
#8943=ORIENTED_EDGE('',*,*,#6008,.T.);
#8944=ORIENTED_EDGE('',*,*,#6521,.T.);
#8945=ORIENTED_EDGE('',*,*,#6522,.F.);
#8946=ORIENTED_EDGE('',*,*,#6523,.F.);
#8947=ORIENTED_EDGE('',*,*,#6009,.T.);
#8948=ORIENTED_EDGE('',*,*,#6523,.T.);
#8949=ORIENTED_EDGE('',*,*,#6524,.F.);
#8950=ORIENTED_EDGE('',*,*,#6525,.F.);
#8951=ORIENTED_EDGE('',*,*,#6010,.T.);
#8952=ORIENTED_EDGE('',*,*,#6525,.T.);
#8953=ORIENTED_EDGE('',*,*,#6526,.F.);
#8954=ORIENTED_EDGE('',*,*,#6527,.F.);
#8955=ORIENTED_EDGE('',*,*,#6011,.T.);
#8956=ORIENTED_EDGE('',*,*,#6527,.T.);
#8957=ORIENTED_EDGE('',*,*,#6528,.F.);
#8958=ORIENTED_EDGE('',*,*,#6529,.F.);
#8959=ORIENTED_EDGE('',*,*,#6012,.T.);
#8960=ORIENTED_EDGE('',*,*,#6529,.T.);
#8961=ORIENTED_EDGE('',*,*,#6530,.F.);
#8962=ORIENTED_EDGE('',*,*,#6531,.F.);
#8963=ORIENTED_EDGE('',*,*,#6013,.T.);
#8964=ORIENTED_EDGE('',*,*,#6531,.T.);
#8965=ORIENTED_EDGE('',*,*,#6532,.F.);
#8966=ORIENTED_EDGE('',*,*,#6533,.F.);
#8967=ORIENTED_EDGE('',*,*,#6014,.T.);
#8968=ORIENTED_EDGE('',*,*,#6533,.T.);
#8969=ORIENTED_EDGE('',*,*,#6534,.F.);
#8970=ORIENTED_EDGE('',*,*,#6535,.F.);
#8971=ORIENTED_EDGE('',*,*,#6015,.T.);
#8972=ORIENTED_EDGE('',*,*,#6535,.T.);
#8973=ORIENTED_EDGE('',*,*,#6536,.F.);
#8974=ORIENTED_EDGE('',*,*,#6537,.F.);
#8975=ORIENTED_EDGE('',*,*,#6016,.T.);
#8976=ORIENTED_EDGE('',*,*,#6537,.T.);
#8977=ORIENTED_EDGE('',*,*,#6538,.F.);
#8978=ORIENTED_EDGE('',*,*,#6539,.F.);
#8979=ORIENTED_EDGE('',*,*,#6017,.T.);
#8980=ORIENTED_EDGE('',*,*,#6539,.T.);
#8981=ORIENTED_EDGE('',*,*,#6540,.F.);
#8982=ORIENTED_EDGE('',*,*,#6541,.F.);
#8983=ORIENTED_EDGE('',*,*,#6018,.T.);
#8984=ORIENTED_EDGE('',*,*,#6541,.T.);
#8985=ORIENTED_EDGE('',*,*,#6542,.F.);
#8986=ORIENTED_EDGE('',*,*,#6543,.F.);
#8987=ORIENTED_EDGE('',*,*,#6019,.T.);
#8988=ORIENTED_EDGE('',*,*,#6543,.T.);
#8989=ORIENTED_EDGE('',*,*,#6544,.F.);
#8990=ORIENTED_EDGE('',*,*,#6545,.F.);
#8991=ORIENTED_EDGE('',*,*,#6020,.T.);
#8992=ORIENTED_EDGE('',*,*,#6545,.T.);
#8993=ORIENTED_EDGE('',*,*,#6546,.F.);
#8994=ORIENTED_EDGE('',*,*,#6547,.F.);
#8995=ORIENTED_EDGE('',*,*,#6021,.T.);
#8996=ORIENTED_EDGE('',*,*,#6547,.T.);
#8997=ORIENTED_EDGE('',*,*,#6548,.F.);
#8998=ORIENTED_EDGE('',*,*,#6549,.F.);
#8999=ORIENTED_EDGE('',*,*,#6022,.T.);
#9000=ORIENTED_EDGE('',*,*,#6549,.T.);
#9001=ORIENTED_EDGE('',*,*,#6550,.F.);
#9002=ORIENTED_EDGE('',*,*,#6551,.F.);
#9003=ORIENTED_EDGE('',*,*,#6023,.T.);
#9004=ORIENTED_EDGE('',*,*,#6551,.T.);
#9005=ORIENTED_EDGE('',*,*,#6552,.F.);
#9006=ORIENTED_EDGE('',*,*,#6553,.F.);
#9007=ORIENTED_EDGE('',*,*,#6024,.T.);
#9008=ORIENTED_EDGE('',*,*,#6553,.T.);
#9009=ORIENTED_EDGE('',*,*,#6554,.F.);
#9010=ORIENTED_EDGE('',*,*,#6555,.F.);
#9011=ORIENTED_EDGE('',*,*,#6025,.T.);
#9012=ORIENTED_EDGE('',*,*,#6555,.T.);
#9013=ORIENTED_EDGE('',*,*,#6556,.F.);
#9014=ORIENTED_EDGE('',*,*,#6557,.F.);
#9015=ORIENTED_EDGE('',*,*,#6026,.T.);
#9016=ORIENTED_EDGE('',*,*,#6557,.T.);
#9017=ORIENTED_EDGE('',*,*,#6558,.F.);
#9018=ORIENTED_EDGE('',*,*,#6559,.F.);
#9019=ORIENTED_EDGE('',*,*,#6027,.T.);
#9020=ORIENTED_EDGE('',*,*,#6559,.T.);
#9021=ORIENTED_EDGE('',*,*,#6560,.F.);
#9022=ORIENTED_EDGE('',*,*,#6561,.F.);
#9023=ORIENTED_EDGE('',*,*,#6028,.T.);
#9024=ORIENTED_EDGE('',*,*,#6561,.T.);
#9025=ORIENTED_EDGE('',*,*,#6562,.F.);
#9026=ORIENTED_EDGE('',*,*,#6563,.F.);
#9027=ORIENTED_EDGE('',*,*,#6029,.T.);
#9028=ORIENTED_EDGE('',*,*,#6563,.T.);
#9029=ORIENTED_EDGE('',*,*,#6564,.F.);
#9030=ORIENTED_EDGE('',*,*,#6565,.F.);
#9031=ORIENTED_EDGE('',*,*,#6030,.T.);
#9032=ORIENTED_EDGE('',*,*,#6565,.T.);
#9033=ORIENTED_EDGE('',*,*,#6566,.F.);
#9034=ORIENTED_EDGE('',*,*,#6567,.F.);
#9035=ORIENTED_EDGE('',*,*,#6031,.T.);
#9036=ORIENTED_EDGE('',*,*,#6567,.T.);
#9037=ORIENTED_EDGE('',*,*,#6568,.F.);
#9038=ORIENTED_EDGE('',*,*,#6569,.F.);
#9039=ORIENTED_EDGE('',*,*,#6032,.T.);
#9040=ORIENTED_EDGE('',*,*,#6569,.T.);
#9041=ORIENTED_EDGE('',*,*,#6570,.F.);
#9042=ORIENTED_EDGE('',*,*,#6571,.F.);
#9043=ORIENTED_EDGE('',*,*,#6033,.T.);
#9044=ORIENTED_EDGE('',*,*,#6571,.T.);
#9045=ORIENTED_EDGE('',*,*,#6572,.F.);
#9046=ORIENTED_EDGE('',*,*,#6573,.F.);
#9047=ORIENTED_EDGE('',*,*,#6034,.T.);
#9048=ORIENTED_EDGE('',*,*,#6573,.T.);
#9049=ORIENTED_EDGE('',*,*,#6574,.F.);
#9050=ORIENTED_EDGE('',*,*,#6575,.F.);
#9051=ORIENTED_EDGE('',*,*,#6035,.T.);
#9052=ORIENTED_EDGE('',*,*,#6575,.T.);
#9053=ORIENTED_EDGE('',*,*,#6576,.F.);
#9054=ORIENTED_EDGE('',*,*,#6577,.F.);
#9055=ORIENTED_EDGE('',*,*,#6036,.T.);
#9056=ORIENTED_EDGE('',*,*,#6577,.T.);
#9057=ORIENTED_EDGE('',*,*,#6578,.F.);
#9058=ORIENTED_EDGE('',*,*,#6579,.F.);
#9059=ORIENTED_EDGE('',*,*,#6037,.T.);
#9060=ORIENTED_EDGE('',*,*,#6579,.T.);
#9061=ORIENTED_EDGE('',*,*,#6580,.F.);
#9062=ORIENTED_EDGE('',*,*,#6581,.F.);
#9063=ORIENTED_EDGE('',*,*,#6038,.T.);
#9064=ORIENTED_EDGE('',*,*,#6581,.T.);
#9065=ORIENTED_EDGE('',*,*,#6582,.F.);
#9066=ORIENTED_EDGE('',*,*,#6583,.F.);
#9067=ORIENTED_EDGE('',*,*,#6039,.T.);
#9068=ORIENTED_EDGE('',*,*,#6583,.T.);
#9069=ORIENTED_EDGE('',*,*,#6584,.F.);
#9070=ORIENTED_EDGE('',*,*,#6585,.F.);
#9071=ORIENTED_EDGE('',*,*,#6040,.T.);
#9072=ORIENTED_EDGE('',*,*,#6585,.T.);
#9073=ORIENTED_EDGE('',*,*,#6586,.F.);
#9074=ORIENTED_EDGE('',*,*,#6587,.F.);
#9075=ORIENTED_EDGE('',*,*,#6041,.T.);
#9076=ORIENTED_EDGE('',*,*,#6587,.T.);
#9077=ORIENTED_EDGE('',*,*,#6588,.F.);
#9078=ORIENTED_EDGE('',*,*,#6589,.F.);
#9079=ORIENTED_EDGE('',*,*,#6042,.T.);
#9080=ORIENTED_EDGE('',*,*,#6589,.T.);
#9081=ORIENTED_EDGE('',*,*,#6590,.F.);
#9082=ORIENTED_EDGE('',*,*,#6591,.F.);
#9083=ORIENTED_EDGE('',*,*,#6043,.T.);
#9084=ORIENTED_EDGE('',*,*,#6591,.T.);
#9085=ORIENTED_EDGE('',*,*,#6592,.F.);
#9086=ORIENTED_EDGE('',*,*,#6593,.F.);
#9087=ORIENTED_EDGE('',*,*,#6044,.T.);
#9088=ORIENTED_EDGE('',*,*,#6593,.T.);
#9089=ORIENTED_EDGE('',*,*,#6594,.F.);
#9090=ORIENTED_EDGE('',*,*,#6595,.F.);
#9091=ORIENTED_EDGE('',*,*,#6045,.T.);
#9092=ORIENTED_EDGE('',*,*,#6595,.T.);
#9093=ORIENTED_EDGE('',*,*,#6596,.F.);
#9094=ORIENTED_EDGE('',*,*,#6597,.F.);
#9095=ORIENTED_EDGE('',*,*,#6046,.T.);
#9096=ORIENTED_EDGE('',*,*,#6597,.T.);
#9097=ORIENTED_EDGE('',*,*,#6598,.F.);
#9098=ORIENTED_EDGE('',*,*,#6599,.F.);
#9099=ORIENTED_EDGE('',*,*,#6047,.T.);
#9100=ORIENTED_EDGE('',*,*,#6599,.T.);
#9101=ORIENTED_EDGE('',*,*,#6600,.F.);
#9102=ORIENTED_EDGE('',*,*,#6601,.F.);
#9103=ORIENTED_EDGE('',*,*,#6048,.T.);
#9104=ORIENTED_EDGE('',*,*,#6601,.T.);
#9105=ORIENTED_EDGE('',*,*,#6602,.F.);
#9106=ORIENTED_EDGE('',*,*,#6603,.F.);
#9107=ORIENTED_EDGE('',*,*,#6049,.T.);
#9108=ORIENTED_EDGE('',*,*,#6603,.T.);
#9109=ORIENTED_EDGE('',*,*,#6604,.F.);
#9110=ORIENTED_EDGE('',*,*,#6605,.F.);
#9111=ORIENTED_EDGE('',*,*,#6050,.T.);
#9112=ORIENTED_EDGE('',*,*,#6605,.T.);
#9113=ORIENTED_EDGE('',*,*,#6606,.F.);
#9114=ORIENTED_EDGE('',*,*,#6607,.F.);
#9115=ORIENTED_EDGE('',*,*,#6051,.T.);
#9116=ORIENTED_EDGE('',*,*,#6607,.T.);
#9117=ORIENTED_EDGE('',*,*,#6608,.F.);
#9118=ORIENTED_EDGE('',*,*,#6609,.F.);
#9119=ORIENTED_EDGE('',*,*,#6052,.T.);
#9120=ORIENTED_EDGE('',*,*,#6609,.T.);
#9121=ORIENTED_EDGE('',*,*,#6610,.F.);
#9122=ORIENTED_EDGE('',*,*,#6611,.F.);
#9123=ORIENTED_EDGE('',*,*,#6053,.T.);
#9124=ORIENTED_EDGE('',*,*,#6611,.T.);
#9125=ORIENTED_EDGE('',*,*,#6612,.F.);
#9126=ORIENTED_EDGE('',*,*,#6613,.F.);
#9127=ORIENTED_EDGE('',*,*,#6054,.T.);
#9128=ORIENTED_EDGE('',*,*,#6613,.T.);
#9129=ORIENTED_EDGE('',*,*,#6614,.F.);
#9130=ORIENTED_EDGE('',*,*,#6615,.F.);
#9131=ORIENTED_EDGE('',*,*,#6055,.T.);
#9132=ORIENTED_EDGE('',*,*,#6615,.T.);
#9133=ORIENTED_EDGE('',*,*,#6616,.F.);
#9134=ORIENTED_EDGE('',*,*,#6617,.F.);
#9135=ORIENTED_EDGE('',*,*,#6056,.T.);
#9136=ORIENTED_EDGE('',*,*,#6617,.T.);
#9137=ORIENTED_EDGE('',*,*,#6618,.F.);
#9138=ORIENTED_EDGE('',*,*,#6619,.F.);
#9139=ORIENTED_EDGE('',*,*,#6057,.T.);
#9140=ORIENTED_EDGE('',*,*,#6619,.T.);
#9141=ORIENTED_EDGE('',*,*,#6620,.F.);
#9142=ORIENTED_EDGE('',*,*,#6621,.F.);
#9143=ORIENTED_EDGE('',*,*,#6058,.T.);
#9144=ORIENTED_EDGE('',*,*,#6621,.T.);
#9145=ORIENTED_EDGE('',*,*,#6622,.F.);
#9146=ORIENTED_EDGE('',*,*,#6623,.F.);
#9147=ORIENTED_EDGE('',*,*,#6059,.T.);
#9148=ORIENTED_EDGE('',*,*,#6623,.T.);
#9149=ORIENTED_EDGE('',*,*,#6624,.F.);
#9150=ORIENTED_EDGE('',*,*,#6625,.F.);
#9151=ORIENTED_EDGE('',*,*,#6060,.T.);
#9152=ORIENTED_EDGE('',*,*,#6625,.T.);
#9153=ORIENTED_EDGE('',*,*,#6626,.F.);
#9154=ORIENTED_EDGE('',*,*,#6627,.F.);
#9155=ORIENTED_EDGE('',*,*,#6061,.T.);
#9156=ORIENTED_EDGE('',*,*,#6627,.T.);
#9157=ORIENTED_EDGE('',*,*,#6628,.F.);
#9158=ORIENTED_EDGE('',*,*,#6629,.F.);
#9159=ORIENTED_EDGE('',*,*,#6062,.T.);
#9160=ORIENTED_EDGE('',*,*,#6629,.T.);
#9161=ORIENTED_EDGE('',*,*,#6630,.F.);
#9162=ORIENTED_EDGE('',*,*,#6631,.F.);
#9163=ORIENTED_EDGE('',*,*,#6063,.T.);
#9164=ORIENTED_EDGE('',*,*,#6631,.T.);
#9165=ORIENTED_EDGE('',*,*,#6632,.F.);
#9166=ORIENTED_EDGE('',*,*,#6633,.F.);
#9167=ORIENTED_EDGE('',*,*,#6064,.T.);
#9168=ORIENTED_EDGE('',*,*,#6633,.T.);
#9169=ORIENTED_EDGE('',*,*,#6634,.F.);
#9170=ORIENTED_EDGE('',*,*,#6635,.F.);
#9171=ORIENTED_EDGE('',*,*,#6065,.T.);
#9172=ORIENTED_EDGE('',*,*,#6635,.T.);
#9173=ORIENTED_EDGE('',*,*,#6636,.F.);
#9174=ORIENTED_EDGE('',*,*,#6637,.F.);
#9175=ORIENTED_EDGE('',*,*,#6066,.T.);
#9176=ORIENTED_EDGE('',*,*,#6637,.T.);
#9177=ORIENTED_EDGE('',*,*,#6638,.F.);
#9178=ORIENTED_EDGE('',*,*,#6639,.F.);
#9179=ORIENTED_EDGE('',*,*,#6067,.T.);
#9180=ORIENTED_EDGE('',*,*,#6639,.T.);
#9181=ORIENTED_EDGE('',*,*,#6640,.F.);
#9182=ORIENTED_EDGE('',*,*,#6641,.F.);
#9183=ORIENTED_EDGE('',*,*,#6068,.T.);
#9184=ORIENTED_EDGE('',*,*,#6641,.T.);
#9185=ORIENTED_EDGE('',*,*,#6642,.F.);
#9186=ORIENTED_EDGE('',*,*,#6643,.F.);
#9187=ORIENTED_EDGE('',*,*,#6069,.T.);
#9188=ORIENTED_EDGE('',*,*,#6643,.T.);
#9189=ORIENTED_EDGE('',*,*,#6644,.F.);
#9190=ORIENTED_EDGE('',*,*,#6645,.F.);
#9191=ORIENTED_EDGE('',*,*,#6070,.T.);
#9192=ORIENTED_EDGE('',*,*,#6645,.T.);
#9193=ORIENTED_EDGE('',*,*,#6646,.F.);
#9194=ORIENTED_EDGE('',*,*,#6647,.F.);
#9195=ORIENTED_EDGE('',*,*,#6071,.T.);
#9196=ORIENTED_EDGE('',*,*,#6647,.T.);
#9197=ORIENTED_EDGE('',*,*,#6648,.F.);
#9198=ORIENTED_EDGE('',*,*,#6649,.F.);
#9199=ORIENTED_EDGE('',*,*,#6072,.T.);
#9200=ORIENTED_EDGE('',*,*,#6649,.T.);
#9201=ORIENTED_EDGE('',*,*,#6650,.F.);
#9202=ORIENTED_EDGE('',*,*,#6651,.F.);
#9203=ORIENTED_EDGE('',*,*,#6073,.T.);
#9204=ORIENTED_EDGE('',*,*,#6651,.T.);
#9205=ORIENTED_EDGE('',*,*,#6652,.F.);
#9206=ORIENTED_EDGE('',*,*,#6653,.F.);
#9207=ORIENTED_EDGE('',*,*,#6074,.T.);
#9208=ORIENTED_EDGE('',*,*,#6653,.T.);
#9209=ORIENTED_EDGE('',*,*,#6654,.F.);
#9210=ORIENTED_EDGE('',*,*,#6366,.F.);
#9211=ORIENTED_EDGE('',*,*,#6654,.T.);
#9212=ORIENTED_EDGE('',*,*,#6652,.T.);
#9213=ORIENTED_EDGE('',*,*,#6650,.T.);
#9214=ORIENTED_EDGE('',*,*,#6648,.T.);
#9215=ORIENTED_EDGE('',*,*,#6646,.T.);
#9216=ORIENTED_EDGE('',*,*,#6644,.T.);
#9217=ORIENTED_EDGE('',*,*,#6642,.T.);
#9218=ORIENTED_EDGE('',*,*,#6640,.T.);
#9219=ORIENTED_EDGE('',*,*,#6638,.T.);
#9220=ORIENTED_EDGE('',*,*,#6636,.T.);
#9221=ORIENTED_EDGE('',*,*,#6634,.T.);
#9222=ORIENTED_EDGE('',*,*,#6632,.T.);
#9223=ORIENTED_EDGE('',*,*,#6630,.T.);
#9224=ORIENTED_EDGE('',*,*,#6628,.T.);
#9225=ORIENTED_EDGE('',*,*,#6626,.T.);
#9226=ORIENTED_EDGE('',*,*,#6624,.T.);
#9227=ORIENTED_EDGE('',*,*,#6622,.T.);
#9228=ORIENTED_EDGE('',*,*,#6620,.T.);
#9229=ORIENTED_EDGE('',*,*,#6618,.T.);
#9230=ORIENTED_EDGE('',*,*,#6616,.T.);
#9231=ORIENTED_EDGE('',*,*,#6614,.T.);
#9232=ORIENTED_EDGE('',*,*,#6612,.T.);
#9233=ORIENTED_EDGE('',*,*,#6610,.T.);
#9234=ORIENTED_EDGE('',*,*,#6608,.T.);
#9235=ORIENTED_EDGE('',*,*,#6606,.T.);
#9236=ORIENTED_EDGE('',*,*,#6604,.T.);
#9237=ORIENTED_EDGE('',*,*,#6602,.T.);
#9238=ORIENTED_EDGE('',*,*,#6600,.T.);
#9239=ORIENTED_EDGE('',*,*,#6598,.T.);
#9240=ORIENTED_EDGE('',*,*,#6596,.T.);
#9241=ORIENTED_EDGE('',*,*,#6594,.T.);
#9242=ORIENTED_EDGE('',*,*,#6592,.T.);
#9243=ORIENTED_EDGE('',*,*,#6590,.T.);
#9244=ORIENTED_EDGE('',*,*,#6588,.T.);
#9245=ORIENTED_EDGE('',*,*,#6586,.T.);
#9246=ORIENTED_EDGE('',*,*,#6584,.T.);
#9247=ORIENTED_EDGE('',*,*,#6582,.T.);
#9248=ORIENTED_EDGE('',*,*,#6580,.T.);
#9249=ORIENTED_EDGE('',*,*,#6578,.T.);
#9250=ORIENTED_EDGE('',*,*,#6576,.T.);
#9251=ORIENTED_EDGE('',*,*,#6574,.T.);
#9252=ORIENTED_EDGE('',*,*,#6572,.T.);
#9253=ORIENTED_EDGE('',*,*,#6570,.T.);
#9254=ORIENTED_EDGE('',*,*,#6568,.T.);
#9255=ORIENTED_EDGE('',*,*,#6566,.T.);
#9256=ORIENTED_EDGE('',*,*,#6564,.T.);
#9257=ORIENTED_EDGE('',*,*,#6562,.T.);
#9258=ORIENTED_EDGE('',*,*,#6560,.T.);
#9259=ORIENTED_EDGE('',*,*,#6558,.T.);
#9260=ORIENTED_EDGE('',*,*,#6556,.T.);
#9261=ORIENTED_EDGE('',*,*,#6554,.T.);
#9262=ORIENTED_EDGE('',*,*,#6552,.T.);
#9263=ORIENTED_EDGE('',*,*,#6550,.T.);
#9264=ORIENTED_EDGE('',*,*,#6548,.T.);
#9265=ORIENTED_EDGE('',*,*,#6546,.T.);
#9266=ORIENTED_EDGE('',*,*,#6544,.T.);
#9267=ORIENTED_EDGE('',*,*,#6542,.T.);
#9268=ORIENTED_EDGE('',*,*,#6540,.T.);
#9269=ORIENTED_EDGE('',*,*,#6538,.T.);
#9270=ORIENTED_EDGE('',*,*,#6536,.T.);
#9271=ORIENTED_EDGE('',*,*,#6534,.T.);
#9272=ORIENTED_EDGE('',*,*,#6532,.T.);
#9273=ORIENTED_EDGE('',*,*,#6530,.T.);
#9274=ORIENTED_EDGE('',*,*,#6528,.T.);
#9275=ORIENTED_EDGE('',*,*,#6526,.T.);
#9276=ORIENTED_EDGE('',*,*,#6524,.T.);
#9277=ORIENTED_EDGE('',*,*,#6522,.T.);
#9278=ORIENTED_EDGE('',*,*,#6520,.T.);
#9279=ORIENTED_EDGE('',*,*,#6518,.T.);
#9280=ORIENTED_EDGE('',*,*,#6516,.T.);
#9281=ORIENTED_EDGE('',*,*,#6514,.T.);
#9282=ORIENTED_EDGE('',*,*,#6512,.T.);
#9283=ORIENTED_EDGE('',*,*,#6510,.T.);
#9284=ORIENTED_EDGE('',*,*,#6508,.T.);
#9285=ORIENTED_EDGE('',*,*,#6506,.T.);
#9286=ORIENTED_EDGE('',*,*,#6504,.T.);
#9287=ORIENTED_EDGE('',*,*,#6502,.T.);
#9288=ORIENTED_EDGE('',*,*,#6500,.T.);
#9289=ORIENTED_EDGE('',*,*,#6498,.T.);
#9290=ORIENTED_EDGE('',*,*,#6496,.T.);
#9291=ORIENTED_EDGE('',*,*,#6494,.T.);
#9292=ORIENTED_EDGE('',*,*,#6492,.T.);
#9293=ORIENTED_EDGE('',*,*,#6490,.T.);
#9294=ORIENTED_EDGE('',*,*,#6488,.T.);
#9295=ORIENTED_EDGE('',*,*,#6486,.T.);
#9296=ORIENTED_EDGE('',*,*,#6484,.T.);
#9297=ORIENTED_EDGE('',*,*,#6482,.T.);
#9298=ORIENTED_EDGE('',*,*,#6480,.T.);
#9299=ORIENTED_EDGE('',*,*,#6478,.T.);
#9300=ORIENTED_EDGE('',*,*,#6476,.T.);
#9301=ORIENTED_EDGE('',*,*,#6474,.T.);
#9302=ORIENTED_EDGE('',*,*,#6472,.T.);
#9303=ORIENTED_EDGE('',*,*,#6470,.T.);
#9304=ORIENTED_EDGE('',*,*,#6468,.T.);
#9305=ORIENTED_EDGE('',*,*,#6466,.T.);
#9306=ORIENTED_EDGE('',*,*,#6464,.T.);
#9307=ORIENTED_EDGE('',*,*,#6462,.T.);
#9308=ORIENTED_EDGE('',*,*,#6460,.T.);
#9309=ORIENTED_EDGE('',*,*,#6458,.T.);
#9310=ORIENTED_EDGE('',*,*,#6456,.T.);
#9311=ORIENTED_EDGE('',*,*,#6454,.T.);
#9312=ORIENTED_EDGE('',*,*,#6452,.T.);
#9313=ORIENTED_EDGE('',*,*,#6450,.T.);
#9314=ORIENTED_EDGE('',*,*,#6448,.T.);
#9315=ORIENTED_EDGE('',*,*,#6446,.T.);
#9316=ORIENTED_EDGE('',*,*,#6444,.T.);
#9317=ORIENTED_EDGE('',*,*,#6442,.T.);
#9318=ORIENTED_EDGE('',*,*,#6440,.T.);
#9319=ORIENTED_EDGE('',*,*,#6438,.T.);
#9320=ORIENTED_EDGE('',*,*,#6436,.T.);
#9321=ORIENTED_EDGE('',*,*,#6434,.T.);
#9322=ORIENTED_EDGE('',*,*,#6432,.T.);
#9323=ORIENTED_EDGE('',*,*,#6430,.T.);
#9324=ORIENTED_EDGE('',*,*,#6428,.T.);
#9325=ORIENTED_EDGE('',*,*,#6426,.T.);
#9326=ORIENTED_EDGE('',*,*,#6424,.T.);
#9327=ORIENTED_EDGE('',*,*,#6422,.T.);
#9328=ORIENTED_EDGE('',*,*,#6420,.T.);
#9329=ORIENTED_EDGE('',*,*,#6418,.T.);
#9330=ORIENTED_EDGE('',*,*,#6416,.T.);
#9331=ORIENTED_EDGE('',*,*,#6414,.T.);
#9332=ORIENTED_EDGE('',*,*,#6412,.T.);
#9333=ORIENTED_EDGE('',*,*,#6410,.T.);
#9334=ORIENTED_EDGE('',*,*,#6408,.T.);
#9335=ORIENTED_EDGE('',*,*,#6406,.T.);
#9336=ORIENTED_EDGE('',*,*,#6404,.T.);
#9337=ORIENTED_EDGE('',*,*,#6402,.T.);
#9338=ORIENTED_EDGE('',*,*,#6400,.T.);
#9339=ORIENTED_EDGE('',*,*,#6398,.T.);
#9340=ORIENTED_EDGE('',*,*,#6396,.T.);
#9341=ORIENTED_EDGE('',*,*,#6394,.T.);
#9342=ORIENTED_EDGE('',*,*,#6392,.T.);
#9343=ORIENTED_EDGE('',*,*,#6390,.T.);
#9344=ORIENTED_EDGE('',*,*,#6388,.T.);
#9345=ORIENTED_EDGE('',*,*,#6386,.T.);
#9346=ORIENTED_EDGE('',*,*,#6384,.T.);
#9347=ORIENTED_EDGE('',*,*,#6382,.T.);
#9348=ORIENTED_EDGE('',*,*,#6380,.T.);
#9349=ORIENTED_EDGE('',*,*,#6378,.T.);
#9350=ORIENTED_EDGE('',*,*,#6376,.T.);
#9351=ORIENTED_EDGE('',*,*,#6374,.T.);
#9352=ORIENTED_EDGE('',*,*,#6372,.T.);
#9353=ORIENTED_EDGE('',*,*,#6370,.T.);
#9354=ORIENTED_EDGE('',*,*,#6368,.T.);
#9355=ORIENTED_EDGE('',*,*,#6076,.T.);
#9356=ORIENTED_EDGE('',*,*,#6079,.T.);
#9357=ORIENTED_EDGE('',*,*,#6081,.T.);
#9358=ORIENTED_EDGE('',*,*,#6083,.T.);
#9359=ORIENTED_EDGE('',*,*,#6085,.T.);
#9360=ORIENTED_EDGE('',*,*,#6087,.T.);
#9361=ORIENTED_EDGE('',*,*,#6089,.T.);
#9362=ORIENTED_EDGE('',*,*,#6091,.T.);
#9363=ORIENTED_EDGE('',*,*,#6093,.T.);
#9364=ORIENTED_EDGE('',*,*,#6095,.T.);
#9365=ORIENTED_EDGE('',*,*,#6097,.T.);
#9366=ORIENTED_EDGE('',*,*,#6099,.T.);
#9367=ORIENTED_EDGE('',*,*,#6101,.T.);
#9368=ORIENTED_EDGE('',*,*,#6103,.T.);
#9369=ORIENTED_EDGE('',*,*,#6105,.T.);
#9370=ORIENTED_EDGE('',*,*,#6107,.T.);
#9371=ORIENTED_EDGE('',*,*,#6109,.T.);
#9372=ORIENTED_EDGE('',*,*,#6111,.T.);
#9373=ORIENTED_EDGE('',*,*,#6113,.T.);
#9374=ORIENTED_EDGE('',*,*,#6115,.T.);
#9375=ORIENTED_EDGE('',*,*,#6117,.T.);
#9376=ORIENTED_EDGE('',*,*,#6119,.T.);
#9377=ORIENTED_EDGE('',*,*,#6121,.T.);
#9378=ORIENTED_EDGE('',*,*,#6123,.T.);
#9379=ORIENTED_EDGE('',*,*,#6125,.T.);
#9380=ORIENTED_EDGE('',*,*,#6127,.T.);
#9381=ORIENTED_EDGE('',*,*,#6129,.T.);
#9382=ORIENTED_EDGE('',*,*,#6131,.T.);
#9383=ORIENTED_EDGE('',*,*,#6133,.T.);
#9384=ORIENTED_EDGE('',*,*,#6135,.T.);
#9385=ORIENTED_EDGE('',*,*,#6137,.T.);
#9386=ORIENTED_EDGE('',*,*,#6139,.T.);
#9387=ORIENTED_EDGE('',*,*,#6141,.T.);
#9388=ORIENTED_EDGE('',*,*,#6143,.T.);
#9389=ORIENTED_EDGE('',*,*,#6145,.T.);
#9390=ORIENTED_EDGE('',*,*,#6147,.T.);
#9391=ORIENTED_EDGE('',*,*,#6149,.T.);
#9392=ORIENTED_EDGE('',*,*,#6151,.T.);
#9393=ORIENTED_EDGE('',*,*,#6153,.T.);
#9394=ORIENTED_EDGE('',*,*,#6155,.T.);
#9395=ORIENTED_EDGE('',*,*,#6157,.T.);
#9396=ORIENTED_EDGE('',*,*,#6159,.T.);
#9397=ORIENTED_EDGE('',*,*,#6161,.T.);
#9398=ORIENTED_EDGE('',*,*,#6163,.T.);
#9399=ORIENTED_EDGE('',*,*,#6165,.T.);
#9400=ORIENTED_EDGE('',*,*,#6167,.T.);
#9401=ORIENTED_EDGE('',*,*,#6169,.T.);
#9402=ORIENTED_EDGE('',*,*,#6171,.T.);
#9403=ORIENTED_EDGE('',*,*,#6173,.T.);
#9404=ORIENTED_EDGE('',*,*,#6175,.T.);
#9405=ORIENTED_EDGE('',*,*,#6177,.T.);
#9406=ORIENTED_EDGE('',*,*,#6179,.T.);
#9407=ORIENTED_EDGE('',*,*,#6181,.T.);
#9408=ORIENTED_EDGE('',*,*,#6183,.T.);
#9409=ORIENTED_EDGE('',*,*,#6185,.T.);
#9410=ORIENTED_EDGE('',*,*,#6187,.T.);
#9411=ORIENTED_EDGE('',*,*,#6189,.T.);
#9412=ORIENTED_EDGE('',*,*,#6191,.T.);
#9413=ORIENTED_EDGE('',*,*,#6193,.T.);
#9414=ORIENTED_EDGE('',*,*,#6195,.T.);
#9415=ORIENTED_EDGE('',*,*,#6197,.T.);
#9416=ORIENTED_EDGE('',*,*,#6199,.T.);
#9417=ORIENTED_EDGE('',*,*,#6201,.T.);
#9418=ORIENTED_EDGE('',*,*,#6203,.T.);
#9419=ORIENTED_EDGE('',*,*,#6205,.T.);
#9420=ORIENTED_EDGE('',*,*,#6207,.T.);
#9421=ORIENTED_EDGE('',*,*,#6209,.T.);
#9422=ORIENTED_EDGE('',*,*,#6211,.T.);
#9423=ORIENTED_EDGE('',*,*,#6213,.T.);
#9424=ORIENTED_EDGE('',*,*,#6215,.T.);
#9425=ORIENTED_EDGE('',*,*,#6217,.T.);
#9426=ORIENTED_EDGE('',*,*,#6219,.T.);
#9427=ORIENTED_EDGE('',*,*,#6221,.T.);
#9428=ORIENTED_EDGE('',*,*,#6223,.T.);
#9429=ORIENTED_EDGE('',*,*,#6225,.T.);
#9430=ORIENTED_EDGE('',*,*,#6227,.T.);
#9431=ORIENTED_EDGE('',*,*,#6229,.T.);
#9432=ORIENTED_EDGE('',*,*,#6231,.T.);
#9433=ORIENTED_EDGE('',*,*,#6233,.T.);
#9434=ORIENTED_EDGE('',*,*,#6235,.T.);
#9435=ORIENTED_EDGE('',*,*,#6237,.T.);
#9436=ORIENTED_EDGE('',*,*,#6239,.T.);
#9437=ORIENTED_EDGE('',*,*,#6241,.T.);
#9438=ORIENTED_EDGE('',*,*,#6243,.T.);
#9439=ORIENTED_EDGE('',*,*,#6245,.T.);
#9440=ORIENTED_EDGE('',*,*,#6247,.T.);
#9441=ORIENTED_EDGE('',*,*,#6249,.T.);
#9442=ORIENTED_EDGE('',*,*,#6251,.T.);
#9443=ORIENTED_EDGE('',*,*,#6253,.T.);
#9444=ORIENTED_EDGE('',*,*,#6255,.T.);
#9445=ORIENTED_EDGE('',*,*,#6257,.T.);
#9446=ORIENTED_EDGE('',*,*,#6259,.T.);
#9447=ORIENTED_EDGE('',*,*,#6261,.T.);
#9448=ORIENTED_EDGE('',*,*,#6263,.T.);
#9449=ORIENTED_EDGE('',*,*,#6265,.T.);
#9450=ORIENTED_EDGE('',*,*,#6267,.T.);
#9451=ORIENTED_EDGE('',*,*,#6269,.T.);
#9452=ORIENTED_EDGE('',*,*,#6271,.T.);
#9453=ORIENTED_EDGE('',*,*,#6273,.T.);
#9454=ORIENTED_EDGE('',*,*,#6275,.T.);
#9455=ORIENTED_EDGE('',*,*,#6277,.T.);
#9456=ORIENTED_EDGE('',*,*,#6279,.T.);
#9457=ORIENTED_EDGE('',*,*,#6281,.T.);
#9458=ORIENTED_EDGE('',*,*,#6283,.T.);
#9459=ORIENTED_EDGE('',*,*,#6285,.T.);
#9460=ORIENTED_EDGE('',*,*,#6287,.T.);
#9461=ORIENTED_EDGE('',*,*,#6289,.T.);
#9462=ORIENTED_EDGE('',*,*,#6291,.T.);
#9463=ORIENTED_EDGE('',*,*,#6293,.T.);
#9464=ORIENTED_EDGE('',*,*,#6295,.T.);
#9465=ORIENTED_EDGE('',*,*,#6297,.T.);
#9466=ORIENTED_EDGE('',*,*,#6299,.T.);
#9467=ORIENTED_EDGE('',*,*,#6301,.T.);
#9468=ORIENTED_EDGE('',*,*,#6303,.T.);
#9469=ORIENTED_EDGE('',*,*,#6305,.T.);
#9470=ORIENTED_EDGE('',*,*,#6307,.T.);
#9471=ORIENTED_EDGE('',*,*,#6309,.T.);
#9472=ORIENTED_EDGE('',*,*,#6311,.T.);
#9473=ORIENTED_EDGE('',*,*,#6313,.T.);
#9474=ORIENTED_EDGE('',*,*,#6315,.T.);
#9475=ORIENTED_EDGE('',*,*,#6317,.T.);
#9476=ORIENTED_EDGE('',*,*,#6319,.T.);
#9477=ORIENTED_EDGE('',*,*,#6321,.T.);
#9478=ORIENTED_EDGE('',*,*,#6323,.T.);
#9479=ORIENTED_EDGE('',*,*,#6325,.T.);
#9480=ORIENTED_EDGE('',*,*,#6327,.T.);
#9481=ORIENTED_EDGE('',*,*,#6329,.T.);
#9482=ORIENTED_EDGE('',*,*,#6331,.T.);
#9483=ORIENTED_EDGE('',*,*,#6333,.T.);
#9484=ORIENTED_EDGE('',*,*,#6335,.T.);
#9485=ORIENTED_EDGE('',*,*,#6337,.T.);
#9486=ORIENTED_EDGE('',*,*,#6339,.T.);
#9487=ORIENTED_EDGE('',*,*,#6341,.T.);
#9488=ORIENTED_EDGE('',*,*,#6343,.T.);
#9489=ORIENTED_EDGE('',*,*,#6345,.T.);
#9490=ORIENTED_EDGE('',*,*,#6347,.T.);
#9491=ORIENTED_EDGE('',*,*,#6349,.T.);
#9492=ORIENTED_EDGE('',*,*,#6351,.T.);
#9493=ORIENTED_EDGE('',*,*,#6353,.T.);
#9494=ORIENTED_EDGE('',*,*,#6355,.T.);
#9495=ORIENTED_EDGE('',*,*,#6357,.T.);
#9496=ORIENTED_EDGE('',*,*,#6359,.T.);
#9497=ORIENTED_EDGE('',*,*,#6361,.T.);
#9498=ORIENTED_EDGE('',*,*,#6363,.T.);
#9499=ORIENTED_EDGE('',*,*,#6365,.T.);
#9500=ORIENTED_EDGE('',*,*,#6367,.T.);
#9501=ORIENTED_EDGE('',*,*,#5782,.T.);
#9502=ORIENTED_EDGE('',*,*,#5774,.T.);
#9503=ORIENTED_EDGE('',*,*,#5770,.T.);
#9504=ORIENTED_EDGE('',*,*,#5777,.T.);
#9505=ORIENTED_EDGE('',*,*,#6655,.F.);
#9506=ORIENTED_EDGE('',*,*,#6656,.F.);
#9507=ORIENTED_EDGE('',*,*,#6657,.F.);
#9508=ORIENTED_EDGE('',*,*,#6658,.F.);
#9509=ORIENTED_EDGE('',*,*,#6659,.F.);
#9510=ORIENTED_EDGE('',*,*,#6660,.F.);
#9511=ORIENTED_EDGE('',*,*,#6661,.F.);
#9512=ORIENTED_EDGE('',*,*,#6662,.F.);
#9513=ORIENTED_EDGE('',*,*,#6663,.F.);
#9514=ORIENTED_EDGE('',*,*,#6664,.F.);
#9515=ORIENTED_EDGE('',*,*,#6665,.F.);
#9516=ORIENTED_EDGE('',*,*,#6666,.T.);
#9517=ORIENTED_EDGE('',*,*,#6667,.F.);
#9518=ORIENTED_EDGE('',*,*,#6666,.F.);
#9519=ORIENTED_EDGE('',*,*,#6668,.F.);
#9520=ORIENTED_EDGE('',*,*,#6656,.T.);
#9521=ORIENTED_EDGE('',*,*,#6669,.F.);
#9522=ORIENTED_EDGE('',*,*,#6670,.F.);
#9523=ORIENTED_EDGE('',*,*,#6671,.F.);
#9524=ORIENTED_EDGE('',*,*,#6660,.T.);
#9525=ORIENTED_EDGE('',*,*,#6672,.F.);
#9526=ORIENTED_EDGE('',*,*,#6673,.F.);
#9527=ORIENTED_EDGE('',*,*,#6674,.F.);
#9528=ORIENTED_EDGE('',*,*,#6670,.T.);
#9529=ORIENTED_EDGE('',*,*,#6675,.T.);
#9530=ORIENTED_EDGE('',*,*,#6676,.T.);
#9531=ORIENTED_EDGE('',*,*,#6677,.T.);
#9532=ORIENTED_EDGE('',*,*,#6678,.T.);
#9533=ORIENTED_EDGE('',*,*,#6661,.T.);
#9534=ORIENTED_EDGE('',*,*,#6671,.T.);
#9535=ORIENTED_EDGE('',*,*,#6674,.T.);
#9536=ORIENTED_EDGE('',*,*,#6679,.T.);
#9537=ORIENTED_EDGE('',*,*,#6663,.T.);
#9538=ORIENTED_EDGE('',*,*,#6667,.T.);
#9539=ORIENTED_EDGE('',*,*,#6655,.T.);
#9540=ORIENTED_EDGE('',*,*,#6680,.T.);
#9541=ORIENTED_EDGE('',*,*,#6673,.T.);
#9542=ORIENTED_EDGE('',*,*,#6681,.F.);
#9543=ORIENTED_EDGE('',*,*,#6664,.T.);
#9544=ORIENTED_EDGE('',*,*,#6679,.F.);
#9545=ORIENTED_EDGE('',*,*,#6662,.T.);
#9546=ORIENTED_EDGE('',*,*,#6680,.F.);
#9547=ORIENTED_EDGE('',*,*,#6658,.T.);
#9548=ORIENTED_EDGE('',*,*,#6682,.F.);
#9549=ORIENTED_EDGE('',*,*,#6683,.F.);
#9550=ORIENTED_EDGE('',*,*,#6684,.T.);
#9551=ORIENTED_EDGE('',*,*,#6685,.F.);
#9552=ORIENTED_EDGE('',*,*,#6686,.F.);
#9553=ORIENTED_EDGE('',*,*,#6687,.F.);
#9554=ORIENTED_EDGE('',*,*,#6688,.F.);
#9555=ORIENTED_EDGE('',*,*,#6689,.F.);
#9556=ORIENTED_EDGE('',*,*,#6690,.F.);
#9557=ORIENTED_EDGE('',*,*,#6684,.F.);
#9558=ORIENTED_EDGE('',*,*,#6691,.F.);
#9559=ORIENTED_EDGE('',*,*,#6692,.F.);
#9560=ORIENTED_EDGE('',*,*,#6693,.F.);
#9561=ORIENTED_EDGE('',*,*,#6694,.F.);
#9562=ORIENTED_EDGE('',*,*,#6695,.F.);
#9563=ORIENTED_EDGE('',*,*,#6692,.T.);
#9564=ORIENTED_EDGE('',*,*,#6696,.T.);
#9565=ORIENTED_EDGE('',*,*,#6697,.T.);
#9566=ORIENTED_EDGE('',*,*,#6698,.F.);
#9567=ORIENTED_EDGE('',*,*,#6693,.T.);
#9568=ORIENTED_EDGE('',*,*,#6698,.T.);
#9569=ORIENTED_EDGE('',*,*,#6699,.T.);
#9570=ORIENTED_EDGE('',*,*,#6700,.F.);
#9571=ORIENTED_EDGE('',*,*,#6691,.T.);
#9572=ORIENTED_EDGE('',*,*,#6683,.T.);
#9573=ORIENTED_EDGE('',*,*,#6701,.T.);
#9574=ORIENTED_EDGE('',*,*,#6696,.F.);
#9575=ORIENTED_EDGE('',*,*,#6689,.T.);
#9576=ORIENTED_EDGE('',*,*,#6702,.T.);
#9577=ORIENTED_EDGE('',*,*,#6676,.F.);
#9578=ORIENTED_EDGE('',*,*,#6703,.F.);
#9579=ORIENTED_EDGE('',*,*,#6688,.T.);
#9580=ORIENTED_EDGE('',*,*,#6704,.T.);
#9581=ORIENTED_EDGE('',*,*,#6677,.F.);
#9582=ORIENTED_EDGE('',*,*,#6702,.F.);
#9583=ORIENTED_EDGE('',*,*,#6659,.T.);
#9584=ORIENTED_EDGE('',*,*,#6686,.T.);
#9585=ORIENTED_EDGE('',*,*,#6705,.F.);
#9586=ORIENTED_EDGE('',*,*,#6706,.F.);
#9587=ORIENTED_EDGE('',*,*,#6699,.F.);
#9588=ORIENTED_EDGE('',*,*,#6697,.F.);
#9589=ORIENTED_EDGE('',*,*,#6701,.F.);
#9590=ORIENTED_EDGE('',*,*,#6682,.T.);
#9591=ORIENTED_EDGE('',*,*,#6657,.T.);
#9592=ORIENTED_EDGE('',*,*,#6668,.T.);
#9593=ORIENTED_EDGE('',*,*,#6665,.T.);
#9594=ORIENTED_EDGE('',*,*,#6681,.T.);
#9595=ORIENTED_EDGE('',*,*,#6672,.T.);
#9596=ORIENTED_EDGE('',*,*,#6669,.T.);
#9597=ORIENTED_EDGE('',*,*,#6695,.T.);
#9598=ORIENTED_EDGE('',*,*,#6707,.F.);
#9599=ORIENTED_EDGE('',*,*,#6705,.T.);
#9600=ORIENTED_EDGE('',*,*,#6685,.T.);
#9601=ORIENTED_EDGE('',*,*,#6694,.T.);
#9602=ORIENTED_EDGE('',*,*,#6700,.T.);
#9603=ORIENTED_EDGE('',*,*,#6706,.T.);
#9604=ORIENTED_EDGE('',*,*,#6707,.T.);
#9605=ORIENTED_EDGE('',*,*,#6687,.T.);
#9606=ORIENTED_EDGE('',*,*,#6708,.F.);
#9607=ORIENTED_EDGE('',*,*,#6678,.F.);
#9608=ORIENTED_EDGE('',*,*,#6704,.F.);
#9609=ORIENTED_EDGE('',*,*,#6690,.T.);
#9610=ORIENTED_EDGE('',*,*,#6703,.T.);
#9611=ORIENTED_EDGE('',*,*,#6675,.F.);
#9612=ORIENTED_EDGE('',*,*,#6708,.T.);
#9613=ORIENTED_EDGE('',*,*,#6709,.T.);
#9614=ORIENTED_EDGE('',*,*,#6710,.T.);
#9615=ORIENTED_EDGE('',*,*,#6711,.T.);
#9616=ORIENTED_EDGE('',*,*,#6712,.T.);
#9617=ORIENTED_EDGE('',*,*,#6713,.T.);
#9618=ORIENTED_EDGE('',*,*,#6714,.T.);
#9619=ORIENTED_EDGE('',*,*,#6715,.T.);
#9620=ORIENTED_EDGE('',*,*,#6716,.F.);
#9621=ORIENTED_EDGE('',*,*,#6717,.F.);
#9622=ORIENTED_EDGE('',*,*,#6718,.F.);
#9623=ORIENTED_EDGE('',*,*,#6719,.F.);
#9624=ORIENTED_EDGE('',*,*,#6720,.F.);
#9625=ORIENTED_EDGE('',*,*,#6721,.T.);
#9626=ORIENTED_EDGE('',*,*,#6722,.F.);
#9627=ORIENTED_EDGE('',*,*,#6710,.F.);
#9628=ORIENTED_EDGE('',*,*,#6723,.F.);
#9629=ORIENTED_EDGE('',*,*,#6724,.T.);
#9630=ORIENTED_EDGE('',*,*,#6723,.T.);
#9631=ORIENTED_EDGE('',*,*,#6709,.F.);
#9632=ORIENTED_EDGE('',*,*,#6725,.T.);
#9633=ORIENTED_EDGE('',*,*,#6726,.T.);
#9634=ORIENTED_EDGE('',*,*,#6727,.F.);
#9635=ORIENTED_EDGE('',*,*,#6711,.F.);
#9636=ORIENTED_EDGE('',*,*,#6722,.T.);
#9637=ORIENTED_EDGE('',*,*,#6728,.T.);
#9638=ORIENTED_EDGE('',*,*,#6725,.F.);
#9639=ORIENTED_EDGE('',*,*,#6712,.F.);
#9640=ORIENTED_EDGE('',*,*,#6727,.T.);
#9641=ORIENTED_EDGE('',*,*,#6713,.F.);
#9642=ORIENTED_EDGE('',*,*,#6729,.T.);
#9643=ORIENTED_EDGE('',*,*,#6714,.F.);
#9644=ORIENTED_EDGE('',*,*,#6730,.F.);
#9645=ORIENTED_EDGE('',*,*,#6731,.T.);
#9646=ORIENTED_EDGE('',*,*,#6732,.F.);
#9647=ORIENTED_EDGE('',*,*,#6715,.F.);
#9648=ORIENTED_EDGE('',*,*,#6729,.F.);
#9649=ORIENTED_EDGE('',*,*,#6733,.T.);
#9650=ORIENTED_EDGE('',*,*,#6730,.T.);
#9651=ORIENTED_EDGE('',*,*,#6720,.T.);
#9652=ORIENTED_EDGE('',*,*,#6734,.F.);
#9653=ORIENTED_EDGE('',*,*,#6735,.T.);
#9654=ORIENTED_EDGE('',*,*,#6736,.F.);
#9655=ORIENTED_EDGE('',*,*,#6716,.T.);
#9656=ORIENTED_EDGE('',*,*,#6732,.T.);
#9657=ORIENTED_EDGE('',*,*,#6737,.T.);
#9658=ORIENTED_EDGE('',*,*,#6734,.T.);
#9659=ORIENTED_EDGE('',*,*,#6719,.T.);
#9660=ORIENTED_EDGE('',*,*,#6738,.T.);
#9661=ORIENTED_EDGE('',*,*,#6739,.T.);
#9662=ORIENTED_EDGE('',*,*,#6738,.F.);
#9663=ORIENTED_EDGE('',*,*,#6718,.T.);
#9664=ORIENTED_EDGE('',*,*,#6740,.T.);
#9665=ORIENTED_EDGE('',*,*,#6741,.T.);
#9666=ORIENTED_EDGE('',*,*,#6740,.F.);
#9667=ORIENTED_EDGE('',*,*,#6717,.T.);
#9668=ORIENTED_EDGE('',*,*,#6736,.T.);
#9669=ORIENTED_EDGE('',*,*,#6721,.F.);
#9670=ORIENTED_EDGE('',*,*,#6724,.F.);
#9671=ORIENTED_EDGE('',*,*,#6728,.F.);
#9672=ORIENTED_EDGE('',*,*,#6726,.F.);
#9673=ORIENTED_EDGE('',*,*,#6731,.F.);
#9674=ORIENTED_EDGE('',*,*,#6733,.F.);
#9675=ORIENTED_EDGE('',*,*,#6737,.F.);
#9676=ORIENTED_EDGE('',*,*,#6739,.F.);
#9677=ORIENTED_EDGE('',*,*,#6741,.F.);
#9678=ORIENTED_EDGE('',*,*,#6735,.F.);
#9679=ORIENTED_EDGE('',*,*,#6742,.T.);
#9680=ORIENTED_EDGE('',*,*,#6743,.T.);
#9681=ORIENTED_EDGE('',*,*,#6744,.F.);
#9682=ORIENTED_EDGE('',*,*,#6743,.F.);
#9683=ORIENTED_EDGE('',*,*,#6745,.T.);
#9684=ORIENTED_EDGE('',*,*,#6746,.T.);
#9685=ORIENTED_EDGE('',*,*,#6747,.F.);
#9686=ORIENTED_EDGE('',*,*,#6748,.F.);
#9687=ORIENTED_EDGE('',*,*,#6749,.T.);
#9688=ORIENTED_EDGE('',*,*,#6748,.T.);
#9689=ORIENTED_EDGE('',*,*,#6750,.F.);
#9690=ORIENTED_EDGE('',*,*,#6751,.F.);
#9691=ORIENTED_EDGE('',*,*,#6752,.T.);
#9692=ORIENTED_EDGE('',*,*,#6751,.T.);
#9693=ORIENTED_EDGE('',*,*,#6753,.F.);
#9694=ORIENTED_EDGE('',*,*,#6754,.F.);
#9695=ORIENTED_EDGE('',*,*,#6755,.T.);
#9696=ORIENTED_EDGE('',*,*,#6754,.T.);
#9697=ORIENTED_EDGE('',*,*,#6756,.F.);
#9698=ORIENTED_EDGE('',*,*,#6746,.F.);
#9699=ORIENTED_EDGE('',*,*,#6756,.T.);
#9700=ORIENTED_EDGE('',*,*,#6753,.T.);
#9701=ORIENTED_EDGE('',*,*,#6750,.T.);
#9702=ORIENTED_EDGE('',*,*,#6747,.T.);
#9703=ORIENTED_EDGE('',*,*,#6744,.T.);
#9704=ORIENTED_EDGE('',*,*,#6755,.F.);
#9705=ORIENTED_EDGE('',*,*,#6745,.F.);
#9706=ORIENTED_EDGE('',*,*,#6749,.F.);
#9707=ORIENTED_EDGE('',*,*,#6752,.F.);
#9708=ORIENTED_EDGE('',*,*,#6742,.F.);
#9709=ORIENTED_EDGE('',*,*,#6757,.T.);
#9710=ORIENTED_EDGE('',*,*,#6758,.T.);
#9711=ORIENTED_EDGE('',*,*,#6759,.F.);
#9712=ORIENTED_EDGE('',*,*,#6758,.F.);
#9713=ORIENTED_EDGE('',*,*,#6760,.T.);
#9714=ORIENTED_EDGE('',*,*,#6761,.T.);
#9715=ORIENTED_EDGE('',*,*,#6762,.F.);
#9716=ORIENTED_EDGE('',*,*,#6763,.F.);
#9717=ORIENTED_EDGE('',*,*,#6764,.T.);
#9718=ORIENTED_EDGE('',*,*,#6763,.T.);
#9719=ORIENTED_EDGE('',*,*,#6765,.F.);
#9720=ORIENTED_EDGE('',*,*,#6766,.F.);
#9721=ORIENTED_EDGE('',*,*,#6767,.T.);
#9722=ORIENTED_EDGE('',*,*,#6766,.T.);
#9723=ORIENTED_EDGE('',*,*,#6768,.F.);
#9724=ORIENTED_EDGE('',*,*,#6769,.F.);
#9725=ORIENTED_EDGE('',*,*,#6770,.T.);
#9726=ORIENTED_EDGE('',*,*,#6769,.T.);
#9727=ORIENTED_EDGE('',*,*,#6771,.F.);
#9728=ORIENTED_EDGE('',*,*,#6761,.F.);
#9729=ORIENTED_EDGE('',*,*,#6771,.T.);
#9730=ORIENTED_EDGE('',*,*,#6768,.T.);
#9731=ORIENTED_EDGE('',*,*,#6765,.T.);
#9732=ORIENTED_EDGE('',*,*,#6762,.T.);
#9733=ORIENTED_EDGE('',*,*,#6759,.T.);
#9734=ORIENTED_EDGE('',*,*,#6770,.F.);
#9735=ORIENTED_EDGE('',*,*,#6760,.F.);
#9736=ORIENTED_EDGE('',*,*,#6764,.F.);
#9737=ORIENTED_EDGE('',*,*,#6767,.F.);
#9738=ORIENTED_EDGE('',*,*,#6757,.F.);
#9739=ORIENTED_EDGE('',*,*,#6772,.T.);
#9740=ORIENTED_EDGE('',*,*,#6773,.T.);
#9741=ORIENTED_EDGE('',*,*,#6774,.F.);
#9742=ORIENTED_EDGE('',*,*,#6773,.F.);
#9743=ORIENTED_EDGE('',*,*,#6775,.T.);
#9744=ORIENTED_EDGE('',*,*,#6776,.T.);
#9745=ORIENTED_EDGE('',*,*,#6777,.F.);
#9746=ORIENTED_EDGE('',*,*,#6778,.F.);
#9747=ORIENTED_EDGE('',*,*,#6779,.T.);
#9748=ORIENTED_EDGE('',*,*,#6778,.T.);
#9749=ORIENTED_EDGE('',*,*,#6780,.F.);
#9750=ORIENTED_EDGE('',*,*,#6781,.F.);
#9751=ORIENTED_EDGE('',*,*,#6782,.T.);
#9752=ORIENTED_EDGE('',*,*,#6781,.T.);
#9753=ORIENTED_EDGE('',*,*,#6783,.F.);
#9754=ORIENTED_EDGE('',*,*,#6784,.F.);
#9755=ORIENTED_EDGE('',*,*,#6785,.T.);
#9756=ORIENTED_EDGE('',*,*,#6784,.T.);
#9757=ORIENTED_EDGE('',*,*,#6786,.F.);
#9758=ORIENTED_EDGE('',*,*,#6776,.F.);
#9759=ORIENTED_EDGE('',*,*,#6786,.T.);
#9760=ORIENTED_EDGE('',*,*,#6783,.T.);
#9761=ORIENTED_EDGE('',*,*,#6780,.T.);
#9762=ORIENTED_EDGE('',*,*,#6777,.T.);
#9763=ORIENTED_EDGE('',*,*,#6774,.T.);
#9764=ORIENTED_EDGE('',*,*,#6785,.F.);
#9765=ORIENTED_EDGE('',*,*,#6775,.F.);
#9766=ORIENTED_EDGE('',*,*,#6779,.F.);
#9767=ORIENTED_EDGE('',*,*,#6782,.F.);
#9768=ORIENTED_EDGE('',*,*,#6772,.F.);
#9769=ORIENTED_EDGE('',*,*,#6787,.T.);
#9770=ORIENTED_EDGE('',*,*,#6788,.T.);
#9771=ORIENTED_EDGE('',*,*,#6789,.F.);
#9772=ORIENTED_EDGE('',*,*,#6788,.F.);
#9773=ORIENTED_EDGE('',*,*,#6790,.T.);
#9774=ORIENTED_EDGE('',*,*,#6791,.T.);
#9775=ORIENTED_EDGE('',*,*,#6792,.F.);
#9776=ORIENTED_EDGE('',*,*,#6793,.F.);
#9777=ORIENTED_EDGE('',*,*,#6794,.T.);
#9778=ORIENTED_EDGE('',*,*,#6793,.T.);
#9779=ORIENTED_EDGE('',*,*,#6795,.F.);
#9780=ORIENTED_EDGE('',*,*,#6796,.F.);
#9781=ORIENTED_EDGE('',*,*,#6797,.T.);
#9782=ORIENTED_EDGE('',*,*,#6796,.T.);
#9783=ORIENTED_EDGE('',*,*,#6798,.F.);
#9784=ORIENTED_EDGE('',*,*,#6799,.F.);
#9785=ORIENTED_EDGE('',*,*,#6800,.T.);
#9786=ORIENTED_EDGE('',*,*,#6799,.T.);
#9787=ORIENTED_EDGE('',*,*,#6801,.F.);
#9788=ORIENTED_EDGE('',*,*,#6791,.F.);
#9789=ORIENTED_EDGE('',*,*,#6801,.T.);
#9790=ORIENTED_EDGE('',*,*,#6798,.T.);
#9791=ORIENTED_EDGE('',*,*,#6795,.T.);
#9792=ORIENTED_EDGE('',*,*,#6792,.T.);
#9793=ORIENTED_EDGE('',*,*,#6789,.T.);
#9794=ORIENTED_EDGE('',*,*,#6800,.F.);
#9795=ORIENTED_EDGE('',*,*,#6790,.F.);
#9796=ORIENTED_EDGE('',*,*,#6794,.F.);
#9797=ORIENTED_EDGE('',*,*,#6797,.F.);
#9798=ORIENTED_EDGE('',*,*,#6787,.F.);
#9799=ORIENTED_EDGE('',*,*,#6802,.F.);
#9800=ORIENTED_EDGE('',*,*,#6803,.T.);
#9801=ORIENTED_EDGE('',*,*,#6804,.T.);
#9802=ORIENTED_EDGE('',*,*,#6803,.F.);
#9803=ORIENTED_EDGE('',*,*,#6802,.T.);
#9804=ORIENTED_EDGE('',*,*,#6804,.F.);
#9805=ORIENTED_EDGE('',*,*,#6805,.F.);
#9806=ORIENTED_EDGE('',*,*,#6806,.T.);
#9807=ORIENTED_EDGE('',*,*,#6807,.T.);
#9808=ORIENTED_EDGE('',*,*,#6806,.F.);
#9809=ORIENTED_EDGE('',*,*,#6805,.T.);
#9810=ORIENTED_EDGE('',*,*,#6807,.F.);
#9811=ORIENTED_EDGE('',*,*,#6808,.F.);
#9812=ORIENTED_EDGE('',*,*,#6809,.T.);
#9813=ORIENTED_EDGE('',*,*,#6810,.F.);
#9814=ORIENTED_EDGE('',*,*,#6809,.F.);
#9815=ORIENTED_EDGE('',*,*,#6811,.F.);
#9816=ORIENTED_EDGE('',*,*,#6812,.T.);
#9817=ORIENTED_EDGE('',*,*,#6813,.T.);
#9818=ORIENTED_EDGE('',*,*,#6812,.F.);
#9819=ORIENTED_EDGE('',*,*,#6811,.T.);
#9820=ORIENTED_EDGE('',*,*,#6810,.T.);
#9821=ORIENTED_EDGE('',*,*,#6813,.F.);
#9822=ORIENTED_EDGE('',*,*,#6808,.T.);
#9823=ORIENTED_EDGE('',*,*,#6814,.F.);
#9824=ORIENTED_EDGE('',*,*,#6815,.T.);
#9825=ORIENTED_EDGE('',*,*,#6816,.F.);
#9826=ORIENTED_EDGE('',*,*,#6815,.F.);
#9827=ORIENTED_EDGE('',*,*,#6817,.F.);
#9828=ORIENTED_EDGE('',*,*,#6818,.T.);
#9829=ORIENTED_EDGE('',*,*,#6819,.T.);
#9830=ORIENTED_EDGE('',*,*,#6818,.F.);
#9831=ORIENTED_EDGE('',*,*,#6817,.T.);
#9832=ORIENTED_EDGE('',*,*,#6816,.T.);
#9833=ORIENTED_EDGE('',*,*,#6819,.F.);
#9834=ORIENTED_EDGE('',*,*,#6814,.T.);
#9835=ORIENTED_EDGE('',*,*,#6820,.F.);
#9836=ORIENTED_EDGE('',*,*,#6821,.T.);
#9837=ORIENTED_EDGE('',*,*,#6822,.F.);
#9838=ORIENTED_EDGE('',*,*,#6821,.F.);
#9839=ORIENTED_EDGE('',*,*,#6823,.F.);
#9840=ORIENTED_EDGE('',*,*,#6824,.T.);
#9841=ORIENTED_EDGE('',*,*,#6825,.T.);
#9842=ORIENTED_EDGE('',*,*,#6824,.F.);
#9843=ORIENTED_EDGE('',*,*,#6823,.T.);
#9844=ORIENTED_EDGE('',*,*,#6822,.T.);
#9845=ORIENTED_EDGE('',*,*,#6825,.F.);
#9846=ORIENTED_EDGE('',*,*,#6820,.T.);
#9847=ORIENTED_EDGE('',*,*,#6826,.F.);
#9848=ORIENTED_EDGE('',*,*,#6827,.T.);
#9849=ORIENTED_EDGE('',*,*,#6828,.F.);
#9850=ORIENTED_EDGE('',*,*,#6827,.F.);
#9851=ORIENTED_EDGE('',*,*,#6829,.F.);
#9852=ORIENTED_EDGE('',*,*,#6830,.T.);
#9853=ORIENTED_EDGE('',*,*,#6831,.T.);
#9854=ORIENTED_EDGE('',*,*,#6830,.F.);
#9855=ORIENTED_EDGE('',*,*,#6829,.T.);
#9856=ORIENTED_EDGE('',*,*,#6828,.T.);
#9857=ORIENTED_EDGE('',*,*,#6831,.F.);
#9858=ORIENTED_EDGE('',*,*,#6826,.T.);
#9859=ORIENTED_EDGE('',*,*,#6832,.T.);
#9860=ORIENTED_EDGE('',*,*,#6833,.T.);
#9861=ORIENTED_EDGE('',*,*,#6834,.F.);
#9862=ORIENTED_EDGE('',*,*,#6835,.F.);
#9863=ORIENTED_EDGE('',*,*,#6836,.T.);
#9864=ORIENTED_EDGE('',*,*,#6837,.T.);
#9865=ORIENTED_EDGE('',*,*,#6838,.T.);
#9866=ORIENTED_EDGE('',*,*,#6839,.F.);
#9867=ORIENTED_EDGE('',*,*,#6840,.F.);
#9868=ORIENTED_EDGE('',*,*,#6841,.T.);
#9869=ORIENTED_EDGE('',*,*,#6840,.T.);
#9870=ORIENTED_EDGE('',*,*,#6842,.F.);
#9871=ORIENTED_EDGE('',*,*,#6833,.F.);
#9872=ORIENTED_EDGE('',*,*,#6843,.T.);
#9873=ORIENTED_EDGE('',*,*,#6835,.T.);
#9874=ORIENTED_EDGE('',*,*,#6844,.F.);
#9875=ORIENTED_EDGE('',*,*,#6838,.F.);
#9876=ORIENTED_EDGE('',*,*,#6844,.T.);
#9877=ORIENTED_EDGE('',*,*,#6834,.T.);
#9878=ORIENTED_EDGE('',*,*,#6842,.T.);
#9879=ORIENTED_EDGE('',*,*,#6839,.T.);
#9880=ORIENTED_EDGE('',*,*,#6843,.F.);
#9881=ORIENTED_EDGE('',*,*,#6837,.F.);
#9882=ORIENTED_EDGE('',*,*,#6841,.F.);
#9883=ORIENTED_EDGE('',*,*,#6832,.F.);
#9884=ORIENTED_EDGE('',*,*,#6836,.F.);
#9885=ORIENTED_EDGE('',*,*,#6845,.T.);
#9886=ORIENTED_EDGE('',*,*,#6846,.T.);
#9887=ORIENTED_EDGE('',*,*,#6845,.F.);
#9888=ORIENTED_EDGE('',*,*,#6846,.F.);
#9889=PLANE('',#11171);
#9890=PLANE('',#11172);
#9891=PLANE('',#11173);
#9892=PLANE('',#11174);
#9893=PLANE('',#11177);
#9894=PLANE('',#11180);
#9895=PLANE('',#11181);
#9896=PLANE('',#11182);
#9897=PLANE('',#11183);
#9898=PLANE('',#11185);
#9899=PLANE('',#11187);
#9900=PLANE('',#11188);
#9901=PLANE('',#11189);
#9902=PLANE('',#11190);
#9903=PLANE('',#11191);
#9904=PLANE('',#11192);
#9905=PLANE('',#11193);
#9906=PLANE('',#11194);
#9907=PLANE('',#11195);
#9908=PLANE('',#11196);
#9909=PLANE('',#11197);
#9910=PLANE('',#11198);
#9911=PLANE('',#11199);
#9912=PLANE('',#11201);
#9913=PLANE('',#11202);
#9914=PLANE('',#11203);
#9915=PLANE('',#11204);
#9916=PLANE('',#11205);
#9917=PLANE('',#11206);
#9918=PLANE('',#11207);
#9919=PLANE('',#11208);
#9920=PLANE('',#11209);
#9921=PLANE('',#11212);
#9922=PLANE('',#11213);
#9923=PLANE('',#11214);
#9924=PLANE('',#11215);
#9925=PLANE('',#11216);
#9926=PLANE('',#11217);
#9927=PLANE('',#11218);
#9928=PLANE('',#11222);
#9929=PLANE('',#11223);
#9930=PLANE('',#11224);
#9931=PLANE('',#11225);
#9932=PLANE('',#11227);
#9933=PLANE('',#11228);
#9934=PLANE('',#11229);
#9935=PLANE('',#11230);
#9936=PLANE('',#11231);
#9937=PLANE('',#11232);
#9938=PLANE('',#11233);
#9939=PLANE('',#11235);
#9940=PLANE('',#11236);
#9941=PLANE('',#11237);
#9942=PLANE('',#11238);
#9943=PLANE('',#11239);
#9944=PLANE('',#11240);
#9945=PLANE('',#11241);
#9946=PLANE('',#11242);
#9947=PLANE('',#11243);
#9948=PLANE('',#11244);
#9949=PLANE('',#11245);
#9950=PLANE('',#11246);
#9951=PLANE('',#11247);
#9952=PLANE('',#11248);
#9953=PLANE('',#11249);
#9954=PLANE('',#11250);
#9955=PLANE('',#11251);
#9956=PLANE('',#11252);
#9957=PLANE('',#11253);
#9958=PLANE('',#11254);
#9959=PLANE('',#11255);
#9960=PLANE('',#11256);
#9961=PLANE('',#11257);
#9962=PLANE('',#11258);
#9963=PLANE('',#11259);
#9964=PLANE('',#11260);
#9965=PLANE('',#11261);
#9966=PLANE('',#11262);
#9967=PLANE('',#11263);
#9968=PLANE('',#11264);
#9969=PLANE('',#11265);
#9970=PLANE('',#11266);
#9971=PLANE('',#11267);
#9972=PLANE('',#11268);
#9973=PLANE('',#11269);
#9974=PLANE('',#11270);
#9975=PLANE('',#11271);
#9976=PLANE('',#11272);
#9977=PLANE('',#11273);
#9978=PLANE('',#11274);
#9979=PLANE('',#11275);
#9980=PLANE('',#11276);
#9981=PLANE('',#11277);
#9982=PLANE('',#11278);
#9983=PLANE('',#11279);
#9984=PLANE('',#11280);
#9985=PLANE('',#11281);
#9986=PLANE('',#11282);
#9987=PLANE('',#11283);
#9988=PLANE('',#11284);
#9989=PLANE('',#11286);
#9990=PLANE('',#11287);
#9991=PLANE('',#11288);
#9992=PLANE('',#11289);
#9993=PLANE('',#11290);
#9994=PLANE('',#11291);
#9995=PLANE('',#11292);
#9996=PLANE('',#11293);
#9997=PLANE('',#11294);
#9998=PLANE('',#11295);
#9999=PLANE('',#11296);
#10000=PLANE('',#11297);
#10001=PLANE('',#11298);
#10002=PLANE('',#11299);
#10003=PLANE('',#11300);
#10004=PLANE('',#11301);
#10005=PLANE('',#11302);
#10006=PLANE('',#11303);
#10007=PLANE('',#11304);
#10008=PLANE('',#11305);
#10009=PLANE('',#11306);
#10010=PLANE('',#11307);
#10011=PLANE('',#11308);
#10012=PLANE('',#11309);
#10013=PLANE('',#11310);
#10014=PLANE('',#11311);
#10015=PLANE('',#11312);
#10016=PLANE('',#11313);
#10017=PLANE('',#11314);
#10018=PLANE('',#11315);
#10019=PLANE('',#11316);
#10020=PLANE('',#11317);
#10021=PLANE('',#11318);
#10022=PLANE('',#11319);
#10023=PLANE('',#11320);
#10024=PLANE('',#11321);
#10025=PLANE('',#11322);
#10026=PLANE('',#11323);
#10027=PLANE('',#11324);
#10028=PLANE('',#11325);
#10029=PLANE('',#11326);
#10030=PLANE('',#11327);
#10031=PLANE('',#11328);
#10032=PLANE('',#11329);
#10033=PLANE('',#11330);
#10034=PLANE('',#11331);
#10035=PLANE('',#11332);
#10036=PLANE('',#11333);
#10037=PLANE('',#11334);
#10038=PLANE('',#11335);
#10039=PLANE('',#11340);
#10040=PLANE('',#11341);
#10041=PLANE('',#11342);
#10042=PLANE('',#11343);
#10043=PLANE('',#11344);
#10044=PLANE('',#11345);
#10045=PLANE('',#11346);
#10046=PLANE('',#11347);
#10047=PLANE('',#11348);
#10048=PLANE('',#11349);
#10049=PLANE('',#11350);
#10050=PLANE('',#11351);
#10051=PLANE('',#11352);
#10052=PLANE('',#11353);
#10053=PLANE('',#11354);
#10054=PLANE('',#11355);
#10055=PLANE('',#11356);
#10056=PLANE('',#11357);
#10057=PLANE('',#11358);
#10058=PLANE('',#11359);
#10059=PLANE('',#11360);
#10060=PLANE('',#11361);
#10061=PLANE('',#11362);
#10062=PLANE('',#11363);
#10063=PLANE('',#11364);
#10064=PLANE('',#11365);
#10065=PLANE('',#11366);
#10066=PLANE('',#11367);
#10067=PLANE('',#11368);
#10068=PLANE('',#11369);
#10069=PLANE('',#11370);
#10070=PLANE('',#11371);
#10071=PLANE('',#11372);
#10072=PLANE('',#11373);
#10073=PLANE('',#11374);
#10074=PLANE('',#11375);
#10075=PLANE('',#11376);
#10076=PLANE('',#11377);
#10077=PLANE('',#11378);
#10078=PLANE('',#11379);
#10079=PLANE('',#11380);
#10080=PLANE('',#11381);
#10081=PLANE('',#11382);
#10082=PLANE('',#11383);
#10083=PLANE('',#11384);
#10084=PLANE('',#11385);
#10085=PLANE('',#11386);
#10086=PLANE('',#11387);
#10087=PLANE('',#11388);
#10088=PLANE('',#11389);
#10089=PLANE('',#11390);
#10090=PLANE('',#11391);
#10091=PLANE('',#11392);
#10092=PLANE('',#11393);
#10093=PLANE('',#11394);
#10094=PLANE('',#11395);
#10095=PLANE('',#11396);
#10096=PLANE('',#11397);
#10097=PLANE('',#11398);
#10098=PLANE('',#11399);
#10099=PLANE('',#11400);
#10100=PLANE('',#11401);
#10101=PLANE('',#11402);
#10102=PLANE('',#11403);
#10103=PLANE('',#11404);
#10104=PLANE('',#11405);
#10105=PLANE('',#11406);
#10106=PLANE('',#11407);
#10107=PLANE('',#11408);
#10108=PLANE('',#11409);
#10109=PLANE('',#11410);
#10110=PLANE('',#11411);
#10111=PLANE('',#11412);
#10112=PLANE('',#11413);
#10113=PLANE('',#11414);
#10114=PLANE('',#11415);
#10115=PLANE('',#11416);
#10116=PLANE('',#11417);
#10117=PLANE('',#11418);
#10118=PLANE('',#11419);
#10119=PLANE('',#11420);
#10120=PLANE('',#11421);
#10121=PLANE('',#11422);
#10122=PLANE('',#11423);
#10123=PLANE('',#11424);
#10124=PLANE('',#11425);
#10125=PLANE('',#11426);
#10126=PLANE('',#11427);
#10127=PLANE('',#11428);
#10128=PLANE('',#11429);
#10129=PLANE('',#11430);
#10130=PLANE('',#11431);
#10131=PLANE('',#11432);
#10132=PLANE('',#11433);
#10133=PLANE('',#11434);
#10134=PLANE('',#11435);
#10135=PLANE('',#11436);
#10136=PLANE('',#11437);
#10137=PLANE('',#11438);
#10138=PLANE('',#11439);
#10139=PLANE('',#11440);
#10140=PLANE('',#11441);
#10141=PLANE('',#11442);
#10142=PLANE('',#11443);
#10143=PLANE('',#11444);
#10144=PLANE('',#11445);
#10145=PLANE('',#11446);
#10146=PLANE('',#11447);
#10147=PLANE('',#11448);
#10148=PLANE('',#11449);
#10149=PLANE('',#11450);
#10150=PLANE('',#11451);
#10151=PLANE('',#11452);
#10152=PLANE('',#11453);
#10153=PLANE('',#11454);
#10154=PLANE('',#11455);
#10155=PLANE('',#11456);
#10156=PLANE('',#11457);
#10157=PLANE('',#11458);
#10158=PLANE('',#11459);
#10159=PLANE('',#11460);
#10160=PLANE('',#11461);
#10161=PLANE('',#11462);
#10162=PLANE('',#11463);
#10163=PLANE('',#11464);
#10164=PLANE('',#11465);
#10165=PLANE('',#11466);
#10166=PLANE('',#11467);
#10167=PLANE('',#11468);
#10168=PLANE('',#11469);
#10169=PLANE('',#11470);
#10170=PLANE('',#11471);
#10171=PLANE('',#11472);
#10172=PLANE('',#11473);
#10173=PLANE('',#11474);
#10174=PLANE('',#11475);
#10175=PLANE('',#11476);
#10176=PLANE('',#11477);
#10177=PLANE('',#11478);
#10178=PLANE('',#11479);
#10179=PLANE('',#11480);
#10180=PLANE('',#11481);
#10181=PLANE('',#11482);
#10182=PLANE('',#11483);
#10183=PLANE('',#11484);
#10184=PLANE('',#11485);
#10185=PLANE('',#11486);
#10186=PLANE('',#11487);
#10187=PLANE('',#11488);
#10188=PLANE('',#11489);
#10189=PLANE('',#11490);
#10190=PLANE('',#11491);
#10191=PLANE('',#11492);
#10192=PLANE('',#11493);
#10193=PLANE('',#11494);
#10194=PLANE('',#11495);
#10195=PLANE('',#11496);
#10196=PLANE('',#11497);
#10197=PLANE('',#11498);
#10198=PLANE('',#11499);
#10199=PLANE('',#11500);
#10200=PLANE('',#11501);
#10201=PLANE('',#11502);
#10202=PLANE('',#11503);
#10203=PLANE('',#11504);
#10204=PLANE('',#11505);
#10205=PLANE('',#11506);
#10206=PLANE('',#11507);
#10207=PLANE('',#11508);
#10208=PLANE('',#11509);
#10209=PLANE('',#11510);
#10210=PLANE('',#11511);
#10211=PLANE('',#11512);
#10212=PLANE('',#11513);
#10213=PLANE('',#11514);
#10214=PLANE('',#11515);
#10215=PLANE('',#11516);
#10216=PLANE('',#11517);
#10217=PLANE('',#11518);
#10218=PLANE('',#11519);
#10219=PLANE('',#11520);
#10220=PLANE('',#11521);
#10221=PLANE('',#11522);
#10222=PLANE('',#11523);
#10223=PLANE('',#11524);
#10224=PLANE('',#11525);
#10225=PLANE('',#11526);
#10226=PLANE('',#11527);
#10227=PLANE('',#11528);
#10228=PLANE('',#11529);
#10229=PLANE('',#11530);
#10230=PLANE('',#11531);
#10231=PLANE('',#11532);
#10232=PLANE('',#11533);
#10233=PLANE('',#11534);
#10234=PLANE('',#11535);
#10235=PLANE('',#11536);
#10236=PLANE('',#11537);
#10237=PLANE('',#11538);
#10238=PLANE('',#11539);
#10239=PLANE('',#11540);
#10240=PLANE('',#11541);
#10241=PLANE('',#11542);
#10242=PLANE('',#11543);
#10243=PLANE('',#11544);
#10244=PLANE('',#11545);
#10245=PLANE('',#11546);
#10246=PLANE('',#11547);
#10247=PLANE('',#11548);
#10248=PLANE('',#11549);
#10249=PLANE('',#11550);
#10250=PLANE('',#11551);
#10251=PLANE('',#11552);
#10252=PLANE('',#11553);
#10253=PLANE('',#11554);
#10254=PLANE('',#11555);
#10255=PLANE('',#11556);
#10256=PLANE('',#11557);
#10257=PLANE('',#11558);
#10258=PLANE('',#11559);
#10259=PLANE('',#11560);
#10260=PLANE('',#11561);
#10261=PLANE('',#11562);
#10262=PLANE('',#11563);
#10263=PLANE('',#11564);
#10264=PLANE('',#11565);
#10265=PLANE('',#11566);
#10266=PLANE('',#11567);
#10267=PLANE('',#11568);
#10268=PLANE('',#11569);
#10269=PLANE('',#11570);
#10270=PLANE('',#11571);
#10271=PLANE('',#11572);
#10272=PLANE('',#11573);
#10273=PLANE('',#11574);
#10274=PLANE('',#11575);
#10275=PLANE('',#11576);
#10276=PLANE('',#11577);
#10277=PLANE('',#11578);
#10278=PLANE('',#11579);
#10279=PLANE('',#11580);
#10280=PLANE('',#11581);
#10281=PLANE('',#11582);
#10282=PLANE('',#11583);
#10283=PLANE('',#11584);
#10284=PLANE('',#11585);
#10285=PLANE('',#11586);
#10286=PLANE('',#11587);
#10287=PLANE('',#11588);
#10288=PLANE('',#11589);
#10289=PLANE('',#11590);
#10290=PLANE('',#11591);
#10291=PLANE('',#11592);
#10292=PLANE('',#11593);
#10293=PLANE('',#11594);
#10294=PLANE('',#11595);
#10295=PLANE('',#11596);
#10296=PLANE('',#11597);
#10297=PLANE('',#11598);
#10298=PLANE('',#11599);
#10299=PLANE('',#11600);
#10300=PLANE('',#11601);
#10301=PLANE('',#11602);
#10302=PLANE('',#11603);
#10303=PLANE('',#11604);
#10304=PLANE('',#11605);
#10305=PLANE('',#11606);
#10306=PLANE('',#11607);
#10307=PLANE('',#11608);
#10308=PLANE('',#11609);
#10309=PLANE('',#11610);
#10310=PLANE('',#11611);
#10311=PLANE('',#11612);
#10312=PLANE('',#11613);
#10313=PLANE('',#11614);
#10314=PLANE('',#11615);
#10315=PLANE('',#11616);
#10316=PLANE('',#11617);
#10317=PLANE('',#11618);
#10318=PLANE('',#11619);
#10319=PLANE('',#11620);
#10320=PLANE('',#11621);
#10321=PLANE('',#11622);
#10322=PLANE('',#11623);
#10323=PLANE('',#11624);
#10324=PLANE('',#11625);
#10325=PLANE('',#11626);
#10326=PLANE('',#11627);
#10327=PLANE('',#11628);
#10328=PLANE('',#11629);
#10329=PLANE('',#11630);
#10330=PLANE('',#11631);
#10331=PLANE('',#11632);
#10332=PLANE('',#11633);
#10333=PLANE('',#11634);
#10334=PLANE('',#11635);
#10335=PLANE('',#11636);
#10336=PLANE('',#11637);
#10337=PLANE('',#11638);
#10338=PLANE('',#11639);
#10339=PLANE('',#11640);
#10340=PLANE('',#11641);
#10341=PLANE('',#11643);
#10342=PLANE('',#11644);
#10343=PLANE('',#11645);
#10344=PLANE('',#11646);
#10345=PLANE('',#11647);
#10346=PLANE('',#11648);
#10347=PLANE('',#11649);
#10348=PLANE('',#11658);
#10349=PLANE('',#11659);
#10350=PLANE('',#11660);
#10351=PLANE('',#11661);
#10352=PLANE('',#11662);
#10353=PLANE('',#11663);
#10354=PLANE('',#11664);
#10355=PLANE('',#11665);
#10356=PLANE('',#11666);
#10357=PLANE('',#11667);
#10358=PLANE('',#11668);
#10359=PLANE('',#11669);
#10360=PLANE('',#11671);
#10361=PLANE('',#11674);
#10362=PLANE('',#11675);
#10363=PLANE('',#11676);
#10364=PLANE('',#11677);
#10365=PLANE('',#11680);
#10366=PLANE('',#11681);
#10367=PLANE('',#11682);
#10368=PLANE('',#11683);
#10369=PLANE('',#11684);
#10370=PLANE('',#11685);
#10371=PLANE('',#11690);
#10372=PLANE('',#11691);
#10373=PLANE('',#11692);
#10374=PLANE('',#11693);
#10375=PLANE('',#11694);
#10376=PLANE('',#11695);
#10377=PLANE('',#11700);
#10378=PLANE('',#11701);
#10379=PLANE('',#11702);
#10380=PLANE('',#11703);
#10381=PLANE('',#11704);
#10382=PLANE('',#11705);
#10383=PLANE('',#11710);
#10384=PLANE('',#11711);
#10385=PLANE('',#11712);
#10386=PLANE('',#11713);
#10387=PLANE('',#11714);
#10388=PLANE('',#11715);
#10389=PLANE('',#11720);
#10390=PLANE('',#11721);
#10391=PLANE('',#11722);
#10392=PLANE('',#11723);
#10393=PLANE('',#11724);
#10394=PLANE('',#11725);
#10395=PLANE('',#11730);
#10396=PLANE('',#11731);
#10397=PLANE('',#11736);
#10398=PLANE('',#11737);
#10399=PLANE('',#11745);
#10400=PLANE('',#11746);
#10401=PLANE('',#11754);
#10402=PLANE('',#11755);
#10403=PLANE('',#11763);
#10404=PLANE('',#11764);
#10405=PLANE('',#11772);
#10406=PLANE('',#11773);
#10407=PLANE('',#11775);
#10408=PLANE('',#11777);
#10409=PLANE('',#11778);
#10410=PLANE('',#11779);
#10411=PLANE('',#11780);
#10412=PLANE('',#11781);
#10413=PLANE('',#11784);
#10414=ADVANCED_FACE('',(#249),#9889,.F.);
#10415=ADVANCED_FACE('',(#250),#9890,.F.);
#10416=ADVANCED_FACE('',(#251),#9891,.T.);
#10417=ADVANCED_FACE('',(#252),#9892,.T.);
#10418=ADVANCED_FACE('',(#253),#9893,.T.);
#10419=ADVANCED_FACE('',(#254),#176,.F.);
#10420=ADVANCED_FACE('',(#255),#9894,.T.);
#10421=ADVANCED_FACE('',(#256),#9895,.T.);
#10422=ADVANCED_FACE('',(#257),#9896,.F.);
#10423=ADVANCED_FACE('',(#258),#9897,.T.);
#10424=ADVANCED_FACE('',(#259),#9898,.T.);
#10425=ADVANCED_FACE('',(#260),#177,.F.);
#10426=ADVANCED_FACE('',(#261),#9899,.T.);
#10427=ADVANCED_FACE('',(#262),#9900,.T.);
#10428=ADVANCED_FACE('',(#263),#9901,.F.);
#10429=ADVANCED_FACE('',(#264),#9902,.T.);
#10430=ADVANCED_FACE('',(#265),#9903,.T.);
#10431=ADVANCED_FACE('',(#266),#9904,.T.);
#10432=ADVANCED_FACE('',(#267),#9905,.T.);
#10433=ADVANCED_FACE('',(#268),#9906,.F.);
#10434=ADVANCED_FACE('',(#269),#9907,.T.);
#10435=ADVANCED_FACE('',(#270),#9908,.T.);
#10436=ADVANCED_FACE('',(#271),#9909,.T.);
#10437=ADVANCED_FACE('',(#272),#9910,.T.);
#10438=ADVANCED_FACE('',(#273),#9911,.T.);
#10439=ADVANCED_FACE('',(#274),#9912,.T.);
#10440=ADVANCED_FACE('',(#275),#9913,.T.);
#10441=ADVANCED_FACE('',(#276),#9914,.T.);
#10442=ADVANCED_FACE('',(#277),#9915,.T.);
#10443=ADVANCED_FACE('',(#278),#9916,.F.);
#10444=ADVANCED_FACE('',(#279),#9917,.T.);
#10445=ADVANCED_FACE('',(#280),#9918,.T.);
#10446=ADVANCED_FACE('',(#281),#9919,.T.);
#10447=ADVANCED_FACE('',(#282),#9920,.T.);
#10448=ADVANCED_FACE('',(#283),#9921,.T.);
#10449=ADVANCED_FACE('',(#284),#9922,.T.);
#10450=ADVANCED_FACE('',(#285),#9923,.T.);
#10451=ADVANCED_FACE('',(#286),#9924,.T.);
#10452=ADVANCED_FACE('',(#287),#9925,.F.);
#10453=ADVANCED_FACE('',(#288),#9926,.T.);
#10454=ADVANCED_FACE('',(#289),#9927,.T.);
#10455=ADVANCED_FACE('',(#290),#178,.F.);
#10456=ADVANCED_FACE('',(#291),#9928,.T.);
#10457=ADVANCED_FACE('',(#292),#9929,.T.);
#10458=ADVANCED_FACE('',(#293),#9930,.F.);
#10459=ADVANCED_FACE('',(#294),#9931,.T.);
#10460=ADVANCED_FACE('',(#295),#179,.F.);
#10461=ADVANCED_FACE('',(#296),#9932,.T.);
#10462=ADVANCED_FACE('',(#297),#9933,.T.);
#10463=ADVANCED_FACE('',(#298),#9934,.F.);
#10464=ADVANCED_FACE('',(#299),#9935,.T.);
#10465=ADVANCED_FACE('',(#300),#9936,.T.);
#10466=ADVANCED_FACE('',(#301),#9937,.T.);
#10467=ADVANCED_FACE('',(#302),#9938,.T.);
#10468=ADVANCED_FACE('',(#303),#9939,.T.);
#10469=ADVANCED_FACE('',(#304),#9940,.T.);
#10470=ADVANCED_FACE('',(#305),#9941,.T.);
#10471=ADVANCED_FACE('',(#306),#9942,.T.);
#10472=ADVANCED_FACE('',(#307),#9943,.T.);
#10473=ADVANCED_FACE('',(#308),#9944,.T.);
#10474=ADVANCED_FACE('',(#309),#9945,.T.);
#10475=ADVANCED_FACE('',(#310),#9946,.T.);
#10476=ADVANCED_FACE('',(#311),#9947,.T.);
#10477=ADVANCED_FACE('',(#312),#9948,.T.);
#10478=ADVANCED_FACE('',(#313),#9949,.T.);
#10479=ADVANCED_FACE('',(#314),#9950,.T.);
#10480=ADVANCED_FACE('',(#315),#9951,.T.);
#10481=ADVANCED_FACE('',(#316),#9952,.T.);
#10482=ADVANCED_FACE('',(#317),#9953,.T.);
#10483=ADVANCED_FACE('',(#318),#9954,.F.);
#10484=ADVANCED_FACE('',(#319),#9955,.T.);
#10485=ADVANCED_FACE('',(#320),#9956,.T.);
#10486=ADVANCED_FACE('',(#321),#9957,.T.);
#10487=ADVANCED_FACE('',(#322),#9958,.T.);
#10488=ADVANCED_FACE('',(#323),#9959,.T.);
#10489=ADVANCED_FACE('',(#324),#9960,.T.);
#10490=ADVANCED_FACE('',(#325),#9961,.T.);
#10491=ADVANCED_FACE('',(#326),#9962,.T.);
#10492=ADVANCED_FACE('',(#327),#9963,.T.);
#10493=ADVANCED_FACE('',(#328),#9964,.T.);
#10494=ADVANCED_FACE('',(#329),#9965,.T.);
#10495=ADVANCED_FACE('',(#330),#9966,.T.);
#10496=ADVANCED_FACE('',(#331),#9967,.T.);
#10497=ADVANCED_FACE('',(#332),#9968,.T.);
#10498=ADVANCED_FACE('',(#333),#9969,.T.);
#10499=ADVANCED_FACE('',(#334),#9970,.T.);
#10500=ADVANCED_FACE('',(#335),#9971,.T.);
#10501=ADVANCED_FACE('',(#336),#9972,.T.);
#10502=ADVANCED_FACE('',(#337),#9973,.T.);
#10503=ADVANCED_FACE('',(#338),#9974,.T.);
#10504=ADVANCED_FACE('',(#339),#9975,.T.);
#10505=ADVANCED_FACE('',(#340),#9976,.T.);
#10506=ADVANCED_FACE('',(#341),#9977,.T.);
#10507=ADVANCED_FACE('',(#342),#9978,.T.);
#10508=ADVANCED_FACE('',(#343),#9979,.T.);
#10509=ADVANCED_FACE('',(#344),#9980,.T.);
#10510=ADVANCED_FACE('',(#345),#9981,.T.);
#10511=ADVANCED_FACE('',(#346),#9982,.T.);
#10512=ADVANCED_FACE('',(#347),#9983,.T.);
#10513=ADVANCED_FACE('',(#348),#9984,.T.);
#10514=ADVANCED_FACE('',(#349),#9985,.T.);
#10515=ADVANCED_FACE('',(#350),#9986,.T.);
#10516=ADVANCED_FACE('',(#351),#9987,.T.);
#10517=ADVANCED_FACE('',(#352),#9988,.T.);
#10518=ADVANCED_FACE('',(#353),#9989,.T.);
#10519=ADVANCED_FACE('',(#354),#9990,.T.);
#10520=ADVANCED_FACE('',(#355),#9991,.T.);
#10521=ADVANCED_FACE('',(#356),#9992,.T.);
#10522=ADVANCED_FACE('',(#357),#9993,.T.);
#10523=ADVANCED_FACE('',(#358),#9994,.T.);
#10524=ADVANCED_FACE('',(#359),#9995,.T.);
#10525=ADVANCED_FACE('',(#360),#9996,.T.);
#10526=ADVANCED_FACE('',(#361),#9997,.T.);
#10527=ADVANCED_FACE('',(#362),#9998,.T.);
#10528=ADVANCED_FACE('',(#363),#9999,.T.);
#10529=ADVANCED_FACE('',(#364),#10000,.T.);
#10530=ADVANCED_FACE('',(#365),#10001,.T.);
#10531=ADVANCED_FACE('',(#366),#10002,.T.);
#10532=ADVANCED_FACE('',(#367),#10003,.T.);
#10533=ADVANCED_FACE('',(#368),#10004,.T.);
#10534=ADVANCED_FACE('',(#369),#10005,.T.);
#10535=ADVANCED_FACE('',(#370),#10006,.T.);
#10536=ADVANCED_FACE('',(#371),#10007,.T.);
#10537=ADVANCED_FACE('',(#372),#10008,.T.);
#10538=ADVANCED_FACE('',(#373),#10009,.T.);
#10539=ADVANCED_FACE('',(#374),#10010,.F.);
#10540=ADVANCED_FACE('',(#375),#10011,.T.);
#10541=ADVANCED_FACE('',(#376),#10012,.T.);
#10542=ADVANCED_FACE('',(#377),#10013,.T.);
#10543=ADVANCED_FACE('',(#378),#10014,.T.);
#10544=ADVANCED_FACE('',(#379),#10015,.T.);
#10545=ADVANCED_FACE('',(#380),#10016,.T.);
#10546=ADVANCED_FACE('',(#381),#10017,.T.);
#10547=ADVANCED_FACE('',(#382),#10018,.T.);
#10548=ADVANCED_FACE('',(#383),#10019,.T.);
#10549=ADVANCED_FACE('',(#384),#10020,.T.);
#10550=ADVANCED_FACE('',(#385),#10021,.T.);
#10551=ADVANCED_FACE('',(#386),#10022,.T.);
#10552=ADVANCED_FACE('',(#387),#10023,.T.);
#10553=ADVANCED_FACE('',(#388),#10024,.T.);
#10554=ADVANCED_FACE('',(#389),#10025,.T.);
#10555=ADVANCED_FACE('',(#390),#10026,.T.);
#10556=ADVANCED_FACE('',(#391),#10027,.T.);
#10557=ADVANCED_FACE('',(#392),#10028,.T.);
#10558=ADVANCED_FACE('',(#393),#10029,.T.);
#10559=ADVANCED_FACE('',(#394),#10030,.T.);
#10560=ADVANCED_FACE('',(#395),#10031,.T.);
#10561=ADVANCED_FACE('',(#396),#10032,.T.);
#10562=ADVANCED_FACE('',(#397),#10033,.T.);
#10563=ADVANCED_FACE('',(#398),#10034,.T.);
#10564=ADVANCED_FACE('',(#399),#10035,.T.);
#10565=ADVANCED_FACE('',(#400),#10036,.T.);
#10566=ADVANCED_FACE('',(#401),#10037,.T.);
#10567=ADVANCED_FACE('',(#402),#10038,.T.);
#10568=ADVANCED_FACE('',(#403),#180,.F.);
#10569=ADVANCED_FACE('',(#404,#79),#10039,.F.);
#10570=ADVANCED_FACE('',(#405),#10040,.T.);
#10571=ADVANCED_FACE('',(#406),#10041,.T.);
#10572=ADVANCED_FACE('',(#407),#10042,.T.);
#10573=ADVANCED_FACE('',(#408),#10043,.T.);
#10574=ADVANCED_FACE('',(#409),#10044,.T.);
#10575=ADVANCED_FACE('',(#410),#10045,.T.);
#10576=ADVANCED_FACE('',(#411),#10046,.T.);
#10577=ADVANCED_FACE('',(#412),#10047,.T.);
#10578=ADVANCED_FACE('',(#413,#80),#10048,.T.);
#10579=ADVANCED_FACE('',(#414,#81),#10049,.F.);
#10580=ADVANCED_FACE('',(#415),#10050,.T.);
#10581=ADVANCED_FACE('',(#416),#10051,.T.);
#10582=ADVANCED_FACE('',(#417),#10052,.T.);
#10583=ADVANCED_FACE('',(#418),#10053,.T.);
#10584=ADVANCED_FACE('',(#419),#10054,.T.);
#10585=ADVANCED_FACE('',(#420),#10055,.T.);
#10586=ADVANCED_FACE('',(#421),#10056,.T.);
#10587=ADVANCED_FACE('',(#422),#10057,.T.);
#10588=ADVANCED_FACE('',(#423),#10058,.T.);
#10589=ADVANCED_FACE('',(#424),#10059,.T.);
#10590=ADVANCED_FACE('',(#425),#10060,.T.);
#10591=ADVANCED_FACE('',(#426),#10061,.T.);
#10592=ADVANCED_FACE('',(#427),#10062,.T.);
#10593=ADVANCED_FACE('',(#428),#10063,.T.);
#10594=ADVANCED_FACE('',(#429),#10064,.T.);
#10595=ADVANCED_FACE('',(#430),#10065,.T.);
#10596=ADVANCED_FACE('',(#431),#10066,.T.);
#10597=ADVANCED_FACE('',(#432),#10067,.T.);
#10598=ADVANCED_FACE('',(#433),#10068,.T.);
#10599=ADVANCED_FACE('',(#434),#10069,.T.);
#10600=ADVANCED_FACE('',(#435),#10070,.T.);
#10601=ADVANCED_FACE('',(#436),#10071,.T.);
#10602=ADVANCED_FACE('',(#437),#10072,.T.);
#10603=ADVANCED_FACE('',(#438),#10073,.T.);
#10604=ADVANCED_FACE('',(#439),#10074,.T.);
#10605=ADVANCED_FACE('',(#440),#10075,.T.);
#10606=ADVANCED_FACE('',(#441),#10076,.T.);
#10607=ADVANCED_FACE('',(#442),#10077,.T.);
#10608=ADVANCED_FACE('',(#443),#10078,.T.);
#10609=ADVANCED_FACE('',(#444),#10079,.T.);
#10610=ADVANCED_FACE('',(#445),#10080,.T.);
#10611=ADVANCED_FACE('',(#446),#10081,.T.);
#10612=ADVANCED_FACE('',(#447),#10082,.T.);
#10613=ADVANCED_FACE('',(#448),#10083,.T.);
#10614=ADVANCED_FACE('',(#449),#10084,.T.);
#10615=ADVANCED_FACE('',(#450),#10085,.T.);
#10616=ADVANCED_FACE('',(#451),#10086,.T.);
#10617=ADVANCED_FACE('',(#452),#10087,.T.);
#10618=ADVANCED_FACE('',(#453),#10088,.T.);
#10619=ADVANCED_FACE('',(#454),#10089,.T.);
#10620=ADVANCED_FACE('',(#455),#10090,.T.);
#10621=ADVANCED_FACE('',(#456),#10091,.T.);
#10622=ADVANCED_FACE('',(#457),#10092,.T.);
#10623=ADVANCED_FACE('',(#458),#10093,.T.);
#10624=ADVANCED_FACE('',(#459),#10094,.T.);
#10625=ADVANCED_FACE('',(#460),#10095,.T.);
#10626=ADVANCED_FACE('',(#461),#10096,.T.);
#10627=ADVANCED_FACE('',(#462),#10097,.T.);
#10628=ADVANCED_FACE('',(#463),#10098,.T.);
#10629=ADVANCED_FACE('',(#464),#10099,.T.);
#10630=ADVANCED_FACE('',(#465),#10100,.T.);
#10631=ADVANCED_FACE('',(#466),#10101,.T.);
#10632=ADVANCED_FACE('',(#467),#10102,.T.);
#10633=ADVANCED_FACE('',(#468),#10103,.T.);
#10634=ADVANCED_FACE('',(#469),#10104,.T.);
#10635=ADVANCED_FACE('',(#470),#10105,.T.);
#10636=ADVANCED_FACE('',(#471),#10106,.T.);
#10637=ADVANCED_FACE('',(#472),#10107,.T.);
#10638=ADVANCED_FACE('',(#473),#10108,.T.);
#10639=ADVANCED_FACE('',(#474),#10109,.T.);
#10640=ADVANCED_FACE('',(#475),#10110,.T.);
#10641=ADVANCED_FACE('',(#476),#10111,.T.);
#10642=ADVANCED_FACE('',(#477),#10112,.T.);
#10643=ADVANCED_FACE('',(#478),#10113,.T.);
#10644=ADVANCED_FACE('',(#479),#10114,.T.);
#10645=ADVANCED_FACE('',(#480),#10115,.T.);
#10646=ADVANCED_FACE('',(#481),#10116,.T.);
#10647=ADVANCED_FACE('',(#482),#10117,.T.);
#10648=ADVANCED_FACE('',(#483),#10118,.T.);
#10649=ADVANCED_FACE('',(#484),#10119,.T.);
#10650=ADVANCED_FACE('',(#485),#10120,.T.);
#10651=ADVANCED_FACE('',(#486),#10121,.T.);
#10652=ADVANCED_FACE('',(#487),#10122,.T.);
#10653=ADVANCED_FACE('',(#488),#10123,.T.);
#10654=ADVANCED_FACE('',(#489),#10124,.T.);
#10655=ADVANCED_FACE('',(#490),#10125,.T.);
#10656=ADVANCED_FACE('',(#491),#10126,.T.);
#10657=ADVANCED_FACE('',(#492),#10127,.T.);
#10658=ADVANCED_FACE('',(#493),#10128,.T.);
#10659=ADVANCED_FACE('',(#494),#10129,.T.);
#10660=ADVANCED_FACE('',(#495),#10130,.T.);
#10661=ADVANCED_FACE('',(#496),#10131,.T.);
#10662=ADVANCED_FACE('',(#497),#10132,.T.);
#10663=ADVANCED_FACE('',(#498),#10133,.T.);
#10664=ADVANCED_FACE('',(#499),#10134,.T.);
#10665=ADVANCED_FACE('',(#500),#10135,.T.);
#10666=ADVANCED_FACE('',(#501),#10136,.T.);
#10667=ADVANCED_FACE('',(#502),#10137,.T.);
#10668=ADVANCED_FACE('',(#503),#10138,.T.);
#10669=ADVANCED_FACE('',(#504),#10139,.T.);
#10670=ADVANCED_FACE('',(#505),#10140,.T.);
#10671=ADVANCED_FACE('',(#506),#10141,.T.);
#10672=ADVANCED_FACE('',(#507),#10142,.T.);
#10673=ADVANCED_FACE('',(#508),#10143,.T.);
#10674=ADVANCED_FACE('',(#509),#10144,.T.);
#10675=ADVANCED_FACE('',(#510),#10145,.T.);
#10676=ADVANCED_FACE('',(#511),#10146,.T.);
#10677=ADVANCED_FACE('',(#512),#10147,.T.);
#10678=ADVANCED_FACE('',(#513),#10148,.T.);
#10679=ADVANCED_FACE('',(#514),#10149,.T.);
#10680=ADVANCED_FACE('',(#515),#10150,.T.);
#10681=ADVANCED_FACE('',(#516),#10151,.T.);
#10682=ADVANCED_FACE('',(#517),#10152,.T.);
#10683=ADVANCED_FACE('',(#518),#10153,.T.);
#10684=ADVANCED_FACE('',(#519),#10154,.T.);
#10685=ADVANCED_FACE('',(#520),#10155,.T.);
#10686=ADVANCED_FACE('',(#521),#10156,.T.);
#10687=ADVANCED_FACE('',(#522),#10157,.T.);
#10688=ADVANCED_FACE('',(#523),#10158,.T.);
#10689=ADVANCED_FACE('',(#524),#10159,.T.);
#10690=ADVANCED_FACE('',(#525),#10160,.T.);
#10691=ADVANCED_FACE('',(#526),#10161,.T.);
#10692=ADVANCED_FACE('',(#527),#10162,.T.);
#10693=ADVANCED_FACE('',(#528),#10163,.T.);
#10694=ADVANCED_FACE('',(#529),#10164,.T.);
#10695=ADVANCED_FACE('',(#530),#10165,.T.);
#10696=ADVANCED_FACE('',(#531),#10166,.T.);
#10697=ADVANCED_FACE('',(#532),#10167,.T.);
#10698=ADVANCED_FACE('',(#533),#10168,.T.);
#10699=ADVANCED_FACE('',(#534),#10169,.T.);
#10700=ADVANCED_FACE('',(#535),#10170,.T.);
#10701=ADVANCED_FACE('',(#536),#10171,.T.);
#10702=ADVANCED_FACE('',(#537),#10172,.T.);
#10703=ADVANCED_FACE('',(#538),#10173,.T.);
#10704=ADVANCED_FACE('',(#539),#10174,.T.);
#10705=ADVANCED_FACE('',(#540),#10175,.T.);
#10706=ADVANCED_FACE('',(#541),#10176,.T.);
#10707=ADVANCED_FACE('',(#542),#10177,.T.);
#10708=ADVANCED_FACE('',(#543),#10178,.T.);
#10709=ADVANCED_FACE('',(#544),#10179,.T.);
#10710=ADVANCED_FACE('',(#545),#10180,.T.);
#10711=ADVANCED_FACE('',(#546),#10181,.T.);
#10712=ADVANCED_FACE('',(#547),#10182,.T.);
#10713=ADVANCED_FACE('',(#548),#10183,.T.);
#10714=ADVANCED_FACE('',(#549),#10184,.T.);
#10715=ADVANCED_FACE('',(#550),#10185,.T.);
#10716=ADVANCED_FACE('',(#551),#10186,.T.);
#10717=ADVANCED_FACE('',(#552),#10187,.T.);
#10718=ADVANCED_FACE('',(#553),#10188,.T.);
#10719=ADVANCED_FACE('',(#554),#10189,.T.);
#10720=ADVANCED_FACE('',(#555),#10190,.T.);
#10721=ADVANCED_FACE('',(#556),#10191,.T.);
#10722=ADVANCED_FACE('',(#557),#10192,.T.);
#10723=ADVANCED_FACE('',(#558),#10193,.T.);
#10724=ADVANCED_FACE('',(#559),#10194,.T.);
#10725=ADVANCED_FACE('',(#560),#10195,.T.);
#10726=ADVANCED_FACE('',(#561),#10196,.T.);
#10727=ADVANCED_FACE('',(#562),#10197,.T.);
#10728=ADVANCED_FACE('',(#563),#10198,.T.);
#10729=ADVANCED_FACE('',(#564),#10199,.T.);
#10730=ADVANCED_FACE('',(#565),#10200,.T.);
#10731=ADVANCED_FACE('',(#566),#10201,.T.);
#10732=ADVANCED_FACE('',(#567),#10202,.T.);
#10733=ADVANCED_FACE('',(#568),#10203,.T.);
#10734=ADVANCED_FACE('',(#569),#10204,.T.);
#10735=ADVANCED_FACE('',(#570),#10205,.T.);
#10736=ADVANCED_FACE('',(#571),#10206,.T.);
#10737=ADVANCED_FACE('',(#572),#10207,.T.);
#10738=ADVANCED_FACE('',(#573),#10208,.T.);
#10739=ADVANCED_FACE('',(#574),#10209,.T.);
#10740=ADVANCED_FACE('',(#575),#10210,.T.);
#10741=ADVANCED_FACE('',(#576),#10211,.T.);
#10742=ADVANCED_FACE('',(#577),#10212,.T.);
#10743=ADVANCED_FACE('',(#578),#10213,.T.);
#10744=ADVANCED_FACE('',(#579),#10214,.T.);
#10745=ADVANCED_FACE('',(#580),#10215,.T.);
#10746=ADVANCED_FACE('',(#581),#10216,.T.);
#10747=ADVANCED_FACE('',(#582),#10217,.T.);
#10748=ADVANCED_FACE('',(#583),#10218,.T.);
#10749=ADVANCED_FACE('',(#584),#10219,.T.);
#10750=ADVANCED_FACE('',(#585),#10220,.T.);
#10751=ADVANCED_FACE('',(#586),#10221,.T.);
#10752=ADVANCED_FACE('',(#587),#10222,.T.);
#10753=ADVANCED_FACE('',(#588),#10223,.T.);
#10754=ADVANCED_FACE('',(#589),#10224,.T.);
#10755=ADVANCED_FACE('',(#590),#10225,.T.);
#10756=ADVANCED_FACE('',(#591),#10226,.T.);
#10757=ADVANCED_FACE('',(#592),#10227,.T.);
#10758=ADVANCED_FACE('',(#593),#10228,.T.);
#10759=ADVANCED_FACE('',(#594),#10229,.T.);
#10760=ADVANCED_FACE('',(#595),#10230,.T.);
#10761=ADVANCED_FACE('',(#596),#10231,.T.);
#10762=ADVANCED_FACE('',(#597),#10232,.T.);
#10763=ADVANCED_FACE('',(#598),#10233,.T.);
#10764=ADVANCED_FACE('',(#599),#10234,.T.);
#10765=ADVANCED_FACE('',(#600),#10235,.T.);
#10766=ADVANCED_FACE('',(#601),#10236,.T.);
#10767=ADVANCED_FACE('',(#602),#10237,.T.);
#10768=ADVANCED_FACE('',(#603),#10238,.T.);
#10769=ADVANCED_FACE('',(#604),#10239,.T.);
#10770=ADVANCED_FACE('',(#605),#10240,.T.);
#10771=ADVANCED_FACE('',(#606),#10241,.T.);
#10772=ADVANCED_FACE('',(#607),#10242,.T.);
#10773=ADVANCED_FACE('',(#608),#10243,.T.);
#10774=ADVANCED_FACE('',(#609),#10244,.T.);
#10775=ADVANCED_FACE('',(#610),#10245,.T.);
#10776=ADVANCED_FACE('',(#611),#10246,.T.);
#10777=ADVANCED_FACE('',(#612),#10247,.T.);
#10778=ADVANCED_FACE('',(#613),#10248,.T.);
#10779=ADVANCED_FACE('',(#614),#10249,.T.);
#10780=ADVANCED_FACE('',(#615),#10250,.T.);
#10781=ADVANCED_FACE('',(#616),#10251,.T.);
#10782=ADVANCED_FACE('',(#617),#10252,.T.);
#10783=ADVANCED_FACE('',(#618),#10253,.T.);
#10784=ADVANCED_FACE('',(#619),#10254,.T.);
#10785=ADVANCED_FACE('',(#620),#10255,.T.);
#10786=ADVANCED_FACE('',(#621),#10256,.T.);
#10787=ADVANCED_FACE('',(#622),#10257,.T.);
#10788=ADVANCED_FACE('',(#623),#10258,.T.);
#10789=ADVANCED_FACE('',(#624),#10259,.T.);
#10790=ADVANCED_FACE('',(#625),#10260,.T.);
#10791=ADVANCED_FACE('',(#626),#10261,.T.);
#10792=ADVANCED_FACE('',(#627),#10262,.T.);
#10793=ADVANCED_FACE('',(#628),#10263,.T.);
#10794=ADVANCED_FACE('',(#629),#10264,.T.);
#10795=ADVANCED_FACE('',(#630),#10265,.T.);
#10796=ADVANCED_FACE('',(#631),#10266,.T.);
#10797=ADVANCED_FACE('',(#632),#10267,.T.);
#10798=ADVANCED_FACE('',(#633),#10268,.T.);
#10799=ADVANCED_FACE('',(#634),#10269,.T.);
#10800=ADVANCED_FACE('',(#635),#10270,.T.);
#10801=ADVANCED_FACE('',(#636),#10271,.T.);
#10802=ADVANCED_FACE('',(#637),#10272,.T.);
#10803=ADVANCED_FACE('',(#638),#10273,.T.);
#10804=ADVANCED_FACE('',(#639),#10274,.T.);
#10805=ADVANCED_FACE('',(#640),#10275,.T.);
#10806=ADVANCED_FACE('',(#641),#10276,.T.);
#10807=ADVANCED_FACE('',(#642),#10277,.T.);
#10808=ADVANCED_FACE('',(#643),#10278,.T.);
#10809=ADVANCED_FACE('',(#644),#10279,.T.);
#10810=ADVANCED_FACE('',(#645),#10280,.T.);
#10811=ADVANCED_FACE('',(#646),#10281,.T.);
#10812=ADVANCED_FACE('',(#647),#10282,.T.);
#10813=ADVANCED_FACE('',(#648),#10283,.T.);
#10814=ADVANCED_FACE('',(#649),#10284,.T.);
#10815=ADVANCED_FACE('',(#650),#10285,.T.);
#10816=ADVANCED_FACE('',(#651),#10286,.T.);
#10817=ADVANCED_FACE('',(#652),#10287,.T.);
#10818=ADVANCED_FACE('',(#653),#10288,.T.);
#10819=ADVANCED_FACE('',(#654),#10289,.T.);
#10820=ADVANCED_FACE('',(#655),#10290,.T.);
#10821=ADVANCED_FACE('',(#656),#10291,.T.);
#10822=ADVANCED_FACE('',(#657),#10292,.T.);
#10823=ADVANCED_FACE('',(#658),#10293,.T.);
#10824=ADVANCED_FACE('',(#659),#10294,.T.);
#10825=ADVANCED_FACE('',(#660),#10295,.T.);
#10826=ADVANCED_FACE('',(#661),#10296,.T.);
#10827=ADVANCED_FACE('',(#662),#10297,.T.);
#10828=ADVANCED_FACE('',(#663),#10298,.T.);
#10829=ADVANCED_FACE('',(#664),#10299,.T.);
#10830=ADVANCED_FACE('',(#665),#10300,.T.);
#10831=ADVANCED_FACE('',(#666),#10301,.T.);
#10832=ADVANCED_FACE('',(#667),#10302,.T.);
#10833=ADVANCED_FACE('',(#668),#10303,.T.);
#10834=ADVANCED_FACE('',(#669),#10304,.T.);
#10835=ADVANCED_FACE('',(#670),#10305,.T.);
#10836=ADVANCED_FACE('',(#671),#10306,.T.);
#10837=ADVANCED_FACE('',(#672),#10307,.T.);
#10838=ADVANCED_FACE('',(#673),#10308,.T.);
#10839=ADVANCED_FACE('',(#674),#10309,.T.);
#10840=ADVANCED_FACE('',(#675),#10310,.T.);
#10841=ADVANCED_FACE('',(#676),#10311,.T.);
#10842=ADVANCED_FACE('',(#677),#10312,.T.);
#10843=ADVANCED_FACE('',(#678),#10313,.T.);
#10844=ADVANCED_FACE('',(#679),#10314,.T.);
#10845=ADVANCED_FACE('',(#680),#10315,.T.);
#10846=ADVANCED_FACE('',(#681),#10316,.T.);
#10847=ADVANCED_FACE('',(#682),#10317,.T.);
#10848=ADVANCED_FACE('',(#683),#10318,.T.);
#10849=ADVANCED_FACE('',(#684),#10319,.T.);
#10850=ADVANCED_FACE('',(#685),#10320,.T.);
#10851=ADVANCED_FACE('',(#686),#10321,.T.);
#10852=ADVANCED_FACE('',(#687),#10322,.T.);
#10853=ADVANCED_FACE('',(#688),#10323,.T.);
#10854=ADVANCED_FACE('',(#689),#10324,.T.);
#10855=ADVANCED_FACE('',(#690),#10325,.T.);
#10856=ADVANCED_FACE('',(#691),#10326,.T.);
#10857=ADVANCED_FACE('',(#692),#10327,.T.);
#10858=ADVANCED_FACE('',(#693),#10328,.T.);
#10859=ADVANCED_FACE('',(#694),#10329,.T.);
#10860=ADVANCED_FACE('',(#695),#10330,.T.);
#10861=ADVANCED_FACE('',(#696),#10331,.T.);
#10862=ADVANCED_FACE('',(#697),#10332,.T.);
#10863=ADVANCED_FACE('',(#698),#10333,.T.);
#10864=ADVANCED_FACE('',(#699),#10334,.T.);
#10865=ADVANCED_FACE('',(#700),#10335,.T.);
#10866=ADVANCED_FACE('',(#701),#10336,.T.);
#10867=ADVANCED_FACE('',(#702),#10337,.T.);
#10868=ADVANCED_FACE('',(#703),#10338,.T.);
#10869=ADVANCED_FACE('',(#704),#10339,.T.);
#10870=ADVANCED_FACE('',(#705,#82),#10340,.T.);
#10871=ADVANCED_FACE('',(#706),#10341,.F.);
#10872=ADVANCED_FACE('',(#707),#10342,.F.);
#10873=ADVANCED_FACE('',(#708),#10343,.T.);
#10874=ADVANCED_FACE('',(#709),#10344,.F.);
#10875=ADVANCED_FACE('',(#710),#10345,.F.);
#10876=ADVANCED_FACE('',(#711),#10346,.T.);
#10877=ADVANCED_FACE('',(#712,#83),#10347,.T.);
#10878=ADVANCED_FACE('',(#713),#181,.F.);
#10879=ADVANCED_FACE('',(#714),#182,.F.);
#10880=ADVANCED_FACE('',(#715,#84),#10348,.F.);
#10881=ADVANCED_FACE('',(#716),#10349,.F.);
#10882=ADVANCED_FACE('',(#717),#10350,.F.);
#10883=ADVANCED_FACE('',(#718),#10351,.F.);
#10884=ADVANCED_FACE('',(#719),#10352,.T.);
#10885=ADVANCED_FACE('',(#720),#10353,.T.);
#10886=ADVANCED_FACE('',(#721),#10354,.F.);
#10887=ADVANCED_FACE('',(#722),#10355,.F.);
#10888=ADVANCED_FACE('',(#723),#10356,.F.);
#10889=ADVANCED_FACE('',(#724),#10357,.T.);
#10890=ADVANCED_FACE('',(#725),#10358,.T.);
#10891=ADVANCED_FACE('',(#726,#85),#10359,.T.);
#10892=ADVANCED_FACE('',(#727),#10360,.F.);
#10893=ADVANCED_FACE('',(#728),#10361,.T.);
#10894=ADVANCED_FACE('',(#729),#10362,.T.);
#10895=ADVANCED_FACE('',(#730),#10363,.T.);
#10896=ADVANCED_FACE('',(#731),#10364,.T.);
#10897=ADVANCED_FACE('',(#732),#183,.F.);
#10898=ADVANCED_FACE('',(#733),#10365,.F.);
#10899=ADVANCED_FACE('',(#734),#10366,.F.);
#10900=ADVANCED_FACE('',(#735),#10367,.F.);
#10901=ADVANCED_FACE('',(#736),#10368,.F.);
#10902=ADVANCED_FACE('',(#737),#10369,.F.);
#10903=ADVANCED_FACE('',(#738,#86),#10370,.F.);
#10904=ADVANCED_FACE('',(#739),#184,.F.);
#10905=ADVANCED_FACE('',(#740),#10371,.T.);
#10906=ADVANCED_FACE('',(#741),#10372,.T.);
#10907=ADVANCED_FACE('',(#742),#10373,.T.);
#10908=ADVANCED_FACE('',(#743),#10374,.T.);
#10909=ADVANCED_FACE('',(#744,#87),#10375,.T.);
#10910=ADVANCED_FACE('',(#745,#88),#10376,.F.);
#10911=ADVANCED_FACE('',(#746),#185,.F.);
#10912=ADVANCED_FACE('',(#747),#10377,.T.);
#10913=ADVANCED_FACE('',(#748),#10378,.T.);
#10914=ADVANCED_FACE('',(#749),#10379,.T.);
#10915=ADVANCED_FACE('',(#750),#10380,.T.);
#10916=ADVANCED_FACE('',(#751,#89),#10381,.T.);
#10917=ADVANCED_FACE('',(#752,#90),#10382,.F.);
#10918=ADVANCED_FACE('',(#753),#186,.F.);
#10919=ADVANCED_FACE('',(#754),#10383,.T.);
#10920=ADVANCED_FACE('',(#755),#10384,.T.);
#10921=ADVANCED_FACE('',(#756),#10385,.T.);
#10922=ADVANCED_FACE('',(#757),#10386,.T.);
#10923=ADVANCED_FACE('',(#758,#91),#10387,.T.);
#10924=ADVANCED_FACE('',(#759,#92),#10388,.F.);
#10925=ADVANCED_FACE('',(#760),#187,.F.);
#10926=ADVANCED_FACE('',(#761),#10389,.T.);
#10927=ADVANCED_FACE('',(#762),#10390,.T.);
#10928=ADVANCED_FACE('',(#763),#10391,.T.);
#10929=ADVANCED_FACE('',(#764),#10392,.T.);
#10930=ADVANCED_FACE('',(#765,#93),#10393,.T.);
#10931=ADVANCED_FACE('',(#766,#94),#10394,.F.);
#10932=ADVANCED_FACE('',(#767),#188,.T.);
#10933=ADVANCED_FACE('',(#768),#10395,.T.);
#10934=ADVANCED_FACE('',(#769),#10396,.F.);
#10935=ADVANCED_FACE('',(#770),#189,.T.);
#10936=ADVANCED_FACE('',(#771),#10397,.T.);
#10937=ADVANCED_FACE('',(#772),#10398,.F.);
#10938=ADVANCED_FACE('',(#773),#190,.F.);
#10939=ADVANCED_FACE('',(#774),#191,.T.);
#10940=ADVANCED_FACE('',(#775,#95),#10399,.T.);
#10941=ADVANCED_FACE('',(#776,#96),#10400,.F.);
#10942=ADVANCED_FACE('',(#777),#192,.F.);
#10943=ADVANCED_FACE('',(#778),#193,.T.);
#10944=ADVANCED_FACE('',(#779,#97),#10401,.T.);
#10945=ADVANCED_FACE('',(#780,#98),#10402,.F.);
#10946=ADVANCED_FACE('',(#781),#194,.F.);
#10947=ADVANCED_FACE('',(#782),#195,.T.);
#10948=ADVANCED_FACE('',(#783,#99),#10403,.T.);
#10949=ADVANCED_FACE('',(#784,#100),#10404,.F.);
#10950=ADVANCED_FACE('',(#785),#196,.F.);
#10951=ADVANCED_FACE('',(#786),#197,.T.);
#10952=ADVANCED_FACE('',(#787,#101),#10405,.T.);
#10953=ADVANCED_FACE('',(#788,#102),#10406,.F.);
#10954=ADVANCED_FACE('',(#789,#103),#10407,.T.);
#10955=ADVANCED_FACE('',(#790),#10408,.T.);
#10956=ADVANCED_FACE('',(#791),#10409,.T.);
#10957=ADVANCED_FACE('',(#792),#10410,.T.);
#10958=ADVANCED_FACE('',(#793),#10411,.T.);
#10959=ADVANCED_FACE('',(#794),#10412,.F.);
#10960=ADVANCED_FACE('',(#795),#198,.T.);
#10961=ADVANCED_FACE('',(#796),#10413,.F.);
#10962=CLOSED_SHELL('',(#10414,#10415,#10416,#10417,#10418,#10419,#10420,
#10421,#10422,#10423,#10424,#10425,#10426,#10427,#10428,#10429,#10430,#10431,
#10432));
#10963=CLOSED_SHELL('',(#10433,#10434,#10435,#10436,#10437,#10438));
#10964=CLOSED_SHELL('',(#10439,#10440,#10441,#10442,#10443,#10444,#10445,
#10446,#10447,#10448,#10449,#10450,#10451,#10452,#10453,#10454,#10455,#10456,
#10457,#10458,#10459,#10460,#10461,#10462,#10463,#10464,#10465,#10466,#10467));
#10965=CLOSED_SHELL('',(#10468,#10469,#10470,#10471,#10472,#10473,#10474,
#10475,#10476,#10477,#10478,#10479,#10480,#10481,#10482,#10483,#10484,#10485,
#10486,#10487,#10488,#10489,#10490,#10491,#10492,#10493,#10494,#10495,#10496,
#10497,#10498,#10499,#10500,#10501,#10502,#10503,#10504,#10505,#10506,#10507,
#10508,#10509,#10510,#10511,#10512,#10513,#10514,#10515,#10516,#10517));
#10966=CLOSED_SHELL('',(#10518,#10519,#10520,#10521,#10522,#10523,#10524,
#10525,#10526,#10527,#10528,#10529,#10530,#10531,#10532,#10533,#10534,#10535,
#10536,#10537,#10538,#10539,#10540,#10541,#10542,#10543,#10544,#10545,#10546,
#10547,#10548,#10549,#10550,#10551,#10552,#10553,#10554,#10555,#10556,#10557,
#10558,#10559,#10560,#10561,#10562,#10563,#10564,#10565,#10566,#10567));
#10967=CLOSED_SHELL('',(#10568,#10569,#10570,#10571,#10572,#10573,#10574,
#10575,#10576,#10577,#10578,#10579,#10580,#10581,#10582,#10583,#10584,#10585,
#10586,#10587,#10588,#10589,#10590,#10591,#10592,#10593,#10594,#10595,#10596,
#10597,#10598,#10599,#10600,#10601,#10602,#10603,#10604,#10605,#10606,#10607,
#10608,#10609,#10610,#10611,#10612,#10613,#10614,#10615,#10616,#10617,#10618,
#10619,#10620,#10621,#10622,#10623,#10624,#10625,#10626,#10627,#10628,#10629,
#10630,#10631,#10632,#10633,#10634,#10635,#10636,#10637,#10638,#10639,#10640,
#10641,#10642,#10643,#10644,#10645,#10646,#10647,#10648,#10649,#10650,#10651,
#10652,#10653,#10654,#10655,#10656,#10657,#10658,#10659,#10660,#10661,#10662,
#10663,#10664,#10665,#10666,#10667,#10668,#10669,#10670,#10671,#10672,#10673,
#10674,#10675,#10676,#10677,#10678,#10679,#10680,#10681,#10682,#10683,#10684,
#10685,#10686,#10687,#10688,#10689,#10690,#10691,#10692,#10693,#10694,#10695,
#10696,#10697,#10698,#10699,#10700,#10701,#10702,#10703,#10704,#10705,#10706,
#10707,#10708,#10709,#10710,#10711,#10712,#10713,#10714,#10715,#10716,#10717,
#10718,#10719,#10720,#10721,#10722,#10723,#10724,#10725,#10726,#10727,#10728,
#10729,#10730,#10731,#10732,#10733,#10734,#10735,#10736,#10737,#10738,#10739,
#10740,#10741,#10742,#10743,#10744,#10745,#10746,#10747,#10748,#10749,#10750,
#10751,#10752,#10753,#10754,#10755,#10756,#10757,#10758,#10759,#10760,#10761,
#10762,#10763,#10764,#10765,#10766,#10767,#10768,#10769,#10770,#10771,#10772,
#10773,#10774,#10775,#10776,#10777,#10778,#10779,#10780,#10781,#10782,#10783,
#10784,#10785,#10786,#10787,#10788,#10789,#10790,#10791,#10792,#10793,#10794,
#10795,#10796,#10797,#10798,#10799,#10800,#10801,#10802,#10803,#10804,#10805,
#10806,#10807,#10808,#10809,#10810,#10811,#10812,#10813,#10814,#10815,#10816,
#10817,#10818,#10819,#10820,#10821,#10822,#10823,#10824,#10825,#10826,#10827,
#10828,#10829,#10830,#10831,#10832,#10833,#10834,#10835,#10836,#10837,#10838,
#10839,#10840,#10841,#10842,#10843,#10844,#10845,#10846,#10847,#10848,#10849,
#10850,#10851,#10852,#10853,#10854,#10855,#10856,#10857,#10858,#10859,#10860,
#10861,#10862,#10863,#10864,#10865,#10866,#10867,#10868,#10869,#10870));
#10968=CLOSED_SHELL('',(#10871,#10872,#10873,#10874,#10875,#10876,#10877,
#10878,#10879,#10880,#10881,#10882,#10883,#10884,#10885,#10886,#10887,#10888,
#10889,#10890));
#10969=CLOSED_SHELL('',(#10891,#10892,#10893,#10894,#10895,#10896,#10897,
#10898,#10899,#10900,#10901,#10902,#10903));
#10970=CLOSED_SHELL('',(#10904,#10905,#10906,#10907,#10908,#10909,#10910));
#10971=CLOSED_SHELL('',(#10911,#10912,#10913,#10914,#10915,#10916,#10917));
#10972=CLOSED_SHELL('',(#10918,#10919,#10920,#10921,#10922,#10923,#10924));
#10973=CLOSED_SHELL('',(#10925,#10926,#10927,#10928,#10929,#10930,#10931));
#10974=CLOSED_SHELL('',(#10932,#10933,#10934));
#10975=CLOSED_SHELL('',(#10935,#10936,#10937));
#10976=CLOSED_SHELL('',(#10938,#10939,#10940,#10941));
#10977=CLOSED_SHELL('',(#10942,#10943,#10944,#10945));
#10978=CLOSED_SHELL('',(#10946,#10947,#10948,#10949));
#10979=CLOSED_SHELL('',(#10950,#10951,#10952,#10953));
#10980=CLOSED_SHELL('',(#10954,#10955,#10956,#10957,#10958,#10959,#10960,
#10961));
#10981=DERIVED_UNIT_ELEMENT(#11015,1.);
#10982=DERIVED_UNIT_ELEMENT(#17696,-3.);
#10983=DERIVED_UNIT_ELEMENT(#11015,1.);
#10984=DERIVED_UNIT_ELEMENT(#17696,-3.);
#10985=DERIVED_UNIT_ELEMENT(#11015,1.);
#10986=DERIVED_UNIT_ELEMENT(#17696,-3.);
#10987=DERIVED_UNIT_ELEMENT(#11015,1.);
#10988=DERIVED_UNIT_ELEMENT(#17696,-3.);
#10989=DERIVED_UNIT_ELEMENT(#11015,1.);
#10990=DERIVED_UNIT_ELEMENT(#17696,-3.);
#10991=DERIVED_UNIT_ELEMENT(#11015,1.);
#10992=DERIVED_UNIT_ELEMENT(#17696,-3.);
#10993=DERIVED_UNIT_ELEMENT(#11015,1.);
#10994=DERIVED_UNIT_ELEMENT(#17696,-3.);
#10995=DERIVED_UNIT_ELEMENT(#11015,1.);
#10996=DERIVED_UNIT_ELEMENT(#17696,-3.);
#10997=DERIVED_UNIT_ELEMENT(#11015,1.);
#10998=DERIVED_UNIT_ELEMENT(#17696,-3.);
#10999=DERIVED_UNIT_ELEMENT(#11015,1.);
#11000=DERIVED_UNIT_ELEMENT(#17696,-3.);
#11001=DERIVED_UNIT_ELEMENT(#11015,1.);
#11002=DERIVED_UNIT_ELEMENT(#17696,-3.);
#11003=DERIVED_UNIT_ELEMENT(#11015,1.);
#11004=DERIVED_UNIT_ELEMENT(#17696,-3.);
#11005=DERIVED_UNIT_ELEMENT(#11015,1.);
#11006=DERIVED_UNIT_ELEMENT(#17696,-3.);
#11007=DERIVED_UNIT_ELEMENT(#11015,1.);
#11008=DERIVED_UNIT_ELEMENT(#17696,-3.);
#11009=DERIVED_UNIT_ELEMENT(#11015,1.);
#11010=DERIVED_UNIT_ELEMENT(#17696,-3.);
#11011=DERIVED_UNIT_ELEMENT(#11015,1.);
#11012=DERIVED_UNIT_ELEMENT(#17696,-3.);
#11013=DERIVED_UNIT_ELEMENT(#11015,1.);
#11014=DERIVED_UNIT_ELEMENT(#17696,-3.);
#11015=(
MASS_UNIT()
NAMED_UNIT(*)
SI_UNIT(.KILO.,.GRAM.)
);
#11016=DERIVED_UNIT((#10981,#10982));
#11017=DERIVED_UNIT((#10983,#10984));
#11018=DERIVED_UNIT((#10985,#10986));
#11019=DERIVED_UNIT((#10987,#10988));
#11020=DERIVED_UNIT((#10989,#10990));
#11021=DERIVED_UNIT((#10991,#10992));
#11022=DERIVED_UNIT((#10993,#10994));
#11023=DERIVED_UNIT((#10995,#10996));
#11024=DERIVED_UNIT((#10997,#10998));
#11025=DERIVED_UNIT((#10999,#11000));
#11026=DERIVED_UNIT((#11001,#11002));
#11027=DERIVED_UNIT((#11003,#11004));
#11028=DERIVED_UNIT((#11005,#11006));
#11029=DERIVED_UNIT((#11007,#11008));
#11030=DERIVED_UNIT((#11009,#11010));
#11031=DERIVED_UNIT((#11011,#11012));
#11032=DERIVED_UNIT((#11013,#11014));
#11033=MEASURE_REPRESENTATION_ITEM('density measure',
POSITIVE_RATIO_MEASURE(7850.),#11016);
#11034=MEASURE_REPRESENTATION_ITEM('density measure',
POSITIVE_RATIO_MEASURE(7850.),#11017);
#11035=MEASURE_REPRESENTATION_ITEM('density measure',
POSITIVE_RATIO_MEASURE(7850.),#11018);
#11036=MEASURE_REPRESENTATION_ITEM('density measure',
POSITIVE_RATIO_MEASURE(7850.),#11019);
#11037=MEASURE_REPRESENTATION_ITEM('density measure',
POSITIVE_RATIO_MEASURE(7850.),#11020);
#11038=MEASURE_REPRESENTATION_ITEM('density measure',
POSITIVE_RATIO_MEASURE(7850.),#11021);
#11039=MEASURE_REPRESENTATION_ITEM('density measure',
POSITIVE_RATIO_MEASURE(7850.),#11022);
#11040=MEASURE_REPRESENTATION_ITEM('density measure',
POSITIVE_RATIO_MEASURE(7850.),#11023);
#11041=MEASURE_REPRESENTATION_ITEM('density measure',
POSITIVE_RATIO_MEASURE(7850.),#11024);
#11042=MEASURE_REPRESENTATION_ITEM('density measure',
POSITIVE_RATIO_MEASURE(7850.),#11025);
#11043=MEASURE_REPRESENTATION_ITEM('density measure',
POSITIVE_RATIO_MEASURE(7850.),#11026);
#11044=MEASURE_REPRESENTATION_ITEM('density measure',
POSITIVE_RATIO_MEASURE(7850.),#11027);
#11045=MEASURE_REPRESENTATION_ITEM('density measure',
POSITIVE_RATIO_MEASURE(7850.),#11028);
#11046=MEASURE_REPRESENTATION_ITEM('density measure',
POSITIVE_RATIO_MEASURE(7850.),#11029);
#11047=MEASURE_REPRESENTATION_ITEM('density measure',
POSITIVE_RATIO_MEASURE(7850.),#11030);
#11048=MEASURE_REPRESENTATION_ITEM('density measure',
POSITIVE_RATIO_MEASURE(7850.),#11031);
#11049=MEASURE_REPRESENTATION_ITEM('density measure',
POSITIVE_RATIO_MEASURE(7850.),#11032);
#11050=PROPERTY_DEFINITION_REPRESENTATION(#11135,#11084);
#11051=PROPERTY_DEFINITION_REPRESENTATION(#11136,#11085);
#11052=PROPERTY_DEFINITION_REPRESENTATION(#11137,#11086);
#11053=PROPERTY_DEFINITION_REPRESENTATION(#11138,#11087);
#11054=PROPERTY_DEFINITION_REPRESENTATION(#11139,#11088);
#11055=PROPERTY_DEFINITION_REPRESENTATION(#11140,#11089);
#11056=PROPERTY_DEFINITION_REPRESENTATION(#11141,#11090);
#11057=PROPERTY_DEFINITION_REPRESENTATION(#11142,#11091);
#11058=PROPERTY_DEFINITION_REPRESENTATION(#11143,#11092);
#11059=PROPERTY_DEFINITION_REPRESENTATION(#11144,#11093);
#11060=PROPERTY_DEFINITION_REPRESENTATION(#11145,#11094);
#11061=PROPERTY_DEFINITION_REPRESENTATION(#11146,#11095);
#11062=PROPERTY_DEFINITION_REPRESENTATION(#11147,#11096);
#11063=PROPERTY_DEFINITION_REPRESENTATION(#11148,#11097);
#11064=PROPERTY_DEFINITION_REPRESENTATION(#11149,#11098);
#11065=PROPERTY_DEFINITION_REPRESENTATION(#11150,#11099);
#11066=PROPERTY_DEFINITION_REPRESENTATION(#11151,#11100);
#11067=PROPERTY_DEFINITION_REPRESENTATION(#11152,#11101);
#11068=PROPERTY_DEFINITION_REPRESENTATION(#11153,#11102);
#11069=PROPERTY_DEFINITION_REPRESENTATION(#11154,#11103);
#11070=PROPERTY_DEFINITION_REPRESENTATION(#11155,#11104);
#11071=PROPERTY_DEFINITION_REPRESENTATION(#11156,#11105);
#11072=PROPERTY_DEFINITION_REPRESENTATION(#11157,#11106);
#11073=PROPERTY_DEFINITION_REPRESENTATION(#11158,#11107);
#11074=PROPERTY_DEFINITION_REPRESENTATION(#11159,#11108);
#11075=PROPERTY_DEFINITION_REPRESENTATION(#11160,#11109);
#11076=PROPERTY_DEFINITION_REPRESENTATION(#11161,#11110);
#11077=PROPERTY_DEFINITION_REPRESENTATION(#11162,#11111);
#11078=PROPERTY_DEFINITION_REPRESENTATION(#11163,#11112);
#11079=PROPERTY_DEFINITION_REPRESENTATION(#11164,#11113);
#11080=PROPERTY_DEFINITION_REPRESENTATION(#11165,#11114);
#11081=PROPERTY_DEFINITION_REPRESENTATION(#11166,#11115);
#11082=PROPERTY_DEFINITION_REPRESENTATION(#11167,#11116);
#11083=PROPERTY_DEFINITION_REPRESENTATION(#11168,#11117);
#11084=REPRESENTATION('material name',(#11118),#17677);
#11085=REPRESENTATION('density',(#11033),#17677);
#11086=REPRESENTATION('material name',(#11119),#17678);
#11087=REPRESENTATION('density',(#11034),#17678);
#11088=REPRESENTATION('material name',(#11120),#17679);
#11089=REPRESENTATION('density',(#11035),#17679);
#11090=REPRESENTATION('material name',(#11121),#17680);
#11091=REPRESENTATION('density',(#11036),#17680);
#11092=REPRESENTATION('material name',(#11122),#17681);
#11093=REPRESENTATION('density',(#11037),#17681);
#11094=REPRESENTATION('material name',(#11123),#17682);
#11095=REPRESENTATION('density',(#11038),#17682);
#11096=REPRESENTATION('material name',(#11124),#17683);
#11097=REPRESENTATION('density',(#11039),#17683);
#11098=REPRESENTATION('material name',(#11125),#17684);
#11099=REPRESENTATION('density',(#11040),#17684);
#11100=REPRESENTATION('material name',(#11126),#17685);
#11101=REPRESENTATION('density',(#11041),#17685);
#11102=REPRESENTATION('material name',(#11127),#17686);
#11103=REPRESENTATION('density',(#11042),#17686);
#11104=REPRESENTATION('material name',(#11128),#17687);
#11105=REPRESENTATION('density',(#11043),#17687);
#11106=REPRESENTATION('material name',(#11129),#17688);
#11107=REPRESENTATION('density',(#11044),#17688);
#11108=REPRESENTATION('material name',(#11130),#17689);
#11109=REPRESENTATION('density',(#11045),#17689);
#11110=REPRESENTATION('material name',(#11131),#17690);
#11111=REPRESENTATION('density',(#11046),#17690);
#11112=REPRESENTATION('material name',(#11132),#17691);
#11113=REPRESENTATION('density',(#11047),#17691);
#11114=REPRESENTATION('material name',(#11133),#17692);
#11115=REPRESENTATION('density',(#11048),#17692);
#11116=REPRESENTATION('material name',(#11134),#17693);
#11117=REPRESENTATION('density',(#11049),#17693);
#11118=DESCRIPTIVE_REPRESENTATION_ITEM('\X2\94A2\X0\','\X2\94A2\X0\');
#11119=DESCRIPTIVE_REPRESENTATION_ITEM('\X2\94A2\X0\','\X2\94A2\X0\');
#11120=DESCRIPTIVE_REPRESENTATION_ITEM('\X2\94A2\X0\','\X2\94A2\X0\');
#11121=DESCRIPTIVE_REPRESENTATION_ITEM('\X2\94A2\X0\','\X2\94A2\X0\');
#11122=DESCRIPTIVE_REPRESENTATION_ITEM('\X2\94A2\X0\','\X2\94A2\X0\');
#11123=DESCRIPTIVE_REPRESENTATION_ITEM('\X2\94A2\X0\','\X2\94A2\X0\');
#11124=DESCRIPTIVE_REPRESENTATION_ITEM('\X2\94A2\X0\','\X2\94A2\X0\');
#11125=DESCRIPTIVE_REPRESENTATION_ITEM('\X2\94A2\X0\','\X2\94A2\X0\');
#11126=DESCRIPTIVE_REPRESENTATION_ITEM('\X2\94A2\X0\','\X2\94A2\X0\');
#11127=DESCRIPTIVE_REPRESENTATION_ITEM('\X2\94A2\X0\','\X2\94A2\X0\');
#11128=DESCRIPTIVE_REPRESENTATION_ITEM('\X2\94A2\X0\','\X2\94A2\X0\');
#11129=DESCRIPTIVE_REPRESENTATION_ITEM('\X2\94A2\X0\','\X2\94A2\X0\');
#11130=DESCRIPTIVE_REPRESENTATION_ITEM('\X2\94A2\X0\','\X2\94A2\X0\');
#11131=DESCRIPTIVE_REPRESENTATION_ITEM('\X2\94A2\X0\','\X2\94A2\X0\');
#11132=DESCRIPTIVE_REPRESENTATION_ITEM('\X2\94A2\X0\','\X2\94A2\X0\');
#11133=DESCRIPTIVE_REPRESENTATION_ITEM('\X2\94A2\X0\','\X2\94A2\X0\');
#11134=DESCRIPTIVE_REPRESENTATION_ITEM('\X2\94A2\X0\','\X2\94A2\X0\');
#11135=PROPERTY_DEFINITION('material property','material name',#17772);
#11136=PROPERTY_DEFINITION('material property','density of part',#17772);
#11137=PROPERTY_DEFINITION('material property','material name',#17773);
#11138=PROPERTY_DEFINITION('material property','density of part',#17773);
#11139=PROPERTY_DEFINITION('material property','material name',#17774);
#11140=PROPERTY_DEFINITION('material property','density of part',#17774);
#11141=PROPERTY_DEFINITION('material property','material name',#17775);
#11142=PROPERTY_DEFINITION('material property','density of part',#17775);
#11143=PROPERTY_DEFINITION('material property','material name',#17776);
#11144=PROPERTY_DEFINITION('material property','density of part',#17776);
#11145=PROPERTY_DEFINITION('material property','material name',#17777);
#11146=PROPERTY_DEFINITION('material property','density of part',#17777);
#11147=PROPERTY_DEFINITION('material property','material name',#17778);
#11148=PROPERTY_DEFINITION('material property','density of part',#17778);
#11149=PROPERTY_DEFINITION('material property','material name',#17779);
#11150=PROPERTY_DEFINITION('material property','density of part',#17779);
#11151=PROPERTY_DEFINITION('material property','material name',#17780);
#11152=PROPERTY_DEFINITION('material property','density of part',#17780);
#11153=PROPERTY_DEFINITION('material property','material name',#17781);
#11154=PROPERTY_DEFINITION('material property','density of part',#17781);
#11155=PROPERTY_DEFINITION('material property','material name',#17782);
#11156=PROPERTY_DEFINITION('material property','density of part',#17782);
#11157=PROPERTY_DEFINITION('material property','material name',#17783);
#11158=PROPERTY_DEFINITION('material property','density of part',#17783);
#11159=PROPERTY_DEFINITION('material property','material name',#17784);
#11160=PROPERTY_DEFINITION('material property','density of part',#17784);
#11161=PROPERTY_DEFINITION('material property','material name',#17785);
#11162=PROPERTY_DEFINITION('material property','density of part',#17785);
#11163=PROPERTY_DEFINITION('material property','material name',#17786);
#11164=PROPERTY_DEFINITION('material property','density of part',#17786);
#11165=PROPERTY_DEFINITION('material property','material name',#17787);
#11166=PROPERTY_DEFINITION('material property','density of part',#17787);
#11167=PROPERTY_DEFINITION('material property','material name',#17788);
#11168=PROPERTY_DEFINITION('material property','density of part',#17788);
#11169=AXIS2_PLACEMENT_3D('',#14539,#11802,#11803);
#11170=AXIS2_PLACEMENT_3D('',#14540,#11804,#11805);
#11171=AXIS2_PLACEMENT_3D('',#14541,#11806,#11807);
#11172=AXIS2_PLACEMENT_3D('',#14550,#11812,#11813);
#11173=AXIS2_PLACEMENT_3D('',#14556,#11817,#11818);
#11174=AXIS2_PLACEMENT_3D('',#14562,#11822,#11823);
#11175=AXIS2_PLACEMENT_3D('',#14568,#11826,#11827);
#11176=AXIS2_PLACEMENT_3D('',#14584,#11835,#11836);
#11177=AXIS2_PLACEMENT_3D('',#14588,#11839,#11840);
#11178=AXIS2_PLACEMENT_3D('',#14592,#11843,#11844);
#11179=AXIS2_PLACEMENT_3D('',#14597,#11847,#11848);
#11180=AXIS2_PLACEMENT_3D('',#14598,#11849,#11850);
#11181=AXIS2_PLACEMENT_3D('',#14602,#11853,#11854);
#11182=AXIS2_PLACEMENT_3D('',#14606,#11857,#11858);
#11183=AXIS2_PLACEMENT_3D('',#14610,#11861,#11862);
#11184=AXIS2_PLACEMENT_3D('',#14623,#11869,#11870);
#11185=AXIS2_PLACEMENT_3D('',#14625,#11872,#11873);
#11186=AXIS2_PLACEMENT_3D('',#14629,#11876,#11877);
#11187=AXIS2_PLACEMENT_3D('',#14632,#11880,#11881);
#11188=AXIS2_PLACEMENT_3D('',#14634,#11883,#11884);
#11189=AXIS2_PLACEMENT_3D('',#14635,#11885,#11886);
#11190=AXIS2_PLACEMENT_3D('',#14637,#11888,#11889);
#11191=AXIS2_PLACEMENT_3D('',#14641,#11892,#11893);
#11192=AXIS2_PLACEMENT_3D('',#14643,#11895,#11896);
#11193=AXIS2_PLACEMENT_3D('',#14644,#11897,#11898);
#11194=AXIS2_PLACEMENT_3D('',#14645,#11899,#11900);
#11195=AXIS2_PLACEMENT_3D('',#14654,#11905,#11906);
#11196=AXIS2_PLACEMENT_3D('',#14660,#11910,#11911);
#11197=AXIS2_PLACEMENT_3D('',#14664,#11914,#11915);
#11198=AXIS2_PLACEMENT_3D('',#14668,#11918,#11919);
#11199=AXIS2_PLACEMENT_3D('',#14670,#11921,#11922);
#11200=AXIS2_PLACEMENT_3D('',#14671,#11923,#11924);
#11201=AXIS2_PLACEMENT_3D('',#14672,#11925,#11926);
#11202=AXIS2_PLACEMENT_3D('',#14681,#11931,#11932);
#11203=AXIS2_PLACEMENT_3D('',#14687,#11936,#11937);
#11204=AXIS2_PLACEMENT_3D('',#14693,#11941,#11942);
#11205=AXIS2_PLACEMENT_3D('',#14711,#11952,#11953);
#11206=AXIS2_PLACEMENT_3D('',#14729,#11963,#11964);
#11207=AXIS2_PLACEMENT_3D('',#14731,#11966,#11967);
#11208=AXIS2_PLACEMENT_3D('',#14733,#11969,#11970);
#11209=AXIS2_PLACEMENT_3D('',#14735,#11972,#11973);
#11210=AXIS2_PLACEMENT_3D('',#14745,#11978,#11979);
#11211=AXIS2_PLACEMENT_3D('',#14761,#11987,#11988);
#11212=AXIS2_PLACEMENT_3D('',#14765,#11991,#11992);
#11213=AXIS2_PLACEMENT_3D('',#14767,#11994,#11995);
#11214=AXIS2_PLACEMENT_3D('',#14771,#11998,#11999);
#11215=AXIS2_PLACEMENT_3D('',#14774,#12002,#12003);
#11216=AXIS2_PLACEMENT_3D('',#14775,#12004,#12005);
#11217=AXIS2_PLACEMENT_3D('',#14779,#12008,#12009);
#11218=AXIS2_PLACEMENT_3D('',#14783,#12012,#12013);
#11219=AXIS2_PLACEMENT_3D('',#14787,#12015,#12016);
#11220=AXIS2_PLACEMENT_3D('',#14803,#12024,#12025);
#11221=AXIS2_PLACEMENT_3D('',#14807,#12028,#12029);
#11222=AXIS2_PLACEMENT_3D('',#14810,#12032,#12033);
#11223=AXIS2_PLACEMENT_3D('',#14812,#12035,#12036);
#11224=AXIS2_PLACEMENT_3D('',#14814,#12038,#12039);
#11225=AXIS2_PLACEMENT_3D('',#14816,#12041,#12042);
#11226=AXIS2_PLACEMENT_3D('',#14820,#12045,#12046);
#11227=AXIS2_PLACEMENT_3D('',#14823,#12049,#12050);
#11228=AXIS2_PLACEMENT_3D('',#14825,#12052,#12053);
#11229=AXIS2_PLACEMENT_3D('',#14826,#12054,#12055);
#11230=AXIS2_PLACEMENT_3D('',#14828,#12057,#12058);
#11231=AXIS2_PLACEMENT_3D('',#14832,#12061,#12062);
#11232=AXIS2_PLACEMENT_3D('',#14833,#12063,#12064);
#11233=AXIS2_PLACEMENT_3D('',#14835,#12066,#12067);
#11234=AXIS2_PLACEMENT_3D('',#14836,#12068,#12069);
#11235=AXIS2_PLACEMENT_3D('',#14837,#12070,#12071);
#11236=AXIS2_PLACEMENT_3D('',#14846,#12076,#12077);
#11237=AXIS2_PLACEMENT_3D('',#14852,#12081,#12082);
#11238=AXIS2_PLACEMENT_3D('',#14861,#12087,#12088);
#11239=AXIS2_PLACEMENT_3D('',#14867,#12092,#12093);
#11240=AXIS2_PLACEMENT_3D('',#14873,#12097,#12098);
#11241=AXIS2_PLACEMENT_3D('',#14882,#12103,#12104);
#11242=AXIS2_PLACEMENT_3D('',#14888,#12108,#12109);
#11243=AXIS2_PLACEMENT_3D('',#14894,#12113,#12114);
#11244=AXIS2_PLACEMENT_3D('',#14903,#12119,#12120);
#11245=AXIS2_PLACEMENT_3D('',#14909,#12124,#12125);
#11246=AXIS2_PLACEMENT_3D('',#14915,#12129,#12130);
#11247=AXIS2_PLACEMENT_3D('',#14924,#12135,#12136);
#11248=AXIS2_PLACEMENT_3D('',#14930,#12140,#12141);
#11249=AXIS2_PLACEMENT_3D('',#14936,#12145,#12146);
#11250=AXIS2_PLACEMENT_3D('',#14945,#12151,#12152);
#11251=AXIS2_PLACEMENT_3D('',#15006,#12186,#12187);
#11252=AXIS2_PLACEMENT_3D('',#15008,#12189,#12190);
#11253=AXIS2_PLACEMENT_3D('',#15012,#12193,#12194);
#11254=AXIS2_PLACEMENT_3D('',#15018,#12198,#12199);
#11255=AXIS2_PLACEMENT_3D('',#15024,#12203,#12204);
#11256=AXIS2_PLACEMENT_3D('',#15026,#12206,#12207);
#11257=AXIS2_PLACEMENT_3D('',#15028,#12209,#12210);
#11258=AXIS2_PLACEMENT_3D('',#15032,#12213,#12214);
#11259=AXIS2_PLACEMENT_3D('',#15034,#12216,#12217);
#11260=AXIS2_PLACEMENT_3D('',#15038,#12220,#12221);
#11261=AXIS2_PLACEMENT_3D('',#15044,#12225,#12226);
#11262=AXIS2_PLACEMENT_3D('',#15046,#12228,#12229);
#11263=AXIS2_PLACEMENT_3D('',#15050,#12232,#12233);
#11264=AXIS2_PLACEMENT_3D('',#15052,#12235,#12236);
#11265=AXIS2_PLACEMENT_3D('',#15056,#12239,#12240);
#11266=AXIS2_PLACEMENT_3D('',#15062,#12244,#12245);
#11267=AXIS2_PLACEMENT_3D('',#15064,#12247,#12248);
#11268=AXIS2_PLACEMENT_3D('',#15068,#12251,#12252);
#11269=AXIS2_PLACEMENT_3D('',#15070,#12254,#12255);
#11270=AXIS2_PLACEMENT_3D('',#15074,#12258,#12259);
#11271=AXIS2_PLACEMENT_3D('',#15080,#12263,#12264);
#11272=AXIS2_PLACEMENT_3D('',#15082,#12266,#12267);
#11273=AXIS2_PLACEMENT_3D('',#15086,#12270,#12271);
#11274=AXIS2_PLACEMENT_3D('',#15090,#12274,#12275);
#11275=AXIS2_PLACEMENT_3D('',#15094,#12278,#12279);
#11276=AXIS2_PLACEMENT_3D('',#15098,#12282,#12283);
#11277=AXIS2_PLACEMENT_3D('',#15102,#12286,#12287);
#11278=AXIS2_PLACEMENT_3D('',#15104,#12289,#12290);
#11279=AXIS2_PLACEMENT_3D('',#15110,#12294,#12295);
#11280=AXIS2_PLACEMENT_3D('',#15112,#12297,#12298);
#11281=AXIS2_PLACEMENT_3D('',#15116,#12301,#12302);
#11282=AXIS2_PLACEMENT_3D('',#15120,#12305,#12306);
#11283=AXIS2_PLACEMENT_3D('',#15124,#12309,#12310);
#11284=AXIS2_PLACEMENT_3D('',#15126,#12312,#12313);
#11285=AXIS2_PLACEMENT_3D('',#15127,#12314,#12315);
#11286=AXIS2_PLACEMENT_3D('',#15128,#12316,#12317);
#11287=AXIS2_PLACEMENT_3D('',#15137,#12322,#12323);
#11288=AXIS2_PLACEMENT_3D('',#15146,#12328,#12329);
#11289=AXIS2_PLACEMENT_3D('',#15152,#12333,#12334);
#11290=AXIS2_PLACEMENT_3D('',#15158,#12338,#12339);
#11291=AXIS2_PLACEMENT_3D('',#15167,#12344,#12345);
#11292=AXIS2_PLACEMENT_3D('',#15173,#12349,#12350);
#11293=AXIS2_PLACEMENT_3D('',#15179,#12354,#12355);
#11294=AXIS2_PLACEMENT_3D('',#15188,#12360,#12361);
#11295=AXIS2_PLACEMENT_3D('',#15194,#12365,#12366);
#11296=AXIS2_PLACEMENT_3D('',#15200,#12370,#12371);
#11297=AXIS2_PLACEMENT_3D('',#15209,#12376,#12377);
#11298=AXIS2_PLACEMENT_3D('',#15215,#12381,#12382);
#11299=AXIS2_PLACEMENT_3D('',#15221,#12386,#12387);
#11300=AXIS2_PLACEMENT_3D('',#15230,#12392,#12393);
#11301=AXIS2_PLACEMENT_3D('',#15236,#12397,#12398);
#11302=AXIS2_PLACEMENT_3D('',#15242,#12402,#12403);
#11303=AXIS2_PLACEMENT_3D('',#15251,#12408,#12409);
#11304=AXIS2_PLACEMENT_3D('',#15257,#12413,#12414);
#11305=AXIS2_PLACEMENT_3D('',#15266,#12419,#12420);
#11306=AXIS2_PLACEMENT_3D('',#15272,#12424,#12425);
#11307=AXIS2_PLACEMENT_3D('',#15278,#12429,#12430);
#11308=AXIS2_PLACEMENT_3D('',#15325,#12458,#12459);
#11309=AXIS2_PLACEMENT_3D('',#15329,#12462,#12463);
#11310=AXIS2_PLACEMENT_3D('',#15331,#12465,#12466);
#11311=AXIS2_PLACEMENT_3D('',#15337,#12470,#12471);
#11312=AXIS2_PLACEMENT_3D('',#15341,#12474,#12475);
#11313=AXIS2_PLACEMENT_3D('',#15345,#12478,#12479);
#11314=AXIS2_PLACEMENT_3D('',#15347,#12481,#12482);
#11315=AXIS2_PLACEMENT_3D('',#15349,#12484,#12485);
#11316=AXIS2_PLACEMENT_3D('',#15355,#12489,#12490);
#11317=AXIS2_PLACEMENT_3D('',#15359,#12493,#12494);
#11318=AXIS2_PLACEMENT_3D('',#15363,#12497,#12498);
#11319=AXIS2_PLACEMENT_3D('',#15365,#12500,#12501);
#11320=AXIS2_PLACEMENT_3D('',#15367,#12503,#12504);
#11321=AXIS2_PLACEMENT_3D('',#15373,#12508,#12509);
#11322=AXIS2_PLACEMENT_3D('',#15377,#12512,#12513);
#11323=AXIS2_PLACEMENT_3D('',#15381,#12516,#12517);
#11324=AXIS2_PLACEMENT_3D('',#15383,#12519,#12520);
#11325=AXIS2_PLACEMENT_3D('',#15385,#12522,#12523);
#11326=AXIS2_PLACEMENT_3D('',#15389,#12526,#12527);
#11327=AXIS2_PLACEMENT_3D('',#15393,#12530,#12531);
#11328=AXIS2_PLACEMENT_3D('',#15395,#12533,#12534);
#11329=AXIS2_PLACEMENT_3D('',#15397,#12536,#12537);
#11330=AXIS2_PLACEMENT_3D('',#15401,#12540,#12541);
#11331=AXIS2_PLACEMENT_3D('',#15403,#12543,#12544);
#11332=AXIS2_PLACEMENT_3D('',#15407,#12547,#12548);
#11333=AXIS2_PLACEMENT_3D('',#15411,#12551,#12552);
#11334=AXIS2_PLACEMENT_3D('',#15415,#12555,#12556);
#11335=AXIS2_PLACEMENT_3D('',#15417,#12558,#12559);
#11336=AXIS2_PLACEMENT_3D('',#15418,#12560,#12561);
#11337=AXIS2_PLACEMENT_3D('',#15419,#12562,#12563);
#11338=AXIS2_PLACEMENT_3D('',#15421,#12564,#12565);
#11339=AXIS2_PLACEMENT_3D('',#15424,#12567,#12568);
#11340=AXIS2_PLACEMENT_3D('',#15425,#12569,#12570);
#11341=AXIS2_PLACEMENT_3D('',#15434,#12575,#12576);
#11342=AXIS2_PLACEMENT_3D('',#15440,#12580,#12581);
#11343=AXIS2_PLACEMENT_3D('',#15444,#12584,#12585);
#11344=AXIS2_PLACEMENT_3D('',#15453,#12590,#12591);
#11345=AXIS2_PLACEMENT_3D('',#15459,#12595,#12596);
#11346=AXIS2_PLACEMENT_3D('',#15465,#12600,#12601);
#11347=AXIS2_PLACEMENT_3D('',#15469,#12604,#12605);
#11348=AXIS2_PLACEMENT_3D('',#15472,#12608,#12609);
#11349=AXIS2_PLACEMENT_3D('',#15474,#12611,#12612);
#11350=AXIS2_PLACEMENT_3D('',#15475,#12613,#12614);
#11351=AXIS2_PLACEMENT_3D('',#16056,#12905,#12906);
#11352=AXIS2_PLACEMENT_3D('',#16062,#12910,#12911);
#11353=AXIS2_PLACEMENT_3D('',#16066,#12914,#12915);
#11354=AXIS2_PLACEMENT_3D('',#16070,#12918,#12919);
#11355=AXIS2_PLACEMENT_3D('',#16074,#12922,#12923);
#11356=AXIS2_PLACEMENT_3D('',#16078,#12926,#12927);
#11357=AXIS2_PLACEMENT_3D('',#16082,#12930,#12931);
#11358=AXIS2_PLACEMENT_3D('',#16086,#12934,#12935);
#11359=AXIS2_PLACEMENT_3D('',#16090,#12938,#12939);
#11360=AXIS2_PLACEMENT_3D('',#16094,#12942,#12943);
#11361=AXIS2_PLACEMENT_3D('',#16098,#12946,#12947);
#11362=AXIS2_PLACEMENT_3D('',#16102,#12950,#12951);
#11363=AXIS2_PLACEMENT_3D('',#16106,#12954,#12955);
#11364=AXIS2_PLACEMENT_3D('',#16110,#12958,#12959);
#11365=AXIS2_PLACEMENT_3D('',#16114,#12962,#12963);
#11366=AXIS2_PLACEMENT_3D('',#16118,#12966,#12967);
#11367=AXIS2_PLACEMENT_3D('',#16122,#12970,#12971);
#11368=AXIS2_PLACEMENT_3D('',#16126,#12974,#12975);
#11369=AXIS2_PLACEMENT_3D('',#16130,#12978,#12979);
#11370=AXIS2_PLACEMENT_3D('',#16134,#12982,#12983);
#11371=AXIS2_PLACEMENT_3D('',#16138,#12986,#12987);
#11372=AXIS2_PLACEMENT_3D('',#16142,#12990,#12991);
#11373=AXIS2_PLACEMENT_3D('',#16146,#12994,#12995);
#11374=AXIS2_PLACEMENT_3D('',#16150,#12998,#12999);
#11375=AXIS2_PLACEMENT_3D('',#16154,#13002,#13003);
#11376=AXIS2_PLACEMENT_3D('',#16158,#13006,#13007);
#11377=AXIS2_PLACEMENT_3D('',#16162,#13010,#13011);
#11378=AXIS2_PLACEMENT_3D('',#16166,#13014,#13015);
#11379=AXIS2_PLACEMENT_3D('',#16170,#13018,#13019);
#11380=AXIS2_PLACEMENT_3D('',#16174,#13022,#13023);
#11381=AXIS2_PLACEMENT_3D('',#16178,#13026,#13027);
#11382=AXIS2_PLACEMENT_3D('',#16182,#13030,#13031);
#11383=AXIS2_PLACEMENT_3D('',#16186,#13034,#13035);
#11384=AXIS2_PLACEMENT_3D('',#16190,#13038,#13039);
#11385=AXIS2_PLACEMENT_3D('',#16194,#13042,#13043);
#11386=AXIS2_PLACEMENT_3D('',#16198,#13046,#13047);
#11387=AXIS2_PLACEMENT_3D('',#16202,#13050,#13051);
#11388=AXIS2_PLACEMENT_3D('',#16206,#13054,#13055);
#11389=AXIS2_PLACEMENT_3D('',#16210,#13058,#13059);
#11390=AXIS2_PLACEMENT_3D('',#16214,#13062,#13063);
#11391=AXIS2_PLACEMENT_3D('',#16218,#13066,#13067);
#11392=AXIS2_PLACEMENT_3D('',#16222,#13070,#13071);
#11393=AXIS2_PLACEMENT_3D('',#16226,#13074,#13075);
#11394=AXIS2_PLACEMENT_3D('',#16230,#13078,#13079);
#11395=AXIS2_PLACEMENT_3D('',#16234,#13082,#13083);
#11396=AXIS2_PLACEMENT_3D('',#16238,#13086,#13087);
#11397=AXIS2_PLACEMENT_3D('',#16242,#13090,#13091);
#11398=AXIS2_PLACEMENT_3D('',#16246,#13094,#13095);
#11399=AXIS2_PLACEMENT_3D('',#16250,#13098,#13099);
#11400=AXIS2_PLACEMENT_3D('',#16254,#13102,#13103);
#11401=AXIS2_PLACEMENT_3D('',#16258,#13106,#13107);
#11402=AXIS2_PLACEMENT_3D('',#16262,#13110,#13111);
#11403=AXIS2_PLACEMENT_3D('',#16266,#13114,#13115);
#11404=AXIS2_PLACEMENT_3D('',#16270,#13118,#13119);
#11405=AXIS2_PLACEMENT_3D('',#16274,#13122,#13123);
#11406=AXIS2_PLACEMENT_3D('',#16278,#13126,#13127);
#11407=AXIS2_PLACEMENT_3D('',#16282,#13130,#13131);
#11408=AXIS2_PLACEMENT_3D('',#16286,#13134,#13135);
#11409=AXIS2_PLACEMENT_3D('',#16290,#13138,#13139);
#11410=AXIS2_PLACEMENT_3D('',#16294,#13142,#13143);
#11411=AXIS2_PLACEMENT_3D('',#16298,#13146,#13147);
#11412=AXIS2_PLACEMENT_3D('',#16302,#13150,#13151);
#11413=AXIS2_PLACEMENT_3D('',#16306,#13154,#13155);
#11414=AXIS2_PLACEMENT_3D('',#16310,#13158,#13159);
#11415=AXIS2_PLACEMENT_3D('',#16314,#13162,#13163);
#11416=AXIS2_PLACEMENT_3D('',#16318,#13166,#13167);
#11417=AXIS2_PLACEMENT_3D('',#16322,#13170,#13171);
#11418=AXIS2_PLACEMENT_3D('',#16326,#13174,#13175);
#11419=AXIS2_PLACEMENT_3D('',#16330,#13178,#13179);
#11420=AXIS2_PLACEMENT_3D('',#16334,#13182,#13183);
#11421=AXIS2_PLACEMENT_3D('',#16338,#13186,#13187);
#11422=AXIS2_PLACEMENT_3D('',#16342,#13190,#13191);
#11423=AXIS2_PLACEMENT_3D('',#16346,#13194,#13195);
#11424=AXIS2_PLACEMENT_3D('',#16350,#13198,#13199);
#11425=AXIS2_PLACEMENT_3D('',#16354,#13202,#13203);
#11426=AXIS2_PLACEMENT_3D('',#16358,#13206,#13207);
#11427=AXIS2_PLACEMENT_3D('',#16362,#13210,#13211);
#11428=AXIS2_PLACEMENT_3D('',#16366,#13214,#13215);
#11429=AXIS2_PLACEMENT_3D('',#16370,#13218,#13219);
#11430=AXIS2_PLACEMENT_3D('',#16374,#13222,#13223);
#11431=AXIS2_PLACEMENT_3D('',#16378,#13226,#13227);
#11432=AXIS2_PLACEMENT_3D('',#16382,#13230,#13231);
#11433=AXIS2_PLACEMENT_3D('',#16386,#13234,#13235);
#11434=AXIS2_PLACEMENT_3D('',#16390,#13238,#13239);
#11435=AXIS2_PLACEMENT_3D('',#16394,#13242,#13243);
#11436=AXIS2_PLACEMENT_3D('',#16398,#13246,#13247);
#11437=AXIS2_PLACEMENT_3D('',#16402,#13250,#13251);
#11438=AXIS2_PLACEMENT_3D('',#16406,#13254,#13255);
#11439=AXIS2_PLACEMENT_3D('',#16410,#13258,#13259);
#11440=AXIS2_PLACEMENT_3D('',#16414,#13262,#13263);
#11441=AXIS2_PLACEMENT_3D('',#16418,#13266,#13267);
#11442=AXIS2_PLACEMENT_3D('',#16422,#13270,#13271);
#11443=AXIS2_PLACEMENT_3D('',#16426,#13274,#13275);
#11444=AXIS2_PLACEMENT_3D('',#16430,#13278,#13279);
#11445=AXIS2_PLACEMENT_3D('',#16434,#13282,#13283);
#11446=AXIS2_PLACEMENT_3D('',#16438,#13286,#13287);
#11447=AXIS2_PLACEMENT_3D('',#16442,#13290,#13291);
#11448=AXIS2_PLACEMENT_3D('',#16446,#13294,#13295);
#11449=AXIS2_PLACEMENT_3D('',#16450,#13298,#13299);
#11450=AXIS2_PLACEMENT_3D('',#16454,#13302,#13303);
#11451=AXIS2_PLACEMENT_3D('',#16458,#13306,#13307);
#11452=AXIS2_PLACEMENT_3D('',#16462,#13310,#13311);
#11453=AXIS2_PLACEMENT_3D('',#16466,#13314,#13315);
#11454=AXIS2_PLACEMENT_3D('',#16470,#13318,#13319);
#11455=AXIS2_PLACEMENT_3D('',#16474,#13322,#13323);
#11456=AXIS2_PLACEMENT_3D('',#16478,#13326,#13327);
#11457=AXIS2_PLACEMENT_3D('',#16482,#13330,#13331);
#11458=AXIS2_PLACEMENT_3D('',#16486,#13334,#13335);
#11459=AXIS2_PLACEMENT_3D('',#16490,#13338,#13339);
#11460=AXIS2_PLACEMENT_3D('',#16494,#13342,#13343);
#11461=AXIS2_PLACEMENT_3D('',#16498,#13346,#13347);
#11462=AXIS2_PLACEMENT_3D('',#16502,#13350,#13351);
#11463=AXIS2_PLACEMENT_3D('',#16506,#13354,#13355);
#11464=AXIS2_PLACEMENT_3D('',#16510,#13358,#13359);
#11465=AXIS2_PLACEMENT_3D('',#16514,#13362,#13363);
#11466=AXIS2_PLACEMENT_3D('',#16518,#13366,#13367);
#11467=AXIS2_PLACEMENT_3D('',#16522,#13370,#13371);
#11468=AXIS2_PLACEMENT_3D('',#16526,#13374,#13375);
#11469=AXIS2_PLACEMENT_3D('',#16530,#13378,#13379);
#11470=AXIS2_PLACEMENT_3D('',#16534,#13382,#13383);
#11471=AXIS2_PLACEMENT_3D('',#16538,#13386,#13387);
#11472=AXIS2_PLACEMENT_3D('',#16542,#13390,#13391);
#11473=AXIS2_PLACEMENT_3D('',#16546,#13394,#13395);
#11474=AXIS2_PLACEMENT_3D('',#16550,#13398,#13399);
#11475=AXIS2_PLACEMENT_3D('',#16554,#13402,#13403);
#11476=AXIS2_PLACEMENT_3D('',#16558,#13406,#13407);
#11477=AXIS2_PLACEMENT_3D('',#16562,#13410,#13411);
#11478=AXIS2_PLACEMENT_3D('',#16566,#13414,#13415);
#11479=AXIS2_PLACEMENT_3D('',#16570,#13418,#13419);
#11480=AXIS2_PLACEMENT_3D('',#16574,#13422,#13423);
#11481=AXIS2_PLACEMENT_3D('',#16578,#13426,#13427);
#11482=AXIS2_PLACEMENT_3D('',#16582,#13430,#13431);
#11483=AXIS2_PLACEMENT_3D('',#16586,#13434,#13435);
#11484=AXIS2_PLACEMENT_3D('',#16590,#13438,#13439);
#11485=AXIS2_PLACEMENT_3D('',#16594,#13442,#13443);
#11486=AXIS2_PLACEMENT_3D('',#16598,#13446,#13447);
#11487=AXIS2_PLACEMENT_3D('',#16602,#13450,#13451);
#11488=AXIS2_PLACEMENT_3D('',#16606,#13454,#13455);
#11489=AXIS2_PLACEMENT_3D('',#16610,#13458,#13459);
#11490=AXIS2_PLACEMENT_3D('',#16614,#13462,#13463);
#11491=AXIS2_PLACEMENT_3D('',#16618,#13466,#13467);
#11492=AXIS2_PLACEMENT_3D('',#16622,#13470,#13471);
#11493=AXIS2_PLACEMENT_3D('',#16626,#13474,#13475);
#11494=AXIS2_PLACEMENT_3D('',#16630,#13478,#13479);
#11495=AXIS2_PLACEMENT_3D('',#16634,#13482,#13483);
#11496=AXIS2_PLACEMENT_3D('',#16638,#13486,#13487);
#11497=AXIS2_PLACEMENT_3D('',#16642,#13490,#13491);
#11498=AXIS2_PLACEMENT_3D('',#16646,#13494,#13495);
#11499=AXIS2_PLACEMENT_3D('',#16650,#13498,#13499);
#11500=AXIS2_PLACEMENT_3D('',#16654,#13502,#13503);
#11501=AXIS2_PLACEMENT_3D('',#16658,#13506,#13507);
#11502=AXIS2_PLACEMENT_3D('',#16662,#13510,#13511);
#11503=AXIS2_PLACEMENT_3D('',#16666,#13514,#13515);
#11504=AXIS2_PLACEMENT_3D('',#16670,#13518,#13519);
#11505=AXIS2_PLACEMENT_3D('',#16674,#13522,#13523);
#11506=AXIS2_PLACEMENT_3D('',#16678,#13526,#13527);
#11507=AXIS2_PLACEMENT_3D('',#16682,#13530,#13531);
#11508=AXIS2_PLACEMENT_3D('',#16686,#13534,#13535);
#11509=AXIS2_PLACEMENT_3D('',#16690,#13538,#13539);
#11510=AXIS2_PLACEMENT_3D('',#16694,#13542,#13543);
#11511=AXIS2_PLACEMENT_3D('',#16698,#13546,#13547);
#11512=AXIS2_PLACEMENT_3D('',#16702,#13550,#13551);
#11513=AXIS2_PLACEMENT_3D('',#16706,#13554,#13555);
#11514=AXIS2_PLACEMENT_3D('',#16710,#13558,#13559);
#11515=AXIS2_PLACEMENT_3D('',#16714,#13562,#13563);
#11516=AXIS2_PLACEMENT_3D('',#16718,#13566,#13567);
#11517=AXIS2_PLACEMENT_3D('',#16722,#13570,#13571);
#11518=AXIS2_PLACEMENT_3D('',#16726,#13574,#13575);
#11519=AXIS2_PLACEMENT_3D('',#16730,#13578,#13579);
#11520=AXIS2_PLACEMENT_3D('',#16734,#13582,#13583);
#11521=AXIS2_PLACEMENT_3D('',#16738,#13586,#13587);
#11522=AXIS2_PLACEMENT_3D('',#16742,#13590,#13591);
#11523=AXIS2_PLACEMENT_3D('',#16746,#13594,#13595);
#11524=AXIS2_PLACEMENT_3D('',#16750,#13598,#13599);
#11525=AXIS2_PLACEMENT_3D('',#16754,#13602,#13603);
#11526=AXIS2_PLACEMENT_3D('',#16758,#13606,#13607);
#11527=AXIS2_PLACEMENT_3D('',#16762,#13610,#13611);
#11528=AXIS2_PLACEMENT_3D('',#16766,#13614,#13615);
#11529=AXIS2_PLACEMENT_3D('',#16770,#13618,#13619);
#11530=AXIS2_PLACEMENT_3D('',#16774,#13622,#13623);
#11531=AXIS2_PLACEMENT_3D('',#16778,#13626,#13627);
#11532=AXIS2_PLACEMENT_3D('',#16782,#13630,#13631);
#11533=AXIS2_PLACEMENT_3D('',#16786,#13634,#13635);
#11534=AXIS2_PLACEMENT_3D('',#16790,#13638,#13639);
#11535=AXIS2_PLACEMENT_3D('',#16794,#13642,#13643);
#11536=AXIS2_PLACEMENT_3D('',#16798,#13646,#13647);
#11537=AXIS2_PLACEMENT_3D('',#16802,#13650,#13651);
#11538=AXIS2_PLACEMENT_3D('',#16806,#13654,#13655);
#11539=AXIS2_PLACEMENT_3D('',#16810,#13658,#13659);
#11540=AXIS2_PLACEMENT_3D('',#16814,#13662,#13663);
#11541=AXIS2_PLACEMENT_3D('',#16818,#13666,#13667);
#11542=AXIS2_PLACEMENT_3D('',#16822,#13670,#13671);
#11543=AXIS2_PLACEMENT_3D('',#16826,#13674,#13675);
#11544=AXIS2_PLACEMENT_3D('',#16830,#13678,#13679);
#11545=AXIS2_PLACEMENT_3D('',#16834,#13682,#13683);
#11546=AXIS2_PLACEMENT_3D('',#16838,#13686,#13687);
#11547=AXIS2_PLACEMENT_3D('',#16842,#13690,#13691);
#11548=AXIS2_PLACEMENT_3D('',#16846,#13694,#13695);
#11549=AXIS2_PLACEMENT_3D('',#16850,#13698,#13699);
#11550=AXIS2_PLACEMENT_3D('',#16854,#13702,#13703);
#11551=AXIS2_PLACEMENT_3D('',#16858,#13706,#13707);
#11552=AXIS2_PLACEMENT_3D('',#16862,#13710,#13711);
#11553=AXIS2_PLACEMENT_3D('',#16866,#13714,#13715);
#11554=AXIS2_PLACEMENT_3D('',#16870,#13718,#13719);
#11555=AXIS2_PLACEMENT_3D('',#16874,#13722,#13723);
#11556=AXIS2_PLACEMENT_3D('',#16878,#13726,#13727);
#11557=AXIS2_PLACEMENT_3D('',#16882,#13730,#13731);
#11558=AXIS2_PLACEMENT_3D('',#16886,#13734,#13735);
#11559=AXIS2_PLACEMENT_3D('',#16890,#13738,#13739);
#11560=AXIS2_PLACEMENT_3D('',#16894,#13742,#13743);
#11561=AXIS2_PLACEMENT_3D('',#16898,#13746,#13747);
#11562=AXIS2_PLACEMENT_3D('',#16902,#13750,#13751);
#11563=AXIS2_PLACEMENT_3D('',#16906,#13754,#13755);
#11564=AXIS2_PLACEMENT_3D('',#16910,#13758,#13759);
#11565=AXIS2_PLACEMENT_3D('',#16914,#13762,#13763);
#11566=AXIS2_PLACEMENT_3D('',#16918,#13766,#13767);
#11567=AXIS2_PLACEMENT_3D('',#16922,#13770,#13771);
#11568=AXIS2_PLACEMENT_3D('',#16926,#13774,#13775);
#11569=AXIS2_PLACEMENT_3D('',#16930,#13778,#13779);
#11570=AXIS2_PLACEMENT_3D('',#16934,#13782,#13783);
#11571=AXIS2_PLACEMENT_3D('',#16938,#13786,#13787);
#11572=AXIS2_PLACEMENT_3D('',#16942,#13790,#13791);
#11573=AXIS2_PLACEMENT_3D('',#16946,#13794,#13795);
#11574=AXIS2_PLACEMENT_3D('',#16950,#13798,#13799);
#11575=AXIS2_PLACEMENT_3D('',#16954,#13802,#13803);
#11576=AXIS2_PLACEMENT_3D('',#16958,#13806,#13807);
#11577=AXIS2_PLACEMENT_3D('',#16962,#13810,#13811);
#11578=AXIS2_PLACEMENT_3D('',#16966,#13814,#13815);
#11579=AXIS2_PLACEMENT_3D('',#16970,#13818,#13819);
#11580=AXIS2_PLACEMENT_3D('',#16974,#13822,#13823);
#11581=AXIS2_PLACEMENT_3D('',#16978,#13826,#13827);
#11582=AXIS2_PLACEMENT_3D('',#16982,#13830,#13831);
#11583=AXIS2_PLACEMENT_3D('',#16986,#13834,#13835);
#11584=AXIS2_PLACEMENT_3D('',#16990,#13838,#13839);
#11585=AXIS2_PLACEMENT_3D('',#16994,#13842,#13843);
#11586=AXIS2_PLACEMENT_3D('',#16998,#13846,#13847);
#11587=AXIS2_PLACEMENT_3D('',#17002,#13850,#13851);
#11588=AXIS2_PLACEMENT_3D('',#17006,#13854,#13855);
#11589=AXIS2_PLACEMENT_3D('',#17010,#13858,#13859);
#11590=AXIS2_PLACEMENT_3D('',#17014,#13862,#13863);
#11591=AXIS2_PLACEMENT_3D('',#17018,#13866,#13867);
#11592=AXIS2_PLACEMENT_3D('',#17022,#13870,#13871);
#11593=AXIS2_PLACEMENT_3D('',#17026,#13874,#13875);
#11594=AXIS2_PLACEMENT_3D('',#17030,#13878,#13879);
#11595=AXIS2_PLACEMENT_3D('',#17034,#13882,#13883);
#11596=AXIS2_PLACEMENT_3D('',#17038,#13886,#13887);
#11597=AXIS2_PLACEMENT_3D('',#17042,#13890,#13891);
#11598=AXIS2_PLACEMENT_3D('',#17046,#13894,#13895);
#11599=AXIS2_PLACEMENT_3D('',#17050,#13898,#13899);
#11600=AXIS2_PLACEMENT_3D('',#17054,#13902,#13903);
#11601=AXIS2_PLACEMENT_3D('',#17058,#13906,#13907);
#11602=AXIS2_PLACEMENT_3D('',#17062,#13910,#13911);
#11603=AXIS2_PLACEMENT_3D('',#17066,#13914,#13915);
#11604=AXIS2_PLACEMENT_3D('',#17070,#13918,#13919);
#11605=AXIS2_PLACEMENT_3D('',#17074,#13922,#13923);
#11606=AXIS2_PLACEMENT_3D('',#17078,#13926,#13927);
#11607=AXIS2_PLACEMENT_3D('',#17082,#13930,#13931);
#11608=AXIS2_PLACEMENT_3D('',#17086,#13934,#13935);
#11609=AXIS2_PLACEMENT_3D('',#17090,#13938,#13939);
#11610=AXIS2_PLACEMENT_3D('',#17094,#13942,#13943);
#11611=AXIS2_PLACEMENT_3D('',#17098,#13946,#13947);
#11612=AXIS2_PLACEMENT_3D('',#17102,#13950,#13951);
#11613=AXIS2_PLACEMENT_3D('',#17106,#13954,#13955);
#11614=AXIS2_PLACEMENT_3D('',#17110,#13958,#13959);
#11615=AXIS2_PLACEMENT_3D('',#17114,#13962,#13963);
#11616=AXIS2_PLACEMENT_3D('',#17118,#13966,#13967);
#11617=AXIS2_PLACEMENT_3D('',#17122,#13970,#13971);
#11618=AXIS2_PLACEMENT_3D('',#17126,#13974,#13975);
#11619=AXIS2_PLACEMENT_3D('',#17130,#13978,#13979);
#11620=AXIS2_PLACEMENT_3D('',#17134,#13982,#13983);
#11621=AXIS2_PLACEMENT_3D('',#17138,#13986,#13987);
#11622=AXIS2_PLACEMENT_3D('',#17142,#13990,#13991);
#11623=AXIS2_PLACEMENT_3D('',#17146,#13994,#13995);
#11624=AXIS2_PLACEMENT_3D('',#17150,#13998,#13999);
#11625=AXIS2_PLACEMENT_3D('',#17154,#14002,#14003);
#11626=AXIS2_PLACEMENT_3D('',#17158,#14006,#14007);
#11627=AXIS2_PLACEMENT_3D('',#17162,#14010,#14011);
#11628=AXIS2_PLACEMENT_3D('',#17166,#14014,#14015);
#11629=AXIS2_PLACEMENT_3D('',#17170,#14018,#14019);
#11630=AXIS2_PLACEMENT_3D('',#17174,#14022,#14023);
#11631=AXIS2_PLACEMENT_3D('',#17178,#14026,#14027);
#11632=AXIS2_PLACEMENT_3D('',#17182,#14030,#14031);
#11633=AXIS2_PLACEMENT_3D('',#17186,#14034,#14035);
#11634=AXIS2_PLACEMENT_3D('',#17190,#14038,#14039);
#11635=AXIS2_PLACEMENT_3D('',#17194,#14042,#14043);
#11636=AXIS2_PLACEMENT_3D('',#17198,#14046,#14047);
#11637=AXIS2_PLACEMENT_3D('',#17202,#14050,#14051);
#11638=AXIS2_PLACEMENT_3D('',#17206,#14054,#14055);
#11639=AXIS2_PLACEMENT_3D('',#17210,#14058,#14059);
#11640=AXIS2_PLACEMENT_3D('',#17214,#14062,#14063);
#11641=AXIS2_PLACEMENT_3D('',#17216,#14065,#14066);
#11642=AXIS2_PLACEMENT_3D('',#17217,#14067,#14068);
#11643=AXIS2_PLACEMENT_3D('',#17218,#14069,#14070);
#11644=AXIS2_PLACEMENT_3D('',#17227,#14075,#14076);
#11645=AXIS2_PLACEMENT_3D('',#17236,#14081,#14082);
#11646=AXIS2_PLACEMENT_3D('',#17245,#14087,#14088);
#11647=AXIS2_PLACEMENT_3D('',#17248,#14091,#14092);
#11648=AXIS2_PLACEMENT_3D('',#17254,#14096,#14097);
#11649=AXIS2_PLACEMENT_3D('',#17260,#14101,#14102);
#11650=AXIS2_PLACEMENT_3D('',#17269,#14107,#14108);
#11651=AXIS2_PLACEMENT_3D('',#17270,#14109,#14110);
#11652=AXIS2_PLACEMENT_3D('',#17271,#14111,#14112);
#11653=AXIS2_PLACEMENT_3D('',#17272,#14113,#14114);
#11654=AXIS2_PLACEMENT_3D('',#17273,#14115,#14116);
#11655=AXIS2_PLACEMENT_3D('',#17275,#14117,#14118);
#11656=AXIS2_PLACEMENT_3D('',#17279,#14120,#14121);
#11657=AXIS2_PLACEMENT_3D('',#17282,#14123,#14124);
#11658=AXIS2_PLACEMENT_3D('',#17283,#14125,#14126);
#11659=AXIS2_PLACEMENT_3D('',#17301,#14136,#14137);
#11660=AXIS2_PLACEMENT_3D('',#17307,#14141,#14142);
#11661=AXIS2_PLACEMENT_3D('',#17311,#14145,#14146);
#11662=AXIS2_PLACEMENT_3D('',#17313,#14148,#14149);
#11663=AXIS2_PLACEMENT_3D('',#17316,#14152,#14153);
#11664=AXIS2_PLACEMENT_3D('',#17318,#14155,#14156);
#11665=AXIS2_PLACEMENT_3D('',#17322,#14159,#14160);
#11666=AXIS2_PLACEMENT_3D('',#17324,#14162,#14163);
#11667=AXIS2_PLACEMENT_3D('',#17325,#14164,#14165);
#11668=AXIS2_PLACEMENT_3D('',#17327,#14167,#14168);
#11669=AXIS2_PLACEMENT_3D('',#17328,#14169,#14170);
#11670=AXIS2_PLACEMENT_3D('',#17338,#14175,#14176);
#11671=AXIS2_PLACEMENT_3D('',#17339,#14177,#14178);
#11672=AXIS2_PLACEMENT_3D('',#17342,#14179,#14180);
#11673=AXIS2_PLACEMENT_3D('',#17344,#14181,#14182);
#11674=AXIS2_PLACEMENT_3D('',#17354,#14188,#14189);
#11675=AXIS2_PLACEMENT_3D('',#17360,#14193,#14194);
#11676=AXIS2_PLACEMENT_3D('',#17364,#14197,#14198);
#11677=AXIS2_PLACEMENT_3D('',#17368,#14201,#14202);
#11678=AXIS2_PLACEMENT_3D('',#17370,#14204,#14205);
#11679=AXIS2_PLACEMENT_3D('',#17375,#14208,#14209);
#11680=AXIS2_PLACEMENT_3D('',#17377,#14211,#14212);
#11681=AXIS2_PLACEMENT_3D('',#17381,#14215,#14216);
#11682=AXIS2_PLACEMENT_3D('',#17385,#14219,#14220);
#11683=AXIS2_PLACEMENT_3D('',#17389,#14223,#14224);
#11684=AXIS2_PLACEMENT_3D('',#17393,#14227,#14228);
#11685=AXIS2_PLACEMENT_3D('',#17395,#14230,#14231);
#11686=AXIS2_PLACEMENT_3D('',#17396,#14232,#14233);
#11687=AXIS2_PLACEMENT_3D('',#17397,#14234,#14235);
#11688=AXIS2_PLACEMENT_3D('',#17399,#14236,#14237);
#11689=AXIS2_PLACEMENT_3D('',#17402,#14239,#14240);
#11690=AXIS2_PLACEMENT_3D('',#17403,#14241,#14242);
#11691=AXIS2_PLACEMENT_3D('',#17412,#14247,#14248);
#11692=AXIS2_PLACEMENT_3D('',#17418,#14252,#14253);
#11693=AXIS2_PLACEMENT_3D('',#17424,#14257,#14258);
#11694=AXIS2_PLACEMENT_3D('',#17427,#14261,#14262);
#11695=AXIS2_PLACEMENT_3D('',#17428,#14263,#14264);
#11696=AXIS2_PLACEMENT_3D('',#17429,#14265,#14266);
#11697=AXIS2_PLACEMENT_3D('',#17430,#14267,#14268);
#11698=AXIS2_PLACEMENT_3D('',#17432,#14269,#14270);
#11699=AXIS2_PLACEMENT_3D('',#17435,#14272,#14273);
#11700=AXIS2_PLACEMENT_3D('',#17436,#14274,#14275);
#11701=AXIS2_PLACEMENT_3D('',#17445,#14280,#14281);
#11702=AXIS2_PLACEMENT_3D('',#17451,#14285,#14286);
#11703=AXIS2_PLACEMENT_3D('',#17457,#14290,#14291);
#11704=AXIS2_PLACEMENT_3D('',#17460,#14294,#14295);
#11705=AXIS2_PLACEMENT_3D('',#17461,#14296,#14297);
#11706=AXIS2_PLACEMENT_3D('',#17462,#14298,#14299);
#11707=AXIS2_PLACEMENT_3D('',#17463,#14300,#14301);
#11708=AXIS2_PLACEMENT_3D('',#17465,#14302,#14303);
#11709=AXIS2_PLACEMENT_3D('',#17468,#14305,#14306);
#11710=AXIS2_PLACEMENT_3D('',#17469,#14307,#14308);
#11711=AXIS2_PLACEMENT_3D('',#17478,#14313,#14314);
#11712=AXIS2_PLACEMENT_3D('',#17484,#14318,#14319);
#11713=AXIS2_PLACEMENT_3D('',#17490,#14323,#14324);
#11714=AXIS2_PLACEMENT_3D('',#17493,#14327,#14328);
#11715=AXIS2_PLACEMENT_3D('',#17494,#14329,#14330);
#11716=AXIS2_PLACEMENT_3D('',#17495,#14331,#14332);
#11717=AXIS2_PLACEMENT_3D('',#17496,#14333,#14334);
#11718=AXIS2_PLACEMENT_3D('',#17498,#14335,#14336);
#11719=AXIS2_PLACEMENT_3D('',#17501,#14338,#14339);
#11720=AXIS2_PLACEMENT_3D('',#17502,#14340,#14341);
#11721=AXIS2_PLACEMENT_3D('',#17511,#14346,#14347);
#11722=AXIS2_PLACEMENT_3D('',#17517,#14351,#14352);
#11723=AXIS2_PLACEMENT_3D('',#17523,#14356,#14357);
#11724=AXIS2_PLACEMENT_3D('',#17526,#14360,#14361);
#11725=AXIS2_PLACEMENT_3D('',#17527,#14362,#14363);
#11726=AXIS2_PLACEMENT_3D('',#17528,#14364,#14365);
#11727=AXIS2_PLACEMENT_3D('',#17529,#14366,#14367);
#11728=AXIS2_PLACEMENT_3D('',#17531,#14368,#14369);
#11729=AXIS2_PLACEMENT_3D('',#17534,#14371,#14372);
#11730=AXIS2_PLACEMENT_3D('',#17535,#14373,#14374);
#11731=AXIS2_PLACEMENT_3D('',#17536,#14375,#14376);
#11732=AXIS2_PLACEMENT_3D('',#17537,#14377,#14378);
#11733=AXIS2_PLACEMENT_3D('',#17538,#14379,#14380);
#11734=AXIS2_PLACEMENT_3D('',#17540,#14381,#14382);
#11735=AXIS2_PLACEMENT_3D('',#17543,#14384,#14385);
#11736=AXIS2_PLACEMENT_3D('',#17544,#14386,#14387);
#11737=AXIS2_PLACEMENT_3D('',#17545,#14388,#14389);
#11738=AXIS2_PLACEMENT_3D('',#17546,#14390,#14391);
#11739=AXIS2_PLACEMENT_3D('',#17547,#14392,#14393);
#11740=AXIS2_PLACEMENT_3D('',#17549,#14394,#14395);
#11741=AXIS2_PLACEMENT_3D('',#17552,#14397,#14398);
#11742=AXIS2_PLACEMENT_3D('',#17553,#14399,#14400);
#11743=AXIS2_PLACEMENT_3D('',#17555,#14401,#14402);
#11744=AXIS2_PLACEMENT_3D('',#17558,#14404,#14405);
#11745=AXIS2_PLACEMENT_3D('',#17559,#14406,#14407);
#11746=AXIS2_PLACEMENT_3D('',#17560,#14408,#14409);
#11747=AXIS2_PLACEMENT_3D('',#17561,#14410,#14411);
#11748=AXIS2_PLACEMENT_3D('',#17562,#14412,#14413);
#11749=AXIS2_PLACEMENT_3D('',#17564,#14414,#14415);
#11750=AXIS2_PLACEMENT_3D('',#17567,#14417,#14418);
#11751=AXIS2_PLACEMENT_3D('',#17568,#14419,#14420);
#11752=AXIS2_PLACEMENT_3D('',#17570,#14421,#14422);
#11753=AXIS2_PLACEMENT_3D('',#17573,#14424,#14425);
#11754=AXIS2_PLACEMENT_3D('',#17574,#14426,#14427);
#11755=AXIS2_PLACEMENT_3D('',#17575,#14428,#14429);
#11756=AXIS2_PLACEMENT_3D('',#17576,#14430,#14431);
#11757=AXIS2_PLACEMENT_3D('',#17577,#14432,#14433);
#11758=AXIS2_PLACEMENT_3D('',#17579,#14434,#14435);
#11759=AXIS2_PLACEMENT_3D('',#17582,#14437,#14438);
#11760=AXIS2_PLACEMENT_3D('',#17583,#14439,#14440);
#11761=AXIS2_PLACEMENT_3D('',#17585,#14441,#14442);
#11762=AXIS2_PLACEMENT_3D('',#17588,#14444,#14445);
#11763=AXIS2_PLACEMENT_3D('',#17589,#14446,#14447);
#11764=AXIS2_PLACEMENT_3D('',#17590,#14448,#14449);
#11765=AXIS2_PLACEMENT_3D('',#17591,#14450,#14451);
#11766=AXIS2_PLACEMENT_3D('',#17592,#14452,#14453);
#11767=AXIS2_PLACEMENT_3D('',#17594,#14454,#14455);
#11768=AXIS2_PLACEMENT_3D('',#17597,#14457,#14458);
#11769=AXIS2_PLACEMENT_3D('',#17598,#14459,#14460);
#11770=AXIS2_PLACEMENT_3D('',#17600,#14461,#14462);
#11771=AXIS2_PLACEMENT_3D('',#17603,#14464,#14465);
#11772=AXIS2_PLACEMENT_3D('',#17604,#14466,#14467);
#11773=AXIS2_PLACEMENT_3D('',#17605,#14468,#14469);
#11774=AXIS2_PLACEMENT_3D('',#17606,#14470,#14471);
#11775=AXIS2_PLACEMENT_3D('',#17607,#14472,#14473);
#11776=AXIS2_PLACEMENT_3D('',#17617,#14478,#14479);
#11777=AXIS2_PLACEMENT_3D('',#17618,#14480,#14481);
#11778=AXIS2_PLACEMENT_3D('',#17627,#14486,#14487);
#11779=AXIS2_PLACEMENT_3D('',#17630,#14490,#14491);
#11780=AXIS2_PLACEMENT_3D('',#17633,#14494,#14495);
#11781=AXIS2_PLACEMENT_3D('',#17634,#14496,#14497);
#11782=AXIS2_PLACEMENT_3D('',#17635,#14498,#14499);
#11783=AXIS2_PLACEMENT_3D('',#17638,#14501,#14502);
#11784=AXIS2_PLACEMENT_3D('',#17639,#14503,#14504);
#11785=AXIS2_PLACEMENT_3D('',#17640,#14505,#14506);
#11786=AXIS2_PLACEMENT_3D('',#17641,#14507,#14508);
#11787=AXIS2_PLACEMENT_3D('',#17642,#14509,#14510);
#11788=AXIS2_PLACEMENT_3D('',#17643,#14511,#14512);
#11789=AXIS2_PLACEMENT_3D('',#17644,#14513,#14514);
#11790=AXIS2_PLACEMENT_3D('',#17645,#14515,#14516);
#11791=AXIS2_PLACEMENT_3D('',#17646,#14517,#14518);
#11792=AXIS2_PLACEMENT_3D('',#17647,#14519,#14520);
#11793=AXIS2_PLACEMENT_3D('',#17648,#14521,#14522);
#11794=AXIS2_PLACEMENT_3D('',#17649,#14523,#14524);
#11795=AXIS2_PLACEMENT_3D('',#17650,#14525,#14526);
#11796=AXIS2_PLACEMENT_3D('',#17651,#14527,#14528);
#11797=AXIS2_PLACEMENT_3D('',#17652,#14529,#14530);
#11798=AXIS2_PLACEMENT_3D('',#17653,#14531,#14532);
#11799=AXIS2_PLACEMENT_3D('',#17654,#14533,#14534);
#11800=AXIS2_PLACEMENT_3D('',#17655,#14535,#14536);
#11801=AXIS2_PLACEMENT_3D('',#17656,#14537,#14538);
#11802=DIRECTION('axis',(0.,0.,1.));
#11803=DIRECTION('refdir',(1.,0.,0.));
#11804=DIRECTION('axis',(0.,0.,1.));
#11805=DIRECTION('refdir',(1.,0.,0.));
#11806=DIRECTION('center_axis',(0.,1.,0.));
#11807=DIRECTION('ref_axis',(0.,0.,1.));
#11808=DIRECTION('',(0.,0.,1.));
#11809=DIRECTION('',(-1.,0.,0.));
#11810=DIRECTION('',(0.,0.,-1.));
#11811=DIRECTION('',(1.,0.,0.));
#11812=DIRECTION('center_axis',(0.,0.,-1.));
#11813=DIRECTION('ref_axis',(-1.,0.,0.));
#11814=DIRECTION('',(0.,1.,0.));
#11815=DIRECTION('',(1.,0.,0.));
#11816=DIRECTION('',(0.,-1.,0.));
#11817=DIRECTION('center_axis',(0.,1.,0.));
#11818=DIRECTION('ref_axis',(1.,0.,0.));
#11819=DIRECTION('',(0.,0.,-1.));
#11820=DIRECTION('',(-1.,0.,0.));
#11821=DIRECTION('',(0.,0.,1.));
#11822=DIRECTION('center_axis',(-1.,0.,0.));
#11823=DIRECTION('ref_axis',(0.,0.,1.));
#11824=DIRECTION('',(0.,1.,0.));
#11825=DIRECTION('',(0.,0.,1.));
#11826=DIRECTION('center_axis',(1.,0.,0.));
#11827=DIRECTION('ref_axis',(0.,0.,-1.));
#11828=DIRECTION('',(0.,0.,1.));
#11829=DIRECTION('',(0.,-1.,0.));
#11830=DIRECTION('',(0.,0.,1.));
#11831=DIRECTION('',(0.,-1.,0.));
#11832=DIRECTION('',(0.,0.,-1.));
#11833=DIRECTION('',(0.,-1.,0.));
#11834=DIRECTION('',(0.,0.,1.));
#11835=DIRECTION('center_axis',(1.,0.,0.));
#11836=DIRECTION('ref_axis',(0.,0.,-1.));
#11837=DIRECTION('',(0.,0.,1.));
#11838=DIRECTION('',(0.,1.,0.));
#11839=DIRECTION('center_axis',(0.,0.,1.));
#11840=DIRECTION('ref_axis',(1.,0.,0.));
#11841=DIRECTION('',(0.,1.,0.));
#11842=DIRECTION('',(-1.,0.,0.));
#11843=DIRECTION('center_axis',(1.,0.,0.));
#11844=DIRECTION('ref_axis',(0.,1.,1.83697019872103E-16));
#11845=DIRECTION('',(1.,0.,0.));
#11846=DIRECTION('',(-1.,0.,0.));
#11847=DIRECTION('center_axis',(-1.,0.,0.));
#11848=DIRECTION('ref_axis',(0.,0.,-1.));
#11849=DIRECTION('center_axis',(0.,-1.,0.));
#11850=DIRECTION('ref_axis',(1.,0.,0.));
#11851=DIRECTION('',(0.,0.,1.));
#11852=DIRECTION('',(1.,0.,0.));
#11853=DIRECTION('center_axis',(0.,-1.,0.));
#11854=DIRECTION('ref_axis',(1.,0.,0.));
#11855=DIRECTION('',(1.,0.,0.));
#11856=DIRECTION('',(0.,0.,1.));
#11857=DIRECTION('center_axis',(0.,0.,1.));
#11858=DIRECTION('ref_axis',(1.,0.,0.));
#11859=DIRECTION('',(-1.,0.,0.));
#11860=DIRECTION('',(0.,1.,0.));
#11861=DIRECTION('center_axis',(1.,0.,0.));
#11862=DIRECTION('ref_axis',(0.,0.,-1.));
#11863=DIRECTION('',(0.,1.,0.));
#11864=DIRECTION('',(0.,0.,1.));
#11865=DIRECTION('',(0.,1.,0.));
#11866=DIRECTION('',(0.,0.,-1.));
#11867=DIRECTION('',(0.,1.,0.));
#11868=DIRECTION('',(0.,0.,1.));
#11869=DIRECTION('center_axis',(-1.,0.,0.));
#11870=DIRECTION('ref_axis',(0.,0.,-1.));
#11871=DIRECTION('',(0.,0.,1.));
#11872=DIRECTION('center_axis',(0.,-1.,0.));
#11873=DIRECTION('ref_axis',(0.,0.,-1.));
#11874=DIRECTION('',(1.,0.,0.));
#11875=DIRECTION('',(0.164398987305357,0.,0.986393923832144));
#11876=DIRECTION('center_axis',(1.,0.,0.));
#11877=DIRECTION('ref_axis',(0.,-1.,-6.12323399573677E-17));
#11878=DIRECTION('',(1.,0.,0.));
#11879=DIRECTION('',(-1.,0.,0.));
#11880=DIRECTION('center_axis',(0.,1.,0.));
#11881=DIRECTION('ref_axis',(-1.,0.,0.));
#11882=DIRECTION('',(-1.,0.,0.));
#11883=DIRECTION('center_axis',(0.,1.,0.));
#11884=DIRECTION('ref_axis',(-1.,0.,0.));
#11885=DIRECTION('center_axis',(0.,0.,1.));
#11886=DIRECTION('ref_axis',(1.,0.,0.));
#11887=DIRECTION('',(1.,0.,0.));
#11888=DIRECTION('center_axis',(0.,1.,0.));
#11889=DIRECTION('ref_axis',(0.,0.,1.));
#11890=DIRECTION('',(-0.164398987305357,0.,-0.986393923832144));
#11891=DIRECTION('',(-1.,0.,0.));
#11892=DIRECTION('center_axis',(0.,0.,-1.));
#11893=DIRECTION('ref_axis',(-1.,0.,0.));
#11894=DIRECTION('',(0.,1.,0.));
#11895=DIRECTION('center_axis',(0.986393923832144,0.,-0.164398987305357));
#11896=DIRECTION('ref_axis',(-0.164398987305357,0.,-0.986393923832144));
#11897=DIRECTION('center_axis',(0.,0.,1.));
#11898=DIRECTION('ref_axis',(1.,0.,0.));
#11899=DIRECTION('center_axis',(0.,1.,0.));
#11900=DIRECTION('ref_axis',(0.,0.,1.));
#11901=DIRECTION('',(0.,0.,1.));
#11902=DIRECTION('',(-1.,0.,0.));
#11903=DIRECTION('',(0.,0.,-1.));
#11904=DIRECTION('',(1.,0.,0.));
#11905=DIRECTION('center_axis',(1.,0.,0.));
#11906=DIRECTION('ref_axis',(0.,0.,-1.));
#11907=DIRECTION('',(0.,1.,0.));
#11908=DIRECTION('',(0.,0.,-1.));
#11909=DIRECTION('',(0.,1.,0.));
#11910=DIRECTION('center_axis',(0.,0.,-1.));
#11911=DIRECTION('ref_axis',(-1.,0.,0.));
#11912=DIRECTION('',(0.,1.,0.));
#11913=DIRECTION('',(-1.,0.,0.));
#11914=DIRECTION('center_axis',(-1.,0.,0.));
#11915=DIRECTION('ref_axis',(0.,0.,1.));
#11916=DIRECTION('',(0.,1.,0.));
#11917=DIRECTION('',(0.,0.,1.));
#11918=DIRECTION('center_axis',(0.,0.,1.));
#11919=DIRECTION('ref_axis',(1.,0.,0.));
#11920=DIRECTION('',(1.,0.,0.));
#11921=DIRECTION('center_axis',(0.,1.,0.));
#11922=DIRECTION('ref_axis',(0.,0.,1.));
#11923=DIRECTION('axis',(0.,0.,1.));
#11924=DIRECTION('refdir',(1.,0.,0.));
#11925=DIRECTION('center_axis',(0.,0.,1.));
#11926=DIRECTION('ref_axis',(1.,0.,0.));
#11927=DIRECTION('',(1.,0.,0.));
#11928=DIRECTION('',(0.,1.,0.));
#11929=DIRECTION('',(1.,0.,0.));
#11930=DIRECTION('',(0.,1.,0.));
#11931=DIRECTION('center_axis',(1.,0.,0.));
#11932=DIRECTION('ref_axis',(0.,0.,-1.));
#11933=DIRECTION('',(0.,0.,-1.));
#11934=DIRECTION('',(0.,1.,0.));
#11935=DIRECTION('',(0.,0.,-1.));
#11936=DIRECTION('center_axis',(0.,0.,-1.));
#11937=DIRECTION('ref_axis',(-1.,0.,0.));
#11938=DIRECTION('',(-1.,0.,0.));
#11939=DIRECTION('',(0.,-1.,0.));
#11940=DIRECTION('',(-1.,0.,0.));
#11941=DIRECTION('center_axis',(0.,1.,0.));
#11942=DIRECTION('ref_axis',(0.,0.,1.));
#11943=DIRECTION('',(0.,0.,-1.));
#11944=DIRECTION('',(1.,0.,0.));
#11945=DIRECTION('',(0.,0.,-1.));
#11946=DIRECTION('',(1.,0.,0.));
#11947=DIRECTION('',(0.,0.,1.));
#11948=DIRECTION('',(-1.,0.,0.));
#11949=DIRECTION('',(0.,0.,1.));
#11950=DIRECTION('',(-1.,0.,0.));
#11951=DIRECTION('',(0.,0.,1.));
#11952=DIRECTION('center_axis',(0.,1.,0.));
#11953=DIRECTION('ref_axis',(0.,0.,1.));
#11954=DIRECTION('',(0.,0.,1.));
#11955=DIRECTION('',(-1.,0.,0.));
#11956=DIRECTION('',(0.,0.,1.));
#11957=DIRECTION('',(-1.,0.,0.));
#11958=DIRECTION('',(0.,0.,1.));
#11959=DIRECTION('',(-1.,0.,0.));
#11960=DIRECTION('',(0.,0.,-1.));
#11961=DIRECTION('',(1.,0.,0.));
#11962=DIRECTION('',(0.,0.,-1.));
#11963=DIRECTION('center_axis',(-1.,0.,0.));
#11964=DIRECTION('ref_axis',(0.,0.,1.));
#11965=DIRECTION('',(0.,1.,0.));
#11966=DIRECTION('center_axis',(1.,0.,0.));
#11967=DIRECTION('ref_axis',(0.,0.,-1.));
#11968=DIRECTION('',(0.,-1.,0.));
#11969=DIRECTION('center_axis',(0.,0.,1.));
#11970=DIRECTION('ref_axis',(1.,0.,0.));
#11971=DIRECTION('',(0.,1.,0.));
#11972=DIRECTION('center_axis',(1.,0.,0.));
#11973=DIRECTION('ref_axis',(0.,0.,-1.));
#11974=DIRECTION('',(0.,-1.,0.));
#11975=DIRECTION('',(0.,0.,1.));
#11976=DIRECTION('',(0.,1.,0.));
#11977=DIRECTION('',(0.,0.,1.));
#11978=DIRECTION('center_axis',(-1.,0.,0.));
#11979=DIRECTION('ref_axis',(0.,0.,-1.));
#11980=DIRECTION('',(0.,0.,1.));
#11981=DIRECTION('',(0.,-1.,0.));
#11982=DIRECTION('',(0.,0.,1.));
#11983=DIRECTION('',(0.,-1.,0.));
#11984=DIRECTION('',(0.,0.,-1.));
#11985=DIRECTION('',(0.,-1.,0.));
#11986=DIRECTION('',(0.,0.,1.));
#11987=DIRECTION('center_axis',(-1.,0.,0.));
#11988=DIRECTION('ref_axis',(0.,0.,-1.));
#11989=DIRECTION('',(0.,0.,1.));
#11990=DIRECTION('',(0.,1.,0.));
#11991=DIRECTION('center_axis',(0.,0.,-1.));
#11992=DIRECTION('ref_axis',(-1.,0.,0.));
#11993=DIRECTION('',(0.,1.,0.));
#11994=DIRECTION('center_axis',(0.,0.,1.));
#11995=DIRECTION('ref_axis',(1.,0.,0.));
#11996=DIRECTION('',(-1.,0.,0.));
#11997=DIRECTION('',(0.,1.,0.));
#11998=DIRECTION('center_axis',(0.,0.,-1.));
#11999=DIRECTION('ref_axis',(-1.,0.,0.));
#12000=DIRECTION('',(0.,1.,0.));
#12001=DIRECTION('',(0.,1.,0.));
#12002=DIRECTION('center_axis',(-1.,0.,0.));
#12003=DIRECTION('ref_axis',(0.,0.,1.));
#12004=DIRECTION('center_axis',(0.,0.,-1.));
#12005=DIRECTION('ref_axis',(-1.,0.,0.));
#12006=DIRECTION('',(0.,1.,0.));
#12007=DIRECTION('',(1.,0.,0.));
#12008=DIRECTION('center_axis',(0.,1.,0.));
#12009=DIRECTION('ref_axis',(1.,0.,0.));
#12010=DIRECTION('',(0.,0.,-1.));
#12011=DIRECTION('',(-1.,0.,0.));
#12012=DIRECTION('center_axis',(-1.,0.,0.));
#12013=DIRECTION('ref_axis',(0.,0.,1.));
#12014=DIRECTION('',(0.,0.,1.));
#12015=DIRECTION('center_axis',(1.,0.,0.));
#12016=DIRECTION('ref_axis',(0.,0.,-1.));
#12017=DIRECTION('',(0.,0.,1.));
#12018=DIRECTION('',(0.,1.,0.));
#12019=DIRECTION('',(0.,0.,1.));
#12020=DIRECTION('',(0.,1.,0.));
#12021=DIRECTION('',(0.,0.,-1.));
#12022=DIRECTION('',(0.,1.,0.));
#12023=DIRECTION('',(0.,0.,1.));
#12024=DIRECTION('center_axis',(1.,0.,0.));
#12025=DIRECTION('ref_axis',(0.,0.,-1.));
#12026=DIRECTION('',(0.,0.,1.));
#12027=DIRECTION('',(0.,1.,0.));
#12028=DIRECTION('center_axis',(1.,0.,0.));
#12029=DIRECTION('ref_axis',(0.,1.,1.83697019872103E-16));
#12030=DIRECTION('',(1.,0.,0.));
#12031=DIRECTION('',(-1.,0.,0.));
#12032=DIRECTION('center_axis',(0.,-1.,0.));
#12033=DIRECTION('ref_axis',(1.,0.,0.));
#12034=DIRECTION('',(1.,0.,0.));
#12035=DIRECTION('center_axis',(0.,-1.,0.));
#12036=DIRECTION('ref_axis',(1.,0.,0.));
#12037=DIRECTION('',(-1.,0.,0.));
#12038=DIRECTION('center_axis',(0.,0.,1.));
#12039=DIRECTION('ref_axis',(1.,0.,0.));
#12040=DIRECTION('',(-1.,0.,0.));
#12041=DIRECTION('center_axis',(0.,-1.,0.));
#12042=DIRECTION('ref_axis',(0.,0.,-1.));
#12043=DIRECTION('',(0.164398987305357,0.,-0.986393923832144));
#12044=DIRECTION('',(1.,0.,0.));
#12045=DIRECTION('center_axis',(1.,0.,0.));
#12046=DIRECTION('ref_axis',(0.,-1.,-6.12323399573677E-17));
#12047=DIRECTION('',(1.,0.,0.));
#12048=DIRECTION('',(-1.,0.,0.));
#12049=DIRECTION('center_axis',(0.,1.,0.));
#12050=DIRECTION('ref_axis',(-1.,0.,0.));
#12051=DIRECTION('',(1.,0.,0.));
#12052=DIRECTION('center_axis',(0.,1.,0.));
#12053=DIRECTION('ref_axis',(-1.,0.,0.));
#12054=DIRECTION('center_axis',(0.,0.,1.));
#12055=DIRECTION('ref_axis',(1.,0.,0.));
#12056=DIRECTION('',(1.,0.,0.));
#12057=DIRECTION('center_axis',(0.,1.,0.));
#12058=DIRECTION('ref_axis',(0.,0.,1.));
#12059=DIRECTION('',(-1.,0.,0.));
#12060=DIRECTION('',(-0.164398987305357,0.,0.986393923832144));
#12061=DIRECTION('center_axis',(0.,0.,1.));
#12062=DIRECTION('ref_axis',(1.,0.,0.));
#12063=DIRECTION('center_axis',(-0.986393923832144,0.,-0.164398987305357));
#12064=DIRECTION('ref_axis',(-0.164398987305357,0.,0.986393923832144));
#12065=DIRECTION('',(0.,1.,0.));
#12066=DIRECTION('center_axis',(0.,0.,-1.));
#12067=DIRECTION('ref_axis',(-1.,0.,0.));
#12068=DIRECTION('axis',(0.,0.,1.));
#12069=DIRECTION('refdir',(1.,0.,0.));
#12070=DIRECTION('center_axis',(0.,0.,1.));
#12071=DIRECTION('ref_axis',(1.,0.,0.));
#12072=DIRECTION('',(1.,0.,0.));
#12073=DIRECTION('',(0.,1.,0.));
#12074=DIRECTION('',(1.,0.,0.));
#12075=DIRECTION('',(0.,1.,0.));
#12076=DIRECTION('center_axis',(0.975690056891626,0.,0.219154997394119));
#12077=DIRECTION('ref_axis',(0.219154997394119,0.,-0.975690056891626));
#12078=DIRECTION('',(0.219154997394119,0.,-0.975690056891626));
#12079=DIRECTION('',(0.,-1.,0.));
#12080=DIRECTION('',(0.219154997394119,0.,-0.975690056891626));
#12081=DIRECTION('center_axis',(-0.975690056891626,0.,0.219154997394119));
#12082=DIRECTION('ref_axis',(0.219154997394119,0.,0.975690056891626));
#12083=DIRECTION('',(0.219154997394119,0.,0.975690056891626));
#12084=DIRECTION('',(0.,1.,0.));
#12085=DIRECTION('',(0.219154997394119,0.,0.975690056891626));
#12086=DIRECTION('',(0.,1.,0.));
#12087=DIRECTION('center_axis',(0.,0.,1.));
#12088=DIRECTION('ref_axis',(1.,0.,0.));
#12089=DIRECTION('',(1.,0.,0.));
#12090=DIRECTION('',(0.,1.,0.));
#12091=DIRECTION('',(1.,0.,0.));
#12092=DIRECTION('center_axis',(0.975690056891626,0.,0.219154997394119));
#12093=DIRECTION('ref_axis',(0.219154997394119,0.,-0.975690056891626));
#12094=DIRECTION('',(0.219154997394119,0.,-0.975690056891626));
#12095=DIRECTION('',(0.,-1.,0.));
#12096=DIRECTION('',(0.219154997394119,0.,-0.975690056891626));
#12097=DIRECTION('center_axis',(-0.975690056891626,0.,0.219154997394119));
#12098=DIRECTION('ref_axis',(0.219154997394119,0.,0.975690056891626));
#12099=DIRECTION('',(0.219154997394119,0.,0.975690056891626));
#12100=DIRECTION('',(0.,1.,0.));
#12101=DIRECTION('',(0.219154997394119,0.,0.975690056891626));
#12102=DIRECTION('',(0.,1.,0.));
#12103=DIRECTION('center_axis',(0.,0.,1.));
#12104=DIRECTION('ref_axis',(1.,0.,0.));
#12105=DIRECTION('',(1.,0.,0.));
#12106=DIRECTION('',(0.,1.,0.));
#12107=DIRECTION('',(1.,0.,0.));
#12108=DIRECTION('center_axis',(0.975690056891625,0.,0.21915499739412));
#12109=DIRECTION('ref_axis',(0.21915499739412,0.,-0.975690056891625));
#12110=DIRECTION('',(0.21915499739412,0.,-0.975690056891625));
#12111=DIRECTION('',(0.,-1.,0.));
#12112=DIRECTION('',(0.21915499739412,0.,-0.975690056891625));
#12113=DIRECTION('center_axis',(-0.975690056891626,0.,0.219154997394119));
#12114=DIRECTION('ref_axis',(0.219154997394119,0.,0.975690056891626));
#12115=DIRECTION('',(0.219154997394119,0.,0.975690056891626));
#12116=DIRECTION('',(0.,1.,0.));
#12117=DIRECTION('',(0.219154997394119,0.,0.975690056891626));
#12118=DIRECTION('',(0.,1.,0.));
#12119=DIRECTION('center_axis',(0.,0.,1.));
#12120=DIRECTION('ref_axis',(1.,0.,0.));
#12121=DIRECTION('',(1.,0.,0.));
#12122=DIRECTION('',(0.,1.,0.));
#12123=DIRECTION('',(1.,0.,0.));
#12124=DIRECTION('center_axis',(0.975690056891626,0.,0.219154997394119));
#12125=DIRECTION('ref_axis',(0.219154997394119,0.,-0.975690056891626));
#12126=DIRECTION('',(0.219154997394119,0.,-0.975690056891626));
#12127=DIRECTION('',(0.,-1.,0.));
#12128=DIRECTION('',(0.219154997394119,0.,-0.975690056891626));
#12129=DIRECTION('center_axis',(-0.975690056891625,0.,0.21915499739412));
#12130=DIRECTION('ref_axis',(0.21915499739412,0.,0.975690056891625));
#12131=DIRECTION('',(0.21915499739412,0.,0.975690056891625));
#12132=DIRECTION('',(0.,1.,0.));
#12133=DIRECTION('',(0.21915499739412,0.,0.975690056891625));
#12134=DIRECTION('',(0.,1.,0.));
#12135=DIRECTION('center_axis',(0.,0.,1.));
#12136=DIRECTION('ref_axis',(1.,0.,0.));
#12137=DIRECTION('',(1.,0.,0.));
#12138=DIRECTION('',(0.,1.,0.));
#12139=DIRECTION('',(1.,0.,0.));
#12140=DIRECTION('center_axis',(0.975690056891625,0.,0.21915499739412));
#12141=DIRECTION('ref_axis',(0.21915499739412,0.,-0.975690056891625));
#12142=DIRECTION('',(0.21915499739412,0.,-0.975690056891625));
#12143=DIRECTION('',(0.,-1.,0.));
#12144=DIRECTION('',(0.21915499739412,0.,-0.975690056891625));
#12145=DIRECTION('center_axis',(0.975690056891625,0.,0.21915499739412));
#12146=DIRECTION('ref_axis',(0.21915499739412,0.,-0.975690056891625));
#12147=DIRECTION('',(0.21915499739412,0.,-0.975690056891625));
#12148=DIRECTION('',(0.,-1.,0.));
#12149=DIRECTION('',(0.21915499739412,0.,-0.975690056891625));
#12150=DIRECTION('',(0.,1.,0.));
#12151=DIRECTION('center_axis',(0.,1.,0.));
#12152=DIRECTION('ref_axis',(0.,0.,1.));
#12153=DIRECTION('',(1.,0.,0.));
#12154=DIRECTION('',(1.,0.,0.));
#12155=DIRECTION('',(1.,0.,0.));
#12156=DIRECTION('',(1.,0.,0.));
#12157=DIRECTION('',(0.219154997394119,0.,0.975690056891626));
#12158=DIRECTION('',(1.,0.,0.));
#12159=DIRECTION('',(0.219154997394119,0.,-0.975690056891626));
#12160=DIRECTION('',(1.,0.,0.));
#12161=DIRECTION('',(0.219154997394119,0.,0.975690056891626));
#12162=DIRECTION('',(1.,0.,0.));
#12163=DIRECTION('',(0.219154997394119,0.,-0.975690056891626));
#12164=DIRECTION('',(1.,0.,0.));
#12165=DIRECTION('',(0.219154997394119,0.,0.975690056891626));
#12166=DIRECTION('',(1.,0.,0.));
#12167=DIRECTION('',(0.219154997394119,0.,-0.975690056891626));
#12168=DIRECTION('',(1.,0.,0.));
#12169=DIRECTION('',(0.219154997394119,0.,0.975690056891626));
#12170=DIRECTION('',(1.,0.,0.));
#12171=DIRECTION('',(0.21915499739412,0.,-0.975690056891625));
#12172=DIRECTION('',(1.,0.,0.));
#12173=DIRECTION('',(0.219154997394119,0.,0.975690056891626));
#12174=DIRECTION('',(1.,0.,0.));
#12175=DIRECTION('',(0.219154997394119,0.,-0.975690056891626));
#12176=DIRECTION('',(1.,0.,0.));
#12177=DIRECTION('',(0.219154997394119,0.,0.975690056891626));
#12178=DIRECTION('',(1.,0.,0.));
#12179=DIRECTION('',(1.,0.,0.));
#12180=DIRECTION('',(0.21915499739412,0.,0.975690056891625));
#12181=DIRECTION('',(1.,0.,0.));
#12182=DIRECTION('',(0.,0.,1.));
#12183=DIRECTION('',(-1.,0.,0.));
#12184=DIRECTION('',(0.,0.,-1.));
#12185=DIRECTION('',(1.,0.,0.));
#12186=DIRECTION('center_axis',(0.,0.,1.));
#12187=DIRECTION('ref_axis',(1.,0.,0.));
#12188=DIRECTION('',(1.,0.,0.));
#12189=DIRECTION('center_axis',(0.,0.,1.));
#12190=DIRECTION('ref_axis',(1.,0.,0.));
#12191=DIRECTION('',(0.,1.,0.));
#12192=DIRECTION('',(1.,0.,0.));
#12193=DIRECTION('center_axis',(-0.975690056891626,0.,0.219154997394119));
#12194=DIRECTION('ref_axis',(0.219154997394119,0.,0.975690056891626));
#12195=DIRECTION('',(0.,1.,0.));
#12196=DIRECTION('',(0.219154997394119,0.,0.975690056891626));
#12197=DIRECTION('',(0.,1.,0.));
#12198=DIRECTION('center_axis',(0.975690056891626,0.,0.219154997394119));
#12199=DIRECTION('ref_axis',(0.219154997394119,0.,-0.975690056891626));
#12200=DIRECTION('',(0.,-1.,0.));
#12201=DIRECTION('',(0.219154997394119,0.,-0.975690056891626));
#12202=DIRECTION('',(0.,1.,0.));
#12203=DIRECTION('center_axis',(0.,0.,1.));
#12204=DIRECTION('ref_axis',(1.,0.,0.));
#12205=DIRECTION('',(1.,0.,0.));
#12206=DIRECTION('center_axis',(0.,0.,1.));
#12207=DIRECTION('ref_axis',(1.,0.,0.));
#12208=DIRECTION('',(1.,0.,0.));
#12209=DIRECTION('center_axis',(0.,0.,1.));
#12210=DIRECTION('ref_axis',(1.,0.,0.));
#12211=DIRECTION('',(0.,1.,0.));
#12212=DIRECTION('',(1.,0.,0.));
#12213=DIRECTION('center_axis',(0.,0.,1.));
#12214=DIRECTION('ref_axis',(1.,0.,0.));
#12215=DIRECTION('',(1.,0.,0.));
#12216=DIRECTION('center_axis',(-0.975690056891626,0.,0.219154997394119));
#12217=DIRECTION('ref_axis',(0.219154997394119,0.,0.975690056891626));
#12218=DIRECTION('',(0.,1.,0.));
#12219=DIRECTION('',(0.219154997394119,0.,0.975690056891626));
#12220=DIRECTION('center_axis',(0.975690056891625,0.,0.21915499739412));
#12221=DIRECTION('ref_axis',(0.21915499739412,0.,-0.975690056891625));
#12222=DIRECTION('',(0.,-1.,0.));
#12223=DIRECTION('',(0.21915499739412,0.,-0.975690056891625));
#12224=DIRECTION('',(0.,1.,0.));
#12225=DIRECTION('center_axis',(0.,0.,1.));
#12226=DIRECTION('ref_axis',(1.,0.,0.));
#12227=DIRECTION('',(1.,0.,0.));
#12228=DIRECTION('center_axis',(0.,0.,1.));
#12229=DIRECTION('ref_axis',(1.,0.,0.));
#12230=DIRECTION('',(0.,1.,0.));
#12231=DIRECTION('',(1.,0.,0.));
#12232=DIRECTION('center_axis',(0.,0.,1.));
#12233=DIRECTION('ref_axis',(1.,0.,0.));
#12234=DIRECTION('',(1.,0.,0.));
#12235=DIRECTION('center_axis',(-0.975690056891626,0.,0.219154997394119));
#12236=DIRECTION('ref_axis',(0.219154997394119,0.,0.975690056891626));
#12237=DIRECTION('',(0.,1.,0.));
#12238=DIRECTION('',(0.219154997394119,0.,0.975690056891626));
#12239=DIRECTION('center_axis',(0.975690056891626,0.,0.219154997394119));
#12240=DIRECTION('ref_axis',(0.219154997394119,0.,-0.975690056891626));
#12241=DIRECTION('',(0.,-1.,0.));
#12242=DIRECTION('',(0.219154997394119,0.,-0.975690056891626));
#12243=DIRECTION('',(0.,1.,0.));
#12244=DIRECTION('center_axis',(0.,0.,1.));
#12245=DIRECTION('ref_axis',(1.,0.,0.));
#12246=DIRECTION('',(1.,0.,0.));
#12247=DIRECTION('center_axis',(0.,0.,1.));
#12248=DIRECTION('ref_axis',(1.,0.,0.));
#12249=DIRECTION('',(0.,1.,0.));
#12250=DIRECTION('',(1.,0.,0.));
#12251=DIRECTION('center_axis',(0.,0.,1.));
#12252=DIRECTION('ref_axis',(1.,0.,0.));
#12253=DIRECTION('',(1.,0.,0.));
#12254=DIRECTION('center_axis',(-0.975690056891626,0.,0.219154997394119));
#12255=DIRECTION('ref_axis',(0.219154997394119,0.,0.975690056891626));
#12256=DIRECTION('',(0.,1.,0.));
#12257=DIRECTION('',(0.219154997394119,0.,0.975690056891626));
#12258=DIRECTION('center_axis',(0.975690056891626,0.,0.219154997394119));
#12259=DIRECTION('ref_axis',(0.219154997394119,0.,-0.975690056891626));
#12260=DIRECTION('',(0.,-1.,0.));
#12261=DIRECTION('',(0.219154997394119,0.,-0.975690056891626));
#12262=DIRECTION('',(0.,1.,0.));
#12263=DIRECTION('center_axis',(0.,0.,1.));
#12264=DIRECTION('ref_axis',(1.,0.,0.));
#12265=DIRECTION('',(1.,0.,0.));
#12266=DIRECTION('center_axis',(0.,0.,1.));
#12267=DIRECTION('ref_axis',(1.,0.,0.));
#12268=DIRECTION('',(0.,1.,0.));
#12269=DIRECTION('',(1.,0.,0.));
#12270=DIRECTION('center_axis',(-0.975690056891626,0.,0.219154997394119));
#12271=DIRECTION('ref_axis',(0.219154997394119,0.,0.975690056891626));
#12272=DIRECTION('',(0.219154997394119,0.,0.975690056891626));
#12273=DIRECTION('',(0.,1.,0.));
#12274=DIRECTION('center_axis',(0.,0.,1.));
#12275=DIRECTION('ref_axis',(1.,0.,0.));
#12276=DIRECTION('',(1.,0.,0.));
#12277=DIRECTION('',(0.,-1.,0.));
#12278=DIRECTION('center_axis',(-0.975690056891626,0.,0.219154997394119));
#12279=DIRECTION('ref_axis',(0.219154997394119,0.,0.975690056891626));
#12280=DIRECTION('',(0.,1.,0.));
#12281=DIRECTION('',(0.219154997394119,0.,0.975690056891626));
#12282=DIRECTION('center_axis',(0.975690056891626,0.,0.219154997394119));
#12283=DIRECTION('ref_axis',(0.219154997394119,0.,-0.975690056891626));
#12284=DIRECTION('',(0.219154997394119,0.,-0.975690056891626));
#12285=DIRECTION('',(0.,1.,0.));
#12286=DIRECTION('center_axis',(0.,0.,1.));
#12287=DIRECTION('ref_axis',(1.,0.,0.));
#12288=DIRECTION('',(1.,0.,0.));
#12289=DIRECTION('center_axis',(-0.975690056891625,0.,0.21915499739412));
#12290=DIRECTION('ref_axis',(0.21915499739412,0.,0.975690056891625));
#12291=DIRECTION('',(0.,1.,0.));
#12292=DIRECTION('',(0.21915499739412,0.,0.975690056891625));
#12293=DIRECTION('',(0.,1.,0.));
#12294=DIRECTION('center_axis',(0.,0.,1.));
#12295=DIRECTION('ref_axis',(1.,0.,0.));
#12296=DIRECTION('',(1.,0.,0.));
#12297=DIRECTION('center_axis',(0.,0.,1.));
#12298=DIRECTION('ref_axis',(1.,0.,0.));
#12299=DIRECTION('',(1.,0.,0.));
#12300=DIRECTION('',(0.,1.,0.));
#12301=DIRECTION('center_axis',(1.,0.,0.));
#12302=DIRECTION('ref_axis',(0.,0.,-1.));
#12303=DIRECTION('',(0.,1.,0.));
#12304=DIRECTION('',(0.,0.,-1.));
#12305=DIRECTION('center_axis',(0.,0.,-1.));
#12306=DIRECTION('ref_axis',(-1.,0.,0.));
#12307=DIRECTION('',(0.,1.,0.));
#12308=DIRECTION('',(-1.,0.,0.));
#12309=DIRECTION('center_axis',(-1.,0.,0.));
#12310=DIRECTION('ref_axis',(0.,0.,1.));
#12311=DIRECTION('',(0.,0.,1.));
#12312=DIRECTION('center_axis',(0.,1.,0.));
#12313=DIRECTION('ref_axis',(0.,0.,1.));
#12314=DIRECTION('axis',(0.,0.,1.));
#12315=DIRECTION('refdir',(1.,0.,0.));
#12316=DIRECTION('center_axis',(-0.975690056891626,0.,-0.219154997394118));
#12317=DIRECTION('ref_axis',(-0.219154997394118,0.,0.975690056891626));
#12318=DIRECTION('',(-0.219154997394118,0.,0.975690056891626));
#12319=DIRECTION('',(0.,-1.,0.));
#12320=DIRECTION('',(-0.219154997394118,0.,0.975690056891626));
#12321=DIRECTION('',(0.,1.,0.));
#12322=DIRECTION('center_axis',(0.975690056891626,0.,-0.219154997394118));
#12323=DIRECTION('ref_axis',(-0.219154997394118,0.,-0.975690056891626));
#12324=DIRECTION('',(-0.219154997394118,0.,-0.975690056891626));
#12325=DIRECTION('',(0.,1.,0.));
#12326=DIRECTION('',(-0.219154997394118,0.,-0.975690056891626));
#12327=DIRECTION('',(0.,1.,0.));
#12328=DIRECTION('center_axis',(0.,0.,-1.));
#12329=DIRECTION('ref_axis',(-1.,0.,0.));
#12330=DIRECTION('',(-1.,0.,0.));
#12331=DIRECTION('',(0.,1.,0.));
#12332=DIRECTION('',(-1.,0.,0.));
#12333=DIRECTION('center_axis',(-0.975690056891626,0.,-0.219154997394118));
#12334=DIRECTION('ref_axis',(-0.219154997394118,0.,0.975690056891626));
#12335=DIRECTION('',(-0.219154997394118,0.,0.975690056891626));
#12336=DIRECTION('',(0.,-1.,0.));
#12337=DIRECTION('',(-0.219154997394118,0.,0.975690056891626));
#12338=DIRECTION('center_axis',(0.975690056891626,0.,-0.219154997394118));
#12339=DIRECTION('ref_axis',(-0.219154997394118,0.,-0.975690056891626));
#12340=DIRECTION('',(-0.219154997394118,0.,-0.975690056891626));
#12341=DIRECTION('',(0.,1.,0.));
#12342=DIRECTION('',(-0.219154997394118,0.,-0.975690056891626));
#12343=DIRECTION('',(0.,1.,0.));
#12344=DIRECTION('center_axis',(0.,0.,-1.));
#12345=DIRECTION('ref_axis',(-1.,0.,0.));
#12346=DIRECTION('',(-1.,0.,0.));
#12347=DIRECTION('',(0.,1.,0.));
#12348=DIRECTION('',(-1.,0.,0.));
#12349=DIRECTION('center_axis',(-0.975690056891626,0.,-0.219154997394118));
#12350=DIRECTION('ref_axis',(-0.219154997394118,0.,0.975690056891626));
#12351=DIRECTION('',(-0.219154997394118,0.,0.975690056891626));
#12352=DIRECTION('',(0.,-1.,0.));
#12353=DIRECTION('',(-0.219154997394118,0.,0.975690056891626));
#12354=DIRECTION('center_axis',(0.975690056891626,0.,-0.219154997394118));
#12355=DIRECTION('ref_axis',(-0.219154997394118,0.,-0.975690056891626));
#12356=DIRECTION('',(-0.219154997394118,0.,-0.975690056891626));
#12357=DIRECTION('',(0.,1.,0.));
#12358=DIRECTION('',(-0.219154997394118,0.,-0.975690056891626));
#12359=DIRECTION('',(0.,1.,0.));
#12360=DIRECTION('center_axis',(0.,0.,-1.));
#12361=DIRECTION('ref_axis',(-1.,0.,0.));
#12362=DIRECTION('',(-1.,0.,0.));
#12363=DIRECTION('',(0.,1.,0.));
#12364=DIRECTION('',(-1.,0.,0.));
#12365=DIRECTION('center_axis',(-0.975690056891626,0.,-0.219154997394118));
#12366=DIRECTION('ref_axis',(-0.219154997394118,0.,0.975690056891626));
#12367=DIRECTION('',(-0.219154997394118,0.,0.975690056891626));
#12368=DIRECTION('',(0.,-1.,0.));
#12369=DIRECTION('',(-0.219154997394118,0.,0.975690056891626));
#12370=DIRECTION('center_axis',(0.975690056891626,0.,-0.219154997394119));
#12371=DIRECTION('ref_axis',(-0.219154997394119,0.,-0.975690056891626));
#12372=DIRECTION('',(-0.219154997394119,0.,-0.975690056891626));
#12373=DIRECTION('',(0.,1.,0.));
#12374=DIRECTION('',(-0.219154997394119,0.,-0.975690056891626));
#12375=DIRECTION('',(0.,1.,0.));
#12376=DIRECTION('center_axis',(0.,0.,-1.));
#12377=DIRECTION('ref_axis',(-1.,0.,0.));
#12378=DIRECTION('',(-1.,0.,0.));
#12379=DIRECTION('',(0.,1.,0.));
#12380=DIRECTION('',(-1.,0.,0.));
#12381=DIRECTION('center_axis',(-0.975690056891626,0.,-0.219154997394119));
#12382=DIRECTION('ref_axis',(-0.219154997394119,0.,0.975690056891626));
#12383=DIRECTION('',(-0.219154997394119,0.,0.975690056891626));
#12384=DIRECTION('',(0.,-1.,0.));
#12385=DIRECTION('',(-0.219154997394119,0.,0.975690056891626));
#12386=DIRECTION('center_axis',(0.975690056891626,0.,-0.219154997394119));
#12387=DIRECTION('ref_axis',(-0.219154997394119,0.,-0.975690056891626));
#12388=DIRECTION('',(-0.219154997394119,0.,-0.975690056891626));
#12389=DIRECTION('',(0.,1.,0.));
#12390=DIRECTION('',(-0.219154997394119,0.,-0.975690056891626));
#12391=DIRECTION('',(0.,1.,0.));
#12392=DIRECTION('center_axis',(0.,0.,-1.));
#12393=DIRECTION('ref_axis',(-1.,0.,0.));
#12394=DIRECTION('',(-1.,0.,0.));
#12395=DIRECTION('',(0.,1.,0.));
#12396=DIRECTION('',(-1.,0.,0.));
#12397=DIRECTION('center_axis',(-0.975690056891626,0.,-0.219154997394118));
#12398=DIRECTION('ref_axis',(-0.219154997394118,0.,0.975690056891626));
#12399=DIRECTION('',(-0.219154997394118,0.,0.975690056891626));
#12400=DIRECTION('',(0.,-1.,0.));
#12401=DIRECTION('',(-0.219154997394118,0.,0.975690056891626));
#12402=DIRECTION('center_axis',(0.975690056891626,0.,-0.219154997394119));
#12403=DIRECTION('ref_axis',(-0.219154997394119,0.,-0.975690056891626));
#12404=DIRECTION('',(-0.219154997394119,0.,-0.975690056891626));
#12405=DIRECTION('',(0.,1.,0.));
#12406=DIRECTION('',(-0.219154997394119,0.,-0.975690056891626));
#12407=DIRECTION('',(0.,1.,0.));
#12408=DIRECTION('center_axis',(0.,0.,-1.));
#12409=DIRECTION('ref_axis',(-1.,0.,0.));
#12410=DIRECTION('',(-1.,0.,0.));
#12411=DIRECTION('',(0.,1.,0.));
#12412=DIRECTION('',(-1.,0.,0.));
#12413=DIRECTION('center_axis',(-0.975690056891626,0.,-0.219154997394119));
#12414=DIRECTION('ref_axis',(-0.219154997394119,0.,0.975690056891626));
#12415=DIRECTION('',(-0.219154997394119,0.,0.975690056891626));
#12416=DIRECTION('',(0.,-1.,0.));
#12417=DIRECTION('',(-0.219154997394119,0.,0.975690056891626));
#12418=DIRECTION('',(0.,1.,0.));
#12419=DIRECTION('center_axis',(0.,0.,-1.));
#12420=DIRECTION('ref_axis',(-1.,0.,0.));
#12421=DIRECTION('',(-1.,0.,0.));
#12422=DIRECTION('',(-1.,0.,0.));
#12423=DIRECTION('',(0.,1.,0.));
#12424=DIRECTION('center_axis',(0.975690056891626,0.,-0.219154997394119));
#12425=DIRECTION('ref_axis',(-0.219154997394119,0.,-0.975690056891626));
#12426=DIRECTION('',(-0.219154997394119,0.,-0.975690056891626));
#12427=DIRECTION('',(-0.219154997394119,0.,-0.975690056891626));
#12428=DIRECTION('',(0.,1.,0.));
#12429=DIRECTION('center_axis',(0.,1.,0.));
#12430=DIRECTION('ref_axis',(0.,0.,1.));
#12431=DIRECTION('',(-1.,0.,0.));
#12432=DIRECTION('',(0.,0.,-1.));
#12433=DIRECTION('',(1.,0.,0.));
#12434=DIRECTION('',(0.,0.,1.));
#12435=DIRECTION('',(-1.,0.,0.));
#12436=DIRECTION('',(-0.219154997394119,0.,0.975690056891626));
#12437=DIRECTION('',(-1.,0.,0.));
#12438=DIRECTION('',(-1.,0.,0.));
#12439=DIRECTION('',(-1.,0.,0.));
#12440=DIRECTION('',(-1.,0.,0.));
#12441=DIRECTION('',(-1.,0.,0.));
#12442=DIRECTION('',(-1.,0.,0.));
#12443=DIRECTION('',(-1.,0.,0.));
#12444=DIRECTION('',(-0.219154997394118,0.,-0.975690056891626));
#12445=DIRECTION('',(-1.,0.,0.));
#12446=DIRECTION('',(-0.219154997394119,0.,0.975690056891626));
#12447=DIRECTION('',(-1.,0.,0.));
#12448=DIRECTION('',(-0.219154997394119,0.,-0.975690056891626));
#12449=DIRECTION('',(-1.,0.,0.));
#12450=DIRECTION('',(-0.219154997394119,0.,0.975690056891626));
#12451=DIRECTION('',(-1.,0.,0.));
#12452=DIRECTION('',(-0.219154997394119,0.,-0.975690056891626));
#12453=DIRECTION('',(-1.,0.,0.));
#12454=DIRECTION('',(-0.219154997394119,0.,0.975690056891626));
#12455=DIRECTION('',(-1.,0.,0.));
#12456=DIRECTION('',(-0.219154997394118,0.,-0.975690056891626));
#12457=DIRECTION('',(-1.,0.,0.));
#12458=DIRECTION('center_axis',(0.,0.,-1.));
#12459=DIRECTION('ref_axis',(-1.,0.,0.));
#12460=DIRECTION('',(-1.,0.,0.));
#12461=DIRECTION('',(0.,1.,0.));
#12462=DIRECTION('center_axis',(0.,0.,-1.));
#12463=DIRECTION('ref_axis',(-1.,0.,0.));
#12464=DIRECTION('',(-1.,0.,0.));
#12465=DIRECTION('center_axis',(-0.975690056891626,0.,-0.219154997394119));
#12466=DIRECTION('ref_axis',(-0.219154997394119,0.,0.975690056891626));
#12467=DIRECTION('',(0.,-1.,0.));
#12468=DIRECTION('',(-0.219154997394119,0.,0.975690056891626));
#12469=DIRECTION('',(0.,1.,0.));
#12470=DIRECTION('center_axis',(0.,0.,-1.));
#12471=DIRECTION('ref_axis',(-1.,0.,0.));
#12472=DIRECTION('',(-1.,0.,0.));
#12473=DIRECTION('',(0.,1.,0.));
#12474=DIRECTION('center_axis',(0.975690056891626,0.,-0.219154997394118));
#12475=DIRECTION('ref_axis',(-0.219154997394118,0.,-0.975690056891626));
#12476=DIRECTION('',(-0.219154997394118,0.,-0.975690056891626));
#12477=DIRECTION('',(0.,1.,0.));
#12478=DIRECTION('center_axis',(0.,0.,-1.));
#12479=DIRECTION('ref_axis',(-1.,0.,0.));
#12480=DIRECTION('',(-1.,0.,0.));
#12481=DIRECTION('center_axis',(0.,0.,-1.));
#12482=DIRECTION('ref_axis',(-1.,0.,0.));
#12483=DIRECTION('',(-1.,0.,0.));
#12484=DIRECTION('center_axis',(-0.975690056891626,0.,-0.219154997394119));
#12485=DIRECTION('ref_axis',(-0.219154997394119,0.,0.975690056891626));
#12486=DIRECTION('',(0.,-1.,0.));
#12487=DIRECTION('',(-0.219154997394119,0.,0.975690056891626));
#12488=DIRECTION('',(0.,1.,0.));
#12489=DIRECTION('center_axis',(0.,0.,-1.));
#12490=DIRECTION('ref_axis',(-1.,0.,0.));
#12491=DIRECTION('',(-1.,0.,0.));
#12492=DIRECTION('',(0.,1.,0.));
#12493=DIRECTION('center_axis',(0.975690056891626,0.,-0.219154997394119));
#12494=DIRECTION('ref_axis',(-0.219154997394119,0.,-0.975690056891626));
#12495=DIRECTION('',(-0.219154997394119,0.,-0.975690056891626));
#12496=DIRECTION('',(0.,1.,0.));
#12497=DIRECTION('center_axis',(0.,0.,-1.));
#12498=DIRECTION('ref_axis',(-1.,0.,0.));
#12499=DIRECTION('',(-1.,0.,0.));
#12500=DIRECTION('center_axis',(0.,0.,-1.));
#12501=DIRECTION('ref_axis',(-1.,0.,0.));
#12502=DIRECTION('',(-1.,0.,0.));
#12503=DIRECTION('center_axis',(-0.975690056891626,0.,-0.219154997394119));
#12504=DIRECTION('ref_axis',(-0.219154997394119,0.,0.975690056891626));
#12505=DIRECTION('',(0.,-1.,0.));
#12506=DIRECTION('',(-0.219154997394119,0.,0.975690056891626));
#12507=DIRECTION('',(0.,1.,0.));
#12508=DIRECTION('center_axis',(0.,0.,-1.));
#12509=DIRECTION('ref_axis',(-1.,0.,0.));
#12510=DIRECTION('',(-1.,0.,0.));
#12511=DIRECTION('',(0.,1.,0.));
#12512=DIRECTION('center_axis',(0.975690056891626,0.,-0.219154997394119));
#12513=DIRECTION('ref_axis',(-0.219154997394119,0.,-0.975690056891626));
#12514=DIRECTION('',(-0.219154997394119,0.,-0.975690056891626));
#12515=DIRECTION('',(0.,1.,0.));
#12516=DIRECTION('center_axis',(0.,0.,-1.));
#12517=DIRECTION('ref_axis',(-1.,0.,0.));
#12518=DIRECTION('',(-1.,0.,0.));
#12519=DIRECTION('center_axis',(0.,0.,-1.));
#12520=DIRECTION('ref_axis',(-1.,0.,0.));
#12521=DIRECTION('',(-1.,0.,0.));
#12522=DIRECTION('center_axis',(0.,0.,-1.));
#12523=DIRECTION('ref_axis',(-1.,0.,0.));
#12524=DIRECTION('',(-1.,0.,0.));
#12525=DIRECTION('',(0.,1.,0.));
#12526=DIRECTION('center_axis',(0.975690056891626,0.,-0.219154997394118));
#12527=DIRECTION('ref_axis',(-0.219154997394118,0.,-0.975690056891626));
#12528=DIRECTION('',(-0.219154997394118,0.,-0.975690056891626));
#12529=DIRECTION('',(0.,1.,0.));
#12530=DIRECTION('center_axis',(0.,0.,-1.));
#12531=DIRECTION('ref_axis',(-1.,0.,0.));
#12532=DIRECTION('',(-1.,0.,0.));
#12533=DIRECTION('center_axis',(0.,0.,-1.));
#12534=DIRECTION('ref_axis',(-1.,0.,0.));
#12535=DIRECTION('',(-1.,0.,0.));
#12536=DIRECTION('center_axis',(-0.975690056891626,0.,-0.219154997394119));
#12537=DIRECTION('ref_axis',(-0.219154997394119,0.,0.975690056891626));
#12538=DIRECTION('',(0.,-1.,0.));
#12539=DIRECTION('',(-0.219154997394119,0.,0.975690056891626));
#12540=DIRECTION('center_axis',(0.,0.,-1.));
#12541=DIRECTION('ref_axis',(-1.,0.,0.));
#12542=DIRECTION('',(-1.,0.,0.));
#12543=DIRECTION('center_axis',(1.,0.,0.));
#12544=DIRECTION('ref_axis',(0.,0.,-1.));
#12545=DIRECTION('',(0.,0.,-1.));
#12546=DIRECTION('',(0.,1.,0.));
#12547=DIRECTION('center_axis',(0.,0.,-1.));
#12548=DIRECTION('ref_axis',(-1.,0.,0.));
#12549=DIRECTION('',(0.,1.,0.));
#12550=DIRECTION('',(-1.,0.,0.));
#12551=DIRECTION('center_axis',(-1.,0.,0.));
#12552=DIRECTION('ref_axis',(0.,0.,1.));
#12553=DIRECTION('',(0.,1.,0.));
#12554=DIRECTION('',(0.,0.,1.));
#12555=DIRECTION('center_axis',(0.,0.,1.));
#12556=DIRECTION('ref_axis',(1.,0.,0.));
#12557=DIRECTION('',(1.,0.,0.));
#12558=DIRECTION('center_axis',(0.,1.,0.));
#12559=DIRECTION('ref_axis',(0.,0.,1.));
#12560=DIRECTION('axis',(0.,0.,1.));
#12561=DIRECTION('refdir',(1.,0.,0.));
#12562=DIRECTION('center_axis',(0.,1.,0.));
#12563=DIRECTION('ref_axis',(1.,0.,0.));
#12564=DIRECTION('center_axis',(0.,1.,0.));
#12565=DIRECTION('ref_axis',(1.,0.,0.));
#12566=DIRECTION('',(0.,1.,0.));
#12567=DIRECTION('center_axis',(0.,-1.,0.));
#12568=DIRECTION('ref_axis',(1.,0.,0.));
#12569=DIRECTION('center_axis',(0.,1.,0.));
#12570=DIRECTION('ref_axis',(0.,0.,1.));
#12571=DIRECTION('',(1.,0.,0.));
#12572=DIRECTION('',(0.,0.,1.));
#12573=DIRECTION('',(-1.,0.,0.));
#12574=DIRECTION('',(0.,0.,-1.));
#12575=DIRECTION('center_axis',(0.,0.,-1.));
#12576=DIRECTION('ref_axis',(-1.,0.,0.));
#12577=DIRECTION('',(0.,1.,0.));
#12578=DIRECTION('',(-1.,0.,0.));
#12579=DIRECTION('',(0.,1.,0.));
#12580=DIRECTION('center_axis',(-1.,0.,0.));
#12581=DIRECTION('ref_axis',(0.,0.,1.));
#12582=DIRECTION('',(0.,1.,0.));
#12583=DIRECTION('',(0.,0.,1.));
#12584=DIRECTION('center_axis',(1.,0.,0.));
#12585=DIRECTION('ref_axis',(0.,0.,-1.));
#12586=DIRECTION('',(0.,0.,1.));
#12587=DIRECTION('',(0.,1.,0.));
#12588=DIRECTION('',(0.,0.,-1.));
#12589=DIRECTION('',(0.,1.,0.));
#12590=DIRECTION('center_axis',(0.,0.,-1.));
#12591=DIRECTION('ref_axis',(-1.,0.,0.));
#12592=DIRECTION('',(1.,0.,0.));
#12593=DIRECTION('',(0.,1.,0.));
#12594=DIRECTION('',(-1.,0.,0.));
#12595=DIRECTION('center_axis',(0.,0.,1.));
#12596=DIRECTION('ref_axis',(1.,0.,0.));
#12597=DIRECTION('',(-1.,0.,0.));
#12598=DIRECTION('',(1.,0.,0.));
#12599=DIRECTION('',(0.,1.,0.));
#12600=DIRECTION('center_axis',(0.,0.,1.));
#12601=DIRECTION('ref_axis',(1.,0.,0.));
#12602=DIRECTION('',(0.,1.,0.));
#12603=DIRECTION('',(1.,0.,0.));
#12604=DIRECTION('center_axis',(-1.,0.,0.));
#12605=DIRECTION('ref_axis',(0.,0.,1.));
#12606=DIRECTION('',(0.,0.,-1.));
#12607=DIRECTION('',(0.,0.,1.));
#12608=DIRECTION('center_axis',(1.,0.,0.));
#12609=DIRECTION('ref_axis',(0.,0.,-1.));
#12610=DIRECTION('',(0.,0.,-1.));
#12611=DIRECTION('center_axis',(0.,1.,0.));
#12612=DIRECTION('ref_axis',(0.,0.,1.));
#12613=DIRECTION('center_axis',(0.,1.,0.));
#12614=DIRECTION('ref_axis',(0.,0.,1.));
#12615=DIRECTION('',(-0.222520933956314,0.,-0.974927912181824));
#12616=DIRECTION('',(-0.99025693343239,0.,-0.139252309815959));
#12617=DIRECTION('',(-0.986391845643476,0.,-0.164411455951392));
#12618=DIRECTION('',(-0.981903990244302,0.,-0.189379391545961));
#12619=DIRECTION('',(-0.976803279417671,0.,-0.214138631075486));
#12620=DIRECTION('',(-0.971100169733559,0.,-0.23867228650066));
#12621=DIRECTION('',(-0.964805623320613,0.,-0.26296408349606));
#12622=DIRECTION('',(-0.957931068923841,0.,-0.286998374891614));
#12623=DIRECTION('',(-0.950488363056299,0.,-0.310760151394217));
#12624=DIRECTION('',(0.433043042420706,0.,-0.901373243119086));
#12625=DIRECTION('',(0.957931068923836,0.,-0.286998374891632));
#12626=DIRECTION('',(0.964805623320618,0.,-0.262964083496042));
#12627=DIRECTION('',(0.971100169733559,0.,-0.23867228650066));
#12628=DIRECTION('',(0.976803279417667,0.,-0.214138631075505));
#12629=DIRECTION('',(0.981903990244306,0.,-0.189379391545941));
#12630=DIRECTION('',(0.986391845643476,0.,-0.164411455951392));
#12631=DIRECTION('',(0.99025693343239,0.,-0.139252309815959));
#12632=DIRECTION('',(0.153745545537193,0.,-0.988110473189851));
#12633=DIRECTION('',(0.188143522815435,0.,-0.982141545207511));
#12634=DIRECTION('',(0.222520933956312,0.,-0.974927912181824));
#12635=DIRECTION('',(0.25662378922313,0.,-0.966511371275456));
#12636=DIRECTION('',(0.290205116661153,0.,-0.956964466562728));
#12637=DIRECTION('',(-0.831771355383392,0.,-0.55511837689242));
#12638=DIRECTION('',(-0.817372887215623,0.,-0.576108985561583));
#12639=DIRECTION('',(-0.802496287963503,0.,-0.596657110746867));
#12640=DIRECTION('',(-0.787158074879751,0.,-0.616751299270301));
#12641=DIRECTION('',(-0.771374996454075,0.,-0.63638087246984));
#12642=DIRECTION('',(-0.755163990388167,0.,-0.655535923974438));
#12643=DIRECTION('',(-0.738542142678219,0.,-0.6742073149175));
#12644=DIRECTION('',(-0.721526647961585,0.,-0.692386666741437));
#12645=DIRECTION('',(0.781249492747833,0.,-0.624218895966194));
#12646=DIRECTION('',(0.987589998715506,0.,0.157054113085608));
#12647=DIRECTION('',(0.983355669989955,0.,0.181691018761544));
#12648=DIRECTION('',(0.97848704463533,0.,0.206308272933536));
#12649=DIRECTION('',(0.972980614760858,0.,0.230886819241773));
#12650=DIRECTION('',(0.966833564995042,0.,0.25540723873645));
#12651=DIRECTION('',(0.960043801739543,0.,0.279849778884109));
#12652=DIRECTION('',(0.952609981110806,0.,0.304194385037052));
#12653=DIRECTION('',(0.567245016876534,0.,-0.823549082222026));
#12654=DIRECTION('',(0.595646702731525,0.,-0.803246540935635));
#12655=DIRECTION('',(0.623489801858722,0.,-0.781831482468039));
#12656=DIRECTION('',(0.650563612521833,0.,-0.759451766778208));
#12657=DIRECTION('',(0.67667709637257,0.,-0.73627991093387));
#12658=DIRECTION('',(-0.508543259394491,0.,-0.861036441345213));
#12659=DIRECTION('',(-0.4864632040541,0.,-0.873701065068264));
#12660=DIRECTION('',(-0.464144353880447,0.,-0.885759571645095));
#12661=DIRECTION('',(-0.441606559751654,0.,-0.897208808686311));
#12662=DIRECTION('',(-0.418869544833346,0.,-0.908046421947196));
#12663=DIRECTION('',(-0.395952867680777,0.,-0.918270835089174));
#12664=DIRECTION('',(-0.372875887450204,0.,-0.92788122761387));
#12665=DIRECTION('',(-0.349657731294482,0.,-0.936877511175285));
#12666=DIRECTION('',(0.974719899640001,0.,-0.22343034092483));
#12667=DIRECTION('',(0.821644617265085,0.,0.570000107823948));
#12668=DIRECTION('',(0.807140066151941,0.,0.590359986459314));
#12669=DIRECTION('',(0.792072559990986,0.,0.610426948708301));
#12670=DIRECTION('',(0.776447206526523,0.,0.630182303367176));
#12671=DIRECTION('',(0.76026989476298,0.,0.649607333022871));
#12672=DIRECTION('',(0.743547308736543,0.,0.668683332879357));
#12673=DIRECTION('',(0.726286939035515,0.,0.687391651234158));
#12674=DIRECTION('',(0.868394655819869,0.,-0.495873695353455));
#12675=DIRECTION('',(0.885174748044233,0.,-0.465258708059107));
#12676=DIRECTION('',(0.900968867902416,0.,-0.433883739117565));
#12677=DIRECTION('',(0.915651333721457,0.,-0.401973425805881));
#12678=DIRECTION('',(0.929124878247424,0.,-0.369766089064033));
#12679=DIRECTION('',(-0.0845919340087292,0.,-0.996415678670635));
#12680=DIRECTION('',(-0.0592035172499925,0.,-0.998245933397792));
#12681=DIRECTION('',(-0.0338629381544343,0.,-0.999426486250764));
#12682=DIRECTION('',(-0.00858944951569341,0.,-0.999963109998073));
#12683=DIRECTION('',(0.0165981572394686,0.,-0.99986224109937));
#12684=DIRECTION('',(0.0416815765140215,0.,-0.999130945461758));
#12685=DIRECTION('',(0.0666430103099721,0.,-0.997776883464848));
#12686=DIRECTION('',(0.0914651873261712,0.,-0.995808274472244));
#12687=DIRECTION('',(0.97513507625339,0.,0.221611333329988));
#12688=DIRECTION('',(0.492962442555377,0.,0.870050590615188));
#12689=DIRECTION('',(0.471060473289232,0.,0.882100918548737));
#12690=DIRECTION('',(0.448778390707961,0.,0.893643080896156));
#12691=DIRECTION('',(0.426128906539538,0.,0.904662453631971));
#12692=DIRECTION('',(0.403125447774749,0.,0.915144728092999));
#12693=DIRECTION('',(0.379782152228969,0.,0.925075951934938));
#12694=DIRECTION('',(0.356113861359446,0.,0.934442570598999));
#12695=DIRECTION('',(0.997548083016533,0.,-0.0699844416284123));
#12696=DIRECTION('',(0.999383078550911,0.,-0.0351206820278877));
#12697=DIRECTION('',(1.,0.,0.));
#12698=DIRECTION('',(0.999383078550911,0.,0.0351206820278877));
#12699=DIRECTION('',(0.997548083016533,0.,0.0699844416284123));
#12700=DIRECTION('',(0.356113861359446,0.,-0.934442570598999));
#12701=DIRECTION('',(0.379782152228969,0.,-0.925075951934938));
#12702=DIRECTION('',(0.403125447774749,0.,-0.915144728092999));
#12703=DIRECTION('',(0.426128906539538,0.,-0.904662453631971));
#12704=DIRECTION('',(0.448778390707961,0.,-0.893643080896156));
#12705=DIRECTION('',(0.471060473289232,0.,-0.882100918548737));
#12706=DIRECTION('',(0.492962442555377,0.,-0.870050590615188));
#12707=DIRECTION('',(0.51447230384997,0.,-0.857506996222949));
#12708=DIRECTION('',(0.78241279176791,0.,0.622760165134175));
#12709=DIRECTION('',(0.0666430103099721,0.,0.997776883464848));
#12710=DIRECTION('',(0.0416815765140228,0.,0.999130945461758));
#12711=DIRECTION('',(0.0165981572394673,0.,0.99986224109937));
#12712=DIRECTION('',(-0.0085894495156909,0.,0.999963109998073));
#12713=DIRECTION('',(-0.0338629381544368,0.,0.999426486250764));
#12714=DIRECTION('',(-0.0592035172499925,0.,0.998245933397792));
#12715=DIRECTION('',(-0.084591934008728,0.,0.996415678670636));
#12716=DIRECTION('',(0.929124878247424,0.,0.369766089064033));
#12717=DIRECTION('',(0.915651333721458,0.,0.401973425805879));
#12718=DIRECTION('',(0.900968867902413,0.,0.43388373911757));
#12719=DIRECTION('',(0.885174748044234,0.,0.465258708059105));
#12720=DIRECTION('',(0.868394655819869,0.,0.495873695353456));
#12721=DIRECTION('',(0.726286939035513,0.,-0.68739165123416));
#12722=DIRECTION('',(0.743547308736549,0.,-0.66868333287935));
#12723=DIRECTION('',(0.760269894762977,0.,-0.649607333022875));
#12724=DIRECTION('',(0.776447206526522,0.,-0.630182303367177));
#12725=DIRECTION('',(0.792072559990986,0.,-0.6104269487083));
#12726=DIRECTION('',(0.80714006615192,0.,-0.590359986459342));
#12727=DIRECTION('',(0.821644617265106,0.,-0.570000107823918));
#12728=DIRECTION('',(0.835581871007519,0.,-0.54936594073857));
#12729=DIRECTION('',(0.434724058209617,0.,0.900563708581332));
#12730=DIRECTION('',(-0.372875887450191,0.,0.927881227613875));
#12731=DIRECTION('',(-0.395952867680784,0.,0.918270835089171));
#12732=DIRECTION('',(-0.418869544833349,0.,0.908046421947195));
#12733=DIRECTION('',(-0.441606559751654,0.,0.897208808686311));
#12734=DIRECTION('',(-0.464144353880447,0.,0.885759571645095));
#12735=DIRECTION('',(-0.486463204054096,0.,0.873701065068266));
#12736=DIRECTION('',(-0.508543259394493,0.,0.861036441345212));
#12737=DIRECTION('',(0.67667709637257,0.,0.73627991093387));
#12738=DIRECTION('',(0.650563612521835,0.,0.759451766778207));
#12739=DIRECTION('',(0.623489801858717,0.,0.781831482468043));
#12740=DIRECTION('',(0.595646702731525,0.,0.803246540935635));
#12741=DIRECTION('',(0.567245016876534,0.,0.823549082222026));
#12742=DIRECTION('',(0.952609981110806,0.,-0.304194385037052));
#12743=DIRECTION('',(0.960043801739544,0.,-0.279849778884108));
#12744=DIRECTION('',(0.966833564995042,0.,-0.255407238736451));
#12745=DIRECTION('',(0.972980614760858,0.,-0.230886819241772));
#12746=DIRECTION('',(0.97848704463533,0.,-0.206308272933537));
#12747=DIRECTION('',(0.983355669989955,0.,-0.181691018761544));
#12748=DIRECTION('',(0.987589998715506,0.,-0.157054113085608));
#12749=DIRECTION('',(0.99119420087292,0.,-0.132416223159757));
#12750=DIRECTION('',(0.000932893382224402,0.,0.999999564854874));
#12751=DIRECTION('',(-0.7385421426782,0.,0.674207314917521));
#12752=DIRECTION('',(-0.755163990388167,0.,0.655535923974438));
#12753=DIRECTION('',(-0.771374996454075,0.,0.63638087246984));
#12754=DIRECTION('',(-0.787158074879751,0.,0.616751299270301));
#12755=DIRECTION('',(-0.802496287963522,0.,0.596657110746841));
#12756=DIRECTION('',(-0.817372887215604,0.,0.57610898556161));
#12757=DIRECTION('',(-0.831771355383392,0.,0.55511837689242));
#12758=DIRECTION('',(0.290205116661153,0.,0.956964466562728));
#12759=DIRECTION('',(0.25662378922313,0.,0.966511371275456));
#12760=DIRECTION('',(0.222520933956322,0.,0.974927912181822));
#12761=DIRECTION('',(0.188143522815433,0.,0.982141545207512));
#12762=DIRECTION('',(0.153745545537189,0.,0.988110473189851));
#12763=DIRECTION('',(0.990256933432395,0.,0.139252309815919));
#12764=DIRECTION('',(0.98639184564347,0.,0.164411455951432));
#12765=DIRECTION('',(0.981903990244306,0.,0.189379391545941));
#12766=DIRECTION('',(0.976803279417667,0.,0.214138631075505));
#12767=DIRECTION('',(0.971100169733568,0.,0.238672286500622));
#12768=DIRECTION('',(0.964805623320608,0.,0.262964083496079));
#12769=DIRECTION('',(0.957931068923836,0.,0.286998374891632));
#12770=DIRECTION('',(0.950488363056299,0.,0.310760151394217));
#12771=DIRECTION('',(-0.433043042420713,0.,0.901373243119083));
#12772=DIRECTION('',(-0.95793106892383,0.,0.28699837489165));
#12773=DIRECTION('',(-0.964805623320613,0.,0.26296408349606));
#12774=DIRECTION('',(-0.971100169733559,0.,0.23867228650066));
#12775=DIRECTION('',(-0.976803279417671,0.,0.214138631075486));
#12776=DIRECTION('',(-0.981903990244306,0.,0.189379391545941));
#12777=DIRECTION('',(-0.986391845643466,0.,0.164411455951451));
#12778=DIRECTION('',(-0.990256933432395,0.,0.139252309815919));
#12779=DIRECTION('',(-0.153745545537193,0.,0.988110473189851));
#12780=DIRECTION('',(-0.188143522815435,0.,0.982141545207511));
#12781=DIRECTION('',(-0.222520933956309,0.,0.974927912181825));
#12782=DIRECTION('',(-0.256623789223134,0.,0.966511371275455));
#12783=DIRECTION('',(-0.290205116661143,0.,0.956964466562731));
#12784=DIRECTION('',(0.831771355383403,0.,0.555118376892404));
#12785=DIRECTION('',(0.817372887215612,0.,0.576108985561599));
#12786=DIRECTION('',(0.802496287963524,0.,0.596657110746838));
#12787=DIRECTION('',(0.787158074879739,0.,0.616751299270316));
#12788=DIRECTION('',(0.771374996454077,0.,0.636380872469838));
#12789=DIRECTION('',(0.755163990388165,0.,0.65553592397444));
#12790=DIRECTION('',(0.73854214267821,0.,0.674207314917511));
#12791=DIRECTION('',(0.721526647961605,0.,0.692386666741417));
#12792=DIRECTION('',(-0.781249492747833,0.,0.624218895966194));
#12793=DIRECTION('',(-0.987589998715509,0.,-0.157054113085589));
#12794=DIRECTION('',(-0.983355669989951,0.,-0.181691018761563));
#12795=DIRECTION('',(-0.97848704463533,0.,-0.206308272933537));
#12796=DIRECTION('',(-0.972980614760858,0.,-0.230886819241773));
#12797=DIRECTION('',(-0.966833564995042,0.,-0.25540723873645));
#12798=DIRECTION('',(-0.960043801739543,0.,-0.279849778884109));
#12799=DIRECTION('',(-0.952609981110806,0.,-0.304194385037052));
#12800=DIRECTION('',(-0.56724501687652,0.,0.823549082222035));
#12801=DIRECTION('',(-0.595646702731527,0.,0.803246540935633));
#12802=DIRECTION('',(-0.623489801858729,0.,0.781831482468033));
#12803=DIRECTION('',(-0.650563612521835,0.,0.759451766778207));
#12804=DIRECTION('',(-0.676677096372556,0.,0.736279910933883));
#12805=DIRECTION('',(0.508543259394493,0.,0.861036441345212));
#12806=DIRECTION('',(0.486463204054088,0.,0.873701065068271));
#12807=DIRECTION('',(0.464144353880465,0.,0.885759571645086));
#12808=DIRECTION('',(0.441606559751638,0.,0.897208808686318));
#12809=DIRECTION('',(0.418869544833356,0.,0.908046421947192));
#12810=DIRECTION('',(0.395952867680784,0.,0.918270835089171));
#12811=DIRECTION('',(0.372875887450193,0.,0.927881227613875));
#12812=DIRECTION('',(0.349657731294497,0.,0.936877511175279));
#12813=DIRECTION('',(-0.974719899639999,0.,0.223430340924838));
#12814=DIRECTION('',(-0.821644617265094,0.,-0.570000107823935));
#12815=DIRECTION('',(-0.807140066151927,0.,-0.590359986459333));
#12816=DIRECTION('',(-0.792072559990981,0.,-0.610426948708307));
#12817=DIRECTION('',(-0.776447206526536,0.,-0.63018230336716));
#12818=DIRECTION('',(-0.760269894762974,0.,-0.649607333022878));
#12819=DIRECTION('',(-0.743547308736546,0.,-0.668683332879353));
#12820=DIRECTION('',(-0.726286939035501,0.,-0.687391651234173));
#12821=DIRECTION('',(-0.868394655819858,0.,0.495873695353474));
#12822=DIRECTION('',(-0.885174748044232,0.,0.465258708059109));
#12823=DIRECTION('',(-0.900968867902429,0.,0.433883739117537));
#12824=DIRECTION('',(-0.915651333721456,0.,0.401973425805884));
#12825=DIRECTION('',(-0.929124878247414,0.,0.369766089064057));
#12826=DIRECTION('',(0.0845919340087385,0.,0.996415678670635));
#12827=DIRECTION('',(0.0592035172499812,0.,0.998245933397793));
#12828=DIRECTION('',(0.0338629381544526,0.,0.999426486250764));
#12829=DIRECTION('',(0.00858944951568069,0.,0.999963109998073));
#12830=DIRECTION('',(-0.0165981572394723,0.,0.99986224109937));
#12831=DIRECTION('',(-0.0416815765140116,0.,0.999130945461758));
#12832=DIRECTION('',(-0.0666430103099832,0.,0.997776883464847));
#12833=DIRECTION('',(-0.0914651873261529,0.,0.995808274472246));
#12834=DIRECTION('',(-0.97513507625339,0.,-0.221611333329987));
#12835=DIRECTION('',(-0.492962442555384,0.,-0.870050590615183));
#12836=DIRECTION('',(-0.471060473289224,0.,-0.882100918548741));
#12837=DIRECTION('',(-0.448778390707973,0.,-0.893643080896149));
#12838=DIRECTION('',(-0.42612890653953,0.,-0.904662453631975));
#12839=DIRECTION('',(-0.403125447774744,0.,-0.915144728093001));
#12840=DIRECTION('',(-0.37978215222897,0.,-0.925075951934938));
#12841=DIRECTION('',(-0.356113861359445,0.,-0.934442570598999));
#12842=DIRECTION('',(-0.997548083016533,0.,0.0699844416284119));
#12843=DIRECTION('',(-0.999383078550911,0.,0.0351206820278879));
#12844=DIRECTION('',(-1.,0.,0.));
#12845=DIRECTION('',(-0.999383078550911,0.,-0.0351206820278879));
#12846=DIRECTION('',(-0.997548083016533,0.,-0.0699844416284119));
#12847=DIRECTION('',(-0.356113861359445,0.,0.934442570598999));
#12848=DIRECTION('',(-0.37978215222897,0.,0.925075951934938));
#12849=DIRECTION('',(-0.403125447774744,0.,0.915144728093001));
#12850=DIRECTION('',(-0.42612890653953,0.,0.904662453631975));
#12851=DIRECTION('',(-0.448778390707974,0.,0.893643080896149));
#12852=DIRECTION('',(-0.471060473289224,0.,0.882100918548741));
#12853=DIRECTION('',(-0.492962442555384,0.,0.870050590615183));
#12854=DIRECTION('',(-0.514472303849958,0.,0.857506996222956));
#12855=DIRECTION('',(-0.782412791767916,0.,-0.622760165134168));
#12856=DIRECTION('',(-0.0666430103099845,0.,-0.997776883464847));
#12857=DIRECTION('',(-0.0416815765140107,0.,-0.999130945461758));
#12858=DIRECTION('',(-0.0165981572394723,0.,-0.99986224109937));
#12859=DIRECTION('',(0.00858944951568195,0.,-0.999963109998073));
#12860=DIRECTION('',(0.0338629381544508,0.,-0.999426486250764));
#12861=DIRECTION('',(0.0592035172499825,0.,-0.998245933397793));
#12862=DIRECTION('',(0.0845919340087355,0.,-0.996415678670635));
#12863=DIRECTION('',(-0.929124878247414,0.,-0.369766089064057));
#12864=DIRECTION('',(-0.915651333721456,0.,-0.401973425805884));
#12865=DIRECTION('',(-0.90096886790243,0.,-0.433883739117536));
#12866=DIRECTION('',(-0.885174748044231,0.,-0.465258708059111));
#12867=DIRECTION('',(-0.868394655819859,0.,-0.495873695353473));
#12868=DIRECTION('',(-0.7262869390355,0.,0.687391651234173));
#12869=DIRECTION('',(-0.743547308736547,0.,0.668683332879352));
#12870=DIRECTION('',(-0.760269894762974,0.,0.649607333022878));
#12871=DIRECTION('',(-0.776447206526525,0.,0.630182303367173));
#12872=DIRECTION('',(-0.792072559990989,0.,0.610426948708296));
#12873=DIRECTION('',(-0.807140066151927,0.,0.590359986459333));
#12874=DIRECTION('',(-0.821644617265096,0.,0.570000107823932));
#12875=DIRECTION('',(-0.835581871007526,0.,0.54936594073856));
#12876=DIRECTION('',(-0.434724058209626,0.,-0.900563708581327));
#12877=DIRECTION('',(0.372875887450191,0.,-0.927881227613875));
#12878=DIRECTION('',(0.395952867680794,0.,-0.918270835089167));
#12879=DIRECTION('',(0.418869544833346,0.,-0.908046421947196));
#12880=DIRECTION('',(0.441606559751634,0.,-0.897208808686321));
#12881=DIRECTION('',(0.464144353880467,0.,-0.885759571645085));
#12882=DIRECTION('',(0.48646320405409,0.,-0.87370106506827));
#12883=DIRECTION('',(0.508543259394505,0.,-0.861036441345204));
#12884=DIRECTION('',(-0.67667709637256,0.,-0.73627991093388));
#12885=DIRECTION('',(-0.650563612521831,0.,-0.75945176677821));
#12886=DIRECTION('',(-0.623489801858724,0.,-0.781831482468037));
#12887=DIRECTION('',(-0.595646702731536,0.,-0.803246540935626));
#12888=DIRECTION('',(-0.567245016876513,0.,-0.82354908222204));
#12889=DIRECTION('',(-0.952609981110799,0.,0.304194385037073));
#12890=DIRECTION('',(-0.960043801739544,0.,0.279849778884108));
#12891=DIRECTION('',(-0.966833564995042,0.,0.255407238736451));
#12892=DIRECTION('',(-0.972980614760863,0.,0.230886819241753));
#12893=DIRECTION('',(-0.97848704463533,0.,0.206308272933536));
#12894=DIRECTION('',(-0.983355669989951,0.,0.181691018761563));
#12895=DIRECTION('',(-0.987589998715506,0.,0.157054113085608));
#12896=DIRECTION('',(-0.991194200872917,0.,0.132416223159777));
#12897=DIRECTION('',(-0.000932893382228892,0.,-0.999999564854874));
#12898=DIRECTION('',(0.73854214267821,0.,-0.674207314917511));
#12899=DIRECTION('',(0.75516399038817,0.,-0.655535923974435));
#12900=DIRECTION('',(0.771374996454064,0.,-0.636380872469854));
#12901=DIRECTION('',(0.787158074879738,0.,-0.616751299270317));
#12902=DIRECTION('',(0.802496287963524,0.,-0.596657110746838));
#12903=DIRECTION('',(0.817372887215613,0.,-0.576108985561597));
#12904=DIRECTION('',(0.831771355383404,0.,-0.555118376892403));
#12905=DIRECTION('center_axis',(-0.974927912181822,0.,0.222520933956322));
#12906=DIRECTION('ref_axis',(0.222520933956322,0.,0.974927912181822));
#12907=DIRECTION('',(0.,1.,0.));
#12908=DIRECTION('',(0.222520933956322,0.,0.974927912181822));
#12909=DIRECTION('',(0.,1.,0.));
#12910=DIRECTION('center_axis',(-0.966511371275456,0.,0.25662378922313));
#12911=DIRECTION('ref_axis',(0.25662378922313,0.,0.966511371275456));
#12912=DIRECTION('',(0.,1.,0.));
#12913=DIRECTION('',(0.25662378922313,0.,0.966511371275456));
#12914=DIRECTION('center_axis',(-0.956964466562728,0.,0.290205116661153));
#12915=DIRECTION('ref_axis',(0.290205116661153,0.,0.956964466562728));
#12916=DIRECTION('',(0.,1.,0.));
#12917=DIRECTION('',(0.290205116661153,0.,0.956964466562728));
#12918=DIRECTION('center_axis',(-0.55511837689242,0.,-0.831771355383392));
#12919=DIRECTION('ref_axis',(-0.831771355383392,0.,0.55511837689242));
#12920=DIRECTION('',(0.,1.,0.));
#12921=DIRECTION('',(-0.831771355383392,0.,0.55511837689242));
#12922=DIRECTION('center_axis',(-0.57610898556161,0.,-0.817372887215604));
#12923=DIRECTION('ref_axis',(-0.817372887215604,0.,0.57610898556161));
#12924=DIRECTION('',(0.,1.,0.));
#12925=DIRECTION('',(-0.817372887215604,0.,0.57610898556161));
#12926=DIRECTION('center_axis',(-0.596657110746841,0.,-0.802496287963522));
#12927=DIRECTION('ref_axis',(-0.802496287963522,0.,0.596657110746841));
#12928=DIRECTION('',(0.,1.,0.));
#12929=DIRECTION('',(-0.802496287963522,0.,0.596657110746841));
#12930=DIRECTION('center_axis',(-0.616751299270301,0.,-0.787158074879751));
#12931=DIRECTION('ref_axis',(-0.787158074879751,0.,0.616751299270301));
#12932=DIRECTION('',(0.,1.,0.));
#12933=DIRECTION('',(-0.787158074879751,0.,0.616751299270301));
#12934=DIRECTION('center_axis',(-0.63638087246984,0.,-0.771374996454075));
#12935=DIRECTION('ref_axis',(-0.771374996454075,0.,0.63638087246984));
#12936=DIRECTION('',(0.,1.,0.));
#12937=DIRECTION('',(-0.771374996454075,0.,0.63638087246984));
#12938=DIRECTION('center_axis',(-0.655535923974438,0.,-0.755163990388167));
#12939=DIRECTION('ref_axis',(-0.755163990388167,0.,0.655535923974438));
#12940=DIRECTION('',(0.,1.,0.));
#12941=DIRECTION('',(-0.755163990388167,0.,0.655535923974438));
#12942=DIRECTION('center_axis',(-0.674207314917521,0.,-0.7385421426782));
#12943=DIRECTION('ref_axis',(-0.7385421426782,0.,0.674207314917521));
#12944=DIRECTION('',(0.,1.,0.));
#12945=DIRECTION('',(-0.7385421426782,0.,0.674207314917521));
#12946=DIRECTION('center_axis',(-0.999999564854874,0.,0.000932893382224402));
#12947=DIRECTION('ref_axis',(0.000932893382224402,0.,0.999999564854874));
#12948=DIRECTION('',(0.,1.,0.));
#12949=DIRECTION('',(0.000932893382224402,0.,0.999999564854874));
#12950=DIRECTION('center_axis',(0.132416223159757,0.,0.99119420087292));
#12951=DIRECTION('ref_axis',(0.99119420087292,0.,-0.132416223159757));
#12952=DIRECTION('',(0.,1.,0.));
#12953=DIRECTION('',(0.99119420087292,0.,-0.132416223159757));
#12954=DIRECTION('center_axis',(0.157054113085608,0.,0.987589998715506));
#12955=DIRECTION('ref_axis',(0.987589998715506,0.,-0.157054113085608));
#12956=DIRECTION('',(0.,1.,0.));
#12957=DIRECTION('',(0.987589998715506,0.,-0.157054113085608));
#12958=DIRECTION('center_axis',(0.181691018761544,0.,0.983355669989955));
#12959=DIRECTION('ref_axis',(0.983355669989955,0.,-0.181691018761544));
#12960=DIRECTION('',(0.,1.,0.));
#12961=DIRECTION('',(0.983355669989955,0.,-0.181691018761544));
#12962=DIRECTION('center_axis',(0.206308272933537,0.,0.97848704463533));
#12963=DIRECTION('ref_axis',(0.97848704463533,0.,-0.206308272933537));
#12964=DIRECTION('',(0.,1.,0.));
#12965=DIRECTION('',(0.97848704463533,0.,-0.206308272933537));
#12966=DIRECTION('center_axis',(0.230886819241772,0.,0.972980614760858));
#12967=DIRECTION('ref_axis',(0.972980614760858,0.,-0.230886819241772));
#12968=DIRECTION('',(0.,1.,0.));
#12969=DIRECTION('',(0.972980614760858,0.,-0.230886819241772));
#12970=DIRECTION('center_axis',(0.255407238736451,0.,0.966833564995042));
#12971=DIRECTION('ref_axis',(0.966833564995042,0.,-0.255407238736451));
#12972=DIRECTION('',(0.,1.,0.));
#12973=DIRECTION('',(0.966833564995042,0.,-0.255407238736451));
#12974=DIRECTION('center_axis',(0.279849778884108,0.,0.960043801739544));
#12975=DIRECTION('ref_axis',(0.960043801739544,0.,-0.279849778884108));
#12976=DIRECTION('',(0.,1.,0.));
#12977=DIRECTION('',(0.960043801739544,0.,-0.279849778884108));
#12978=DIRECTION('center_axis',(0.304194385037052,0.,0.952609981110806));
#12979=DIRECTION('ref_axis',(0.952609981110806,0.,-0.304194385037052));
#12980=DIRECTION('',(0.,1.,0.));
#12981=DIRECTION('',(0.952609981110806,0.,-0.304194385037052));
#12982=DIRECTION('center_axis',(-0.823549082222026,0.,0.567245016876534));
#12983=DIRECTION('ref_axis',(0.567245016876534,0.,0.823549082222026));
#12984=DIRECTION('',(0.,1.,0.));
#12985=DIRECTION('',(0.567245016876534,0.,0.823549082222026));
#12986=DIRECTION('center_axis',(-0.803246540935635,0.,0.595646702731525));
#12987=DIRECTION('ref_axis',(0.595646702731525,0.,0.803246540935635));
#12988=DIRECTION('',(0.,1.,0.));
#12989=DIRECTION('',(0.595646702731525,0.,0.803246540935635));
#12990=DIRECTION('center_axis',(-0.781831482468043,0.,0.623489801858717));
#12991=DIRECTION('ref_axis',(0.623489801858717,0.,0.781831482468043));
#12992=DIRECTION('',(0.,1.,0.));
#12993=DIRECTION('',(0.623489801858717,0.,0.781831482468043));
#12994=DIRECTION('center_axis',(-0.759451766778207,0.,0.650563612521835));
#12995=DIRECTION('ref_axis',(0.650563612521835,0.,0.759451766778207));
#12996=DIRECTION('',(0.,1.,0.));
#12997=DIRECTION('',(0.650563612521835,0.,0.759451766778207));
#12998=DIRECTION('center_axis',(-0.73627991093387,0.,0.67667709637257));
#12999=DIRECTION('ref_axis',(0.67667709637257,0.,0.73627991093387));
#13000=DIRECTION('',(0.,1.,0.));
#13001=DIRECTION('',(0.67667709637257,0.,0.73627991093387));
#13002=DIRECTION('center_axis',(-0.861036441345212,0.,-0.508543259394493));
#13003=DIRECTION('ref_axis',(-0.508543259394493,0.,0.861036441345211));
#13004=DIRECTION('',(0.,1.,0.));
#13005=DIRECTION('',(-0.508543259394493,0.,0.861036441345212));
#13006=DIRECTION('center_axis',(-0.873701065068266,0.,-0.486463204054096));
#13007=DIRECTION('ref_axis',(-0.486463204054096,0.,0.873701065068266));
#13008=DIRECTION('',(0.,1.,0.));
#13009=DIRECTION('',(-0.486463204054096,0.,0.873701065068266));
#13010=DIRECTION('center_axis',(-0.885759571645095,0.,-0.464144353880447));
#13011=DIRECTION('ref_axis',(-0.464144353880447,0.,0.885759571645095));
#13012=DIRECTION('',(0.,1.,0.));
#13013=DIRECTION('',(-0.464144353880447,0.,0.885759571645095));
#13014=DIRECTION('center_axis',(-0.897208808686311,0.,-0.441606559751654));
#13015=DIRECTION('ref_axis',(-0.441606559751654,0.,0.897208808686311));
#13016=DIRECTION('',(0.,1.,0.));
#13017=DIRECTION('',(-0.441606559751654,0.,0.897208808686311));
#13018=DIRECTION('center_axis',(-0.908046421947195,0.,-0.418869544833349));
#13019=DIRECTION('ref_axis',(-0.418869544833349,0.,0.908046421947195));
#13020=DIRECTION('',(0.,1.,0.));
#13021=DIRECTION('',(-0.418869544833349,0.,0.908046421947195));
#13022=DIRECTION('center_axis',(-0.918270835089171,0.,-0.395952867680784));
#13023=DIRECTION('ref_axis',(-0.395952867680784,0.,0.918270835089171));
#13024=DIRECTION('',(0.,1.,0.));
#13025=DIRECTION('',(-0.395952867680784,0.,0.918270835089171));
#13026=DIRECTION('center_axis',(-0.927881227613875,0.,-0.372875887450191));
#13027=DIRECTION('ref_axis',(-0.372875887450191,0.,0.927881227613875));
#13028=DIRECTION('',(0.,1.,0.));
#13029=DIRECTION('',(-0.372875887450191,0.,0.927881227613875));
#13030=DIRECTION('center_axis',(-0.900563708581332,0.,0.434724058209617));
#13031=DIRECTION('ref_axis',(0.434724058209617,0.,0.900563708581332));
#13032=DIRECTION('',(0.,1.,0.));
#13033=DIRECTION('',(0.434724058209617,0.,0.900563708581332));
#13034=DIRECTION('center_axis',(0.54936594073857,0.,0.835581871007519));
#13035=DIRECTION('ref_axis',(0.835581871007519,0.,-0.54936594073857));
#13036=DIRECTION('',(0.,1.,0.));
#13037=DIRECTION('',(0.835581871007519,0.,-0.54936594073857));
#13038=DIRECTION('center_axis',(0.570000107823918,0.,0.821644617265106));
#13039=DIRECTION('ref_axis',(0.821644617265106,0.,-0.570000107823918));
#13040=DIRECTION('',(0.,1.,0.));
#13041=DIRECTION('',(0.821644617265106,0.,-0.570000107823918));
#13042=DIRECTION('center_axis',(0.590359986459342,0.,0.80714006615192));
#13043=DIRECTION('ref_axis',(0.80714006615192,0.,-0.590359986459342));
#13044=DIRECTION('',(0.,1.,0.));
#13045=DIRECTION('',(0.80714006615192,0.,-0.590359986459342));
#13046=DIRECTION('center_axis',(0.6104269487083,0.,0.792072559990986));
#13047=DIRECTION('ref_axis',(0.792072559990986,0.,-0.6104269487083));
#13048=DIRECTION('',(0.,1.,0.));
#13049=DIRECTION('',(0.792072559990986,0.,-0.6104269487083));
#13050=DIRECTION('center_axis',(0.630182303367177,0.,0.776447206526522));
#13051=DIRECTION('ref_axis',(0.776447206526522,0.,-0.630182303367177));
#13052=DIRECTION('',(0.,1.,0.));
#13053=DIRECTION('',(0.776447206526522,0.,-0.630182303367177));
#13054=DIRECTION('center_axis',(0.649607333022875,0.,0.760269894762977));
#13055=DIRECTION('ref_axis',(0.760269894762977,0.,-0.649607333022875));
#13056=DIRECTION('',(0.,1.,0.));
#13057=DIRECTION('',(0.760269894762977,0.,-0.649607333022875));
#13058=DIRECTION('center_axis',(0.66868333287935,0.,0.743547308736549));
#13059=DIRECTION('ref_axis',(0.743547308736549,0.,-0.66868333287935));
#13060=DIRECTION('',(0.,1.,0.));
#13061=DIRECTION('',(0.743547308736549,0.,-0.66868333287935));
#13062=DIRECTION('center_axis',(0.68739165123416,0.,0.726286939035513));
#13063=DIRECTION('ref_axis',(0.726286939035513,0.,-0.68739165123416));
#13064=DIRECTION('',(0.,1.,0.));
#13065=DIRECTION('',(0.726286939035513,0.,-0.68739165123416));
#13066=DIRECTION('center_axis',(-0.495873695353456,0.,0.868394655819869));
#13067=DIRECTION('ref_axis',(0.868394655819869,0.,0.495873695353456));
#13068=DIRECTION('',(0.,1.,0.));
#13069=DIRECTION('',(0.868394655819869,0.,0.495873695353456));
#13070=DIRECTION('center_axis',(-0.465258708059105,0.,0.885174748044234));
#13071=DIRECTION('ref_axis',(0.885174748044234,0.,0.465258708059105));
#13072=DIRECTION('',(0.,1.,0.));
#13073=DIRECTION('',(0.885174748044234,0.,0.465258708059105));
#13074=DIRECTION('center_axis',(-0.43388373911757,0.,0.900968867902413));
#13075=DIRECTION('ref_axis',(0.900968867902413,0.,0.43388373911757));
#13076=DIRECTION('',(0.,1.,0.));
#13077=DIRECTION('',(0.900968867902413,0.,0.43388373911757));
#13078=DIRECTION('center_axis',(-0.401973425805879,0.,0.915651333721458));
#13079=DIRECTION('ref_axis',(0.915651333721458,0.,0.401973425805879));
#13080=DIRECTION('',(0.,1.,0.));
#13081=DIRECTION('',(0.915651333721458,0.,0.401973425805879));
#13082=DIRECTION('center_axis',(-0.369766089064033,0.,0.929124878247424));
#13083=DIRECTION('ref_axis',(0.929124878247424,0.,0.369766089064033));
#13084=DIRECTION('',(0.,1.,0.));
#13085=DIRECTION('',(0.929124878247424,0.,0.369766089064033));
#13086=DIRECTION('center_axis',(-0.996415678670636,0.,-0.084591934008728));
#13087=DIRECTION('ref_axis',(-0.084591934008728,0.,0.996415678670636));
#13088=DIRECTION('',(0.,1.,0.));
#13089=DIRECTION('',(-0.084591934008728,0.,0.996415678670636));
#13090=DIRECTION('center_axis',(-0.998245933397792,0.,-0.0592035172499925));
#13091=DIRECTION('ref_axis',(-0.0592035172499925,0.,0.998245933397792));
#13092=DIRECTION('',(0.,1.,0.));
#13093=DIRECTION('',(-0.0592035172499925,0.,0.998245933397792));
#13094=DIRECTION('center_axis',(-0.999426486250764,0.,-0.0338629381544368));
#13095=DIRECTION('ref_axis',(-0.0338629381544368,0.,0.999426486250764));
#13096=DIRECTION('',(0.,1.,0.));
#13097=DIRECTION('',(-0.0338629381544368,0.,0.999426486250764));
#13098=DIRECTION('center_axis',(-0.999963109998073,0.,-0.0085894495156909));
#13099=DIRECTION('ref_axis',(-0.0085894495156909,0.,0.999963109998073));
#13100=DIRECTION('',(0.,1.,0.));
#13101=DIRECTION('',(-0.0085894495156909,0.,0.999963109998073));
#13102=DIRECTION('center_axis',(-0.99986224109937,0.,0.0165981572394673));
#13103=DIRECTION('ref_axis',(0.0165981572394673,0.,0.99986224109937));
#13104=DIRECTION('',(0.,1.,0.));
#13105=DIRECTION('',(0.0165981572394673,0.,0.99986224109937));
#13106=DIRECTION('center_axis',(-0.999130945461758,0.,0.0416815765140228));
#13107=DIRECTION('ref_axis',(0.0416815765140228,0.,0.999130945461758));
#13108=DIRECTION('',(0.,1.,0.));
#13109=DIRECTION('',(0.0416815765140228,0.,0.999130945461758));
#13110=DIRECTION('center_axis',(-0.997776883464848,0.,0.0666430103099721));
#13111=DIRECTION('ref_axis',(0.0666430103099721,0.,0.997776883464848));
#13112=DIRECTION('',(0.,1.,0.));
#13113=DIRECTION('',(0.0666430103099721,0.,0.997776883464848));
#13114=DIRECTION('center_axis',(-0.622760165134175,0.,0.78241279176791));
#13115=DIRECTION('ref_axis',(0.78241279176791,0.,0.622760165134175));
#13116=DIRECTION('',(0.,1.,0.));
#13117=DIRECTION('',(0.78241279176791,0.,0.622760165134175));
#13118=DIRECTION('center_axis',(0.857506996222949,0.,0.51447230384997));
#13119=DIRECTION('ref_axis',(0.51447230384997,0.,-0.857506996222949));
#13120=DIRECTION('',(0.,1.,0.));
#13121=DIRECTION('',(0.51447230384997,0.,-0.857506996222949));
#13122=DIRECTION('center_axis',(0.870050590615188,0.,0.492962442555377));
#13123=DIRECTION('ref_axis',(0.492962442555377,0.,-0.870050590615188));
#13124=DIRECTION('',(0.,1.,0.));
#13125=DIRECTION('',(0.492962442555377,0.,-0.870050590615188));
#13126=DIRECTION('center_axis',(0.882100918548737,0.,0.471060473289232));
#13127=DIRECTION('ref_axis',(0.471060473289232,0.,-0.882100918548737));
#13128=DIRECTION('',(0.,1.,0.));
#13129=DIRECTION('',(0.471060473289232,0.,-0.882100918548737));
#13130=DIRECTION('center_axis',(0.893643080896156,0.,0.448778390707961));
#13131=DIRECTION('ref_axis',(0.448778390707961,0.,-0.893643080896156));
#13132=DIRECTION('',(0.,1.,0.));
#13133=DIRECTION('',(0.448778390707961,0.,-0.893643080896156));
#13134=DIRECTION('center_axis',(0.904662453631971,0.,0.426128906539538));
#13135=DIRECTION('ref_axis',(0.426128906539538,0.,-0.904662453631971));
#13136=DIRECTION('',(0.,1.,0.));
#13137=DIRECTION('',(0.426128906539538,0.,-0.904662453631971));
#13138=DIRECTION('center_axis',(0.915144728092999,0.,0.403125447774749));
#13139=DIRECTION('ref_axis',(0.403125447774749,0.,-0.915144728092999));
#13140=DIRECTION('',(0.,1.,0.));
#13141=DIRECTION('',(0.403125447774749,0.,-0.915144728092999));
#13142=DIRECTION('center_axis',(0.925075951934938,0.,0.379782152228969));
#13143=DIRECTION('ref_axis',(0.379782152228969,0.,-0.925075951934938));
#13144=DIRECTION('',(0.,1.,0.));
#13145=DIRECTION('',(0.379782152228969,0.,-0.925075951934938));
#13146=DIRECTION('center_axis',(0.934442570598999,0.,0.356113861359446));
#13147=DIRECTION('ref_axis',(0.356113861359446,0.,-0.934442570598999));
#13148=DIRECTION('',(0.,1.,0.));
#13149=DIRECTION('',(0.356113861359446,0.,-0.934442570598999));
#13150=DIRECTION('center_axis',(-0.0699844416284123,0.,0.997548083016533));
#13151=DIRECTION('ref_axis',(0.997548083016533,0.,0.0699844416284123));
#13152=DIRECTION('',(0.,1.,0.));
#13153=DIRECTION('',(0.997548083016533,0.,0.0699844416284123));
#13154=DIRECTION('center_axis',(-0.0351206820278877,0.,0.999383078550911));
#13155=DIRECTION('ref_axis',(0.999383078550911,0.,0.0351206820278877));
#13156=DIRECTION('',(0.,1.,0.));
#13157=DIRECTION('',(0.999383078550911,0.,0.0351206820278877));
#13158=DIRECTION('center_axis',(0.,0.,1.));
#13159=DIRECTION('ref_axis',(1.,0.,0.));
#13160=DIRECTION('',(0.,1.,0.));
#13161=DIRECTION('',(1.,0.,0.));
#13162=DIRECTION('center_axis',(0.0351206820278877,0.,0.999383078550911));
#13163=DIRECTION('ref_axis',(0.999383078550911,0.,-0.0351206820278877));
#13164=DIRECTION('',(0.,1.,0.));
#13165=DIRECTION('',(0.999383078550911,0.,-0.0351206820278877));
#13166=DIRECTION('center_axis',(0.0699844416284123,0.,0.997548083016533));
#13167=DIRECTION('ref_axis',(0.997548083016533,0.,-0.0699844416284123));
#13168=DIRECTION('',(0.,1.,0.));
#13169=DIRECTION('',(0.997548083016533,0.,-0.0699844416284123));
#13170=DIRECTION('center_axis',(-0.934442570598999,0.,0.356113861359446));
#13171=DIRECTION('ref_axis',(0.356113861359446,0.,0.934442570598999));
#13172=DIRECTION('',(0.,1.,0.));
#13173=DIRECTION('',(0.356113861359446,0.,0.934442570598999));
#13174=DIRECTION('center_axis',(-0.925075951934938,0.,0.379782152228969));
#13175=DIRECTION('ref_axis',(0.379782152228969,0.,0.925075951934938));
#13176=DIRECTION('',(0.,1.,0.));
#13177=DIRECTION('',(0.379782152228969,0.,0.925075951934938));
#13178=DIRECTION('center_axis',(-0.915144728092999,0.,0.403125447774749));
#13179=DIRECTION('ref_axis',(0.403125447774749,0.,0.915144728092999));
#13180=DIRECTION('',(0.,1.,0.));
#13181=DIRECTION('',(0.403125447774749,0.,0.915144728092999));
#13182=DIRECTION('center_axis',(-0.904662453631971,0.,0.426128906539538));
#13183=DIRECTION('ref_axis',(0.426128906539538,0.,0.904662453631971));
#13184=DIRECTION('',(0.,1.,0.));
#13185=DIRECTION('',(0.426128906539538,0.,0.904662453631971));
#13186=DIRECTION('center_axis',(-0.893643080896156,0.,0.448778390707961));
#13187=DIRECTION('ref_axis',(0.448778390707961,0.,0.893643080896156));
#13188=DIRECTION('',(0.,1.,0.));
#13189=DIRECTION('',(0.448778390707961,0.,0.893643080896156));
#13190=DIRECTION('center_axis',(-0.882100918548737,0.,0.471060473289232));
#13191=DIRECTION('ref_axis',(0.471060473289232,0.,0.882100918548737));
#13192=DIRECTION('',(0.,1.,0.));
#13193=DIRECTION('',(0.471060473289232,0.,0.882100918548737));
#13194=DIRECTION('center_axis',(-0.870050590615188,0.,0.492962442555377));
#13195=DIRECTION('ref_axis',(0.492962442555377,0.,0.870050590615188));
#13196=DIRECTION('',(0.,1.,0.));
#13197=DIRECTION('',(0.492962442555377,0.,0.870050590615188));
#13198=DIRECTION('center_axis',(-0.221611333329988,0.,0.97513507625339));
#13199=DIRECTION('ref_axis',(0.97513507625339,0.,0.221611333329988));
#13200=DIRECTION('',(0.,1.,0.));
#13201=DIRECTION('',(0.97513507625339,0.,0.221611333329988));
#13202=DIRECTION('center_axis',(0.995808274472244,0.,0.0914651873261712));
#13203=DIRECTION('ref_axis',(0.0914651873261712,0.,-0.995808274472244));
#13204=DIRECTION('',(0.,1.,0.));
#13205=DIRECTION('',(0.0914651873261712,0.,-0.995808274472244));
#13206=DIRECTION('center_axis',(0.997776883464848,0.,0.0666430103099721));
#13207=DIRECTION('ref_axis',(0.0666430103099721,0.,-0.997776883464848));
#13208=DIRECTION('',(0.,1.,0.));
#13209=DIRECTION('',(0.0666430103099721,0.,-0.997776883464848));
#13210=DIRECTION('center_axis',(0.999130945461758,0.,0.0416815765140215));
#13211=DIRECTION('ref_axis',(0.0416815765140215,0.,-0.999130945461758));
#13212=DIRECTION('',(0.,1.,0.));
#13213=DIRECTION('',(0.0416815765140215,0.,-0.999130945461758));
#13214=DIRECTION('center_axis',(0.99986224109937,0.,0.0165981572394686));
#13215=DIRECTION('ref_axis',(0.0165981572394686,0.,-0.99986224109937));
#13216=DIRECTION('',(0.,1.,0.));
#13217=DIRECTION('',(0.0165981572394686,0.,-0.99986224109937));
#13218=DIRECTION('center_axis',(0.999963109998073,0.,-0.00858944951569341));
#13219=DIRECTION('ref_axis',(-0.00858944951569341,0.,-0.999963109998073));
#13220=DIRECTION('',(0.,1.,0.));
#13221=DIRECTION('',(-0.00858944951569341,0.,-0.999963109998073));
#13222=DIRECTION('center_axis',(0.999426486250764,0.,-0.0338629381544343));
#13223=DIRECTION('ref_axis',(-0.0338629381544343,0.,-0.999426486250764));
#13224=DIRECTION('',(0.,1.,0.));
#13225=DIRECTION('',(-0.0338629381544343,0.,-0.999426486250764));
#13226=DIRECTION('center_axis',(0.998245933397792,0.,-0.0592035172499925));
#13227=DIRECTION('ref_axis',(-0.0592035172499925,0.,-0.998245933397792));
#13228=DIRECTION('',(0.,1.,0.));
#13229=DIRECTION('',(-0.0592035172499925,0.,-0.998245933397792));
#13230=DIRECTION('center_axis',(0.996415678670635,0.,-0.0845919340087292));
#13231=DIRECTION('ref_axis',(-0.0845919340087292,0.,-0.996415678670635));
#13232=DIRECTION('',(0.,1.,0.));
#13233=DIRECTION('',(-0.0845919340087292,0.,-0.996415678670635));
#13234=DIRECTION('center_axis',(0.369766089064033,0.,0.929124878247424));
#13235=DIRECTION('ref_axis',(0.929124878247424,0.,-0.369766089064033));
#13236=DIRECTION('',(0.,1.,0.));
#13237=DIRECTION('',(0.929124878247424,0.,-0.369766089064033));
#13238=DIRECTION('center_axis',(0.401973425805881,0.,0.915651333721457));
#13239=DIRECTION('ref_axis',(0.915651333721457,0.,-0.401973425805881));
#13240=DIRECTION('',(0.,1.,0.));
#13241=DIRECTION('',(0.915651333721457,0.,-0.401973425805881));
#13242=DIRECTION('center_axis',(0.433883739117565,0.,0.900968867902416));
#13243=DIRECTION('ref_axis',(0.900968867902416,0.,-0.433883739117565));
#13244=DIRECTION('',(0.,1.,0.));
#13245=DIRECTION('',(0.900968867902416,0.,-0.433883739117565));
#13246=DIRECTION('center_axis',(0.465258708059107,0.,0.885174748044233));
#13247=DIRECTION('ref_axis',(0.885174748044233,0.,-0.465258708059107));
#13248=DIRECTION('',(0.,1.,0.));
#13249=DIRECTION('',(0.885174748044233,0.,-0.465258708059107));
#13250=DIRECTION('center_axis',(0.495873695353455,0.,0.868394655819869));
#13251=DIRECTION('ref_axis',(0.868394655819869,0.,-0.495873695353455));
#13252=DIRECTION('',(0.,1.,0.));
#13253=DIRECTION('',(0.868394655819869,0.,-0.495873695353455));
#13254=DIRECTION('center_axis',(-0.687391651234158,0.,0.726286939035515));
#13255=DIRECTION('ref_axis',(0.726286939035515,0.,0.687391651234158));
#13256=DIRECTION('',(0.,1.,0.));
#13257=DIRECTION('',(0.726286939035515,0.,0.687391651234158));
#13258=DIRECTION('center_axis',(-0.668683332879357,0.,0.743547308736543));
#13259=DIRECTION('ref_axis',(0.743547308736543,0.,0.668683332879357));
#13260=DIRECTION('',(0.,1.,0.));
#13261=DIRECTION('',(0.743547308736543,0.,0.668683332879357));
#13262=DIRECTION('center_axis',(-0.649607333022871,0.,0.76026989476298));
#13263=DIRECTION('ref_axis',(0.76026989476298,0.,0.649607333022871));
#13264=DIRECTION('',(0.,1.,0.));
#13265=DIRECTION('',(0.76026989476298,0.,0.649607333022871));
#13266=DIRECTION('center_axis',(-0.630182303367176,0.,0.776447206526523));
#13267=DIRECTION('ref_axis',(0.776447206526523,0.,0.630182303367176));
#13268=DIRECTION('',(0.,1.,0.));
#13269=DIRECTION('',(0.776447206526523,0.,0.630182303367176));
#13270=DIRECTION('center_axis',(-0.610426948708301,0.,0.792072559990986));
#13271=DIRECTION('ref_axis',(0.792072559990986,0.,0.610426948708301));
#13272=DIRECTION('',(0.,1.,0.));
#13273=DIRECTION('',(0.792072559990986,0.,0.610426948708301));
#13274=DIRECTION('center_axis',(-0.590359986459314,0.,0.807140066151941));
#13275=DIRECTION('ref_axis',(0.807140066151941,0.,0.590359986459314));
#13276=DIRECTION('',(0.,1.,0.));
#13277=DIRECTION('',(0.807140066151941,0.,0.590359986459314));
#13278=DIRECTION('center_axis',(-0.570000107823948,0.,0.821644617265085));
#13279=DIRECTION('ref_axis',(0.821644617265085,0.,0.570000107823948));
#13280=DIRECTION('',(0.,1.,0.));
#13281=DIRECTION('',(0.821644617265085,0.,0.570000107823948));
#13282=DIRECTION('center_axis',(0.22343034092483,0.,0.974719899640001));
#13283=DIRECTION('ref_axis',(0.974719899640001,0.,-0.22343034092483));
#13284=DIRECTION('',(0.,1.,0.));
#13285=DIRECTION('',(0.974719899640001,0.,-0.22343034092483));
#13286=DIRECTION('center_axis',(0.936877511175285,0.,-0.349657731294482));
#13287=DIRECTION('ref_axis',(-0.349657731294482,0.,-0.936877511175285));
#13288=DIRECTION('',(0.,1.,0.));
#13289=DIRECTION('',(-0.349657731294482,0.,-0.936877511175285));
#13290=DIRECTION('center_axis',(0.92788122761387,0.,-0.372875887450204));
#13291=DIRECTION('ref_axis',(-0.372875887450204,0.,-0.92788122761387));
#13292=DIRECTION('',(0.,1.,0.));
#13293=DIRECTION('',(-0.372875887450204,0.,-0.92788122761387));
#13294=DIRECTION('center_axis',(0.918270835089174,0.,-0.395952867680777));
#13295=DIRECTION('ref_axis',(-0.395952867680777,0.,-0.918270835089174));
#13296=DIRECTION('',(0.,1.,0.));
#13297=DIRECTION('',(-0.395952867680777,0.,-0.918270835089174));
#13298=DIRECTION('center_axis',(0.908046421947196,0.,-0.418869544833346));
#13299=DIRECTION('ref_axis',(-0.418869544833346,0.,-0.908046421947196));
#13300=DIRECTION('',(0.,1.,0.));
#13301=DIRECTION('',(-0.418869544833346,0.,-0.908046421947196));
#13302=DIRECTION('center_axis',(0.897208808686311,0.,-0.441606559751654));
#13303=DIRECTION('ref_axis',(-0.441606559751654,0.,-0.897208808686311));
#13304=DIRECTION('',(0.,1.,0.));
#13305=DIRECTION('',(-0.441606559751654,0.,-0.897208808686311));
#13306=DIRECTION('center_axis',(0.885759571645095,0.,-0.464144353880447));
#13307=DIRECTION('ref_axis',(-0.464144353880447,0.,-0.885759571645095));
#13308=DIRECTION('',(0.,1.,0.));
#13309=DIRECTION('',(-0.464144353880447,0.,-0.885759571645095));
#13310=DIRECTION('center_axis',(0.873701065068264,0.,-0.4864632040541));
#13311=DIRECTION('ref_axis',(-0.4864632040541,0.,-0.873701065068264));
#13312=DIRECTION('',(0.,1.,0.));
#13313=DIRECTION('',(-0.4864632040541,0.,-0.873701065068264));
#13314=DIRECTION('center_axis',(0.861036441345213,0.,-0.508543259394491));
#13315=DIRECTION('ref_axis',(-0.508543259394491,0.,-0.861036441345213));
#13316=DIRECTION('',(0.,1.,0.));
#13317=DIRECTION('',(-0.508543259394491,0.,-0.861036441345213));
#13318=DIRECTION('center_axis',(0.73627991093387,0.,0.67667709637257));
#13319=DIRECTION('ref_axis',(0.67667709637257,0.,-0.73627991093387));
#13320=DIRECTION('',(0.,1.,0.));
#13321=DIRECTION('',(0.67667709637257,0.,-0.73627991093387));
#13322=DIRECTION('center_axis',(0.759451766778208,0.,0.650563612521833));
#13323=DIRECTION('ref_axis',(0.650563612521833,0.,-0.759451766778208));
#13324=DIRECTION('',(0.,1.,0.));
#13325=DIRECTION('',(0.650563612521833,0.,-0.759451766778208));
#13326=DIRECTION('center_axis',(0.781831482468039,0.,0.623489801858722));
#13327=DIRECTION('ref_axis',(0.623489801858722,0.,-0.781831482468039));
#13328=DIRECTION('',(0.,1.,0.));
#13329=DIRECTION('',(0.623489801858722,0.,-0.781831482468039));
#13330=DIRECTION('center_axis',(0.803246540935635,0.,0.595646702731525));
#13331=DIRECTION('ref_axis',(0.595646702731525,0.,-0.803246540935635));
#13332=DIRECTION('',(0.,1.,0.));
#13333=DIRECTION('',(0.595646702731525,0.,-0.803246540935635));
#13334=DIRECTION('center_axis',(0.823549082222026,0.,0.567245016876534));
#13335=DIRECTION('ref_axis',(0.567245016876534,0.,-0.823549082222026));
#13336=DIRECTION('',(0.,1.,0.));
#13337=DIRECTION('',(0.567245016876534,0.,-0.823549082222026));
#13338=DIRECTION('center_axis',(-0.304194385037052,0.,0.952609981110806));
#13339=DIRECTION('ref_axis',(0.952609981110806,0.,0.304194385037052));
#13340=DIRECTION('',(0.,1.,0.));
#13341=DIRECTION('',(0.952609981110806,0.,0.304194385037052));
#13342=DIRECTION('center_axis',(-0.279849778884109,0.,0.960043801739543));
#13343=DIRECTION('ref_axis',(0.960043801739543,0.,0.279849778884109));
#13344=DIRECTION('',(0.,1.,0.));
#13345=DIRECTION('',(0.960043801739543,0.,0.279849778884109));
#13346=DIRECTION('center_axis',(-0.25540723873645,0.,0.966833564995042));
#13347=DIRECTION('ref_axis',(0.966833564995042,0.,0.25540723873645));
#13348=DIRECTION('',(0.,1.,0.));
#13349=DIRECTION('',(0.966833564995042,0.,0.25540723873645));
#13350=DIRECTION('center_axis',(-0.230886819241773,0.,0.972980614760858));
#13351=DIRECTION('ref_axis',(0.972980614760858,0.,0.230886819241773));
#13352=DIRECTION('',(0.,1.,0.));
#13353=DIRECTION('',(0.972980614760858,0.,0.230886819241773));
#13354=DIRECTION('center_axis',(-0.206308272933536,0.,0.97848704463533));
#13355=DIRECTION('ref_axis',(0.97848704463533,0.,0.206308272933536));
#13356=DIRECTION('',(0.,1.,0.));
#13357=DIRECTION('',(0.97848704463533,0.,0.206308272933536));
#13358=DIRECTION('center_axis',(-0.181691018761544,0.,0.983355669989955));
#13359=DIRECTION('ref_axis',(0.983355669989955,0.,0.181691018761544));
#13360=DIRECTION('',(0.,1.,0.));
#13361=DIRECTION('',(0.983355669989955,0.,0.181691018761544));
#13362=DIRECTION('center_axis',(-0.157054113085608,0.,0.987589998715506));
#13363=DIRECTION('ref_axis',(0.987589998715506,0.,0.157054113085608));
#13364=DIRECTION('',(0.,1.,0.));
#13365=DIRECTION('',(0.987589998715506,0.,0.157054113085608));
#13366=DIRECTION('center_axis',(0.624218895966194,0.,0.781249492747833));
#13367=DIRECTION('ref_axis',(0.781249492747833,0.,-0.624218895966194));
#13368=DIRECTION('',(0.,1.,0.));
#13369=DIRECTION('',(0.781249492747833,0.,-0.624218895966194));
#13370=DIRECTION('center_axis',(0.692386666741437,0.,-0.721526647961585));
#13371=DIRECTION('ref_axis',(-0.721526647961585,0.,-0.692386666741437));
#13372=DIRECTION('',(0.,1.,0.));
#13373=DIRECTION('',(-0.721526647961585,0.,-0.692386666741437));
#13374=DIRECTION('center_axis',(0.6742073149175,0.,-0.738542142678219));
#13375=DIRECTION('ref_axis',(-0.738542142678219,0.,-0.6742073149175));
#13376=DIRECTION('',(0.,1.,0.));
#13377=DIRECTION('',(-0.738542142678219,0.,-0.6742073149175));
#13378=DIRECTION('center_axis',(0.655535923974438,0.,-0.755163990388167));
#13379=DIRECTION('ref_axis',(-0.755163990388167,0.,-0.655535923974438));
#13380=DIRECTION('',(0.,1.,0.));
#13381=DIRECTION('',(-0.755163990388167,0.,-0.655535923974438));
#13382=DIRECTION('center_axis',(0.63638087246984,0.,-0.771374996454075));
#13383=DIRECTION('ref_axis',(-0.771374996454075,0.,-0.63638087246984));
#13384=DIRECTION('',(0.,1.,0.));
#13385=DIRECTION('',(-0.771374996454075,0.,-0.63638087246984));
#13386=DIRECTION('center_axis',(0.616751299270301,0.,-0.787158074879751));
#13387=DIRECTION('ref_axis',(-0.787158074879751,0.,-0.616751299270301));
#13388=DIRECTION('',(0.,1.,0.));
#13389=DIRECTION('',(-0.787158074879751,0.,-0.616751299270301));
#13390=DIRECTION('center_axis',(0.596657110746867,0.,-0.802496287963503));
#13391=DIRECTION('ref_axis',(-0.802496287963503,0.,-0.596657110746867));
#13392=DIRECTION('',(0.,1.,0.));
#13393=DIRECTION('',(-0.802496287963503,0.,-0.596657110746867));
#13394=DIRECTION('center_axis',(0.576108985561583,0.,-0.817372887215623));
#13395=DIRECTION('ref_axis',(-0.817372887215623,0.,-0.576108985561583));
#13396=DIRECTION('',(0.,1.,0.));
#13397=DIRECTION('',(-0.817372887215623,0.,-0.576108985561583));
#13398=DIRECTION('center_axis',(0.55511837689242,0.,-0.831771355383392));
#13399=DIRECTION('ref_axis',(-0.831771355383392,0.,-0.55511837689242));
#13400=DIRECTION('',(0.,1.,0.));
#13401=DIRECTION('',(-0.831771355383392,0.,-0.55511837689242));
#13402=DIRECTION('center_axis',(0.956964466562728,0.,0.290205116661153));
#13403=DIRECTION('ref_axis',(0.290205116661153,0.,-0.956964466562728));
#13404=DIRECTION('',(0.,1.,0.));
#13405=DIRECTION('',(0.290205116661153,0.,-0.956964466562728));
#13406=DIRECTION('center_axis',(0.966511371275456,0.,0.25662378922313));
#13407=DIRECTION('ref_axis',(0.25662378922313,0.,-0.966511371275456));
#13408=DIRECTION('',(0.,1.,0.));
#13409=DIRECTION('',(0.25662378922313,0.,-0.966511371275456));
#13410=DIRECTION('center_axis',(0.974927912181824,0.,0.222520933956312));
#13411=DIRECTION('ref_axis',(0.222520933956312,0.,-0.974927912181824));
#13412=DIRECTION('',(0.,1.,0.));
#13413=DIRECTION('',(0.222520933956312,0.,-0.974927912181824));
#13414=DIRECTION('center_axis',(0.982141545207511,0.,0.188143522815435));
#13415=DIRECTION('ref_axis',(0.188143522815435,0.,-0.982141545207511));
#13416=DIRECTION('',(0.,1.,0.));
#13417=DIRECTION('',(0.188143522815435,0.,-0.982141545207511));
#13418=DIRECTION('center_axis',(0.988110473189851,0.,0.153745545537193));
#13419=DIRECTION('ref_axis',(0.153745545537193,0.,-0.988110473189851));
#13420=DIRECTION('',(0.,1.,0.));
#13421=DIRECTION('',(0.153745545537193,0.,-0.988110473189851));
#13422=DIRECTION('center_axis',(0.139252309815959,0.,0.99025693343239));
#13423=DIRECTION('ref_axis',(0.99025693343239,0.,-0.139252309815959));
#13424=DIRECTION('',(0.,1.,0.));
#13425=DIRECTION('',(0.99025693343239,0.,-0.139252309815959));
#13426=DIRECTION('center_axis',(0.164411455951392,0.,0.986391845643476));
#13427=DIRECTION('ref_axis',(0.986391845643476,0.,-0.164411455951392));
#13428=DIRECTION('',(0.,1.,0.));
#13429=DIRECTION('',(0.986391845643476,0.,-0.164411455951392));
#13430=DIRECTION('center_axis',(0.189379391545941,0.,0.981903990244306));
#13431=DIRECTION('ref_axis',(0.981903990244306,0.,-0.189379391545941));
#13432=DIRECTION('',(0.,1.,0.));
#13433=DIRECTION('',(0.981903990244306,0.,-0.189379391545941));
#13434=DIRECTION('center_axis',(0.214138631075505,0.,0.976803279417667));
#13435=DIRECTION('ref_axis',(0.976803279417667,0.,-0.214138631075505));
#13436=DIRECTION('',(0.,1.,0.));
#13437=DIRECTION('',(0.976803279417667,0.,-0.214138631075505));
#13438=DIRECTION('center_axis',(0.23867228650066,0.,0.971100169733559));
#13439=DIRECTION('ref_axis',(0.971100169733559,0.,-0.23867228650066));
#13440=DIRECTION('',(0.,1.,0.));
#13441=DIRECTION('',(0.971100169733559,0.,-0.23867228650066));
#13442=DIRECTION('center_axis',(0.262964083496042,0.,0.964805623320618));
#13443=DIRECTION('ref_axis',(0.964805623320618,0.,-0.262964083496042));
#13444=DIRECTION('',(0.,1.,0.));
#13445=DIRECTION('',(0.964805623320618,0.,-0.262964083496042));
#13446=DIRECTION('center_axis',(0.286998374891632,0.,0.957931068923836));
#13447=DIRECTION('ref_axis',(0.957931068923836,0.,-0.286998374891632));
#13448=DIRECTION('',(0.,1.,0.));
#13449=DIRECTION('',(0.957931068923836,0.,-0.286998374891632));
#13450=DIRECTION('center_axis',(0.901373243119086,0.,0.433043042420706));
#13451=DIRECTION('ref_axis',(0.433043042420706,0.,-0.901373243119086));
#13452=DIRECTION('',(0.,1.,0.));
#13453=DIRECTION('',(0.433043042420706,0.,-0.901373243119086));
#13454=DIRECTION('center_axis',(0.310760151394217,0.,-0.950488363056299));
#13455=DIRECTION('ref_axis',(-0.950488363056299,0.,-0.310760151394217));
#13456=DIRECTION('',(0.,1.,0.));
#13457=DIRECTION('',(-0.950488363056299,0.,-0.310760151394217));
#13458=DIRECTION('center_axis',(0.286998374891614,0.,-0.957931068923841));
#13459=DIRECTION('ref_axis',(-0.957931068923841,0.,-0.286998374891614));
#13460=DIRECTION('',(0.,1.,0.));
#13461=DIRECTION('',(-0.957931068923841,0.,-0.286998374891614));
#13462=DIRECTION('center_axis',(0.26296408349606,0.,-0.964805623320613));
#13463=DIRECTION('ref_axis',(-0.964805623320613,0.,-0.26296408349606));
#13464=DIRECTION('',(0.,1.,0.));
#13465=DIRECTION('',(-0.964805623320613,0.,-0.26296408349606));
#13466=DIRECTION('center_axis',(0.23867228650066,0.,-0.971100169733559));
#13467=DIRECTION('ref_axis',(-0.971100169733559,0.,-0.23867228650066));
#13468=DIRECTION('',(0.,1.,0.));
#13469=DIRECTION('',(-0.971100169733559,0.,-0.23867228650066));
#13470=DIRECTION('center_axis',(0.214138631075486,0.,-0.976803279417671));
#13471=DIRECTION('ref_axis',(-0.976803279417671,0.,-0.214138631075486));
#13472=DIRECTION('',(0.,1.,0.));
#13473=DIRECTION('',(-0.976803279417671,0.,-0.214138631075486));
#13474=DIRECTION('center_axis',(0.189379391545961,0.,-0.981903990244302));
#13475=DIRECTION('ref_axis',(-0.981903990244302,0.,-0.189379391545961));
#13476=DIRECTION('',(0.,1.,0.));
#13477=DIRECTION('',(-0.981903990244302,0.,-0.189379391545961));
#13478=DIRECTION('center_axis',(0.164411455951392,0.,-0.986391845643476));
#13479=DIRECTION('ref_axis',(-0.986391845643476,0.,-0.164411455951392));
#13480=DIRECTION('',(0.,1.,0.));
#13481=DIRECTION('',(-0.986391845643476,0.,-0.164411455951392));
#13482=DIRECTION('center_axis',(0.139252309815959,0.,-0.99025693343239));
#13483=DIRECTION('ref_axis',(-0.99025693343239,0.,-0.139252309815959));
#13484=DIRECTION('',(0.,1.,0.));
#13485=DIRECTION('',(-0.99025693343239,0.,-0.139252309815959));
#13486=DIRECTION('center_axis',(0.974927912181824,0.,-0.222520933956314));
#13487=DIRECTION('ref_axis',(-0.222520933956314,0.,-0.974927912181824));
#13488=DIRECTION('',(0.,1.,0.));
#13489=DIRECTION('',(-0.222520933956314,0.,-0.974927912181824));
#13490=DIRECTION('center_axis',(-0.982141545207512,0.,0.188143522815433));
#13491=DIRECTION('ref_axis',(0.188143522815433,0.,0.982141545207512));
#13492=DIRECTION('',(0.188143522815433,0.,0.982141545207512));
#13493=DIRECTION('',(0.,1.,0.));
#13494=DIRECTION('center_axis',(-0.988110473189851,0.,0.153745545537189));
#13495=DIRECTION('ref_axis',(0.153745545537189,0.,0.988110473189851));
#13496=DIRECTION('',(0.153745545537189,0.,0.988110473189851));
#13497=DIRECTION('',(0.,1.,0.));
#13498=DIRECTION('center_axis',(-0.139252309815919,0.,0.990256933432395));
#13499=DIRECTION('ref_axis',(0.990256933432395,0.,0.139252309815919));
#13500=DIRECTION('',(0.990256933432395,0.,0.139252309815919));
#13501=DIRECTION('',(0.,1.,0.));
#13502=DIRECTION('center_axis',(-0.164411455951432,0.,0.98639184564347));
#13503=DIRECTION('ref_axis',(0.98639184564347,0.,0.164411455951432));
#13504=DIRECTION('',(0.98639184564347,0.,0.164411455951432));
#13505=DIRECTION('',(0.,1.,0.));
#13506=DIRECTION('center_axis',(-0.189379391545941,0.,0.981903990244306));
#13507=DIRECTION('ref_axis',(0.981903990244306,0.,0.189379391545941));
#13508=DIRECTION('',(0.981903990244306,0.,0.189379391545941));
#13509=DIRECTION('',(0.,1.,0.));
#13510=DIRECTION('center_axis',(-0.214138631075505,0.,0.976803279417667));
#13511=DIRECTION('ref_axis',(0.976803279417667,0.,0.214138631075505));
#13512=DIRECTION('',(0.976803279417667,0.,0.214138631075505));
#13513=DIRECTION('',(0.,1.,0.));
#13514=DIRECTION('center_axis',(-0.238672286500622,0.,0.971100169733568));
#13515=DIRECTION('ref_axis',(0.971100169733568,0.,0.238672286500622));
#13516=DIRECTION('',(0.971100169733568,0.,0.238672286500622));
#13517=DIRECTION('',(0.,1.,0.));
#13518=DIRECTION('center_axis',(-0.262964083496079,0.,0.964805623320608));
#13519=DIRECTION('ref_axis',(0.964805623320608,0.,0.262964083496079));
#13520=DIRECTION('',(0.964805623320608,0.,0.262964083496079));
#13521=DIRECTION('',(0.,1.,0.));
#13522=DIRECTION('center_axis',(-0.286998374891632,0.,0.957931068923836));
#13523=DIRECTION('ref_axis',(0.957931068923836,0.,0.286998374891632));
#13524=DIRECTION('',(0.957931068923836,0.,0.286998374891632));
#13525=DIRECTION('',(0.,1.,0.));
#13526=DIRECTION('center_axis',(-0.310760151394217,0.,0.950488363056299));
#13527=DIRECTION('ref_axis',(0.950488363056299,0.,0.310760151394217));
#13528=DIRECTION('',(0.950488363056299,0.,0.310760151394217));
#13529=DIRECTION('',(0.,1.,0.));
#13530=DIRECTION('center_axis',(-0.901373243119083,0.,-0.433043042420713));
#13531=DIRECTION('ref_axis',(-0.433043042420713,0.,0.901373243119083));
#13532=DIRECTION('',(-0.433043042420713,0.,0.901373243119083));
#13533=DIRECTION('',(0.,1.,0.));
#13534=DIRECTION('center_axis',(-0.28699837489165,0.,-0.95793106892383));
#13535=DIRECTION('ref_axis',(-0.95793106892383,0.,0.28699837489165));
#13536=DIRECTION('',(-0.95793106892383,0.,0.28699837489165));
#13537=DIRECTION('',(0.,1.,0.));
#13538=DIRECTION('center_axis',(-0.26296408349606,0.,-0.964805623320613));
#13539=DIRECTION('ref_axis',(-0.964805623320613,0.,0.26296408349606));
#13540=DIRECTION('',(-0.964805623320613,0.,0.26296408349606));
#13541=DIRECTION('',(0.,1.,0.));
#13542=DIRECTION('center_axis',(-0.23867228650066,0.,-0.971100169733559));
#13543=DIRECTION('ref_axis',(-0.971100169733559,0.,0.23867228650066));
#13544=DIRECTION('',(-0.971100169733559,0.,0.23867228650066));
#13545=DIRECTION('',(0.,1.,0.));
#13546=DIRECTION('center_axis',(-0.214138631075486,0.,-0.976803279417671));
#13547=DIRECTION('ref_axis',(-0.976803279417671,0.,0.214138631075486));
#13548=DIRECTION('',(-0.976803279417671,0.,0.214138631075486));
#13549=DIRECTION('',(0.,1.,0.));
#13550=DIRECTION('center_axis',(-0.189379391545941,0.,-0.981903990244306));
#13551=DIRECTION('ref_axis',(-0.981903990244306,0.,0.189379391545941));
#13552=DIRECTION('',(-0.981903990244306,0.,0.189379391545941));
#13553=DIRECTION('',(0.,1.,0.));
#13554=DIRECTION('center_axis',(-0.164411455951451,0.,-0.986391845643466));
#13555=DIRECTION('ref_axis',(-0.986391845643466,0.,0.164411455951451));
#13556=DIRECTION('',(-0.986391845643466,0.,0.164411455951451));
#13557=DIRECTION('',(0.,1.,0.));
#13558=DIRECTION('center_axis',(-0.139252309815919,0.,-0.990256933432395));
#13559=DIRECTION('ref_axis',(-0.990256933432395,0.,0.139252309815919));
#13560=DIRECTION('',(-0.990256933432395,0.,0.139252309815919));
#13561=DIRECTION('',(0.,1.,0.));
#13562=DIRECTION('center_axis',(-0.988110473189851,0.,-0.153745545537193));
#13563=DIRECTION('ref_axis',(-0.153745545537193,0.,0.988110473189851));
#13564=DIRECTION('',(-0.153745545537193,0.,0.988110473189851));
#13565=DIRECTION('',(0.,1.,0.));
#13566=DIRECTION('center_axis',(-0.982141545207511,0.,-0.188143522815435));
#13567=DIRECTION('ref_axis',(-0.188143522815435,0.,0.982141545207511));
#13568=DIRECTION('',(-0.188143522815435,0.,0.982141545207511));
#13569=DIRECTION('',(0.,1.,0.));
#13570=DIRECTION('center_axis',(-0.974927912181825,0.,-0.222520933956309));
#13571=DIRECTION('ref_axis',(-0.222520933956309,0.,0.974927912181825));
#13572=DIRECTION('',(-0.222520933956309,0.,0.974927912181825));
#13573=DIRECTION('',(0.,1.,0.));
#13574=DIRECTION('center_axis',(-0.966511371275455,0.,-0.256623789223134));
#13575=DIRECTION('ref_axis',(-0.256623789223134,0.,0.966511371275455));
#13576=DIRECTION('',(-0.256623789223134,0.,0.966511371275455));
#13577=DIRECTION('',(0.,1.,0.));
#13578=DIRECTION('center_axis',(-0.956964466562731,0.,-0.290205116661143));
#13579=DIRECTION('ref_axis',(-0.290205116661143,0.,0.956964466562731));
#13580=DIRECTION('',(-0.290205116661143,0.,0.956964466562731));
#13581=DIRECTION('',(0.,1.,0.));
#13582=DIRECTION('center_axis',(-0.555118376892404,0.,0.831771355383403));
#13583=DIRECTION('ref_axis',(0.831771355383403,0.,0.555118376892404));
#13584=DIRECTION('',(0.831771355383403,0.,0.555118376892404));
#13585=DIRECTION('',(0.,1.,0.));
#13586=DIRECTION('center_axis',(-0.576108985561599,0.,0.817372887215612));
#13587=DIRECTION('ref_axis',(0.817372887215612,0.,0.576108985561599));
#13588=DIRECTION('',(0.817372887215612,0.,0.576108985561599));
#13589=DIRECTION('',(0.,1.,0.));
#13590=DIRECTION('center_axis',(-0.596657110746838,0.,0.802496287963524));
#13591=DIRECTION('ref_axis',(0.802496287963524,0.,0.596657110746838));
#13592=DIRECTION('',(0.802496287963524,0.,0.596657110746838));
#13593=DIRECTION('',(0.,1.,0.));
#13594=DIRECTION('center_axis',(-0.616751299270316,0.,0.787158074879739));
#13595=DIRECTION('ref_axis',(0.787158074879739,0.,0.616751299270316));
#13596=DIRECTION('',(0.787158074879739,0.,0.616751299270316));
#13597=DIRECTION('',(0.,1.,0.));
#13598=DIRECTION('center_axis',(-0.636380872469838,0.,0.771374996454077));
#13599=DIRECTION('ref_axis',(0.771374996454077,0.,0.636380872469838));
#13600=DIRECTION('',(0.771374996454077,0.,0.636380872469838));
#13601=DIRECTION('',(0.,1.,0.));
#13602=DIRECTION('center_axis',(-0.65553592397444,0.,0.755163990388165));
#13603=DIRECTION('ref_axis',(0.755163990388165,0.,0.65553592397444));
#13604=DIRECTION('',(0.755163990388165,0.,0.65553592397444));
#13605=DIRECTION('',(0.,1.,0.));
#13606=DIRECTION('center_axis',(-0.674207314917511,0.,0.73854214267821));
#13607=DIRECTION('ref_axis',(0.73854214267821,0.,0.674207314917511));
#13608=DIRECTION('',(0.73854214267821,0.,0.674207314917511));
#13609=DIRECTION('',(0.,1.,0.));
#13610=DIRECTION('center_axis',(-0.692386666741417,0.,0.721526647961605));
#13611=DIRECTION('ref_axis',(0.721526647961605,0.,0.692386666741417));
#13612=DIRECTION('',(0.721526647961605,0.,0.692386666741417));
#13613=DIRECTION('',(0.,1.,0.));
#13614=DIRECTION('center_axis',(-0.624218895966194,0.,-0.781249492747833));
#13615=DIRECTION('ref_axis',(-0.781249492747833,0.,0.624218895966194));
#13616=DIRECTION('',(-0.781249492747833,0.,0.624218895966194));
#13617=DIRECTION('',(0.,1.,0.));
#13618=DIRECTION('center_axis',(0.157054113085589,0.,-0.987589998715509));
#13619=DIRECTION('ref_axis',(-0.987589998715509,0.,-0.157054113085589));
#13620=DIRECTION('',(-0.987589998715509,0.,-0.157054113085589));
#13621=DIRECTION('',(0.,1.,0.));
#13622=DIRECTION('center_axis',(0.181691018761563,0.,-0.983355669989951));
#13623=DIRECTION('ref_axis',(-0.983355669989951,0.,-0.181691018761563));
#13624=DIRECTION('',(-0.983355669989951,0.,-0.181691018761563));
#13625=DIRECTION('',(0.,1.,0.));
#13626=DIRECTION('center_axis',(0.206308272933537,0.,-0.97848704463533));
#13627=DIRECTION('ref_axis',(-0.97848704463533,0.,-0.206308272933537));
#13628=DIRECTION('',(-0.97848704463533,0.,-0.206308272933537));
#13629=DIRECTION('',(0.,1.,0.));
#13630=DIRECTION('center_axis',(0.230886819241773,0.,-0.972980614760858));
#13631=DIRECTION('ref_axis',(-0.972980614760858,0.,-0.230886819241773));
#13632=DIRECTION('',(-0.972980614760858,0.,-0.230886819241773));
#13633=DIRECTION('',(0.,1.,0.));
#13634=DIRECTION('center_axis',(0.25540723873645,0.,-0.966833564995042));
#13635=DIRECTION('ref_axis',(-0.966833564995042,0.,-0.25540723873645));
#13636=DIRECTION('',(-0.966833564995042,0.,-0.25540723873645));
#13637=DIRECTION('',(0.,1.,0.));
#13638=DIRECTION('center_axis',(0.279849778884109,0.,-0.960043801739543));
#13639=DIRECTION('ref_axis',(-0.960043801739543,0.,-0.279849778884109));
#13640=DIRECTION('',(-0.960043801739543,0.,-0.279849778884109));
#13641=DIRECTION('',(0.,1.,0.));
#13642=DIRECTION('center_axis',(0.304194385037052,0.,-0.952609981110806));
#13643=DIRECTION('ref_axis',(-0.952609981110806,0.,-0.304194385037052));
#13644=DIRECTION('',(-0.952609981110806,0.,-0.304194385037052));
#13645=DIRECTION('',(0.,1.,0.));
#13646=DIRECTION('center_axis',(-0.823549082222035,0.,-0.56724501687652));
#13647=DIRECTION('ref_axis',(-0.56724501687652,0.,0.823549082222035));
#13648=DIRECTION('',(-0.56724501687652,0.,0.823549082222035));
#13649=DIRECTION('',(0.,1.,0.));
#13650=DIRECTION('center_axis',(-0.803246540935633,0.,-0.595646702731527));
#13651=DIRECTION('ref_axis',(-0.595646702731527,0.,0.803246540935633));
#13652=DIRECTION('',(-0.595646702731527,0.,0.803246540935633));
#13653=DIRECTION('',(0.,1.,0.));
#13654=DIRECTION('center_axis',(-0.781831482468033,0.,-0.623489801858729));
#13655=DIRECTION('ref_axis',(-0.623489801858729,0.,0.781831482468033));
#13656=DIRECTION('',(-0.623489801858729,0.,0.781831482468033));
#13657=DIRECTION('',(0.,1.,0.));
#13658=DIRECTION('center_axis',(-0.759451766778207,0.,-0.650563612521835));
#13659=DIRECTION('ref_axis',(-0.650563612521835,0.,0.759451766778207));
#13660=DIRECTION('',(-0.650563612521835,0.,0.759451766778207));
#13661=DIRECTION('',(0.,1.,0.));
#13662=DIRECTION('center_axis',(-0.736279910933883,0.,-0.676677096372556));
#13663=DIRECTION('ref_axis',(-0.676677096372556,0.,0.736279910933883));
#13664=DIRECTION('',(-0.676677096372556,0.,0.736279910933883));
#13665=DIRECTION('',(0.,1.,0.));
#13666=DIRECTION('center_axis',(-0.861036441345212,0.,0.508543259394493));
#13667=DIRECTION('ref_axis',(0.508543259394493,0.,0.861036441345211));
#13668=DIRECTION('',(0.508543259394493,0.,0.861036441345212));
#13669=DIRECTION('',(0.,1.,0.));
#13670=DIRECTION('center_axis',(-0.873701065068271,0.,0.486463204054088));
#13671=DIRECTION('ref_axis',(0.486463204054088,0.,0.873701065068271));
#13672=DIRECTION('',(0.486463204054088,0.,0.873701065068271));
#13673=DIRECTION('',(0.,1.,0.));
#13674=DIRECTION('center_axis',(-0.885759571645086,0.,0.464144353880465));
#13675=DIRECTION('ref_axis',(0.464144353880465,0.,0.885759571645086));
#13676=DIRECTION('',(0.464144353880465,0.,0.885759571645086));
#13677=DIRECTION('',(0.,1.,0.));
#13678=DIRECTION('center_axis',(-0.897208808686318,0.,0.441606559751638));
#13679=DIRECTION('ref_axis',(0.441606559751638,0.,0.897208808686318));
#13680=DIRECTION('',(0.441606559751638,0.,0.897208808686318));
#13681=DIRECTION('',(0.,1.,0.));
#13682=DIRECTION('center_axis',(-0.908046421947192,0.,0.418869544833356));
#13683=DIRECTION('ref_axis',(0.418869544833356,0.,0.908046421947192));
#13684=DIRECTION('',(0.418869544833356,0.,0.908046421947192));
#13685=DIRECTION('',(0.,1.,0.));
#13686=DIRECTION('center_axis',(-0.918270835089171,0.,0.395952867680784));
#13687=DIRECTION('ref_axis',(0.395952867680784,0.,0.918270835089171));
#13688=DIRECTION('',(0.395952867680784,0.,0.918270835089171));
#13689=DIRECTION('',(0.,1.,0.));
#13690=DIRECTION('center_axis',(-0.927881227613875,0.,0.372875887450193));
#13691=DIRECTION('ref_axis',(0.372875887450193,0.,0.927881227613875));
#13692=DIRECTION('',(0.372875887450193,0.,0.927881227613875));
#13693=DIRECTION('',(0.,1.,0.));
#13694=DIRECTION('center_axis',(-0.936877511175279,0.,0.349657731294497));
#13695=DIRECTION('ref_axis',(0.349657731294497,0.,0.936877511175279));
#13696=DIRECTION('',(0.349657731294497,0.,0.936877511175279));
#13697=DIRECTION('',(0.,1.,0.));
#13698=DIRECTION('center_axis',(-0.223430340924838,0.,-0.974719899639999));
#13699=DIRECTION('ref_axis',(-0.974719899639999,0.,0.223430340924838));
#13700=DIRECTION('',(-0.974719899639999,0.,0.223430340924838));
#13701=DIRECTION('',(0.,1.,0.));
#13702=DIRECTION('center_axis',(0.570000107823935,0.,-0.821644617265094));
#13703=DIRECTION('ref_axis',(-0.821644617265094,0.,-0.570000107823935));
#13704=DIRECTION('',(-0.821644617265094,0.,-0.570000107823935));
#13705=DIRECTION('',(0.,1.,0.));
#13706=DIRECTION('center_axis',(0.590359986459333,0.,-0.807140066151927));
#13707=DIRECTION('ref_axis',(-0.807140066151927,0.,-0.590359986459333));
#13708=DIRECTION('',(-0.807140066151927,0.,-0.590359986459333));
#13709=DIRECTION('',(0.,1.,0.));
#13710=DIRECTION('center_axis',(0.610426948708307,0.,-0.792072559990981));
#13711=DIRECTION('ref_axis',(-0.792072559990981,0.,-0.610426948708307));
#13712=DIRECTION('',(-0.792072559990981,0.,-0.610426948708307));
#13713=DIRECTION('',(0.,1.,0.));
#13714=DIRECTION('center_axis',(0.63018230336716,0.,-0.776447206526536));
#13715=DIRECTION('ref_axis',(-0.776447206526536,0.,-0.63018230336716));
#13716=DIRECTION('',(-0.776447206526536,0.,-0.63018230336716));
#13717=DIRECTION('',(0.,1.,0.));
#13718=DIRECTION('center_axis',(0.649607333022878,0.,-0.760269894762974));
#13719=DIRECTION('ref_axis',(-0.760269894762974,0.,-0.649607333022878));
#13720=DIRECTION('',(-0.760269894762974,0.,-0.649607333022878));
#13721=DIRECTION('',(0.,1.,0.));
#13722=DIRECTION('center_axis',(0.668683332879353,0.,-0.743547308736546));
#13723=DIRECTION('ref_axis',(-0.743547308736546,0.,-0.668683332879353));
#13724=DIRECTION('',(-0.743547308736546,0.,-0.668683332879353));
#13725=DIRECTION('',(0.,1.,0.));
#13726=DIRECTION('center_axis',(0.687391651234173,0.,-0.726286939035501));
#13727=DIRECTION('ref_axis',(-0.726286939035501,0.,-0.687391651234173));
#13728=DIRECTION('',(-0.726286939035501,0.,-0.687391651234173));
#13729=DIRECTION('',(0.,1.,0.));
#13730=DIRECTION('center_axis',(-0.495873695353474,0.,-0.868394655819858));
#13731=DIRECTION('ref_axis',(-0.868394655819858,0.,0.495873695353474));
#13732=DIRECTION('',(-0.868394655819858,0.,0.495873695353474));
#13733=DIRECTION('',(0.,1.,0.));
#13734=DIRECTION('center_axis',(-0.465258708059109,0.,-0.885174748044232));
#13735=DIRECTION('ref_axis',(-0.885174748044232,0.,0.465258708059109));
#13736=DIRECTION('',(-0.885174748044232,0.,0.465258708059109));
#13737=DIRECTION('',(0.,1.,0.));
#13738=DIRECTION('center_axis',(-0.433883739117537,0.,-0.900968867902429));
#13739=DIRECTION('ref_axis',(-0.900968867902429,0.,0.433883739117537));
#13740=DIRECTION('',(-0.900968867902429,0.,0.433883739117537));
#13741=DIRECTION('',(0.,1.,0.));
#13742=DIRECTION('center_axis',(-0.401973425805884,0.,-0.915651333721456));
#13743=DIRECTION('ref_axis',(-0.915651333721456,0.,0.401973425805884));
#13744=DIRECTION('',(-0.915651333721456,0.,0.401973425805884));
#13745=DIRECTION('',(0.,1.,0.));
#13746=DIRECTION('center_axis',(-0.369766089064057,0.,-0.929124878247414));
#13747=DIRECTION('ref_axis',(-0.929124878247414,0.,0.369766089064057));
#13748=DIRECTION('',(-0.929124878247414,0.,0.369766089064057));
#13749=DIRECTION('',(0.,1.,0.));
#13750=DIRECTION('center_axis',(-0.996415678670635,0.,0.0845919340087385));
#13751=DIRECTION('ref_axis',(0.0845919340087385,0.,0.996415678670635));
#13752=DIRECTION('',(0.0845919340087385,0.,0.996415678670635));
#13753=DIRECTION('',(0.,1.,0.));
#13754=DIRECTION('center_axis',(-0.998245933397793,0.,0.0592035172499812));
#13755=DIRECTION('ref_axis',(0.0592035172499812,0.,0.998245933397793));
#13756=DIRECTION('',(0.0592035172499812,0.,0.998245933397793));
#13757=DIRECTION('',(0.,1.,0.));
#13758=DIRECTION('center_axis',(-0.999426486250764,0.,0.0338629381544526));
#13759=DIRECTION('ref_axis',(0.0338629381544526,0.,0.999426486250764));
#13760=DIRECTION('',(0.0338629381544526,0.,0.999426486250764));
#13761=DIRECTION('',(0.,1.,0.));
#13762=DIRECTION('center_axis',(-0.999963109998073,0.,0.00858944951568069));
#13763=DIRECTION('ref_axis',(0.00858944951568069,0.,0.999963109998073));
#13764=DIRECTION('',(0.00858944951568069,0.,0.999963109998073));
#13765=DIRECTION('',(0.,1.,0.));
#13766=DIRECTION('center_axis',(-0.99986224109937,0.,-0.0165981572394723));
#13767=DIRECTION('ref_axis',(-0.0165981572394723,0.,0.99986224109937));
#13768=DIRECTION('',(-0.0165981572394723,0.,0.99986224109937));
#13769=DIRECTION('',(0.,1.,0.));
#13770=DIRECTION('center_axis',(-0.999130945461758,0.,-0.0416815765140116));
#13771=DIRECTION('ref_axis',(-0.0416815765140116,0.,0.999130945461758));
#13772=DIRECTION('',(-0.0416815765140116,0.,0.999130945461758));
#13773=DIRECTION('',(0.,1.,0.));
#13774=DIRECTION('center_axis',(-0.997776883464847,0.,-0.0666430103099832));
#13775=DIRECTION('ref_axis',(-0.0666430103099832,0.,0.997776883464847));
#13776=DIRECTION('',(-0.0666430103099832,0.,0.997776883464847));
#13777=DIRECTION('',(0.,1.,0.));
#13778=DIRECTION('center_axis',(-0.995808274472246,0.,-0.0914651873261529));
#13779=DIRECTION('ref_axis',(-0.0914651873261529,0.,0.995808274472246));
#13780=DIRECTION('',(-0.0914651873261529,0.,0.995808274472246));
#13781=DIRECTION('',(0.,1.,0.));
#13782=DIRECTION('center_axis',(0.221611333329987,0.,-0.97513507625339));
#13783=DIRECTION('ref_axis',(-0.97513507625339,0.,-0.221611333329987));
#13784=DIRECTION('',(-0.97513507625339,0.,-0.221611333329987));
#13785=DIRECTION('',(0.,1.,0.));
#13786=DIRECTION('center_axis',(0.870050590615183,0.,-0.492962442555384));
#13787=DIRECTION('ref_axis',(-0.492962442555384,0.,-0.870050590615183));
#13788=DIRECTION('',(-0.492962442555384,0.,-0.870050590615183));
#13789=DIRECTION('',(0.,1.,0.));
#13790=DIRECTION('center_axis',(0.882100918548741,0.,-0.471060473289224));
#13791=DIRECTION('ref_axis',(-0.471060473289224,0.,-0.882100918548741));
#13792=DIRECTION('',(-0.471060473289224,0.,-0.882100918548741));
#13793=DIRECTION('',(0.,1.,0.));
#13794=DIRECTION('center_axis',(0.893643080896149,0.,-0.448778390707973));
#13795=DIRECTION('ref_axis',(-0.448778390707973,0.,-0.893643080896149));
#13796=DIRECTION('',(-0.448778390707973,0.,-0.893643080896149));
#13797=DIRECTION('',(0.,1.,0.));
#13798=DIRECTION('center_axis',(0.904662453631975,0.,-0.42612890653953));
#13799=DIRECTION('ref_axis',(-0.42612890653953,0.,-0.904662453631975));
#13800=DIRECTION('',(-0.42612890653953,0.,-0.904662453631975));
#13801=DIRECTION('',(0.,1.,0.));
#13802=DIRECTION('center_axis',(0.915144728093001,0.,-0.403125447774744));
#13803=DIRECTION('ref_axis',(-0.403125447774744,0.,-0.915144728093001));
#13804=DIRECTION('',(-0.403125447774744,0.,-0.915144728093001));
#13805=DIRECTION('',(0.,1.,0.));
#13806=DIRECTION('center_axis',(0.925075951934938,0.,-0.37978215222897));
#13807=DIRECTION('ref_axis',(-0.37978215222897,0.,-0.925075951934938));
#13808=DIRECTION('',(-0.37978215222897,0.,-0.925075951934938));
#13809=DIRECTION('',(0.,1.,0.));
#13810=DIRECTION('center_axis',(0.934442570598999,0.,-0.356113861359445));
#13811=DIRECTION('ref_axis',(-0.356113861359445,0.,-0.934442570598999));
#13812=DIRECTION('',(-0.356113861359445,0.,-0.934442570598999));
#13813=DIRECTION('',(0.,1.,0.));
#13814=DIRECTION('center_axis',(-0.0699844416284119,0.,-0.997548083016533));
#13815=DIRECTION('ref_axis',(-0.997548083016533,0.,0.0699844416284119));
#13816=DIRECTION('',(-0.997548083016533,0.,0.0699844416284119));
#13817=DIRECTION('',(0.,1.,0.));
#13818=DIRECTION('center_axis',(-0.0351206820278879,0.,-0.999383078550911));
#13819=DIRECTION('ref_axis',(-0.999383078550911,0.,0.0351206820278879));
#13820=DIRECTION('',(-0.999383078550911,0.,0.0351206820278879));
#13821=DIRECTION('',(0.,1.,0.));
#13822=DIRECTION('center_axis',(0.,0.,-1.));
#13823=DIRECTION('ref_axis',(-1.,0.,0.));
#13824=DIRECTION('',(-1.,0.,0.));
#13825=DIRECTION('',(0.,1.,0.));
#13826=DIRECTION('center_axis',(0.0351206820278879,0.,-0.999383078550911));
#13827=DIRECTION('ref_axis',(-0.999383078550911,0.,-0.0351206820278879));
#13828=DIRECTION('',(-0.999383078550911,0.,-0.0351206820278879));
#13829=DIRECTION('',(0.,1.,0.));
#13830=DIRECTION('center_axis',(0.0699844416284119,0.,-0.997548083016533));
#13831=DIRECTION('ref_axis',(-0.997548083016533,0.,-0.0699844416284119));
#13832=DIRECTION('',(-0.997548083016533,0.,-0.0699844416284119));
#13833=DIRECTION('',(0.,1.,0.));
#13834=DIRECTION('center_axis',(-0.934442570598999,0.,-0.356113861359445));
#13835=DIRECTION('ref_axis',(-0.356113861359445,0.,0.934442570599));
#13836=DIRECTION('',(-0.356113861359445,0.,0.934442570598999));
#13837=DIRECTION('',(0.,1.,0.));
#13838=DIRECTION('center_axis',(-0.925075951934938,0.,-0.37978215222897));
#13839=DIRECTION('ref_axis',(-0.37978215222897,0.,0.925075951934938));
#13840=DIRECTION('',(-0.37978215222897,0.,0.925075951934938));
#13841=DIRECTION('',(0.,1.,0.));
#13842=DIRECTION('center_axis',(-0.915144728093001,0.,-0.403125447774744));
#13843=DIRECTION('ref_axis',(-0.403125447774744,0.,0.915144728093001));
#13844=DIRECTION('',(-0.403125447774744,0.,0.915144728093001));
#13845=DIRECTION('',(0.,1.,0.));
#13846=DIRECTION('center_axis',(-0.904662453631975,0.,-0.42612890653953));
#13847=DIRECTION('ref_axis',(-0.42612890653953,0.,0.904662453631975));
#13848=DIRECTION('',(-0.42612890653953,0.,0.904662453631975));
#13849=DIRECTION('',(0.,1.,0.));
#13850=DIRECTION('center_axis',(-0.893643080896149,0.,-0.448778390707974));
#13851=DIRECTION('ref_axis',(-0.448778390707974,0.,0.893643080896149));
#13852=DIRECTION('',(-0.448778390707974,0.,0.893643080896149));
#13853=DIRECTION('',(0.,1.,0.));
#13854=DIRECTION('center_axis',(-0.882100918548741,0.,-0.471060473289224));
#13855=DIRECTION('ref_axis',(-0.471060473289224,0.,0.882100918548741));
#13856=DIRECTION('',(-0.471060473289224,0.,0.882100918548741));
#13857=DIRECTION('',(0.,1.,0.));
#13858=DIRECTION('center_axis',(-0.870050590615183,0.,-0.492962442555384));
#13859=DIRECTION('ref_axis',(-0.492962442555384,0.,0.870050590615183));
#13860=DIRECTION('',(-0.492962442555384,0.,0.870050590615183));
#13861=DIRECTION('',(0.,1.,0.));
#13862=DIRECTION('center_axis',(-0.857506996222956,0.,-0.514472303849958));
#13863=DIRECTION('ref_axis',(-0.514472303849958,0.,0.857506996222956));
#13864=DIRECTION('',(-0.514472303849958,0.,0.857506996222956));
#13865=DIRECTION('',(0.,1.,0.));
#13866=DIRECTION('center_axis',(0.622760165134168,0.,-0.782412791767916));
#13867=DIRECTION('ref_axis',(-0.782412791767916,0.,-0.622760165134168));
#13868=DIRECTION('',(-0.782412791767916,0.,-0.622760165134168));
#13869=DIRECTION('',(0.,1.,0.));
#13870=DIRECTION('center_axis',(0.997776883464847,0.,-0.0666430103099845));
#13871=DIRECTION('ref_axis',(-0.0666430103099845,0.,-0.997776883464847));
#13872=DIRECTION('',(-0.0666430103099845,0.,-0.997776883464847));
#13873=DIRECTION('',(0.,1.,0.));
#13874=DIRECTION('center_axis',(0.999130945461758,0.,-0.0416815765140107));
#13875=DIRECTION('ref_axis',(-0.0416815765140107,0.,-0.999130945461758));
#13876=DIRECTION('',(-0.0416815765140107,0.,-0.999130945461758));
#13877=DIRECTION('',(0.,1.,0.));
#13878=DIRECTION('center_axis',(0.99986224109937,0.,-0.0165981572394723));
#13879=DIRECTION('ref_axis',(-0.0165981572394723,0.,-0.99986224109937));
#13880=DIRECTION('',(-0.0165981572394723,0.,-0.99986224109937));
#13881=DIRECTION('',(0.,1.,0.));
#13882=DIRECTION('center_axis',(0.999963109998073,0.,0.00858944951568195));
#13883=DIRECTION('ref_axis',(0.00858944951568195,0.,-0.999963109998073));
#13884=DIRECTION('',(0.00858944951568195,0.,-0.999963109998073));
#13885=DIRECTION('',(0.,1.,0.));
#13886=DIRECTION('center_axis',(0.999426486250764,0.,0.0338629381544508));
#13887=DIRECTION('ref_axis',(0.0338629381544508,0.,-0.999426486250764));
#13888=DIRECTION('',(0.0338629381544508,0.,-0.999426486250764));
#13889=DIRECTION('',(0.,1.,0.));
#13890=DIRECTION('center_axis',(0.998245933397793,0.,0.0592035172499825));
#13891=DIRECTION('ref_axis',(0.0592035172499825,0.,-0.998245933397793));
#13892=DIRECTION('',(0.0592035172499825,0.,-0.998245933397793));
#13893=DIRECTION('',(0.,1.,0.));
#13894=DIRECTION('center_axis',(0.996415678670635,0.,0.0845919340087355));
#13895=DIRECTION('ref_axis',(0.0845919340087355,0.,-0.996415678670635));
#13896=DIRECTION('',(0.0845919340087355,0.,-0.996415678670635));
#13897=DIRECTION('',(0.,1.,0.));
#13898=DIRECTION('center_axis',(0.369766089064057,0.,-0.929124878247414));
#13899=DIRECTION('ref_axis',(-0.929124878247414,0.,-0.369766089064057));
#13900=DIRECTION('',(-0.929124878247414,0.,-0.369766089064057));
#13901=DIRECTION('',(0.,1.,0.));
#13902=DIRECTION('center_axis',(0.401973425805884,0.,-0.915651333721456));
#13903=DIRECTION('ref_axis',(-0.915651333721456,0.,-0.401973425805884));
#13904=DIRECTION('',(-0.915651333721456,0.,-0.401973425805884));
#13905=DIRECTION('',(0.,1.,0.));
#13906=DIRECTION('center_axis',(0.433883739117536,0.,-0.90096886790243));
#13907=DIRECTION('ref_axis',(-0.90096886790243,0.,-0.433883739117536));
#13908=DIRECTION('',(-0.90096886790243,0.,-0.433883739117536));
#13909=DIRECTION('',(0.,1.,0.));
#13910=DIRECTION('center_axis',(0.465258708059111,0.,-0.885174748044231));
#13911=DIRECTION('ref_axis',(-0.885174748044231,0.,-0.465258708059111));
#13912=DIRECTION('',(-0.885174748044231,0.,-0.465258708059111));
#13913=DIRECTION('',(0.,1.,0.));
#13914=DIRECTION('center_axis',(0.495873695353473,0.,-0.868394655819859));
#13915=DIRECTION('ref_axis',(-0.868394655819859,0.,-0.495873695353473));
#13916=DIRECTION('',(-0.868394655819859,0.,-0.495873695353473));
#13917=DIRECTION('',(0.,1.,0.));
#13918=DIRECTION('center_axis',(-0.687391651234173,0.,-0.7262869390355));
#13919=DIRECTION('ref_axis',(-0.7262869390355,0.,0.687391651234173));
#13920=DIRECTION('',(-0.7262869390355,0.,0.687391651234173));
#13921=DIRECTION('',(0.,1.,0.));
#13922=DIRECTION('center_axis',(-0.668683332879352,0.,-0.743547308736547));
#13923=DIRECTION('ref_axis',(-0.743547308736547,0.,0.668683332879352));
#13924=DIRECTION('',(-0.743547308736547,0.,0.668683332879352));
#13925=DIRECTION('',(0.,1.,0.));
#13926=DIRECTION('center_axis',(-0.649607333022878,0.,-0.760269894762974));
#13927=DIRECTION('ref_axis',(-0.760269894762974,0.,0.649607333022878));
#13928=DIRECTION('',(-0.760269894762974,0.,0.649607333022878));
#13929=DIRECTION('',(0.,1.,0.));
#13930=DIRECTION('center_axis',(-0.630182303367173,0.,-0.776447206526525));
#13931=DIRECTION('ref_axis',(-0.776447206526525,0.,0.630182303367173));
#13932=DIRECTION('',(-0.776447206526525,0.,0.630182303367173));
#13933=DIRECTION('',(0.,1.,0.));
#13934=DIRECTION('center_axis',(-0.610426948708296,0.,-0.792072559990989));
#13935=DIRECTION('ref_axis',(-0.792072559990989,0.,0.610426948708296));
#13936=DIRECTION('',(-0.792072559990989,0.,0.610426948708296));
#13937=DIRECTION('',(0.,1.,0.));
#13938=DIRECTION('center_axis',(-0.590359986459333,0.,-0.807140066151927));
#13939=DIRECTION('ref_axis',(-0.807140066151927,0.,0.590359986459333));
#13940=DIRECTION('',(-0.807140066151927,0.,0.590359986459333));
#13941=DIRECTION('',(0.,1.,0.));
#13942=DIRECTION('center_axis',(-0.570000107823932,0.,-0.821644617265096));
#13943=DIRECTION('ref_axis',(-0.821644617265096,0.,0.570000107823932));
#13944=DIRECTION('',(-0.821644617265096,0.,0.570000107823932));
#13945=DIRECTION('',(0.,1.,0.));
#13946=DIRECTION('center_axis',(-0.54936594073856,0.,-0.835581871007526));
#13947=DIRECTION('ref_axis',(-0.835581871007526,0.,0.54936594073856));
#13948=DIRECTION('',(-0.835581871007526,0.,0.54936594073856));
#13949=DIRECTION('',(0.,1.,0.));
#13950=DIRECTION('center_axis',(0.900563708581327,0.,-0.434724058209626));
#13951=DIRECTION('ref_axis',(-0.434724058209626,0.,-0.900563708581327));
#13952=DIRECTION('',(-0.434724058209626,0.,-0.900563708581327));
#13953=DIRECTION('',(0.,1.,0.));
#13954=DIRECTION('center_axis',(0.927881227613875,0.,0.372875887450191));
#13955=DIRECTION('ref_axis',(0.372875887450191,0.,-0.927881227613875));
#13956=DIRECTION('',(0.372875887450191,0.,-0.927881227613875));
#13957=DIRECTION('',(0.,1.,0.));
#13958=DIRECTION('center_axis',(0.918270835089167,0.,0.395952867680794));
#13959=DIRECTION('ref_axis',(0.395952867680794,0.,-0.918270835089167));
#13960=DIRECTION('',(0.395952867680794,0.,-0.918270835089167));
#13961=DIRECTION('',(0.,1.,0.));
#13962=DIRECTION('center_axis',(0.908046421947196,0.,0.418869544833346));
#13963=DIRECTION('ref_axis',(0.418869544833346,0.,-0.908046421947196));
#13964=DIRECTION('',(0.418869544833346,0.,-0.908046421947196));
#13965=DIRECTION('',(0.,1.,0.));
#13966=DIRECTION('center_axis',(0.897208808686321,0.,0.441606559751634));
#13967=DIRECTION('ref_axis',(0.441606559751634,0.,-0.897208808686321));
#13968=DIRECTION('',(0.441606559751634,0.,-0.897208808686321));
#13969=DIRECTION('',(0.,1.,0.));
#13970=DIRECTION('center_axis',(0.885759571645085,0.,0.464144353880467));
#13971=DIRECTION('ref_axis',(0.464144353880467,0.,-0.885759571645085));
#13972=DIRECTION('',(0.464144353880467,0.,-0.885759571645085));
#13973=DIRECTION('',(0.,1.,0.));
#13974=DIRECTION('center_axis',(0.87370106506827,0.,0.48646320405409));
#13975=DIRECTION('ref_axis',(0.48646320405409,0.,-0.87370106506827));
#13976=DIRECTION('',(0.48646320405409,0.,-0.87370106506827));
#13977=DIRECTION('',(0.,1.,0.));
#13978=DIRECTION('center_axis',(0.861036441345204,0.,0.508543259394505));
#13979=DIRECTION('ref_axis',(0.508543259394505,0.,-0.861036441345204));
#13980=DIRECTION('',(0.508543259394505,0.,-0.861036441345204));
#13981=DIRECTION('',(0.,1.,0.));
#13982=DIRECTION('center_axis',(0.73627991093388,0.,-0.67667709637256));
#13983=DIRECTION('ref_axis',(-0.67667709637256,0.,-0.73627991093388));
#13984=DIRECTION('',(-0.67667709637256,0.,-0.73627991093388));
#13985=DIRECTION('',(0.,1.,0.));
#13986=DIRECTION('center_axis',(0.75945176677821,0.,-0.650563612521831));
#13987=DIRECTION('ref_axis',(-0.650563612521831,0.,-0.75945176677821));
#13988=DIRECTION('',(-0.650563612521831,0.,-0.75945176677821));
#13989=DIRECTION('',(0.,1.,0.));
#13990=DIRECTION('center_axis',(0.781831482468037,0.,-0.623489801858724));
#13991=DIRECTION('ref_axis',(-0.623489801858724,0.,-0.781831482468037));
#13992=DIRECTION('',(-0.623489801858724,0.,-0.781831482468037));
#13993=DIRECTION('',(0.,1.,0.));
#13994=DIRECTION('center_axis',(0.803246540935626,0.,-0.595646702731536));
#13995=DIRECTION('ref_axis',(-0.595646702731536,0.,-0.803246540935626));
#13996=DIRECTION('',(-0.595646702731536,0.,-0.803246540935626));
#13997=DIRECTION('',(0.,1.,0.));
#13998=DIRECTION('center_axis',(0.82354908222204,0.,-0.567245016876513));
#13999=DIRECTION('ref_axis',(-0.567245016876513,0.,-0.82354908222204));
#14000=DIRECTION('',(-0.567245016876513,0.,-0.82354908222204));
#14001=DIRECTION('',(0.,1.,0.));
#14002=DIRECTION('center_axis',(-0.304194385037073,0.,-0.952609981110799));
#14003=DIRECTION('ref_axis',(-0.952609981110799,0.,0.304194385037073));
#14004=DIRECTION('',(-0.952609981110799,0.,0.304194385037073));
#14005=DIRECTION('',(0.,1.,0.));
#14006=DIRECTION('center_axis',(-0.279849778884108,0.,-0.960043801739544));
#14007=DIRECTION('ref_axis',(-0.960043801739544,0.,0.279849778884108));
#14008=DIRECTION('',(-0.960043801739544,0.,0.279849778884108));
#14009=DIRECTION('',(0.,1.,0.));
#14010=DIRECTION('center_axis',(-0.255407238736451,0.,-0.966833564995042));
#14011=DIRECTION('ref_axis',(-0.966833564995042,0.,0.255407238736451));
#14012=DIRECTION('',(-0.966833564995042,0.,0.255407238736451));
#14013=DIRECTION('',(0.,1.,0.));
#14014=DIRECTION('center_axis',(-0.230886819241753,0.,-0.972980614760863));
#14015=DIRECTION('ref_axis',(-0.972980614760863,0.,0.230886819241753));
#14016=DIRECTION('',(-0.972980614760863,0.,0.230886819241753));
#14017=DIRECTION('',(0.,1.,0.));
#14018=DIRECTION('center_axis',(-0.206308272933536,0.,-0.97848704463533));
#14019=DIRECTION('ref_axis',(-0.97848704463533,0.,0.206308272933536));
#14020=DIRECTION('',(-0.97848704463533,0.,0.206308272933536));
#14021=DIRECTION('',(0.,1.,0.));
#14022=DIRECTION('center_axis',(-0.181691018761563,0.,-0.983355669989951));
#14023=DIRECTION('ref_axis',(-0.983355669989951,0.,0.181691018761563));
#14024=DIRECTION('',(-0.983355669989951,0.,0.181691018761563));
#14025=DIRECTION('',(0.,1.,0.));
#14026=DIRECTION('center_axis',(-0.157054113085608,0.,-0.987589998715506));
#14027=DIRECTION('ref_axis',(-0.987589998715506,0.,0.157054113085608));
#14028=DIRECTION('',(-0.987589998715506,0.,0.157054113085608));
#14029=DIRECTION('',(0.,1.,0.));
#14030=DIRECTION('center_axis',(-0.132416223159777,0.,-0.991194200872917));
#14031=DIRECTION('ref_axis',(-0.991194200872917,0.,0.132416223159777));
#14032=DIRECTION('',(-0.991194200872917,0.,0.132416223159777));
#14033=DIRECTION('',(0.,1.,0.));
#14034=DIRECTION('center_axis',(0.999999564854874,0.,-0.000932893382228892));
#14035=DIRECTION('ref_axis',(-0.000932893382228892,0.,-0.999999564854874));
#14036=DIRECTION('',(-0.000932893382228892,0.,-0.999999564854874));
#14037=DIRECTION('',(0.,1.,0.));
#14038=DIRECTION('center_axis',(0.674207314917511,0.,0.73854214267821));
#14039=DIRECTION('ref_axis',(0.73854214267821,0.,-0.674207314917511));
#14040=DIRECTION('',(0.73854214267821,0.,-0.674207314917511));
#14041=DIRECTION('',(0.,1.,0.));
#14042=DIRECTION('center_axis',(0.655535923974435,0.,0.75516399038817));
#14043=DIRECTION('ref_axis',(0.75516399038817,0.,-0.655535923974435));
#14044=DIRECTION('',(0.75516399038817,0.,-0.655535923974435));
#14045=DIRECTION('',(0.,1.,0.));
#14046=DIRECTION('center_axis',(0.636380872469854,0.,0.771374996454064));
#14047=DIRECTION('ref_axis',(0.771374996454064,0.,-0.636380872469854));
#14048=DIRECTION('',(0.771374996454064,0.,-0.636380872469854));
#14049=DIRECTION('',(0.,1.,0.));
#14050=DIRECTION('center_axis',(0.616751299270317,0.,0.787158074879738));
#14051=DIRECTION('ref_axis',(0.787158074879738,0.,-0.616751299270317));
#14052=DIRECTION('',(0.787158074879738,0.,-0.616751299270317));
#14053=DIRECTION('',(0.,1.,0.));
#14054=DIRECTION('center_axis',(0.596657110746838,0.,0.802496287963524));
#14055=DIRECTION('ref_axis',(0.802496287963524,0.,-0.596657110746838));
#14056=DIRECTION('',(0.802496287963524,0.,-0.596657110746838));
#14057=DIRECTION('',(0.,1.,0.));
#14058=DIRECTION('center_axis',(0.576108985561597,0.,0.817372887215613));
#14059=DIRECTION('ref_axis',(0.817372887215613,0.,-0.576108985561597));
#14060=DIRECTION('',(0.817372887215613,0.,-0.576108985561597));
#14061=DIRECTION('',(0.,1.,0.));
#14062=DIRECTION('center_axis',(0.555118376892403,0.,0.831771355383404));
#14063=DIRECTION('ref_axis',(0.831771355383404,0.,-0.555118376892403));
#14064=DIRECTION('',(0.831771355383404,0.,-0.555118376892403));
#14065=DIRECTION('center_axis',(0.,1.,0.));
#14066=DIRECTION('ref_axis',(0.,0.,1.));
#14067=DIRECTION('axis',(0.,0.,1.));
#14068=DIRECTION('refdir',(1.,0.,0.));
#14069=DIRECTION('center_axis',(0.,0.,1.));
#14070=DIRECTION('ref_axis',(1.,0.,0.));
#14071=DIRECTION('',(-1.,0.,0.));
#14072=DIRECTION('',(0.,1.,0.));
#14073=DIRECTION('',(1.,0.,0.));
#14074=DIRECTION('',(0.,-1.,0.));
#14075=DIRECTION('center_axis',(0.,0.,1.));
#14076=DIRECTION('ref_axis',(1.,0.,0.));
#14077=DIRECTION('',(1.,0.,0.));
#14078=DIRECTION('',(0.,-1.,0.));
#14079=DIRECTION('',(-1.,0.,0.));
#14080=DIRECTION('',(0.,1.,0.));
#14081=DIRECTION('center_axis',(0.,0.,1.));
#14082=DIRECTION('ref_axis',(1.,0.,0.));
#14083=DIRECTION('',(1.,0.,0.));
#14084=DIRECTION('',(0.,1.,0.));
#14085=DIRECTION('',(-1.,0.,0.));
#14086=DIRECTION('',(0.,1.,0.));
#14087=DIRECTION('center_axis',(1.,0.,0.));
#14088=DIRECTION('ref_axis',(0.,1.,0.));
#14089=DIRECTION('',(0.,0.,1.));
#14090=DIRECTION('',(0.,0.,-1.));
#14091=DIRECTION('center_axis',(-1.,0.,0.));
#14092=DIRECTION('ref_axis',(0.,-1.,0.));
#14093=DIRECTION('',(0.,0.,1.));
#14094=DIRECTION('',(0.,-1.,0.));
#14095=DIRECTION('',(0.,0.,-1.));
#14096=DIRECTION('center_axis',(0.,0.,1.));
#14097=DIRECTION('ref_axis',(1.,0.,0.));
#14098=DIRECTION('',(-1.,0.,0.));
#14099=DIRECTION('',(0.,-1.,0.));
#14100=DIRECTION('',(1.,0.,0.));
#14101=DIRECTION('center_axis',(0.,1.,0.));
#14102=DIRECTION('ref_axis',(0.,0.,1.));
#14103=DIRECTION('',(1.,0.,0.));
#14104=DIRECTION('',(0.,0.,-1.));
#14105=DIRECTION('',(-1.,0.,0.));
#14106=DIRECTION('',(0.,0.,1.));
#14107=DIRECTION('center_axis',(0.,-1.,0.));
#14108=DIRECTION('ref_axis',(1.,0.,0.));
#14109=DIRECTION('center_axis',(0.,-1.,0.));
#14110=DIRECTION('ref_axis',(1.,0.,0.));
#14111=DIRECTION('center_axis',(0.,1.,0.));
#14112=DIRECTION('ref_axis',(1.,0.,0.));
#14113=DIRECTION('center_axis',(0.,1.,0.));
#14114=DIRECTION('ref_axis',(1.,0.,0.));
#14115=DIRECTION('center_axis',(0.,1.,0.));
#14116=DIRECTION('ref_axis',(1.,0.,0.));
#14117=DIRECTION('center_axis',(0.,1.,0.));
#14118=DIRECTION('ref_axis',(1.,0.,0.));
#14119=DIRECTION('',(0.,1.,0.));
#14120=DIRECTION('center_axis',(0.,-1.,0.));
#14121=DIRECTION('ref_axis',(1.,0.,0.));
#14122=DIRECTION('',(0.,-1.,0.));
#14123=DIRECTION('center_axis',(0.,1.,0.));
#14124=DIRECTION('ref_axis',(1.,0.,0.));
#14125=DIRECTION('center_axis',(0.,1.,0.));
#14126=DIRECTION('ref_axis',(-1.,0.,0.));
#14127=DIRECTION('',(0.,0.,1.));
#14128=DIRECTION('',(-1.,0.,0.));
#14129=DIRECTION('',(0.,0.,-1.));
#14130=DIRECTION('',(1.,0.,0.));
#14131=DIRECTION('',(-1.,0.,0.));
#14132=DIRECTION('',(0.,0.,1.));
#14133=DIRECTION('',(1.,0.,0.));
#14134=DIRECTION('',(0.,0.,-1.));
#14135=DIRECTION('',(-1.,0.,0.));
#14136=DIRECTION('center_axis',(1.,0.,0.));
#14137=DIRECTION('ref_axis',(0.,0.,-1.));
#14138=DIRECTION('',(0.,1.,0.));
#14139=DIRECTION('',(0.,0.,-1.));
#14140=DIRECTION('',(0.,1.,0.));
#14141=DIRECTION('center_axis',(0.,0.,-1.));
#14142=DIRECTION('ref_axis',(-1.,0.,0.));
#14143=DIRECTION('',(-1.,0.,0.));
#14144=DIRECTION('',(0.,1.,0.));
#14145=DIRECTION('center_axis',(0.,0.,1.));
#14146=DIRECTION('ref_axis',(1.,0.,0.));
#14147=DIRECTION('',(1.,0.,0.));
#14148=DIRECTION('center_axis',(1.,0.,0.));
#14149=DIRECTION('ref_axis',(0.,0.,-1.));
#14150=DIRECTION('',(0.,1.,0.));
#14151=DIRECTION('',(0.,1.,0.));
#14152=DIRECTION('center_axis',(0.,0.,-1.));
#14153=DIRECTION('ref_axis',(-1.,0.,0.));
#14154=DIRECTION('',(0.,1.,0.));
#14155=DIRECTION('center_axis',(0.,1.,0.));
#14156=DIRECTION('ref_axis',(0.,0.,1.));
#14157=DIRECTION('',(1.,0.,0.));
#14158=DIRECTION('',(0.,0.,1.));
#14159=DIRECTION('center_axis',(0.,0.,1.));
#14160=DIRECTION('ref_axis',(1.,0.,0.));
#14161=DIRECTION('',(0.,-1.,0.));
#14162=DIRECTION('center_axis',(-1.,0.,0.));
#14163=DIRECTION('ref_axis',(0.,0.,1.));
#14164=DIRECTION('center_axis',(-1.,0.,0.));
#14165=DIRECTION('ref_axis',(0.,0.,1.));
#14166=DIRECTION('',(0.,-1.,0.));
#14167=DIRECTION('center_axis',(0.,0.,1.));
#14168=DIRECTION('ref_axis',(1.,0.,0.));
#14169=DIRECTION('center_axis',(0.,-1.,0.));
#14170=DIRECTION('ref_axis',(0.,0.,-1.));
#14171=DIRECTION('',(-1.,0.,0.));
#14172=DIRECTION('',(0.,0.,-1.));
#14173=DIRECTION('',(1.,0.,0.));
#14174=DIRECTION('',(0.,0.,1.));
#14175=DIRECTION('center_axis',(0.,1.,0.));
#14176=DIRECTION('ref_axis',(1.,0.,0.));
#14177=DIRECTION('center_axis',(0.,-1.,0.));
#14178=DIRECTION('ref_axis',(0.,0.,-1.));
#14179=DIRECTION('center_axis',(0.,-1.,0.));
#14180=DIRECTION('ref_axis',(1.,0.,0.));
#14181=DIRECTION('center_axis',(0.,-1.,0.));
#14182=DIRECTION('ref_axis',(1.,0.,0.));
#14183=DIRECTION('',(-1.,0.,0.));
#14184=DIRECTION('',(0.,0.,1.));
#14185=DIRECTION('',(1.,0.,0.));
#14186=DIRECTION('',(0.,0.,-1.));
#14187=DIRECTION('',(-1.,0.,0.));
#14188=DIRECTION('center_axis',(-1.,0.,0.));
#14189=DIRECTION('ref_axis',(0.,0.,1.));
#14190=DIRECTION('',(0.,0.,-1.));
#14191=DIRECTION('',(0.,1.,0.));
#14192=DIRECTION('',(0.,-1.,0.));
#14193=DIRECTION('center_axis',(0.,0.,1.));
#14194=DIRECTION('ref_axis',(1.,0.,0.));
#14195=DIRECTION('',(-1.,0.,0.));
#14196=DIRECTION('',(0.,1.,0.));
#14197=DIRECTION('center_axis',(0.,0.,-1.));
#14198=DIRECTION('ref_axis',(-1.,0.,0.));
#14199=DIRECTION('',(1.,0.,0.));
#14200=DIRECTION('',(0.,1.,0.));
#14201=DIRECTION('center_axis',(1.,0.,0.));
#14202=DIRECTION('ref_axis',(0.,0.,-1.));
#14203=DIRECTION('',(0.,0.,1.));
#14204=DIRECTION('center_axis',(0.,1.,0.));
#14205=DIRECTION('ref_axis',(1.,0.,0.));
#14206=DIRECTION('',(0.,1.,0.));
#14207=DIRECTION('',(0.,-1.,0.));
#14208=DIRECTION('center_axis',(0.,1.,0.));
#14209=DIRECTION('ref_axis',(1.,0.,0.));
#14210=DIRECTION('',(0.,1.,0.));
#14211=DIRECTION('center_axis',(0.,0.,1.));
#14212=DIRECTION('ref_axis',(1.,0.,0.));
#14213=DIRECTION('',(1.,0.,0.));
#14214=DIRECTION('',(0.,-1.,0.));
#14215=DIRECTION('center_axis',(0.,0.,1.));
#14216=DIRECTION('ref_axis',(1.,0.,0.));
#14217=DIRECTION('',(1.,0.,0.));
#14218=DIRECTION('',(0.,1.,0.));
#14219=DIRECTION('center_axis',(-1.,0.,0.));
#14220=DIRECTION('ref_axis',(0.,0.,1.));
#14221=DIRECTION('',(0.,0.,1.));
#14222=DIRECTION('',(0.,1.,0.));
#14223=DIRECTION('center_axis',(0.,0.,-1.));
#14224=DIRECTION('ref_axis',(-1.,0.,0.));
#14225=DIRECTION('',(-1.,0.,0.));
#14226=DIRECTION('',(0.,1.,0.));
#14227=DIRECTION('center_axis',(1.,0.,0.));
#14228=DIRECTION('ref_axis',(0.,0.,-1.));
#14229=DIRECTION('',(0.,0.,-1.));
#14230=DIRECTION('center_axis',(0.,-1.,0.));
#14231=DIRECTION('ref_axis',(1.,0.,0.));
#14232=DIRECTION('axis',(0.,0.,1.));
#14233=DIRECTION('refdir',(1.,0.,0.));
#14234=DIRECTION('center_axis',(1.,0.,0.));
#14235=DIRECTION('ref_axis',(0.,0.,-1.));
#14236=DIRECTION('center_axis',(-1.,0.,0.));
#14237=DIRECTION('ref_axis',(0.,0.,-1.));
#14238=DIRECTION('',(1.,0.,0.));
#14239=DIRECTION('center_axis',(-1.,0.,0.));
#14240=DIRECTION('ref_axis',(0.,0.,-1.));
#14241=DIRECTION('center_axis',(0.,0.,1.));
#14242=DIRECTION('ref_axis',(0.,-1.,0.));
#14243=DIRECTION('',(0.,-1.,0.));
#14244=DIRECTION('',(1.,0.,0.));
#14245=DIRECTION('',(0.,-1.,0.));
#14246=DIRECTION('',(1.,0.,0.));
#14247=DIRECTION('center_axis',(0.,1.,0.));
#14248=DIRECTION('ref_axis',(0.,0.,1.));
#14249=DIRECTION('',(0.,0.,1.));
#14250=DIRECTION('',(0.,0.,1.));
#14251=DIRECTION('',(1.,0.,0.));
#14252=DIRECTION('center_axis',(0.,0.,-1.));
#14253=DIRECTION('ref_axis',(0.,1.,0.));
#14254=DIRECTION('',(0.,1.,0.));
#14255=DIRECTION('',(0.,1.,0.));
#14256=DIRECTION('',(1.,0.,0.));
#14257=DIRECTION('center_axis',(0.,-1.,0.));
#14258=DIRECTION('ref_axis',(0.,0.,-1.));
#14259=DIRECTION('',(0.,0.,-1.));
#14260=DIRECTION('',(0.,0.,-1.));
#14261=DIRECTION('center_axis',(1.,0.,0.));
#14262=DIRECTION('ref_axis',(0.,0.,-1.));
#14263=DIRECTION('center_axis',(1.,0.,0.));
#14264=DIRECTION('ref_axis',(0.,0.,-1.));
#14265=DIRECTION('axis',(0.,0.,1.));
#14266=DIRECTION('refdir',(1.,0.,0.));
#14267=DIRECTION('center_axis',(1.,0.,0.));
#14268=DIRECTION('ref_axis',(0.,0.,-1.));
#14269=DIRECTION('center_axis',(-1.,0.,0.));
#14270=DIRECTION('ref_axis',(0.,0.,-1.));
#14271=DIRECTION('',(1.,0.,0.));
#14272=DIRECTION('center_axis',(-1.,0.,0.));
#14273=DIRECTION('ref_axis',(0.,0.,-1.));
#14274=DIRECTION('center_axis',(0.,0.,1.));
#14275=DIRECTION('ref_axis',(0.,-1.,0.));
#14276=DIRECTION('',(0.,-1.,0.));
#14277=DIRECTION('',(1.,0.,0.));
#14278=DIRECTION('',(0.,-1.,0.));
#14279=DIRECTION('',(1.,0.,0.));
#14280=DIRECTION('center_axis',(0.,1.,0.));
#14281=DIRECTION('ref_axis',(0.,0.,1.));
#14282=DIRECTION('',(0.,0.,1.));
#14283=DIRECTION('',(0.,0.,1.));
#14284=DIRECTION('',(1.,0.,0.));
#14285=DIRECTION('center_axis',(0.,0.,-1.));
#14286=DIRECTION('ref_axis',(0.,1.,0.));
#14287=DIRECTION('',(0.,1.,0.));
#14288=DIRECTION('',(0.,1.,0.));
#14289=DIRECTION('',(1.,0.,0.));
#14290=DIRECTION('center_axis',(0.,-1.,0.));
#14291=DIRECTION('ref_axis',(0.,0.,-1.));
#14292=DIRECTION('',(0.,0.,-1.));
#14293=DIRECTION('',(0.,0.,-1.));
#14294=DIRECTION('center_axis',(1.,0.,0.));
#14295=DIRECTION('ref_axis',(0.,0.,-1.));
#14296=DIRECTION('center_axis',(1.,0.,0.));
#14297=DIRECTION('ref_axis',(0.,0.,-1.));
#14298=DIRECTION('axis',(0.,0.,1.));
#14299=DIRECTION('refdir',(1.,0.,0.));
#14300=DIRECTION('center_axis',(1.,0.,0.));
#14301=DIRECTION('ref_axis',(0.,0.,-1.));
#14302=DIRECTION('center_axis',(-1.,0.,0.));
#14303=DIRECTION('ref_axis',(0.,0.,-1.));
#14304=DIRECTION('',(1.,0.,0.));
#14305=DIRECTION('center_axis',(-1.,0.,0.));
#14306=DIRECTION('ref_axis',(0.,0.,-1.));
#14307=DIRECTION('center_axis',(0.,0.,1.));
#14308=DIRECTION('ref_axis',(0.,-1.,0.));
#14309=DIRECTION('',(0.,-1.,0.));
#14310=DIRECTION('',(1.,0.,0.));
#14311=DIRECTION('',(0.,-1.,0.));
#14312=DIRECTION('',(1.,0.,0.));
#14313=DIRECTION('center_axis',(0.,1.,0.));
#14314=DIRECTION('ref_axis',(0.,0.,1.));
#14315=DIRECTION('',(0.,0.,1.));
#14316=DIRECTION('',(0.,0.,1.));
#14317=DIRECTION('',(1.,0.,0.));
#14318=DIRECTION('center_axis',(0.,0.,-1.));
#14319=DIRECTION('ref_axis',(0.,1.,0.));
#14320=DIRECTION('',(0.,1.,0.));
#14321=DIRECTION('',(0.,1.,0.));
#14322=DIRECTION('',(1.,0.,0.));
#14323=DIRECTION('center_axis',(0.,-1.,0.));
#14324=DIRECTION('ref_axis',(0.,0.,-1.));
#14325=DIRECTION('',(0.,0.,-1.));
#14326=DIRECTION('',(0.,0.,-1.));
#14327=DIRECTION('center_axis',(1.,0.,0.));
#14328=DIRECTION('ref_axis',(0.,0.,-1.));
#14329=DIRECTION('center_axis',(1.,0.,0.));
#14330=DIRECTION('ref_axis',(0.,0.,-1.));
#14331=DIRECTION('axis',(0.,0.,1.));
#14332=DIRECTION('refdir',(1.,0.,0.));
#14333=DIRECTION('center_axis',(1.,0.,0.));
#14334=DIRECTION('ref_axis',(0.,0.,-1.));
#14335=DIRECTION('center_axis',(-1.,0.,0.));
#14336=DIRECTION('ref_axis',(0.,0.,-1.));
#14337=DIRECTION('',(1.,0.,0.));
#14338=DIRECTION('center_axis',(-1.,0.,0.));
#14339=DIRECTION('ref_axis',(0.,0.,-1.));
#14340=DIRECTION('center_axis',(0.,0.,1.));
#14341=DIRECTION('ref_axis',(0.,-1.,0.));
#14342=DIRECTION('',(0.,-1.,0.));
#14343=DIRECTION('',(1.,0.,0.));
#14344=DIRECTION('',(0.,-1.,0.));
#14345=DIRECTION('',(1.,0.,0.));
#14346=DIRECTION('center_axis',(0.,1.,0.));
#14347=DIRECTION('ref_axis',(0.,0.,1.));
#14348=DIRECTION('',(0.,0.,1.));
#14349=DIRECTION('',(0.,0.,1.));
#14350=DIRECTION('',(1.,0.,0.));
#14351=DIRECTION('center_axis',(0.,0.,-1.));
#14352=DIRECTION('ref_axis',(0.,1.,0.));
#14353=DIRECTION('',(0.,1.,0.));
#14354=DIRECTION('',(0.,1.,0.));
#14355=DIRECTION('',(1.,0.,0.));
#14356=DIRECTION('center_axis',(0.,-1.,0.));
#14357=DIRECTION('ref_axis',(0.,0.,-1.));
#14358=DIRECTION('',(0.,0.,-1.));
#14359=DIRECTION('',(0.,0.,-1.));
#14360=DIRECTION('center_axis',(1.,0.,0.));
#14361=DIRECTION('ref_axis',(0.,0.,-1.));
#14362=DIRECTION('center_axis',(1.,0.,0.));
#14363=DIRECTION('ref_axis',(0.,0.,-1.));
#14364=DIRECTION('axis',(0.,0.,1.));
#14365=DIRECTION('refdir',(1.,0.,0.));
#14366=DIRECTION('center_axis',(1.,0.,0.));
#14367=DIRECTION('ref_axis',(0.,0.,-1.));
#14368=DIRECTION('center_axis',(1.,0.,0.));
#14369=DIRECTION('ref_axis',(0.,0.,-1.));
#14370=DIRECTION('',(-1.,0.,0.));
#14371=DIRECTION('center_axis',(1.,0.,0.));
#14372=DIRECTION('ref_axis',(0.,0.,-1.));
#14373=DIRECTION('center_axis',(1.,0.,0.));
#14374=DIRECTION('ref_axis',(0.,0.,-1.));
#14375=DIRECTION('center_axis',(1.,0.,0.));
#14376=DIRECTION('ref_axis',(0.,0.,-1.));
#14377=DIRECTION('axis',(0.,0.,1.));
#14378=DIRECTION('refdir',(1.,0.,0.));
#14379=DIRECTION('center_axis',(1.,0.,0.));
#14380=DIRECTION('ref_axis',(0.,0.,-1.));
#14381=DIRECTION('center_axis',(1.,0.,0.));
#14382=DIRECTION('ref_axis',(0.,0.,-1.));
#14383=DIRECTION('',(-1.,0.,0.));
#14384=DIRECTION('center_axis',(1.,0.,0.));
#14385=DIRECTION('ref_axis',(0.,0.,-1.));
#14386=DIRECTION('center_axis',(1.,0.,0.));
#14387=DIRECTION('ref_axis',(0.,0.,-1.));
#14388=DIRECTION('center_axis',(1.,0.,0.));
#14389=DIRECTION('ref_axis',(0.,0.,-1.));
#14390=DIRECTION('axis',(0.,0.,1.));
#14391=DIRECTION('refdir',(1.,0.,0.));
#14392=DIRECTION('center_axis',(1.,0.,0.));
#14393=DIRECTION('ref_axis',(0.,0.,-1.));
#14394=DIRECTION('center_axis',(1.,0.,0.));
#14395=DIRECTION('ref_axis',(0.,0.,-1.));
#14396=DIRECTION('',(1.,0.,0.));
#14397=DIRECTION('center_axis',(-1.,0.,0.));
#14398=DIRECTION('ref_axis',(0.,0.,-1.));
#14399=DIRECTION('center_axis',(1.,0.,0.));
#14400=DIRECTION('ref_axis',(0.,0.,-1.));
#14401=DIRECTION('center_axis',(1.,0.,0.));
#14402=DIRECTION('ref_axis',(0.,0.,-1.));
#14403=DIRECTION('',(-1.,0.,0.));
#14404=DIRECTION('center_axis',(1.,0.,0.));
#14405=DIRECTION('ref_axis',(0.,0.,-1.));
#14406=DIRECTION('center_axis',(1.,0.,0.));
#14407=DIRECTION('ref_axis',(0.,0.,-1.));
#14408=DIRECTION('center_axis',(1.,0.,0.));
#14409=DIRECTION('ref_axis',(0.,0.,-1.));
#14410=DIRECTION('axis',(0.,0.,1.));
#14411=DIRECTION('refdir',(1.,0.,0.));
#14412=DIRECTION('center_axis',(1.,0.,0.));
#14413=DIRECTION('ref_axis',(0.,0.,-1.));
#14414=DIRECTION('center_axis',(1.,0.,0.));
#14415=DIRECTION('ref_axis',(0.,0.,-1.));
#14416=DIRECTION('',(1.,0.,0.));
#14417=DIRECTION('center_axis',(-1.,0.,0.));
#14418=DIRECTION('ref_axis',(0.,0.,-1.));
#14419=DIRECTION('center_axis',(1.,0.,0.));
#14420=DIRECTION('ref_axis',(0.,0.,-1.));
#14421=DIRECTION('center_axis',(1.,0.,0.));
#14422=DIRECTION('ref_axis',(0.,0.,-1.));
#14423=DIRECTION('',(-1.,0.,0.));
#14424=DIRECTION('center_axis',(1.,0.,0.));
#14425=DIRECTION('ref_axis',(0.,0.,-1.));
#14426=DIRECTION('center_axis',(1.,0.,0.));
#14427=DIRECTION('ref_axis',(0.,0.,-1.));
#14428=DIRECTION('center_axis',(1.,0.,0.));
#14429=DIRECTION('ref_axis',(0.,0.,-1.));
#14430=DIRECTION('axis',(0.,0.,1.));
#14431=DIRECTION('refdir',(1.,0.,0.));
#14432=DIRECTION('center_axis',(1.,0.,0.));
#14433=DIRECTION('ref_axis',(0.,0.,-1.));
#14434=DIRECTION('center_axis',(1.,0.,0.));
#14435=DIRECTION('ref_axis',(0.,0.,-1.));
#14436=DIRECTION('',(1.,0.,0.));
#14437=DIRECTION('center_axis',(-1.,0.,0.));
#14438=DIRECTION('ref_axis',(0.,0.,-1.));
#14439=DIRECTION('center_axis',(1.,0.,0.));
#14440=DIRECTION('ref_axis',(0.,0.,-1.));
#14441=DIRECTION('center_axis',(1.,0.,0.));
#14442=DIRECTION('ref_axis',(0.,0.,-1.));
#14443=DIRECTION('',(-1.,0.,0.));
#14444=DIRECTION('center_axis',(1.,0.,0.));
#14445=DIRECTION('ref_axis',(0.,0.,-1.));
#14446=DIRECTION('center_axis',(1.,0.,0.));
#14447=DIRECTION('ref_axis',(0.,0.,-1.));
#14448=DIRECTION('center_axis',(1.,0.,0.));
#14449=DIRECTION('ref_axis',(0.,0.,-1.));
#14450=DIRECTION('axis',(0.,0.,1.));
#14451=DIRECTION('refdir',(1.,0.,0.));
#14452=DIRECTION('center_axis',(1.,0.,0.));
#14453=DIRECTION('ref_axis',(0.,0.,-1.));
#14454=DIRECTION('center_axis',(1.,0.,0.));
#14455=DIRECTION('ref_axis',(0.,0.,-1.));
#14456=DIRECTION('',(1.,0.,0.));
#14457=DIRECTION('center_axis',(-1.,0.,0.));
#14458=DIRECTION('ref_axis',(0.,0.,-1.));
#14459=DIRECTION('center_axis',(1.,0.,0.));
#14460=DIRECTION('ref_axis',(0.,0.,-1.));
#14461=DIRECTION('center_axis',(1.,0.,0.));
#14462=DIRECTION('ref_axis',(0.,0.,-1.));
#14463=DIRECTION('',(-1.,0.,0.));
#14464=DIRECTION('center_axis',(1.,0.,0.));
#14465=DIRECTION('ref_axis',(0.,0.,-1.));
#14466=DIRECTION('center_axis',(1.,0.,0.));
#14467=DIRECTION('ref_axis',(0.,0.,-1.));
#14468=DIRECTION('center_axis',(1.,0.,0.));
#14469=DIRECTION('ref_axis',(0.,0.,-1.));
#14470=DIRECTION('axis',(0.,0.,1.));
#14471=DIRECTION('refdir',(1.,0.,0.));
#14472=DIRECTION('center_axis',(0.,-1.,0.));
#14473=DIRECTION('ref_axis',(1.,0.,0.));
#14474=DIRECTION('',(1.,0.,0.));
#14475=DIRECTION('',(0.,0.,1.));
#14476=DIRECTION('',(1.,0.,0.));
#14477=DIRECTION('',(0.,0.,1.));
#14478=DIRECTION('center_axis',(0.,1.,0.));
#14479=DIRECTION('ref_axis',(1.,0.,0.));
#14480=DIRECTION('center_axis',(0.,1.,0.));
#14481=DIRECTION('ref_axis',(-1.,0.,0.));
#14482=DIRECTION('',(-1.,0.,0.));
#14483=DIRECTION('',(0.,0.,1.));
#14484=DIRECTION('',(-1.,0.,0.));
#14485=DIRECTION('',(0.,0.,1.));
#14486=DIRECTION('center_axis',(1.,0.,0.));
#14487=DIRECTION('ref_axis',(0.,1.,0.));
#14488=DIRECTION('',(0.,1.,0.));
#14489=DIRECTION('',(0.,1.,0.));
#14490=DIRECTION('center_axis',(-1.,0.,0.));
#14491=DIRECTION('ref_axis',(0.,-1.,0.));
#14492=DIRECTION('',(0.,-1.,0.));
#14493=DIRECTION('',(0.,-1.,0.));
#14494=DIRECTION('center_axis',(0.,0.,1.));
#14495=DIRECTION('ref_axis',(1.,0.,0.));
#14496=DIRECTION('center_axis',(0.,0.,1.));
#14497=DIRECTION('ref_axis',(1.,0.,0.));
#14498=DIRECTION('center_axis',(0.,1.,0.));
#14499=DIRECTION('ref_axis',(1.,0.,0.));
#14500=DIRECTION('',(0.,-1.,0.));
#14501=DIRECTION('center_axis',(0.,1.,0.));
#14502=DIRECTION('ref_axis',(1.,0.,0.));
#14503=DIRECTION('center_axis',(0.,1.,0.));
#14504=DIRECTION('ref_axis',(1.,0.,0.));
#14505=DIRECTION('',(0.,0.,1.));
#14506=DIRECTION('',(1.,0.,0.));
#14507=DIRECTION('',(0.,0.,1.));
#14508=DIRECTION('',(1.,0.,0.));
#14509=DIRECTION('',(0.,0.,1.));
#14510=DIRECTION('',(1.,0.,0.));
#14511=DIRECTION('',(0.,0.,1.));
#14512=DIRECTION('',(1.,0.,0.));
#14513=DIRECTION('',(0.,0.,1.));
#14514=DIRECTION('',(1.,0.,0.));
#14515=DIRECTION('',(0.,0.,1.));
#14516=DIRECTION('',(1.,0.,0.));
#14517=DIRECTION('',(0.,0.,1.));
#14518=DIRECTION('',(1.,0.,0.));
#14519=DIRECTION('',(0.,0.,1.));
#14520=DIRECTION('',(1.,0.,0.));
#14521=DIRECTION('',(0.,0.,1.));
#14522=DIRECTION('',(1.,0.,0.));
#14523=DIRECTION('',(0.,0.,1.));
#14524=DIRECTION('',(1.,0.,0.));
#14525=DIRECTION('',(0.,0.,1.));
#14526=DIRECTION('',(1.,0.,0.));
#14527=DIRECTION('',(0.,0.,1.));
#14528=DIRECTION('',(1.,0.,0.));
#14529=DIRECTION('',(0.,0.,1.));
#14530=DIRECTION('',(1.,0.,0.));
#14531=DIRECTION('',(0.,0.,1.));
#14532=DIRECTION('',(1.,0.,0.));
#14533=DIRECTION('',(0.,0.,1.));
#14534=DIRECTION('',(1.,0.,0.));
#14535=DIRECTION('',(0.,0.,1.));
#14536=DIRECTION('',(1.,0.,0.));
#14537=DIRECTION('',(0.,0.,1.));
#14538=DIRECTION('',(1.,0.,0.));
#14539=CARTESIAN_POINT('',(0.,0.,0.));
#14540=CARTESIAN_POINT('',(0.,0.,0.));
#14541=CARTESIAN_POINT('Origin',(2.45,0.25,4.905));
#14542=CARTESIAN_POINT('',(3.2,0.25,4.5));
#14543=CARTESIAN_POINT('',(3.2,0.25,4.8));
#14544=CARTESIAN_POINT('',(3.2,0.25,2.4525));
#14545=CARTESIAN_POINT('',(3.55,0.25,4.5));
#14546=CARTESIAN_POINT('',(1.25,0.25,4.5));
#14547=CARTESIAN_POINT('',(3.55,0.25,4.8));
#14548=CARTESIAN_POINT('',(3.55,0.25,4.8525));
#14549=CARTESIAN_POINT('',(2.825,0.25,4.8));
#14550=CARTESIAN_POINT('Origin',(3.65,0.,4.5));
#14551=CARTESIAN_POINT('',(3.2,0.,4.5));
#14552=CARTESIAN_POINT('',(3.2,0.,4.5));
#14553=CARTESIAN_POINT('',(3.55,0.,4.5));
#14554=CARTESIAN_POINT('',(1.25,0.,4.5));
#14555=CARTESIAN_POINT('',(3.55,0.,4.5));
#14556=CARTESIAN_POINT('Origin',(2.45,0.,4.905));
#14557=CARTESIAN_POINT('',(3.2,0.,4.8));
#14558=CARTESIAN_POINT('',(3.2,0.,2.4525));
#14559=CARTESIAN_POINT('',(3.55,0.,4.8));
#14560=CARTESIAN_POINT('',(2.825,0.,4.8));
#14561=CARTESIAN_POINT('',(3.55,0.,4.8525));
#14562=CARTESIAN_POINT('Origin',(3.2,0.,0.));
#14563=CARTESIAN_POINT('',(3.2,2.25,4.8));
#14564=CARTESIAN_POINT('',(3.2,0.,4.8));
#14565=CARTESIAN_POINT('',(3.2,2.25,4.56583123951777));
#14566=CARTESIAN_POINT('',(3.2,2.25,4.));
#14567=CARTESIAN_POINT('',(3.2,2.25,4.23416876048223));
#14568=CARTESIAN_POINT('Origin',(3.2,2.,4.4));
#14569=CARTESIAN_POINT('',(3.2,2.25,4.));
#14570=CARTESIAN_POINT('',(3.2,2.25,4.));
#14571=CARTESIAN_POINT('',(3.2,1.5,4.));
#14572=CARTESIAN_POINT('',(3.2,2.25,4.));
#14573=CARTESIAN_POINT('',(3.2,1.5,0.));
#14574=CARTESIAN_POINT('',(3.2,1.5,0.));
#14575=CARTESIAN_POINT('',(3.2,-1.5,0.));
#14576=CARTESIAN_POINT('',(3.2,0.,0.));
#14577=CARTESIAN_POINT('',(3.2,-1.5,4.));
#14578=CARTESIAN_POINT('',(3.2,-1.5,0.));
#14579=CARTESIAN_POINT('',(3.2,-2.25,4.));
#14580=CARTESIAN_POINT('',(3.2,-1.4,4.));
#14581=CARTESIAN_POINT('',(3.2,-2.25,4.23416876048223));
#14582=CARTESIAN_POINT('',(3.2,-2.25,4.));
#14583=CARTESIAN_POINT('',(3.2,-2.25,4.56583123951777));
#14584=CARTESIAN_POINT('Origin',(3.2,-2.,4.4));
#14585=CARTESIAN_POINT('',(3.2,-2.25,4.8));
#14586=CARTESIAN_POINT('',(3.2,-2.25,4.));
#14587=CARTESIAN_POINT('',(3.2,0.,4.8));
#14588=CARTESIAN_POINT('Origin',(3.2,0.,4.8));
#14589=CARTESIAN_POINT('',(3.55,2.25,4.8));
#14590=CARTESIAN_POINT('',(3.55,0.,4.8));
#14591=CARTESIAN_POINT('',(3.55,2.25,4.8));
#14592=CARTESIAN_POINT('Origin',(3.,-2.,4.4));
#14593=CARTESIAN_POINT('',(3.55,-2.25,4.56583123951777));
#14594=CARTESIAN_POINT('',(3.,-2.25,4.56583123951777));
#14595=CARTESIAN_POINT('',(3.55,-2.25,4.23416876048223));
#14596=CARTESIAN_POINT('',(3.,-2.25,4.23416876048223));
#14597=CARTESIAN_POINT('Origin',(3.55,-2.,4.4));
#14598=CARTESIAN_POINT('Origin',(3.2,-2.25,4.));
#14599=CARTESIAN_POINT('',(3.55,-2.25,4.8));
#14600=CARTESIAN_POINT('',(3.55,-2.25,4.));
#14601=CARTESIAN_POINT('',(3.2,-2.25,4.8));
#14602=CARTESIAN_POINT('Origin',(3.2,-2.25,4.));
#14603=CARTESIAN_POINT('',(3.55,-2.25,4.));
#14604=CARTESIAN_POINT('',(3.2,-2.25,4.));
#14605=CARTESIAN_POINT('',(3.55,-2.25,4.));
#14606=CARTESIAN_POINT('Origin',(3.375,-1.825,4.));
#14607=CARTESIAN_POINT('',(3.55,-1.5,4.));
#14608=CARTESIAN_POINT('',(3.375,-1.5,4.));
#14609=CARTESIAN_POINT('',(3.55,-2.25,4.));
#14610=CARTESIAN_POINT('Origin',(3.55,0.,4.8));
#14611=CARTESIAN_POINT('',(3.55,0.,4.8));
#14612=CARTESIAN_POINT('',(3.55,-1.5,1.2));
#14613=CARTESIAN_POINT('',(3.55,-1.5,4.8));
#14614=CARTESIAN_POINT('',(3.55,1.5,1.2));
#14615=CARTESIAN_POINT('',(3.55,0.,1.2));
#14616=CARTESIAN_POINT('',(3.55,1.5,4.));
#14617=CARTESIAN_POINT('',(3.55,1.5,4.8));
#14618=CARTESIAN_POINT('',(3.55,2.25,4.));
#14619=CARTESIAN_POINT('',(3.55,1.4,4.));
#14620=CARTESIAN_POINT('',(3.55,2.25,4.23416876048223));
#14621=CARTESIAN_POINT('',(3.55,2.25,4.));
#14622=CARTESIAN_POINT('',(3.55,2.25,4.56583123951777));
#14623=CARTESIAN_POINT('Origin',(3.55,2.,4.4));
#14624=CARTESIAN_POINT('',(3.55,2.25,4.));
#14625=CARTESIAN_POINT('Origin',(3.375,-1.5,2.4));
#14626=CARTESIAN_POINT('',(3.35,-1.5,0.));
#14627=CARTESIAN_POINT('',(3.35,-1.5,0.));
#14628=CARTESIAN_POINT('',(3.55,-1.5,1.2));
#14629=CARTESIAN_POINT('Origin',(3.,2.,4.4));
#14630=CARTESIAN_POINT('',(3.,2.25,4.23416876048223));
#14631=CARTESIAN_POINT('',(3.,2.25,4.56583123951777));
#14632=CARTESIAN_POINT('Origin',(3.55,2.25,4.));
#14633=CARTESIAN_POINT('',(3.55,2.25,4.));
#14634=CARTESIAN_POINT('Origin',(3.55,2.25,4.));
#14635=CARTESIAN_POINT('Origin',(3.375,1.825,4.));
#14636=CARTESIAN_POINT('',(3.375,1.5,4.));
#14637=CARTESIAN_POINT('Origin',(3.375,1.5,2.4));
#14638=CARTESIAN_POINT('',(3.35,1.5,0.));
#14639=CARTESIAN_POINT('',(3.55,1.5,1.2));
#14640=CARTESIAN_POINT('',(3.35,1.5,0.));
#14641=CARTESIAN_POINT('Origin',(3.35,0.,0.));
#14642=CARTESIAN_POINT('',(3.35,0.,0.));
#14643=CARTESIAN_POINT('Origin',(3.55,0.,1.2));
#14644=CARTESIAN_POINT('Origin',(3.2,0.,4.8));
#14645=CARTESIAN_POINT('Origin',(2.45,0.25,4.905));
#14646=CARTESIAN_POINT('',(1.35,0.25,4.6));
#14647=CARTESIAN_POINT('',(1.35,0.25,5.21));
#14648=CARTESIAN_POINT('',(1.35,0.25,4.7525));
#14649=CARTESIAN_POINT('',(3.55,0.25,4.6));
#14650=CARTESIAN_POINT('',(3.,0.25,4.6));
#14651=CARTESIAN_POINT('',(3.55,0.25,5.21));
#14652=CARTESIAN_POINT('',(3.55,0.25,5.0575));
#14653=CARTESIAN_POINT('',(1.9,0.25,5.21));
#14654=CARTESIAN_POINT('Origin',(3.55,0.,5.21));
#14655=CARTESIAN_POINT('',(3.55,0.65,4.6));
#14656=CARTESIAN_POINT('',(3.55,0.,4.6));
#14657=CARTESIAN_POINT('',(3.55,0.65,5.21));
#14658=CARTESIAN_POINT('',(3.55,0.65,4.6));
#14659=CARTESIAN_POINT('',(3.55,0.,5.21));
#14660=CARTESIAN_POINT('Origin',(3.55,0.,4.6));
#14661=CARTESIAN_POINT('',(1.35,0.65,4.6));
#14662=CARTESIAN_POINT('',(1.35,0.,4.6));
#14663=CARTESIAN_POINT('',(1.35,0.65,4.6));
#14664=CARTESIAN_POINT('Origin',(1.35,0.,4.6));
#14665=CARTESIAN_POINT('',(1.35,0.65,5.21));
#14666=CARTESIAN_POINT('',(1.35,0.,5.21));
#14667=CARTESIAN_POINT('',(1.35,0.65,5.21));
#14668=CARTESIAN_POINT('Origin',(1.35,0.,5.21));
#14669=CARTESIAN_POINT('',(3.55,0.65,5.21));
#14670=CARTESIAN_POINT('Origin',(2.45,0.65,4.905));
#14671=CARTESIAN_POINT('',(0.,0.,0.));
#14672=CARTESIAN_POINT('Origin',(-4.3,0.,8.2));
#14673=CARTESIAN_POINT('',(-4.3,0.75,8.2));
#14674=CARTESIAN_POINT('',(-2.,0.75,8.2));
#14675=CARTESIAN_POINT('',(-3.725,0.75,8.2));
#14676=CARTESIAN_POINT('',(-2.,1.15,8.2));
#14677=CARTESIAN_POINT('',(-2.,0.,8.2));
#14678=CARTESIAN_POINT('',(-4.3,1.15,8.2));
#14679=CARTESIAN_POINT('',(-4.05,1.15,8.2));
#14680=CARTESIAN_POINT('',(-4.3,0.,8.2));
#14681=CARTESIAN_POINT('Origin',(-2.,0.,8.2));
#14682=CARTESIAN_POINT('',(-2.,0.75,7.95));
#14683=CARTESIAN_POINT('',(-2.,0.75,8.1375));
#14684=CARTESIAN_POINT('',(-2.,1.15,7.95));
#14685=CARTESIAN_POINT('',(-2.,0.,7.95));
#14686=CARTESIAN_POINT('',(-2.,1.15,7.95));
#14687=CARTESIAN_POINT('Origin',(-2.,0.,7.95));
#14688=CARTESIAN_POINT('',(-4.05,0.75,7.95));
#14689=CARTESIAN_POINT('',(-2.575,0.75,7.95));
#14690=CARTESIAN_POINT('',(-4.05,1.15,7.95));
#14691=CARTESIAN_POINT('',(-4.05,0.,7.95));
#14692=CARTESIAN_POINT('',(-4.3,1.15,7.95));
#14693=CARTESIAN_POINT('Origin',(-3.625,1.15,4.7));
#14694=CARTESIAN_POINT('',(-4.05,1.15,5.2));
#14695=CARTESIAN_POINT('',(-4.05,1.15,5.18));
#14696=CARTESIAN_POINT('',(-3.2,1.15,5.2));
#14697=CARTESIAN_POINT('',(-3.2,1.15,5.2));
#14698=CARTESIAN_POINT('',(-3.2,1.15,4.8));
#14699=CARTESIAN_POINT('',(-3.2,1.15,4.78));
#14700=CARTESIAN_POINT('',(-3.55,1.15,4.8));
#14701=CARTESIAN_POINT('',(-3.65,1.15,4.8));
#14702=CARTESIAN_POINT('',(-3.55,1.15,4.6));
#14703=CARTESIAN_POINT('',(-3.55,1.15,2.95));
#14704=CARTESIAN_POINT('',(-4.05,1.15,4.6));
#14705=CARTESIAN_POINT('',(-4.05,1.15,4.6));
#14706=CARTESIAN_POINT('',(-4.05,1.15,4.78));
#14707=CARTESIAN_POINT('',(-4.05,1.15,4.8));
#14708=CARTESIAN_POINT('',(-4.3,1.15,4.78));
#14709=CARTESIAN_POINT('',(-4.3,1.15,4.78));
#14710=CARTESIAN_POINT('',(-4.3,1.15,5.2));
#14711=CARTESIAN_POINT('Origin',(-3.625,0.75,4.7));
#14712=CARTESIAN_POINT('',(-4.3,0.75,4.78));
#14713=CARTESIAN_POINT('',(-4.3,0.75,6.4275));
#14714=CARTESIAN_POINT('',(-4.05,0.75,4.78));
#14715=CARTESIAN_POINT('',(-3.475,0.75,4.78));
#14716=CARTESIAN_POINT('',(-4.05,0.75,4.6));
#14717=CARTESIAN_POINT('',(-4.05,0.75,4.65));
#14718=CARTESIAN_POINT('',(-3.55,0.75,4.6));
#14719=CARTESIAN_POINT('',(-3.4125,0.75,4.6));
#14720=CARTESIAN_POINT('',(-3.55,0.75,4.5));
#14721=CARTESIAN_POINT('',(-3.55,0.75,2.95));
#14722=CARTESIAN_POINT('',(-3.2,0.75,4.5));
#14723=CARTESIAN_POINT('',(-4.15,0.75,4.5));
#14724=CARTESIAN_POINT('',(-3.2,0.75,5.2));
#14725=CARTESIAN_POINT('',(-3.2,0.75,4.75));
#14726=CARTESIAN_POINT('',(-4.05,0.75,5.2));
#14727=CARTESIAN_POINT('',(-4.025,0.75,5.2));
#14728=CARTESIAN_POINT('',(-4.05,0.75,7.445));
#14729=CARTESIAN_POINT('Origin',(-4.3,0.,4.78));
#14730=CARTESIAN_POINT('',(-4.3,0.,4.78));
#14731=CARTESIAN_POINT('Origin',(-4.05,0.,8.2));
#14732=CARTESIAN_POINT('',(-4.05,0.,5.2));
#14733=CARTESIAN_POINT('Origin',(-4.3,0.,5.2));
#14734=CARTESIAN_POINT('',(-3.2,0.,5.2));
#14735=CARTESIAN_POINT('Origin',(-3.2,0.,4.8));
#14736=CARTESIAN_POINT('',(-3.2,0.,4.5));
#14737=CARTESIAN_POINT('',(-3.2,0.,4.5));
#14738=CARTESIAN_POINT('',(-3.2,0.,4.8));
#14739=CARTESIAN_POINT('',(-3.2,0.,4.895));
#14740=CARTESIAN_POINT('',(-3.2,-2.25,4.8));
#14741=CARTESIAN_POINT('',(-3.2,0.,4.8));
#14742=CARTESIAN_POINT('',(-3.2,-2.25,4.56583123951777));
#14743=CARTESIAN_POINT('',(-3.2,-2.25,4.));
#14744=CARTESIAN_POINT('',(-3.2,-2.25,4.23416876048223));
#14745=CARTESIAN_POINT('Origin',(-3.2,-2.,4.4));
#14746=CARTESIAN_POINT('',(-3.2,-2.25,4.));
#14747=CARTESIAN_POINT('',(-3.2,-2.25,4.));
#14748=CARTESIAN_POINT('',(-3.2,-1.5,4.));
#14749=CARTESIAN_POINT('',(-3.2,-1.4,4.));
#14750=CARTESIAN_POINT('',(-3.2,-1.5,0.));
#14751=CARTESIAN_POINT('',(-3.2,-1.5,0.));
#14752=CARTESIAN_POINT('',(-3.2,1.5,0.));
#14753=CARTESIAN_POINT('',(-3.2,0.,0.));
#14754=CARTESIAN_POINT('',(-3.2,1.5,4.));
#14755=CARTESIAN_POINT('',(-3.2,1.5,0.));
#14756=CARTESIAN_POINT('',(-3.2,2.25,4.));
#14757=CARTESIAN_POINT('',(-3.2,2.25,4.));
#14758=CARTESIAN_POINT('',(-3.2,2.25,4.23416876048223));
#14759=CARTESIAN_POINT('',(-3.2,2.25,4.));
#14760=CARTESIAN_POINT('',(-3.2,2.25,4.56583123951777));
#14761=CARTESIAN_POINT('Origin',(-3.2,2.,4.4));
#14762=CARTESIAN_POINT('',(-3.2,2.25,4.8));
#14763=CARTESIAN_POINT('',(-3.2,2.25,4.));
#14764=CARTESIAN_POINT('',(-3.2,0.,4.8));
#14765=CARTESIAN_POINT('Origin',(-3.2,0.,4.78));
#14766=CARTESIAN_POINT('',(-4.05,0.,4.78));
#14767=CARTESIAN_POINT('Origin',(-3.55,0.,4.8));
#14768=CARTESIAN_POINT('',(-3.55,2.25,4.8));
#14769=CARTESIAN_POINT('',(-3.55,2.25,4.8));
#14770=CARTESIAN_POINT('',(-3.55,0.,4.8));
#14771=CARTESIAN_POINT('Origin',(-3.2,0.,4.6));
#14772=CARTESIAN_POINT('',(-3.55,0.,4.6));
#14773=CARTESIAN_POINT('',(-4.05,0.,4.6));
#14774=CARTESIAN_POINT('Origin',(-4.05,0.,4.6));
#14775=CARTESIAN_POINT('Origin',(-3.1,0.,4.5));
#14776=CARTESIAN_POINT('',(-3.55,0.,4.5));
#14777=CARTESIAN_POINT('',(-3.55,0.,4.5));
#14778=CARTESIAN_POINT('',(-4.15,0.,4.5));
#14779=CARTESIAN_POINT('Origin',(-3.625,0.,4.7));
#14780=CARTESIAN_POINT('',(-3.55,0.,4.8));
#14781=CARTESIAN_POINT('',(-3.55,0.,2.95));
#14782=CARTESIAN_POINT('',(-3.5875,0.,4.8));
#14783=CARTESIAN_POINT('Origin',(-3.55,0.,1.2));
#14784=CARTESIAN_POINT('',(-3.55,2.25,4.56583123951777));
#14785=CARTESIAN_POINT('',(-3.55,2.25,4.));
#14786=CARTESIAN_POINT('',(-3.55,2.25,4.23416876048223));
#14787=CARTESIAN_POINT('Origin',(-3.55,2.,4.4));
#14788=CARTESIAN_POINT('',(-3.55,2.25,4.));
#14789=CARTESIAN_POINT('',(-3.55,2.25,4.));
#14790=CARTESIAN_POINT('',(-3.55,1.5,4.));
#14791=CARTESIAN_POINT('',(-3.55,1.4,4.));
#14792=CARTESIAN_POINT('',(-3.55,1.5,1.2));
#14793=CARTESIAN_POINT('',(-3.55,1.5,4.8));
#14794=CARTESIAN_POINT('',(-3.55,-1.5,1.2));
#14795=CARTESIAN_POINT('',(-3.55,0.,1.2));
#14796=CARTESIAN_POINT('',(-3.55,-1.5,4.));
#14797=CARTESIAN_POINT('',(-3.55,-1.5,4.8));
#14798=CARTESIAN_POINT('',(-3.55,-2.25,4.));
#14799=CARTESIAN_POINT('',(-3.55,-2.25,4.));
#14800=CARTESIAN_POINT('',(-3.55,-2.25,4.23416876048223));
#14801=CARTESIAN_POINT('',(-3.55,-2.25,4.));
#14802=CARTESIAN_POINT('',(-3.55,-2.25,4.56583123951777));
#14803=CARTESIAN_POINT('Origin',(-3.55,-2.,4.4));
#14804=CARTESIAN_POINT('',(-3.55,-2.25,4.8));
#14805=CARTESIAN_POINT('',(-3.55,-2.25,4.));
#14806=CARTESIAN_POINT('',(-3.55,0.,4.8));
#14807=CARTESIAN_POINT('Origin',(-3.75,-2.,4.4));
#14808=CARTESIAN_POINT('',(-3.75,-2.25,4.56583123951777));
#14809=CARTESIAN_POINT('',(-3.75,-2.25,4.23416876048223));
#14810=CARTESIAN_POINT('Origin',(-3.55,-2.25,4.));
#14811=CARTESIAN_POINT('',(-3.2,-2.25,4.8));
#14812=CARTESIAN_POINT('Origin',(-3.55,-2.25,4.));
#14813=CARTESIAN_POINT('',(-3.2,-2.25,4.));
#14814=CARTESIAN_POINT('Origin',(-3.375,-1.825,4.));
#14815=CARTESIAN_POINT('',(-3.375,-1.5,4.));
#14816=CARTESIAN_POINT('Origin',(-3.375,-1.5,2.4));
#14817=CARTESIAN_POINT('',(-3.35,-1.5,0.));
#14818=CARTESIAN_POINT('',(-3.55,-1.5,1.2));
#14819=CARTESIAN_POINT('',(-3.35,-1.5,0.));
#14820=CARTESIAN_POINT('Origin',(-3.75,2.,4.4));
#14821=CARTESIAN_POINT('',(-3.75,2.25,4.23416876048223));
#14822=CARTESIAN_POINT('',(-3.75,2.25,4.56583123951777));
#14823=CARTESIAN_POINT('Origin',(-3.2,2.25,4.));
#14824=CARTESIAN_POINT('',(-3.55,2.25,4.));
#14825=CARTESIAN_POINT('Origin',(-3.2,2.25,4.));
#14826=CARTESIAN_POINT('Origin',(-3.375,1.825,4.));
#14827=CARTESIAN_POINT('',(-3.375,1.5,4.));
#14828=CARTESIAN_POINT('Origin',(-3.375,1.5,2.4));
#14829=CARTESIAN_POINT('',(-3.35,1.5,0.));
#14830=CARTESIAN_POINT('',(-3.35,1.5,0.));
#14831=CARTESIAN_POINT('',(-3.55,1.5,1.2));
#14832=CARTESIAN_POINT('Origin',(-3.55,0.,4.8));
#14833=CARTESIAN_POINT('Origin',(-3.35,0.,0.));
#14834=CARTESIAN_POINT('',(-3.35,0.,0.));
#14835=CARTESIAN_POINT('Origin',(-3.2,0.,0.));
#14836=CARTESIAN_POINT('',(0.,0.,0.));
#14837=CARTESIAN_POINT('Origin',(0.433738898038469,0.,5.75));
#14838=CARTESIAN_POINT('',(0.433738898038469,0.25,5.75));
#14839=CARTESIAN_POINT('',(0.508738898038469,0.25,5.75));
#14840=CARTESIAN_POINT('',(0.216869449019235,0.25,5.75));
#14841=CARTESIAN_POINT('',(0.508738898038469,0.65,5.75));
#14842=CARTESIAN_POINT('',(0.508738898038469,0.,5.75));
#14843=CARTESIAN_POINT('',(0.433738898038469,0.65,5.75));
#14844=CARTESIAN_POINT('',(0.433738898038469,0.65,5.75));
#14845=CARTESIAN_POINT('',(0.433738898038469,0.,5.75));
#14846=CARTESIAN_POINT('Origin',(0.508738898038469,0.,5.75));
#14847=CARTESIAN_POINT('',(0.584546590346162,0.25,5.4125));
#14848=CARTESIAN_POINT('',(0.525388502434674,0.25,5.67587504892101));
#14849=CARTESIAN_POINT('',(0.584546590346162,0.65,5.4125));
#14850=CARTESIAN_POINT('',(0.584546590346162,0.,5.4125));
#14851=CARTESIAN_POINT('',(0.508738898038469,0.65,5.75));
#14852=CARTESIAN_POINT('Origin',(0.824677796076938,0.,5.3925));
#14853=CARTESIAN_POINT('',(0.829170103769245,0.25,5.4125));
#14854=CARTESIAN_POINT('',(0.904977796076938,0.25,5.75));
#14855=CARTESIAN_POINT('',(0.814228553709408,0.25,5.34597940041853));
#14856=CARTESIAN_POINT('',(0.904977796076938,0.65,5.75));
#14857=CARTESIAN_POINT('',(0.904977796076938,0.,5.75));
#14858=CARTESIAN_POINT('',(0.829170103769246,0.65,5.4125));
#14859=CARTESIAN_POINT('',(0.824677796076938,0.65,5.3925));
#14860=CARTESIAN_POINT('',(0.829170103769246,0.,5.4125));
#14861=CARTESIAN_POINT('Origin',(0.904977796076938,0.,5.75));
#14862=CARTESIAN_POINT('',(0.979977796076938,0.25,5.75));
#14863=CARTESIAN_POINT('',(0.452488898038469,0.25,5.75));
#14864=CARTESIAN_POINT('',(0.979977796076938,0.65,5.75));
#14865=CARTESIAN_POINT('',(0.979977796076938,0.,5.75));
#14866=CARTESIAN_POINT('',(0.904977796076938,0.65,5.75));
#14867=CARTESIAN_POINT('Origin',(0.979977796076938,0.,5.75));
#14868=CARTESIAN_POINT('',(1.05578548838463,0.25,5.4125));
#14869=CARTESIAN_POINT('',(0.985310854482701,0.25,5.72625693175517));
#14870=CARTESIAN_POINT('',(1.05578548838463,0.65,5.4125));
#14871=CARTESIAN_POINT('',(1.05578548838463,0.,5.4125));
#14872=CARTESIAN_POINT('',(0.979977796076938,0.65,5.75));
#14873=CARTESIAN_POINT('Origin',(1.29591669411541,0.,5.3925));
#14874=CARTESIAN_POINT('',(1.30040900180771,0.25,5.4125));
#14875=CARTESIAN_POINT('',(1.37621669411541,0.25,5.75));
#14876=CARTESIAN_POINT('',(1.27415090575743,0.25,5.29559751758437));
#14877=CARTESIAN_POINT('',(1.37621669411541,0.65,5.75));
#14878=CARTESIAN_POINT('',(1.37621669411541,0.,5.75));
#14879=CARTESIAN_POINT('',(1.30040900180771,0.65,5.4125));
#14880=CARTESIAN_POINT('',(1.29591669411541,0.65,5.3925));
#14881=CARTESIAN_POINT('',(1.30040900180771,0.,5.4125));
#14882=CARTESIAN_POINT('Origin',(1.37621669411541,0.,5.75));
#14883=CARTESIAN_POINT('',(1.45121669411541,0.25,5.75));
#14884=CARTESIAN_POINT('',(0.688108347057704,0.25,5.75));
#14885=CARTESIAN_POINT('',(1.45121669411541,0.65,5.75));
#14886=CARTESIAN_POINT('',(1.45121669411541,0.,5.75));
#14887=CARTESIAN_POINT('',(1.37621669411541,0.65,5.75));
#14888=CARTESIAN_POINT('Origin',(1.45121669411541,0.,5.75));
#14889=CARTESIAN_POINT('',(1.5270243864231,0.25,5.4125));
#14890=CARTESIAN_POINT('',(1.44523320653073,0.25,5.77663881458933));
#14891=CARTESIAN_POINT('',(1.5270243864231,0.65,5.4125));
#14892=CARTESIAN_POINT('',(1.5270243864231,0.,5.4125));
#14893=CARTESIAN_POINT('',(1.45121669411541,0.65,5.75));
#14894=CARTESIAN_POINT('Origin',(1.76715559215388,0.,5.3925));
#14895=CARTESIAN_POINT('',(1.77164789984618,0.25,5.4125));
#14896=CARTESIAN_POINT('',(1.84745559215388,0.25,5.75));
#14897=CARTESIAN_POINT('',(1.73407325780546,0.25,5.24521563475021));
#14898=CARTESIAN_POINT('',(1.84745559215388,0.65,5.75));
#14899=CARTESIAN_POINT('',(1.84745559215388,0.,5.75));
#14900=CARTESIAN_POINT('',(1.77164789984618,0.65,5.4125));
#14901=CARTESIAN_POINT('',(1.76715559215388,0.65,5.3925));
#14902=CARTESIAN_POINT('',(1.77164789984618,0.,5.4125));
#14903=CARTESIAN_POINT('Origin',(1.84745559215388,0.,5.75));
#14904=CARTESIAN_POINT('',(1.92245559215388,0.25,5.75));
#14905=CARTESIAN_POINT('',(0.923727796076938,0.25,5.75));
#14906=CARTESIAN_POINT('',(1.92245559215388,0.65,5.75));
#14907=CARTESIAN_POINT('',(1.92245559215388,0.,5.75));
#14908=CARTESIAN_POINT('',(1.84745559215388,0.65,5.75));
#14909=CARTESIAN_POINT('Origin',(1.92245559215388,0.,5.75));
#14910=CARTESIAN_POINT('',(1.99826328446157,0.25,5.4125));
#14911=CARTESIAN_POINT('',(1.90515555857875,0.25,5.82702069742348));
#14912=CARTESIAN_POINT('',(1.99826328446157,0.65,5.4125));
#14913=CARTESIAN_POINT('',(1.99826328446157,0.,5.4125));
#14914=CARTESIAN_POINT('',(1.92245559215388,0.65,5.75));
#14915=CARTESIAN_POINT('Origin',(2.23839449019234,0.,5.3925));
#14916=CARTESIAN_POINT('',(2.24288679788465,0.25,5.4125));
#14917=CARTESIAN_POINT('',(2.31869449019234,0.25,5.75));
#14918=CARTESIAN_POINT('',(2.19399560985349,0.25,5.19483375191605));
#14919=CARTESIAN_POINT('',(2.31869449019234,0.65,5.75));
#14920=CARTESIAN_POINT('',(2.31869449019234,0.,5.75));
#14921=CARTESIAN_POINT('',(2.24288679788465,0.65,5.4125));
#14922=CARTESIAN_POINT('',(2.23839449019234,0.65,5.3925));
#14923=CARTESIAN_POINT('',(2.24288679788465,0.,5.4125));
#14924=CARTESIAN_POINT('Origin',(2.31869449019234,0.,5.75));
#14925=CARTESIAN_POINT('',(2.39369449019234,0.25,5.75));
#14926=CARTESIAN_POINT('',(1.15934724509617,0.25,5.75));
#14927=CARTESIAN_POINT('',(2.39369449019234,0.65,5.75));
#14928=CARTESIAN_POINT('',(2.39369449019234,0.,5.75));
#14929=CARTESIAN_POINT('',(2.31869449019234,0.65,5.75));
#14930=CARTESIAN_POINT('Origin',(2.39369449019234,0.,5.75));
#14931=CARTESIAN_POINT('',(2.46950218250004,0.25,5.4125));
#14932=CARTESIAN_POINT('',(2.36507791062678,0.25,5.87740258025765));
#14933=CARTESIAN_POINT('',(2.46950218250004,0.65,5.4125));
#14934=CARTESIAN_POINT('',(2.46950218250004,0.,5.4125));
#14935=CARTESIAN_POINT('',(2.39369449019234,0.65,5.75));
#14936=CARTESIAN_POINT('Origin',(-2.31869449019234,0.,5.75));
#14937=CARTESIAN_POINT('',(-2.31869449019234,0.25,5.75));
#14938=CARTESIAN_POINT('',(-2.24288679788465,0.25,5.4125));
#14939=CARTESIAN_POINT('',(-2.23414560985349,0.25,5.37358375191605));
#14940=CARTESIAN_POINT('',(-2.24288679788465,0.65,5.4125));
#14941=CARTESIAN_POINT('',(-2.24288679788465,0.,5.4125));
#14942=CARTESIAN_POINT('',(-2.31869449019234,0.65,5.75));
#14943=CARTESIAN_POINT('',(-2.31869449019234,0.65,5.75));
#14944=CARTESIAN_POINT('',(-2.31869449019234,0.,5.75));
#14945=CARTESIAN_POINT('Origin',(0.,0.25,5.31125));
#14946=CARTESIAN_POINT('',(-1.3,0.25,5.4125));
#14947=CARTESIAN_POINT('',(-1.3,0.25,5.4125));
#14948=CARTESIAN_POINT('',(-1.3,0.25,5.4125));
#14949=CARTESIAN_POINT('',(-1.3,0.25,5.4125));
#14950=CARTESIAN_POINT('',(0.357931205730777,0.25,5.4125));
#14951=CARTESIAN_POINT('',(0.35430620166138,0.25,5.39636128325269));
#14952=CARTESIAN_POINT('',(0.113307692307693,0.25,5.4125));
#14953=CARTESIAN_POINT('',(-1.3,0.25,5.4125));
#14954=CARTESIAN_POINT('',(0.0375,0.25,5.75));
#14955=CARTESIAN_POINT('',(0.0654661503866467,0.25,5.62549316608685));
#14956=CARTESIAN_POINT('',(-0.0375,0.25,5.75));
#14957=CARTESIAN_POINT('',(-0.01875,0.25,5.75));
#14958=CARTESIAN_POINT('',(-0.113307692307692,0.25,5.4125));
#14959=CARTESIAN_POINT('',(-0.105616150386647,0.25,5.44674316608685));
#14960=CARTESIAN_POINT('',(-0.357931205730776,0.25,5.4125));
#14961=CARTESIAN_POINT('',(-1.3,0.25,5.4125));
#14962=CARTESIAN_POINT('',(-0.433738898038469,0.25,5.75));
#14963=CARTESIAN_POINT('',(-0.39445620166138,0.25,5.57511128325269));
#14964=CARTESIAN_POINT('',(-0.508738898038469,0.25,5.75));
#14965=CARTESIAN_POINT('',(-0.254369449019234,0.25,5.75));
#14966=CARTESIAN_POINT('',(-0.584546590346161,0.25,5.4125));
#14967=CARTESIAN_POINT('',(-0.565538502434674,0.25,5.49712504892101));
#14968=CARTESIAN_POINT('',(-0.829170103769245,0.25,5.4125));
#14969=CARTESIAN_POINT('',(-1.3,0.25,5.4125));
#14970=CARTESIAN_POINT('',(-0.904977796076938,0.25,5.75));
#14971=CARTESIAN_POINT('',(-0.854378553709407,0.25,5.52472940041853));
#14972=CARTESIAN_POINT('',(-0.979977796076938,0.25,5.75));
#14973=CARTESIAN_POINT('',(-0.489988898038469,0.25,5.75));
#14974=CARTESIAN_POINT('',(-1.05578548838463,0.25,5.4125));
#14975=CARTESIAN_POINT('',(-1.0254608544827,0.25,5.54750693175517));
#14976=CARTESIAN_POINT('',(-1.30040900180771,0.25,5.4125));
#14977=CARTESIAN_POINT('',(-1.3,0.25,5.4125));
#14978=CARTESIAN_POINT('',(-1.37621669411541,0.25,5.75));
#14979=CARTESIAN_POINT('',(-1.31430090575743,0.25,5.47434751758437));
#14980=CARTESIAN_POINT('',(-1.45121669411541,0.25,5.75));
#14981=CARTESIAN_POINT('',(-0.725608347057703,0.25,5.75));
#14982=CARTESIAN_POINT('',(-1.5270243864231,0.25,5.4125));
#14983=CARTESIAN_POINT('',(-1.48538320653073,0.25,5.59788881458933));
#14984=CARTESIAN_POINT('',(-1.77164789984618,0.25,5.4125));
#14985=CARTESIAN_POINT('',(-1.3,0.25,5.4125));
#14986=CARTESIAN_POINT('',(-1.84745559215388,0.25,5.75));
#14987=CARTESIAN_POINT('',(-1.77422325780546,0.25,5.42396563475021));
#14988=CARTESIAN_POINT('',(-1.92245559215388,0.25,5.75));
#14989=CARTESIAN_POINT('',(-0.961227796076938,0.25,5.75));
#14990=CARTESIAN_POINT('',(-1.99826328446157,0.25,5.4125));
#14991=CARTESIAN_POINT('',(-1.94530555857875,0.25,5.64827069742348));
#14992=CARTESIAN_POINT('',(-1.3,0.25,5.4125));
#14993=CARTESIAN_POINT('',(-2.39369449019234,0.25,5.75));
#14994=CARTESIAN_POINT('',(-1.19684724509617,0.25,5.75));
#14995=CARTESIAN_POINT('',(-2.46950218250004,0.25,5.4125));
#14996=CARTESIAN_POINT('',(-2.40522791062678,0.25,5.69865258025765));
#14997=CARTESIAN_POINT('',(-2.6,0.25,5.4125));
#14998=CARTESIAN_POINT('',(-1.3,0.25,5.4125));
#14999=CARTESIAN_POINT('',(-2.6,0.25,5.21));
#15000=CARTESIAN_POINT('',(-2.6,0.25,5.260625));
#15001=CARTESIAN_POINT('',(2.6,0.25,5.21));
#15002=CARTESIAN_POINT('',(1.3,0.25,5.21));
#15003=CARTESIAN_POINT('',(2.6,0.25,5.4125));
#15004=CARTESIAN_POINT('',(2.6,0.25,5.361875));
#15005=CARTESIAN_POINT('',(-1.3,0.25,5.4125));
#15006=CARTESIAN_POINT('Origin',(-2.6,0.,5.4125));
#15007=CARTESIAN_POINT('',(2.6,0.65,5.4125));
#15008=CARTESIAN_POINT('Origin',(-2.6,0.,5.4125));
#15009=CARTESIAN_POINT('',(2.6,0.65,5.4125));
#15010=CARTESIAN_POINT('',(2.6,0.,5.4125));
#15011=CARTESIAN_POINT('',(2.6,0.65,5.4125));
#15012=CARTESIAN_POINT('Origin',(-2.00275559215388,0.,5.3925));
#15013=CARTESIAN_POINT('',(-1.92245559215388,0.65,5.75));
#15014=CARTESIAN_POINT('',(-1.92245559215388,0.,5.75));
#15015=CARTESIAN_POINT('',(-1.99826328446157,0.65,5.4125));
#15016=CARTESIAN_POINT('',(-2.00275559215388,0.65,5.3925));
#15017=CARTESIAN_POINT('',(-1.99826328446157,0.,5.4125));
#15018=CARTESIAN_POINT('Origin',(-1.84745559215388,0.,5.75));
#15019=CARTESIAN_POINT('',(-1.77164789984618,0.65,5.4125));
#15020=CARTESIAN_POINT('',(-1.77164789984618,0.,5.4125));
#15021=CARTESIAN_POINT('',(-1.84745559215388,0.65,5.75));
#15022=CARTESIAN_POINT('',(-1.84745559215388,0.65,5.75));
#15023=CARTESIAN_POINT('',(-1.84745559215388,0.,5.75));
#15024=CARTESIAN_POINT('Origin',(-1.92245559215388,0.,5.75));
#15025=CARTESIAN_POINT('',(-1.92245559215388,0.65,5.75));
#15026=CARTESIAN_POINT('Origin',(-2.6,0.,5.4125));
#15027=CARTESIAN_POINT('',(2.6,0.65,5.4125));
#15028=CARTESIAN_POINT('Origin',(-2.6,0.,5.4125));
#15029=CARTESIAN_POINT('',(-1.5270243864231,0.65,5.4125));
#15030=CARTESIAN_POINT('',(-1.5270243864231,0.,5.4125));
#15031=CARTESIAN_POINT('',(2.6,0.65,5.4125));
#15032=CARTESIAN_POINT('Origin',(-2.6,0.,5.4125));
#15033=CARTESIAN_POINT('',(2.6,0.65,5.4125));
#15034=CARTESIAN_POINT('Origin',(-1.53151669411541,0.,5.3925));
#15035=CARTESIAN_POINT('',(-1.45121669411541,0.65,5.75));
#15036=CARTESIAN_POINT('',(-1.45121669411541,0.,5.75));
#15037=CARTESIAN_POINT('',(-1.53151669411541,0.65,5.3925));
#15038=CARTESIAN_POINT('Origin',(-1.37621669411541,0.,5.75));
#15039=CARTESIAN_POINT('',(-1.30040900180771,0.65,5.4125));
#15040=CARTESIAN_POINT('',(-1.30040900180771,0.,5.4125));
#15041=CARTESIAN_POINT('',(-1.37621669411541,0.65,5.75));
#15042=CARTESIAN_POINT('',(-1.37621669411541,0.65,5.75));
#15043=CARTESIAN_POINT('',(-1.37621669411541,0.,5.75));
#15044=CARTESIAN_POINT('Origin',(-1.45121669411541,0.,5.75));
#15045=CARTESIAN_POINT('',(-1.45121669411541,0.65,5.75));
#15046=CARTESIAN_POINT('Origin',(-2.6,0.,5.4125));
#15047=CARTESIAN_POINT('',(-1.05578548838463,0.65,5.4125));
#15048=CARTESIAN_POINT('',(-1.05578548838463,0.,5.4125));
#15049=CARTESIAN_POINT('',(2.6,0.65,5.4125));
#15050=CARTESIAN_POINT('Origin',(-2.6,0.,5.4125));
#15051=CARTESIAN_POINT('',(2.6,0.65,5.4125));
#15052=CARTESIAN_POINT('Origin',(-1.06027779607694,0.,5.3925));
#15053=CARTESIAN_POINT('',(-0.979977796076938,0.65,5.75));
#15054=CARTESIAN_POINT('',(-0.979977796076938,0.,5.75));
#15055=CARTESIAN_POINT('',(-1.06027779607694,0.65,5.3925));
#15056=CARTESIAN_POINT('Origin',(-0.904977796076938,0.,5.75));
#15057=CARTESIAN_POINT('',(-0.829170103769245,0.65,5.4125));
#15058=CARTESIAN_POINT('',(-0.829170103769245,0.,5.4125));
#15059=CARTESIAN_POINT('',(-0.904977796076938,0.65,5.75));
#15060=CARTESIAN_POINT('',(-0.904977796076938,0.65,5.75));
#15061=CARTESIAN_POINT('',(-0.904977796076938,0.,5.75));
#15062=CARTESIAN_POINT('Origin',(-0.979977796076938,0.,5.75));
#15063=CARTESIAN_POINT('',(-0.979977796076938,0.65,5.75));
#15064=CARTESIAN_POINT('Origin',(-2.6,0.,5.4125));
#15065=CARTESIAN_POINT('',(-0.584546590346161,0.65,5.4125));
#15066=CARTESIAN_POINT('',(-0.584546590346161,0.,5.4125));
#15067=CARTESIAN_POINT('',(2.6,0.65,5.4125));
#15068=CARTESIAN_POINT('Origin',(-2.6,0.,5.4125));
#15069=CARTESIAN_POINT('',(2.6,0.65,5.4125));
#15070=CARTESIAN_POINT('Origin',(-0.589038898038469,0.,5.3925));
#15071=CARTESIAN_POINT('',(-0.508738898038469,0.65,5.75));
#15072=CARTESIAN_POINT('',(-0.508738898038469,0.,5.75));
#15073=CARTESIAN_POINT('',(-0.589038898038469,0.65,5.3925));
#15074=CARTESIAN_POINT('Origin',(-0.433738898038469,0.,5.75));
#15075=CARTESIAN_POINT('',(-0.357931205730776,0.65,5.4125));
#15076=CARTESIAN_POINT('',(-0.357931205730776,0.,5.4125));
#15077=CARTESIAN_POINT('',(-0.433738898038469,0.65,5.75));
#15078=CARTESIAN_POINT('',(-0.433738898038469,0.65,5.75));
#15079=CARTESIAN_POINT('',(-0.433738898038469,0.,5.75));
#15080=CARTESIAN_POINT('Origin',(-0.508738898038469,0.,5.75));
#15081=CARTESIAN_POINT('',(-0.508738898038469,0.65,5.75));
#15082=CARTESIAN_POINT('Origin',(-2.6,0.,5.4125));
#15083=CARTESIAN_POINT('',(-0.113307692307692,0.65,5.4125));
#15084=CARTESIAN_POINT('',(-0.113307692307692,0.,5.4125));
#15085=CARTESIAN_POINT('',(2.6,0.65,5.4125));
#15086=CARTESIAN_POINT('Origin',(0.353438898038469,0.,5.3925));
#15087=CARTESIAN_POINT('',(0.357931205730777,0.65,5.4125));
#15088=CARTESIAN_POINT('',(0.353438898038469,0.65,5.3925));
#15089=CARTESIAN_POINT('',(0.357931205730777,0.,5.4125));
#15090=CARTESIAN_POINT('Origin',(-2.6,0.,5.4125));
#15091=CARTESIAN_POINT('',(0.113307692307692,0.65,5.4125));
#15092=CARTESIAN_POINT('',(2.6,0.65,5.4125));
#15093=CARTESIAN_POINT('',(0.113307692307693,0.,5.4125));
#15094=CARTESIAN_POINT('Origin',(-0.1178,0.,5.3925));
#15095=CARTESIAN_POINT('',(-0.0375,0.65,5.75));
#15096=CARTESIAN_POINT('',(-0.0375,0.,5.75));
#15097=CARTESIAN_POINT('',(-0.1178,0.65,5.3925));
#15098=CARTESIAN_POINT('Origin',(0.0375,0.,5.75));
#15099=CARTESIAN_POINT('',(0.0375,0.65,5.75));
#15100=CARTESIAN_POINT('',(0.0375,0.65,5.75));
#15101=CARTESIAN_POINT('',(0.0375,0.,5.75));
#15102=CARTESIAN_POINT('Origin',(-0.0375,0.,5.75));
#15103=CARTESIAN_POINT('',(-0.0375,0.65,5.75));
#15104=CARTESIAN_POINT('Origin',(-2.47399449019234,0.,5.3925));
#15105=CARTESIAN_POINT('',(-2.39369449019234,0.65,5.75));
#15106=CARTESIAN_POINT('',(-2.39369449019234,0.,5.75));
#15107=CARTESIAN_POINT('',(-2.46950218250004,0.65,5.4125));
#15108=CARTESIAN_POINT('',(-2.47399449019234,0.65,5.3925));
#15109=CARTESIAN_POINT('',(-2.46950218250004,0.,5.4125));
#15110=CARTESIAN_POINT('Origin',(-2.39369449019234,0.,5.75));
#15111=CARTESIAN_POINT('',(-2.39369449019234,0.65,5.75));
#15112=CARTESIAN_POINT('Origin',(-2.6,0.,5.4125));
#15113=CARTESIAN_POINT('',(-2.6,0.65,5.4125));
#15114=CARTESIAN_POINT('',(2.6,0.65,5.4125));
#15115=CARTESIAN_POINT('',(-2.6,0.,5.4125));
#15116=CARTESIAN_POINT('Origin',(2.6,0.,5.4125));
#15117=CARTESIAN_POINT('',(2.6,0.65,5.21));
#15118=CARTESIAN_POINT('',(2.6,0.,5.21));
#15119=CARTESIAN_POINT('',(2.6,0.65,5.21));
#15120=CARTESIAN_POINT('Origin',(2.6,0.,5.21));
#15121=CARTESIAN_POINT('',(-2.6,0.65,5.21));
#15122=CARTESIAN_POINT('',(-2.6,0.,5.21));
#15123=CARTESIAN_POINT('',(-2.6,0.65,5.21));
#15124=CARTESIAN_POINT('Origin',(-2.6,0.,5.21));
#15125=CARTESIAN_POINT('',(-2.6,0.65,5.4125));
#15126=CARTESIAN_POINT('Origin',(0.,0.65,5.31125));
#15127=CARTESIAN_POINT('',(0.,0.,0.));
#15128=CARTESIAN_POINT('Origin',(0.433738898038469,0.,7.55));
#15129=CARTESIAN_POINT('',(0.433738898038469,0.75,7.55));
#15130=CARTESIAN_POINT('',(0.357931205730777,0.75,7.8875));
#15131=CARTESIAN_POINT('',(0.39445620166138,0.75,7.72488871674731));
#15132=CARTESIAN_POINT('',(0.357931205730777,1.15,7.8875));
#15133=CARTESIAN_POINT('',(0.357931205730777,0.,7.8875));
#15134=CARTESIAN_POINT('',(0.433738898038469,1.15,7.55));
#15135=CARTESIAN_POINT('',(0.353438898038469,1.15,7.9075));
#15136=CARTESIAN_POINT('',(0.433738898038469,0.,7.55));
#15137=CARTESIAN_POINT('Origin',(0.1178,0.,7.9075));
#15138=CARTESIAN_POINT('',(0.113307692307692,0.75,7.8875));
#15139=CARTESIAN_POINT('',(0.0375,0.75,7.55));
#15140=CARTESIAN_POINT('',(0.105616150386647,0.75,7.85325683391315));
#15141=CARTESIAN_POINT('',(0.0375,1.15,7.55));
#15142=CARTESIAN_POINT('',(0.0375,0.,7.55));
#15143=CARTESIAN_POINT('',(0.113307692307692,1.15,7.8875));
#15144=CARTESIAN_POINT('',(0.0375,1.15,7.55));
#15145=CARTESIAN_POINT('',(0.113307692307692,0.,7.8875));
#15146=CARTESIAN_POINT('Origin',(0.0375,0.,7.55));
#15147=CARTESIAN_POINT('',(-0.0375,0.75,7.55));
#15148=CARTESIAN_POINT('',(0.01875,0.75,7.55));
#15149=CARTESIAN_POINT('',(-0.0375,1.15,7.55));
#15150=CARTESIAN_POINT('',(-0.0375,0.,7.55));
#15151=CARTESIAN_POINT('',(-0.0375,1.15,7.55));
#15152=CARTESIAN_POINT('Origin',(-0.0375,0.,7.55));
#15153=CARTESIAN_POINT('',(-0.113307692307692,0.75,7.8875));
#15154=CARTESIAN_POINT('',(-0.0654661503866468,0.75,7.67450683391315));
#15155=CARTESIAN_POINT('',(-0.113307692307692,1.15,7.8875));
#15156=CARTESIAN_POINT('',(-0.113307692307692,0.,7.8875));
#15157=CARTESIAN_POINT('',(-0.1178,1.15,7.9075));
#15158=CARTESIAN_POINT('Origin',(-0.353438898038469,0.,7.9075));
#15159=CARTESIAN_POINT('',(-0.357931205730776,0.75,7.8875));
#15160=CARTESIAN_POINT('',(-0.433738898038469,0.75,7.55));
#15161=CARTESIAN_POINT('',(-0.35430620166138,0.75,7.90363871674731));
#15162=CARTESIAN_POINT('',(-0.433738898038469,1.15,7.55));
#15163=CARTESIAN_POINT('',(-0.433738898038469,0.,7.55));
#15164=CARTESIAN_POINT('',(-0.357931205730777,1.15,7.8875));
#15165=CARTESIAN_POINT('',(-0.433738898038469,1.15,7.55));
#15166=CARTESIAN_POINT('',(-0.357931205730777,0.,7.8875));
#15167=CARTESIAN_POINT('Origin',(-0.433738898038469,0.,7.55));
#15168=CARTESIAN_POINT('',(-0.508738898038469,0.75,7.55));
#15169=CARTESIAN_POINT('',(-0.216869449019234,0.75,7.55));
#15170=CARTESIAN_POINT('',(-0.508738898038469,1.15,7.55));
#15171=CARTESIAN_POINT('',(-0.508738898038469,0.,7.55));
#15172=CARTESIAN_POINT('',(-0.508738898038469,1.15,7.55));
#15173=CARTESIAN_POINT('Origin',(-0.508738898038469,0.,7.55));
#15174=CARTESIAN_POINT('',(-0.584546590346161,0.75,7.8875));
#15175=CARTESIAN_POINT('',(-0.525388502434674,0.75,7.62412495107899));
#15176=CARTESIAN_POINT('',(-0.584546590346161,1.15,7.8875));
#15177=CARTESIAN_POINT('',(-0.584546590346161,0.,7.8875));
#15178=CARTESIAN_POINT('',(-0.589038898038469,1.15,7.9075));
#15179=CARTESIAN_POINT('Origin',(-0.824677796076938,0.,7.9075));
#15180=CARTESIAN_POINT('',(-0.829170103769246,0.75,7.8875));
#15181=CARTESIAN_POINT('',(-0.904977796076938,0.75,7.55));
#15182=CARTESIAN_POINT('',(-0.814228553709407,0.75,7.95402059958147));
#15183=CARTESIAN_POINT('',(-0.904977796076938,1.15,7.55));
#15184=CARTESIAN_POINT('',(-0.904977796076938,0.,7.55));
#15185=CARTESIAN_POINT('',(-0.829170103769246,1.15,7.8875));
#15186=CARTESIAN_POINT('',(-0.904977796076938,1.15,7.55));
#15187=CARTESIAN_POINT('',(-0.829170103769246,0.,7.8875));
#15188=CARTESIAN_POINT('Origin',(-0.904977796076938,0.,7.55));
#15189=CARTESIAN_POINT('',(-0.979977796076938,0.75,7.55));
#15190=CARTESIAN_POINT('',(-0.452488898038469,0.75,7.55));
#15191=CARTESIAN_POINT('',(-0.979977796076938,1.15,7.55));
#15192=CARTESIAN_POINT('',(-0.979977796076938,0.,7.55));
#15193=CARTESIAN_POINT('',(-0.979977796076938,1.15,7.55));
#15194=CARTESIAN_POINT('Origin',(-0.979977796076938,0.,7.55));
#15195=CARTESIAN_POINT('',(-1.05578548838463,0.75,7.8875));
#15196=CARTESIAN_POINT('',(-0.985310854482701,0.75,7.57374306824484));
#15197=CARTESIAN_POINT('',(-1.05578548838463,1.15,7.8875));
#15198=CARTESIAN_POINT('',(-1.05578548838463,0.,7.8875));
#15199=CARTESIAN_POINT('',(-1.06027779607694,1.15,7.9075));
#15200=CARTESIAN_POINT('Origin',(-1.29591669411541,0.,7.9075));
#15201=CARTESIAN_POINT('',(-1.30040900180771,0.75,7.8875));
#15202=CARTESIAN_POINT('',(-1.37621669411541,0.75,7.55));
#15203=CARTESIAN_POINT('',(-1.27415090575743,0.75,8.00440248241563));
#15204=CARTESIAN_POINT('',(-1.37621669411541,1.15,7.55));
#15205=CARTESIAN_POINT('',(-1.37621669411541,0.,7.55));
#15206=CARTESIAN_POINT('',(-1.30040900180771,1.15,7.8875));
#15207=CARTESIAN_POINT('',(-1.37621669411541,1.15,7.55));
#15208=CARTESIAN_POINT('',(-1.30040900180771,0.,7.8875));
#15209=CARTESIAN_POINT('Origin',(-1.37621669411541,0.,7.55));
#15210=CARTESIAN_POINT('',(-1.45121669411541,0.75,7.55));
#15211=CARTESIAN_POINT('',(-0.688108347057703,0.75,7.55));
#15212=CARTESIAN_POINT('',(-1.45121669411541,1.15,7.55));
#15213=CARTESIAN_POINT('',(-1.45121669411541,0.,7.55));
#15214=CARTESIAN_POINT('',(-1.45121669411541,1.15,7.55));
#15215=CARTESIAN_POINT('Origin',(-1.45121669411541,0.,7.55));
#15216=CARTESIAN_POINT('',(-1.5270243864231,0.75,7.8875));
#15217=CARTESIAN_POINT('',(-1.44523320653073,0.75,7.52336118541068));
#15218=CARTESIAN_POINT('',(-1.5270243864231,1.15,7.8875));
#15219=CARTESIAN_POINT('',(-1.5270243864231,0.,7.8875));
#15220=CARTESIAN_POINT('',(-1.53151669411541,1.15,7.9075));
#15221=CARTESIAN_POINT('Origin',(-1.76715559215388,0.,7.9075));
#15222=CARTESIAN_POINT('',(-1.77164789984618,0.75,7.8875));
#15223=CARTESIAN_POINT('',(-1.84745559215388,0.75,7.55));
#15224=CARTESIAN_POINT('',(-1.73407325780546,0.75,8.05478436524979));
#15225=CARTESIAN_POINT('',(-1.84745559215388,1.15,7.55));
#15226=CARTESIAN_POINT('',(-1.84745559215388,0.,7.55));
#15227=CARTESIAN_POINT('',(-1.77164789984618,1.15,7.8875));
#15228=CARTESIAN_POINT('',(-1.84745559215388,1.15,7.55));
#15229=CARTESIAN_POINT('',(-1.77164789984618,0.,7.8875));
#15230=CARTESIAN_POINT('Origin',(-1.84745559215388,0.,7.55));
#15231=CARTESIAN_POINT('',(-1.92245559215388,0.75,7.55));
#15232=CARTESIAN_POINT('',(-0.923727796076938,0.75,7.55));
#15233=CARTESIAN_POINT('',(-1.92245559215388,1.15,7.55));
#15234=CARTESIAN_POINT('',(-1.92245559215388,0.,7.55));
#15235=CARTESIAN_POINT('',(-1.92245559215388,1.15,7.55));
#15236=CARTESIAN_POINT('Origin',(-1.92245559215388,0.,7.55));
#15237=CARTESIAN_POINT('',(-1.99826328446157,0.75,7.8875));
#15238=CARTESIAN_POINT('',(-1.90515555857875,0.75,7.47297930257652));
#15239=CARTESIAN_POINT('',(-1.99826328446157,1.15,7.8875));
#15240=CARTESIAN_POINT('',(-1.99826328446157,0.,7.8875));
#15241=CARTESIAN_POINT('',(-2.00275559215388,1.15,7.9075));
#15242=CARTESIAN_POINT('Origin',(-2.23839449019234,0.,7.9075));
#15243=CARTESIAN_POINT('',(-2.24288679788465,0.75,7.8875));
#15244=CARTESIAN_POINT('',(-2.31869449019234,0.75,7.55));
#15245=CARTESIAN_POINT('',(-2.19399560985349,0.75,8.10516624808395));
#15246=CARTESIAN_POINT('',(-2.31869449019234,1.15,7.55));
#15247=CARTESIAN_POINT('',(-2.31869449019234,0.,7.55));
#15248=CARTESIAN_POINT('',(-2.24288679788465,1.15,7.8875));
#15249=CARTESIAN_POINT('',(-2.31869449019234,1.15,7.55));
#15250=CARTESIAN_POINT('',(-2.24288679788465,0.,7.8875));
#15251=CARTESIAN_POINT('Origin',(-2.31869449019234,0.,7.55));
#15252=CARTESIAN_POINT('',(-2.39369449019234,0.75,7.55));
#15253=CARTESIAN_POINT('',(-1.15934724509617,0.75,7.55));
#15254=CARTESIAN_POINT('',(-2.39369449019234,1.15,7.55));
#15255=CARTESIAN_POINT('',(-2.39369449019234,0.,7.55));
#15256=CARTESIAN_POINT('',(-2.39369449019234,1.15,7.55));
#15257=CARTESIAN_POINT('Origin',(2.31869449019234,0.,7.55));
#15258=CARTESIAN_POINT('',(2.31869449019234,0.75,7.55));
#15259=CARTESIAN_POINT('',(2.24288679788465,0.75,7.8875));
#15260=CARTESIAN_POINT('',(2.23414560985349,0.75,7.92641624808395));
#15261=CARTESIAN_POINT('',(2.24288679788465,1.15,7.8875));
#15262=CARTESIAN_POINT('',(2.24288679788465,0.,7.8875));
#15263=CARTESIAN_POINT('',(2.31869449019234,1.15,7.55));
#15264=CARTESIAN_POINT('',(2.23839449019234,1.15,7.9075));
#15265=CARTESIAN_POINT('',(2.31869449019234,0.,7.55));
#15266=CARTESIAN_POINT('Origin',(2.39369449019234,0.,7.55));
#15267=CARTESIAN_POINT('',(2.39369449019234,0.75,7.55));
#15268=CARTESIAN_POINT('',(1.19684724509617,0.75,7.55));
#15269=CARTESIAN_POINT('',(2.39369449019234,1.15,7.55));
#15270=CARTESIAN_POINT('',(2.31869449019234,1.15,7.55));
#15271=CARTESIAN_POINT('',(2.39369449019234,0.,7.55));
#15272=CARTESIAN_POINT('Origin',(2.47399449019234,0.,7.9075));
#15273=CARTESIAN_POINT('',(2.46950218250004,0.75,7.8875));
#15274=CARTESIAN_POINT('',(2.40522791062678,0.75,7.60134741974236));
#15275=CARTESIAN_POINT('',(2.46950218250004,1.15,7.8875));
#15276=CARTESIAN_POINT('',(2.39369449019234,1.15,7.55));
#15277=CARTESIAN_POINT('',(2.46950218250004,0.,7.8875));
#15278=CARTESIAN_POINT('Origin',(0.,0.75,7.98875));
#15279=CARTESIAN_POINT('',(2.6,0.75,7.8875));
#15280=CARTESIAN_POINT('',(1.3,0.75,7.8875));
#15281=CARTESIAN_POINT('',(2.6,0.75,8.09));
#15282=CARTESIAN_POINT('',(2.6,0.75,8.039375));
#15283=CARTESIAN_POINT('',(-2.6,0.75,8.09));
#15284=CARTESIAN_POINT('',(-1.3,0.75,8.09));
#15285=CARTESIAN_POINT('',(-2.6,0.75,7.8875));
#15286=CARTESIAN_POINT('',(-2.6,0.75,7.938125));
#15287=CARTESIAN_POINT('',(-2.46950218250004,0.75,7.8875));
#15288=CARTESIAN_POINT('',(1.3,0.75,7.8875));
#15289=CARTESIAN_POINT('',(-2.36507791062678,0.75,7.42259741974236));
#15290=CARTESIAN_POINT('',(1.3,0.75,7.8875));
#15291=CARTESIAN_POINT('',(1.3,0.75,7.8875));
#15292=CARTESIAN_POINT('',(1.3,0.75,7.8875));
#15293=CARTESIAN_POINT('',(1.3,0.75,7.8875));
#15294=CARTESIAN_POINT('',(1.3,0.75,7.8875));
#15295=CARTESIAN_POINT('',(1.3,0.75,7.8875));
#15296=CARTESIAN_POINT('',(0.508738898038469,0.75,7.55));
#15297=CARTESIAN_POINT('',(0.254369449019235,0.75,7.55));
#15298=CARTESIAN_POINT('',(0.584546590346161,0.75,7.8875));
#15299=CARTESIAN_POINT('',(0.565538502434674,0.75,7.80287495107899));
#15300=CARTESIAN_POINT('',(0.829170103769246,0.75,7.8875));
#15301=CARTESIAN_POINT('',(1.3,0.75,7.8875));
#15302=CARTESIAN_POINT('',(0.904977796076938,0.75,7.55));
#15303=CARTESIAN_POINT('',(0.854378553709408,0.75,7.77527059958147));
#15304=CARTESIAN_POINT('',(0.979977796076938,0.75,7.55));
#15305=CARTESIAN_POINT('',(0.489988898038469,0.75,7.55));
#15306=CARTESIAN_POINT('',(1.05578548838463,0.75,7.8875));
#15307=CARTESIAN_POINT('',(1.0254608544827,0.75,7.75249306824483));
#15308=CARTESIAN_POINT('',(1.30040900180771,0.75,7.8875));
#15309=CARTESIAN_POINT('',(1.3,0.75,7.8875));
#15310=CARTESIAN_POINT('',(1.37621669411541,0.75,7.55));
#15311=CARTESIAN_POINT('',(1.31430090575743,0.75,7.82565248241563));
#15312=CARTESIAN_POINT('',(1.45121669411541,0.75,7.55));
#15313=CARTESIAN_POINT('',(0.725608347057703,0.75,7.55));
#15314=CARTESIAN_POINT('',(1.5270243864231,0.75,7.8875));
#15315=CARTESIAN_POINT('',(1.48538320653073,0.75,7.70211118541067));
#15316=CARTESIAN_POINT('',(1.77164789984618,0.75,7.8875));
#15317=CARTESIAN_POINT('',(1.3,0.75,7.8875));
#15318=CARTESIAN_POINT('',(1.84745559215388,0.75,7.55));
#15319=CARTESIAN_POINT('',(1.77422325780546,0.75,7.87603436524979));
#15320=CARTESIAN_POINT('',(1.92245559215388,0.75,7.55));
#15321=CARTESIAN_POINT('',(0.961227796076938,0.75,7.55));
#15322=CARTESIAN_POINT('',(1.99826328446157,0.75,7.8875));
#15323=CARTESIAN_POINT('',(1.94530555857875,0.75,7.65172930257652));
#15324=CARTESIAN_POINT('',(1.3,0.75,7.8875));
#15325=CARTESIAN_POINT('Origin',(2.6,0.,7.8875));
#15326=CARTESIAN_POINT('',(2.6,1.15,7.8875));
#15327=CARTESIAN_POINT('',(-2.6,1.15,7.8875));
#15328=CARTESIAN_POINT('',(2.6,0.,7.8875));
#15329=CARTESIAN_POINT('Origin',(2.6,0.,7.8875));
#15330=CARTESIAN_POINT('',(-2.6,1.15,7.8875));
#15331=CARTESIAN_POINT('Origin',(1.84745559215388,0.,7.55));
#15332=CARTESIAN_POINT('',(1.77164789984618,1.15,7.8875));
#15333=CARTESIAN_POINT('',(1.77164789984618,0.,7.8875));
#15334=CARTESIAN_POINT('',(1.84745559215388,1.15,7.55));
#15335=CARTESIAN_POINT('',(1.76715559215388,1.15,7.9075));
#15336=CARTESIAN_POINT('',(1.84745559215388,0.,7.55));
#15337=CARTESIAN_POINT('Origin',(1.92245559215388,0.,7.55));
#15338=CARTESIAN_POINT('',(1.92245559215388,1.15,7.55));
#15339=CARTESIAN_POINT('',(1.84745559215388,1.15,7.55));
#15340=CARTESIAN_POINT('',(1.92245559215388,0.,7.55));
#15341=CARTESIAN_POINT('Origin',(2.00275559215388,0.,7.9075));
#15342=CARTESIAN_POINT('',(1.99826328446157,1.15,7.8875));
#15343=CARTESIAN_POINT('',(1.92245559215388,1.15,7.55));
#15344=CARTESIAN_POINT('',(1.99826328446157,0.,7.8875));
#15345=CARTESIAN_POINT('Origin',(2.6,0.,7.8875));
#15346=CARTESIAN_POINT('',(-2.6,1.15,7.8875));
#15347=CARTESIAN_POINT('Origin',(2.6,0.,7.8875));
#15348=CARTESIAN_POINT('',(-2.6,1.15,7.8875));
#15349=CARTESIAN_POINT('Origin',(1.37621669411541,0.,7.55));
#15350=CARTESIAN_POINT('',(1.30040900180771,1.15,7.8875));
#15351=CARTESIAN_POINT('',(1.30040900180771,0.,7.8875));
#15352=CARTESIAN_POINT('',(1.37621669411541,1.15,7.55));
#15353=CARTESIAN_POINT('',(1.29591669411541,1.15,7.9075));
#15354=CARTESIAN_POINT('',(1.37621669411541,0.,7.55));
#15355=CARTESIAN_POINT('Origin',(1.45121669411541,0.,7.55));
#15356=CARTESIAN_POINT('',(1.45121669411541,1.15,7.55));
#15357=CARTESIAN_POINT('',(1.37621669411541,1.15,7.55));
#15358=CARTESIAN_POINT('',(1.45121669411541,0.,7.55));
#15359=CARTESIAN_POINT('Origin',(1.53151669411541,0.,7.9075));
#15360=CARTESIAN_POINT('',(1.5270243864231,1.15,7.8875));
#15361=CARTESIAN_POINT('',(1.45121669411541,1.15,7.55));
#15362=CARTESIAN_POINT('',(1.5270243864231,0.,7.8875));
#15363=CARTESIAN_POINT('Origin',(2.6,0.,7.8875));
#15364=CARTESIAN_POINT('',(-2.6,1.15,7.8875));
#15365=CARTESIAN_POINT('Origin',(2.6,0.,7.8875));
#15366=CARTESIAN_POINT('',(-2.6,1.15,7.8875));
#15367=CARTESIAN_POINT('Origin',(0.904977796076938,0.,7.55));
#15368=CARTESIAN_POINT('',(0.829170103769246,1.15,7.8875));
#15369=CARTESIAN_POINT('',(0.829170103769246,0.,7.8875));
#15370=CARTESIAN_POINT('',(0.904977796076938,1.15,7.55));
#15371=CARTESIAN_POINT('',(0.824677796076938,1.15,7.9075));
#15372=CARTESIAN_POINT('',(0.904977796076938,0.,7.55));
#15373=CARTESIAN_POINT('Origin',(0.979977796076938,0.,7.55));
#15374=CARTESIAN_POINT('',(0.979977796076938,1.15,7.55));
#15375=CARTESIAN_POINT('',(0.904977796076938,1.15,7.55));
#15376=CARTESIAN_POINT('',(0.979977796076938,0.,7.55));
#15377=CARTESIAN_POINT('Origin',(1.06027779607694,0.,7.9075));
#15378=CARTESIAN_POINT('',(1.05578548838463,1.15,7.8875));
#15379=CARTESIAN_POINT('',(0.979977796076938,1.15,7.55));
#15380=CARTESIAN_POINT('',(1.05578548838463,0.,7.8875));
#15381=CARTESIAN_POINT('Origin',(2.6,0.,7.8875));
#15382=CARTESIAN_POINT('',(-2.6,1.15,7.8875));
#15383=CARTESIAN_POINT('Origin',(2.6,0.,7.8875));
#15384=CARTESIAN_POINT('',(-2.6,1.15,7.8875));
#15385=CARTESIAN_POINT('Origin',(0.508738898038469,0.,7.55));
#15386=CARTESIAN_POINT('',(0.508738898038469,1.15,7.55));
#15387=CARTESIAN_POINT('',(0.433738898038469,1.15,7.55));
#15388=CARTESIAN_POINT('',(0.508738898038469,0.,7.55));
#15389=CARTESIAN_POINT('Origin',(0.589038898038469,0.,7.9075));
#15390=CARTESIAN_POINT('',(0.584546590346161,1.15,7.8875));
#15391=CARTESIAN_POINT('',(0.508738898038469,1.15,7.55));
#15392=CARTESIAN_POINT('',(0.584546590346161,0.,7.8875));
#15393=CARTESIAN_POINT('Origin',(2.6,0.,7.8875));
#15394=CARTESIAN_POINT('',(-2.6,1.15,7.8875));
#15395=CARTESIAN_POINT('Origin',(2.6,0.,7.8875));
#15396=CARTESIAN_POINT('',(-2.6,1.15,7.8875));
#15397=CARTESIAN_POINT('Origin',(-2.39369449019234,0.,7.55));
#15398=CARTESIAN_POINT('',(-2.46950218250004,1.15,7.8875));
#15399=CARTESIAN_POINT('',(-2.46950218250004,0.,7.8875));
#15400=CARTESIAN_POINT('',(-2.47399449019234,1.15,7.9075));
#15401=CARTESIAN_POINT('Origin',(2.6,0.,7.8875));
#15402=CARTESIAN_POINT('',(-2.6,1.15,7.8875));
#15403=CARTESIAN_POINT('Origin',(2.6,0.,8.09));
#15404=CARTESIAN_POINT('',(2.6,1.15,8.09));
#15405=CARTESIAN_POINT('',(2.6,1.15,7.8875));
#15406=CARTESIAN_POINT('',(2.6,0.,8.09));
#15407=CARTESIAN_POINT('Origin',(2.6,0.,7.8875));
#15408=CARTESIAN_POINT('',(-2.6,1.15,7.8875));
#15409=CARTESIAN_POINT('',(-2.6,0.,7.8875));
#15410=CARTESIAN_POINT('',(-2.6,1.15,7.8875));
#15411=CARTESIAN_POINT('Origin',(-2.6,0.,7.8875));
#15412=CARTESIAN_POINT('',(-2.6,1.15,8.09));
#15413=CARTESIAN_POINT('',(-2.6,0.,8.09));
#15414=CARTESIAN_POINT('',(-2.6,1.15,8.09));
#15415=CARTESIAN_POINT('Origin',(-2.6,0.,8.09));
#15416=CARTESIAN_POINT('',(2.6,1.15,8.09));
#15417=CARTESIAN_POINT('Origin',(0.,1.15,7.98875));
#15418=CARTESIAN_POINT('',(0.,0.,0.));
#15419=CARTESIAN_POINT('Origin',(0.,0.05,6.65));
#15420=CARTESIAN_POINT('',(-0.3,0.05,6.65));
#15421=CARTESIAN_POINT('Origin',(0.,0.05,6.65));
#15422=CARTESIAN_POINT('',(-0.3,1.35,6.65));
#15423=CARTESIAN_POINT('',(-0.3,0.05,6.65));
#15424=CARTESIAN_POINT('Origin',(0.,1.35,6.65));
#15425=CARTESIAN_POINT('Origin',(0.,0.05,6.65));
#15426=CARTESIAN_POINT('',(-0.6,0.05,7.25));
#15427=CARTESIAN_POINT('',(0.6,0.05,7.25));
#15428=CARTESIAN_POINT('',(-0.3,0.05,7.25));
#15429=CARTESIAN_POINT('',(-0.6,0.05,6.05));
#15430=CARTESIAN_POINT('',(-0.6,0.05,6.35));
#15431=CARTESIAN_POINT('',(0.6,0.05,6.05));
#15432=CARTESIAN_POINT('',(0.3,0.05,6.05));
#15433=CARTESIAN_POINT('',(0.6,0.05,6.95));
#15434=CARTESIAN_POINT('Origin',(0.6,0.,6.05));
#15435=CARTESIAN_POINT('',(-0.6,0.2,6.05));
#15436=CARTESIAN_POINT('',(-0.6,0.,6.05));
#15437=CARTESIAN_POINT('',(0.6,0.2,6.05));
#15438=CARTESIAN_POINT('',(0.3,0.2,6.05));
#15439=CARTESIAN_POINT('',(0.6,0.,6.05));
#15440=CARTESIAN_POINT('Origin',(-0.6,0.,6.05));
#15441=CARTESIAN_POINT('',(-0.6,0.2,7.25));
#15442=CARTESIAN_POINT('',(-0.6,0.,7.25));
#15443=CARTESIAN_POINT('',(-0.6,0.2,6.35));
#15444=CARTESIAN_POINT('Origin',(0.6,0.,7.25));
#15445=CARTESIAN_POINT('',(0.6,1.2,6.05));
#15446=CARTESIAN_POINT('',(0.6,1.2,7.25));
#15447=CARTESIAN_POINT('',(0.6,1.2,6.95));
#15448=CARTESIAN_POINT('',(0.6,1.35,6.05));
#15449=CARTESIAN_POINT('',(0.6,0.,6.05));
#15450=CARTESIAN_POINT('',(0.6,1.35,7.25));
#15451=CARTESIAN_POINT('',(0.6,1.35,6.05));
#15452=CARTESIAN_POINT('',(0.6,0.,7.25));
#15453=CARTESIAN_POINT('Origin',(0.6,0.,6.05));
#15454=CARTESIAN_POINT('',(-0.6,1.2,6.05));
#15455=CARTESIAN_POINT('',(0.3,1.2,6.05));
#15456=CARTESIAN_POINT('',(-0.6,1.35,6.05));
#15457=CARTESIAN_POINT('',(-0.6,0.,6.05));
#15458=CARTESIAN_POINT('',(-0.6,1.35,6.05));
#15459=CARTESIAN_POINT('Origin',(-0.6,0.,7.25));
#15460=CARTESIAN_POINT('',(-0.6,1.2,7.25));
#15461=CARTESIAN_POINT('',(-0.3,1.2,7.25));
#15462=CARTESIAN_POINT('',(-0.6,1.35,7.25));
#15463=CARTESIAN_POINT('',(0.6,1.35,7.25));
#15464=CARTESIAN_POINT('',(-0.6,0.,7.25));
#15465=CARTESIAN_POINT('Origin',(-0.6,0.,7.25));
#15466=CARTESIAN_POINT('',(0.6,0.2,7.25));
#15467=CARTESIAN_POINT('',(0.6,0.,7.25));
#15468=CARTESIAN_POINT('',(-0.3,0.2,7.25));
#15469=CARTESIAN_POINT('Origin',(-0.6,0.,6.05));
#15470=CARTESIAN_POINT('',(-0.6,1.2,6.35));
#15471=CARTESIAN_POINT('',(-0.6,1.35,7.25));
#15472=CARTESIAN_POINT('Origin',(0.6,0.,7.25));
#15473=CARTESIAN_POINT('',(0.6,0.2,6.95));
#15474=CARTESIAN_POINT('Origin',(0.,1.35,6.65));
#15475=CARTESIAN_POINT('Origin',(0.,0.2,6.65));
#15476=CARTESIAN_POINT('',(0.854417585259105,0.2,6.5322));
#15477=CARTESIAN_POINT('',(0.820915148974863,0.2,6.38541623597889));
#15478=CARTESIAN_POINT('',(0.846041976188044,0.2,6.49550405899472));
#15479=CARTESIAN_POINT('',(0.897764778014193,0.2,6.53829558641944));
#15480=CARTESIAN_POINT('',(0.465288531415563,0.2,6.47747973727345));
#15481=CARTESIAN_POINT('',(0.941092806360219,0.2,6.54551748738642));
#15482=CARTESIAN_POINT('',(0.491737982434494,0.2,6.47061917880174));
#15483=CARTESIAN_POINT('',(0.984379456612631,0.2,6.55386616461791));
#15484=CARTESIAN_POINT('',(0.518780051121935,0.2,6.46406621167745));
#15485=CARTESIAN_POINT('',(1.02760250081175,0.2,6.56334168923043));
#15486=CARTESIAN_POINT('',(0.546425004778917,0.2,6.45785607869253));
#15487=CARTESIAN_POINT('',(1.07073970316935,0.2,6.57394374146028));
#15488=CARTESIAN_POINT('',(0.574680864438772,0.2,6.45202480768935));
#15489=CARTESIAN_POINT('',(1.11376882651991,0.2,6.58567161048593));
#15490=CARTESIAN_POINT('',(0.603553384226053,0.2,6.4466090543344));
#15491=CARTESIAN_POINT('',(1.15666763877495,0.2,6.59852419435276));
#15492=CARTESIAN_POINT('',(0.633046042465188,0.2,6.44164594697752));
#15493=CARTESIAN_POINT('',(1.19941391937896,0.2,6.6125));
#15494=CARTESIAN_POINT('',(0.66316004402248,0.2,6.43717293449479));
#15495=CARTESIAN_POINT('',(1.15666763877495,0.2,6.70147580564724));
#15496=CARTESIAN_POINT('',(1.0582612144152,0.2,6.90630744864759));
#15497=CARTESIAN_POINT('',(1.11376882651991,0.2,6.71432838951407));
#15498=CARTESIAN_POINT('',(0.611596636337672,0.2,6.8647803449559));
#15499=CARTESIAN_POINT('',(1.07073970316935,0.2,6.72605625853972));
#15500=CARTESIAN_POINT('',(0.58203882255077,0.2,6.85925488017842));
#15501=CARTESIAN_POINT('',(1.02760250081175,0.2,6.73665831076957));
#15502=CARTESIAN_POINT('',(0.553112263259972,0.2,6.85327621842558));
#15503=CARTESIAN_POINT('',(0.984379456612631,0.2,6.74613383538209));
#15504=CARTESIAN_POINT('',(0.524813482679362,0.2,6.84688168361374));
#15505=CARTESIAN_POINT('',(0.941092806360219,0.2,6.75448251261358));
#15506=CARTESIAN_POINT('',(0.497136725995724,0.2,6.84010812693829));
#15507=CARTESIAN_POINT('',(0.897764778014193,0.2,6.76170441358056));
#15508=CARTESIAN_POINT('',(0.470073968261481,0.2,6.83299177168175));
#15509=CARTESIAN_POINT('',(0.854417585259105,0.2,6.7678));
#15510=CARTESIAN_POINT('',(0.443614935038019,0.2,6.82556805593627));
#15511=CARTESIAN_POINT('',(0.849816447231376,0.2,6.79737115055207));
#15512=CARTESIAN_POINT('',(0.850966731738309,0.2,6.78997836291405));
#15513=CARTESIAN_POINT('',(0.844116401918668,0.2,6.8271263673536));
#15514=CARTESIAN_POINT('',(0.845541413246845,0.2,6.81968756315322));
#15515=CARTESIAN_POINT('',(0.837374849578216,0.2,6.85666303804469));
#15516=CARTESIAN_POINT('',(0.839060237663329,0.2,6.84927887037192));
#15517=CARTESIAN_POINT('',(0.829600108226498,0.2,6.88594471901397));
#15518=CARTESIAN_POINT('',(0.831543793564428,0.2,6.87862429877165));
#15519=CARTESIAN_POINT('',(0.820915148974863,0.2,6.91458376402111));
#15520=CARTESIAN_POINT('',(0.823086388787771,0.2,6.90742400276933));
#15521=CARTESIAN_POINT('',(0.857324844330383,0.2,6.93888333968946));
#15522=CARTESIAN_POINT('',(0.494064218062803,0.2,6.69644574198013));
#15523=CARTESIAN_POINT('',(0.893228583582656,0.2,6.96418937457515));
#15524=CARTESIAN_POINT('',(0.520871034766107,0.2,6.7017405790864));
#15525=CARTESIAN_POINT('',(0.928606152561974,0.2,6.99049264651428));
#15526=CARTESIAN_POINT('',(0.548078322655372,0.2,6.7075696735906));
#15527=CARTESIAN_POINT('',(0.963437493712369,0.2,7.01778357523036));
#15528=CARTESIAN_POINT('',(0.575680040974839,0.2,6.71396923296608));
#15529=CARTESIAN_POINT('',(0.997702712021168,0.2,7.04605222487932));
#15530=CARTESIAN_POINT('',(0.60366778453083,0.2,6.72097519737312));
#15531=CARTESIAN_POINT('',(1.03138208090842,0.2,7.07528830668856));
#15532=CARTESIAN_POINT('',(0.632030833312869,0.2,6.72862308904712));
#15533=CARTESIAN_POINT('',(1.06445604807475,0.2,7.10548118168959));
#15534=CARTESIAN_POINT('',(0.660756211795666,0.2,6.73694786866382));
#15535=CARTESIAN_POINT('',(1.09690524130617,0.2,7.13661986354345));
#15536=CARTESIAN_POINT('',(0.68982875706788,0.2,6.74598379926661));
#15537=CARTESIAN_POINT('',(1.01978701801812,0.2,7.19823737836631));
#15538=CARTESIAN_POINT('',(0.842252774113798,0.2,7.34008736451653));
#15539=CARTESIAN_POINT('',(0.975559996560871,0.2,7.19120405923751));
#15540=CARTESIAN_POINT('',(0.457839829895657,0.2,7.10887223964851));
#15541=CARTESIAN_POINT('',(0.931703564344157,0.2,7.18310086718617));
#15542=CARTESIAN_POINT('',(0.433606569188417,0.2,7.09106931313733));
#15543=CARTESIAN_POINT('',(0.888238229907747,0.2,7.17393645552715));
#15544=CARTESIAN_POINT('',(0.410138683928113,0.2,7.07313196132138));
#15545=CARTESIAN_POINT('',(0.845184336659388,0.2,7.16371983217692));
#15546=CARTESIAN_POINT('',(0.387416848299459,0.2,7.05509230380042));
#15547=CARTESIAN_POINT('',(0.802562057092298,0.2,7.15246035678527));
#15548=CARTESIAN_POINT('',(0.365419888260462,0.2,7.03698104543433));
#15549=CARTESIAN_POINT('',(0.760391387049845,0.2,7.14016773777623));
#15550=CARTESIAN_POINT('',(0.344124856889921,0.2,7.0188273403787));
#15551=CARTESIAN_POINT('',(0.718692140038766,0.2,7.12685202929892));
#15552=CARTESIAN_POINT('',(0.323507121226579,0.2,7.00065865933942));
#15553=CARTESIAN_POINT('',(0.70171621654732,0.2,7.15149835636273));
#15554=CARTESIAN_POINT('',(0.705960197420177,0.2,7.14533677459678));
#15555=CARTESIAN_POINT('',(0.683670348450835,0.2,7.17583372338517));
#15556=CARTESIAN_POINT('',(0.688181815474957,0.2,7.16974988162956));
#15557=CARTESIAN_POINT('',(0.664780938550219,0.2,7.1995202942024));
#15558=CARTESIAN_POINT('',(0.669503291025377,0.2,7.19359865149809));
#15559=CARTESIAN_POINT('',(0.645071293409729,0.2,7.22252884330722));
#15560=CARTESIAN_POINT('',(0.64999870469485,0.2,7.21677670603101));
#15561=CARTESIAN_POINT('',(0.624820399572551,0.2,7.24456346867092));
#15562=CARTESIAN_POINT('',(0.629883123031841,0.2,7.23905481233));
#15563=CARTESIAN_POINT('',(0.647081210827733,0.2,7.28225420461233));
#15564=CARTESIAN_POINT('',(0.424984427022706,0.2,6.90621259786801));
#15565=CARTESIAN_POINT('',(0.668449485096874,0.2,7.32063220284946));
#15566=CARTESIAN_POINT('',(0.44683919059827,0.2,6.92261412312644));
#15567=CARTESIAN_POINT('',(0.688911011389335,0.2,7.35968038390023));
#15568=CARTESIAN_POINT('',(0.468822960647396,0.2,6.93967075560343));
#15569=CARTESIAN_POINT('',(0.708451875197804,0.2,7.39938141358638));
#15570=CARTESIAN_POINT('',(0.490914584803311,0.2,6.95741249611954));
#15571=CARTESIAN_POINT('',(0.727058462736419,0.2,7.43971770789922));
#15572=CARTESIAN_POINT('',(0.51309089639705,0.2,6.97586807876346));
#15573=CARTESIAN_POINT('',(0.744717465101894,0.2,7.48067143793272));
#15574=CARTESIAN_POINT('',(0.53532682451259,0.2,6.99506485672514));
#15575=CARTESIAN_POINT('',(0.761415882356623,0.2,7.5222245348827));
#15576=CARTESIAN_POINT('',(0.557595509736873,0.2,7.01502869861563));
#15577=CARTESIAN_POINT('',(0.777141027532746,0.2,7.56435869511114));
#15578=CARTESIAN_POINT('',(0.579868424581462,0.2,7.03578389542964));
#15579=CARTESIAN_POINT('',(0.680925071475782,0.2,7.58641381460973));
#15580=CARTESIAN_POINT('',(0.459425842346763,0.2,7.63718701447686));
#15581=CARTESIAN_POINT('',(0.644129544824766,0.2,7.56088762759675));
#15582=CARTESIAN_POINT('',(0.213402230105781,0.2,7.26207885958004));
#15583=CARTESIAN_POINT('',(0.608132108006256,0.2,7.53455831103332));
#15584=CARTESIAN_POINT('',(0.1992932169627,0.2,7.23552455926925));
#15585=CARTESIAN_POINT('',(0.572947484043512,0.2,7.50744255960864));
#15586=CARTESIAN_POINT('',(0.185932108223437,0.2,7.20918122990453));
#15587=CARTESIAN_POINT('',(0.5385900933251,0.2,7.47955731584883));
#15588=CARTESIAN_POINT('',(0.173287555758012,0.2,7.18306942508837));
#15589=CARTESIAN_POINT('',(0.50507404963955,0.2,7.45091976502375));
#15590=CARTESIAN_POINT('',(0.16132716007439,0.2,7.15720762187103));
#15591=CARTESIAN_POINT('',(0.472413156291905,0.2,7.42154732999251));
#15592=CARTESIAN_POINT('',(0.150017597196903,0.2,7.13161213094314));
#15593=CARTESIAN_POINT('',(0.440620902303083,0.2,7.39145766598884));
#15594=CARTESIAN_POINT('',(0.139324754501741,0.2,7.10629701471417));
#15595=CARTESIAN_POINT('',(0.414632483191438,0.2,7.40629766222203));
#15596=CARTESIAN_POINT('',(0.42112958796934,0.2,7.40258766316374));
#15597=CARTESIAN_POINT('',(0.387814997805735,0.2,7.4203932615729));
#15598=CARTESIAN_POINT('',(0.394519369152159,0.2,7.41686936173519));
#15599=CARTESIAN_POINT('',(0.360519009639182,0.2,7.43353831666919));
#15600=CARTESIAN_POINT('',(0.367343006680823,0.2,7.43025205289512));
#15601=CARTESIAN_POINT('',(0.332778197652927,0.2,7.445716608578));
#15602=CARTESIAN_POINT('',(0.3397134006495,0.2,7.44267203560079));
#15603=CARTESIAN_POINT('',(0.304972307115574,0.2,7.45678258650804));
#15604=CARTESIAN_POINT('',(0.311923779749903,0.2,7.45401609202553));
#15605=CARTESIAN_POINT('',(0.308675207590395,0.2,7.50039937022277));
#15606=CARTESIAN_POINT('',(0.271731258118809,0.2,7.06523340650682));
#15607=CARTESIAN_POINT('',(0.311275768092716,0.2,7.54424809858522));
#15608=CARTESIAN_POINT('',(0.284305364609404,0.2,7.08949309668848));
#15609=CARTESIAN_POINT('',(0.312768595471945,0.2,7.58830721759601));
#15610=CARTESIAN_POINT('',(0.296711461546916,0.2,7.11439899189032));
#15611=CARTESIAN_POINT('',(0.313148674208253,0.2,7.6325550724217));
#15612=CARTESIAN_POINT('',(0.308917474439221,0.2,7.13996894424969));
#15613=CARTESIAN_POINT('',(0.312411368119841,0.2,7.6769699136176));
#15614=CARTESIAN_POINT('',(0.320890063584942,0.2,7.16621879064498));
#15615=CARTESIAN_POINT('',(0.310552421971606,0.2,7.72152990337767));
#15616=CARTESIAN_POINT('',(0.332594772764932,0.2,7.19316229758601));
#15617=CARTESIAN_POINT('',(0.307567962984792,0.2,7.76621312181036));
#15618=CARTESIAN_POINT('',(0.343996178514535,0.2,7.22081111802341));
#15619=CARTESIAN_POINT('',(0.303454502247228,0.2,7.81099757323859));
#15620=CARTESIAN_POINT('',(0.355058038987173,0.2,7.24917475977384));
#15621=CARTESIAN_POINT('',(0.207197563529702,0.2,7.78912201050792));
#15622=CARTESIAN_POINT('',(-0.0143960119852337,0.2,7.73876216916583));
#15623=CARTESIAN_POINT('',(0.185121337005669,0.2,7.75015873000683));
#15624=CARTESIAN_POINT('',(-0.0733022985631439,0.2,7.29405575471716));
#15625=CARTESIAN_POINT('',(0.164112629426861,0.2,7.71081813298456));
#15626=CARTESIAN_POINT('',(-0.074492601053383,0.2,7.26400948545042));
#15627=CARTESIAN_POINT('',(0.144177462224698,0.2,7.67112164891674));
#15628=CARTESIAN_POINT('',(-0.0751006018225499,0.2,7.23447779799736));
#15629=CARTESIAN_POINT('',(0.125321476633759,0.2,7.63109079926406));
#15630=CARTESIAN_POINT('',(-0.0751634624337157,0.2,7.20546560907009));
#15631=CARTESIAN_POINT('',(0.107549932328974,0.2,7.59074719116298));
#15632=CARTESIAN_POINT('',(-0.0747183907121927,0.2,7.17697550830291));
#15633=CARTESIAN_POINT('',(0.0908677061632077,0.2,7.55011251109674));
#15634=CARTESIAN_POINT('',(-0.0738024874660521,0.2,7.14900773238914));
#15635=CARTESIAN_POINT('',(0.0752792910055363,0.2,7.50920851854815));
#15636=CARTESIAN_POINT('',(-0.0724525885581359,0.2,7.12156015020912));
#15637=CARTESIAN_POINT('',(0.0454257014057982,0.2,7.51130294069612));
#15638=CARTESIAN_POINT('',(0.0528890988057435,0.2,7.51077933515913));
#15639=CARTESIAN_POINT('',(0.0151481306063893,0.2,7.51236696605281));
#15640=CARTESIAN_POINT('',(0.0227175233062422,0.2,7.51210095971364));
#15641=CARTESIAN_POINT('',(-0.0151481306063892,0.2,7.51236696605281));
#15642=CARTESIAN_POINT('',(-0.0075740653031946,0.2,7.51236696605281));
#15643=CARTESIAN_POINT('',(-0.0454257014057981,0.2,7.51130294069612));
#15644=CARTESIAN_POINT('',(-0.0378563087059466,0.2,7.5115689470353));
#15645=CARTESIAN_POINT('',(-0.0752792910055361,0.2,7.50920851854815));
#15646=CARTESIAN_POINT('',(-0.0678158936056125,0.2,7.50973212408514));
#15647=CARTESIAN_POINT('',(-0.0908677061632076,0.2,7.55011251109674));
#15648=CARTESIAN_POINT('',(0.0646583809793005,0.2,7.14201214648342));
#15649=CARTESIAN_POINT('',(-0.107549932328973,0.2,7.59074719116298));
#15650=CARTESIAN_POINT('',(0.0654613743831693,0.2,7.16932507242226));
#15651=CARTESIAN_POINT('',(-0.125321476633759,0.2,7.63109079926406));
#15652=CARTESIAN_POINT('',(0.0658326185597995,0.2,7.19714731235345));
#15653=CARTESIAN_POINT('',(-0.144177462224698,0.2,7.67112164891674));
#15654=CARTESIAN_POINT('',(0.0657354696382469,0.2,7.22548103389643));
#15655=CARTESIAN_POINT('',(-0.16411262942686,0.2,7.71081813298456));
#15656=CARTESIAN_POINT('',(0.0651330182214684,0.2,7.25432604003127));
#15657=CARTESIAN_POINT('',(-0.185121337005669,0.2,7.75015873000683));
#15658=CARTESIAN_POINT('',(0.0639882472639789,0.2,7.28367978396155));
#15659=CARTESIAN_POINT('',(-0.207197563529702,0.2,7.78912201050792));
#15660=CARTESIAN_POINT('',(0.0622641853011276,0.2,7.3135373949677));
#15661=CARTESIAN_POINT('',(-0.230334908833592,0.2,7.82768664328531));
#15662=CARTESIAN_POINT('',(0.0599240542703909,0.2,7.34389171454865));
#15663=CARTESIAN_POINT('',(-0.307567962984791,0.2,7.76621312181036));
#15664=CARTESIAN_POINT('',(-0.485366559588062,0.2,7.62469462345978));
#15665=CARTESIAN_POINT('',(-0.310552421971606,0.2,7.72152990337767));
#15666=CARTESIAN_POINT('',(-0.345488408007942,0.2,7.19846950880707));
#15667=CARTESIAN_POINT('',(-0.312411368119841,0.2,7.6769699136176));
#15668=CARTESIAN_POINT('',(-0.33352424583905,0.2,7.17088230270598));
#15669=CARTESIAN_POINT('',(-0.313148674208253,0.2,7.6325550724217));
#15670=CARTESIAN_POINT('',(-0.321258716629147,0.2,7.14401137004703));
#15671=CARTESIAN_POINT('',(-0.312768595471944,0.2,7.58830721759601));
#15672=CARTESIAN_POINT('',(-0.308727435071068,0.2,7.11784501683684));
#15673=CARTESIAN_POINT('',(-0.311275768092716,0.2,7.54424809858522));
#15674=CARTESIAN_POINT('',(-0.2959650478573,0.2,7.09236943238493));
#15675=CARTESIAN_POINT('',(-0.308675207590395,0.2,7.50039937022277));
#15676=CARTESIAN_POINT('',(-0.283005084358243,0.2,7.06756873250725));
#15677=CARTESIAN_POINT('',(-0.304972307115574,0.2,7.45678258650804));
#15678=CARTESIAN_POINT('',(-0.269879807881399,0.2,7.04342501464946));
#15679=CARTESIAN_POINT('',(-0.332778197652927,0.2,7.445716608578));
#15680=CARTESIAN_POINT('',(-0.325826725018579,0.2,7.44848310306051));
#15681=CARTESIAN_POINT('',(-0.360519009639182,0.2,7.43353831666919));
#15682=CARTESIAN_POINT('',(-0.353583806642627,0.2,7.43658288964639));
#15683=CARTESIAN_POINT('',(-0.387814997805735,0.2,7.4203932615729));
#15684=CARTESIAN_POINT('',(-0.380991000764102,0.2,7.42367952534697));
#15685=CARTESIAN_POINT('',(-0.414632483191438,0.2,7.40629766222203));
#15686=CARTESIAN_POINT('',(-0.40792811184501,0.2,7.40982156205975));
#15687=CARTESIAN_POINT('',(-0.440620902303083,0.2,7.39145766598884));
#15688=CARTESIAN_POINT('',(-0.434123797525163,0.2,7.39516766504714));
#15689=CARTESIAN_POINT('',(-0.472413156291905,0.2,7.42154732999251));
#15690=CARTESIAN_POINT('',(-0.155220881496152,0.2,7.121341846716));
#15691=CARTESIAN_POINT('',(-0.50507404963955,0.2,7.45091976502375));
#15692=CARTESIAN_POINT('',(-0.166348043870724,0.2,7.14629834845877));
#15693=CARTESIAN_POINT('',(-0.5385900933251,0.2,7.47955731584883));
#15694=CARTESIAN_POINT('',(-0.178085181917166,0.2,7.17152639728356));
#15695=CARTESIAN_POINT('',(-0.572947484043512,0.2,7.50744255960864));
#15696=CARTESIAN_POINT('',(-0.190466251117218,0.2,7.19701204696827));
#15697=CARTESIAN_POINT('',(-0.608132108006256,0.2,7.53455831103332));
#15698=CARTESIAN_POINT('',(-0.203524420204808,0.2,7.22273910561687));
#15699=CARTESIAN_POINT('',(-0.644129544824766,0.2,7.56088762759675));
#15700=CARTESIAN_POINT('',(-0.217291935371961,0.2,7.24868921755095));
#15701=CARTESIAN_POINT('',(-0.680925071475782,0.2,7.58641381460973));
#15702=CARTESIAN_POINT('',(-0.231799993431284,0.2,7.27484195308655));
#15703=CARTESIAN_POINT('',(-0.718503666347644,0.2,7.61112043025055));
#15704=CARTESIAN_POINT('',(-0.247078624314946,0.2,7.30117490523367));
#15705=CARTESIAN_POINT('',(-0.761415882356623,0.2,7.5222245348827));
#15706=CARTESIAN_POINT('',(-0.86020430743426,0.2,7.31757685373244));
#15707=CARTESIAN_POINT('',(-0.744717465101894,0.2,7.48067143793272));
#15708=CARTESIAN_POINT('',(-0.549246301109516,0.2,6.99425215014064));
#15709=CARTESIAN_POINT('',(-0.727058462736419,0.2,7.43971770789922));
#15710=CARTESIAN_POINT('',(-0.526497323329848,0.2,6.9745879917084));
#15711=CARTESIAN_POINT('',(-0.708451875197804,0.2,7.39938141358638));
#15712=CARTESIAN_POINT('',(-0.503787602627741,0.2,6.95569993160704));
#15713=CARTESIAN_POINT('',(-0.688911011389334,0.2,7.35968038390023));
#15714=CARTESIAN_POINT('',(-0.481144152899077,0.2,6.93756198127647));
#15715=CARTESIAN_POINT('',(-0.668449485096874,0.2,7.32063220284946));
#15716=CARTESIAN_POINT('',(-0.458592197501166,0.2,6.92014666507805));
#15717=CARTESIAN_POINT('',(-0.647081210827733,0.2,7.28225420461233));
#15718=CARTESIAN_POINT('',(-0.436155053463701,0.2,6.90342512400787));
#15719=CARTESIAN_POINT('',(-0.624820399572551,0.2,7.24456346867092));
#15720=CARTESIAN_POINT('',(-0.413854021395114,0.2,6.8873672298973));
#15721=CARTESIAN_POINT('',(-0.645071293409729,0.2,7.22252884330722));
#15722=CARTESIAN_POINT('',(-0.64000856995043,0.2,7.22803749964815));
#15723=CARTESIAN_POINT('',(-0.664780938550219,0.2,7.1995202942024));
#15724=CARTESIAN_POINT('',(-0.659853527265094,0.2,7.20527243147861));
#15725=CARTESIAN_POINT('',(-0.683670348450835,0.2,7.17583372338517));
#15726=CARTESIAN_POINT('',(-0.678947995975686,0.2,7.18175536608947));
#15727=CARTESIAN_POINT('',(-0.701716216547319,0.2,7.15149835636273));
#15728=CARTESIAN_POINT('',(-0.697204749523199,0.2,7.15758219811834));
#15729=CARTESIAN_POINT('',(-0.718692140038766,0.2,7.12685202929892));
#15730=CARTESIAN_POINT('',(-0.7144481591659,0.2,7.13301361106488));
#15731=CARTESIAN_POINT('',(-0.760391387049845,0.2,7.14016773777623));
#15732=CARTESIAN_POINT('',(-0.344356744732118,0.2,7.00731651357807));
#15733=CARTESIAN_POINT('',(-0.802562057092298,0.2,7.15246035678527));
#15734=CARTESIAN_POINT('',(-0.365210191911148,0.2,7.02497364988322));
#15735=CARTESIAN_POINT('',(-0.845184336659388,0.2,7.16371983217692));
#15736=CARTESIAN_POINT('',(-0.386731028044007,0.2,7.04261078313015));
#15737=CARTESIAN_POINT('',(-0.888238229907747,0.2,7.17393645552715));
#15738=CARTESIAN_POINT('',(-0.408943794923639,0.2,7.06020061547553));
#15739=CARTESIAN_POINT('',(-0.931703564344157,0.2,7.18310086718617));
#15740=CARTESIAN_POINT('',(-0.431871351146318,0.2,7.07771416715089));
#15741=CARTESIAN_POINT('',(-0.97555999656087,0.2,7.19120405923751));
#15742=CARTESIAN_POINT('',(-0.455534785296773,0.2,7.095120909163));
#15743=CARTESIAN_POINT('',(-1.01978701801812,0.2,7.19823737836631));
#15744=CARTESIAN_POINT('',(-0.47995334062428,0.2,7.11238889921292));
#15745=CARTESIAN_POINT('',(-1.06436396087236,0.2,7.20419252863613));
#15746=CARTESIAN_POINT('',(-0.505144351134233,0.2,7.12948491980107));
#15747=CARTESIAN_POINT('',(-1.06445604807475,0.2,7.10548118168959));
#15748=CARTESIAN_POINT('',(-1.0646680424796,0.2,6.87823730083057));
#15749=CARTESIAN_POINT('',(-1.03138208090842,0.2,7.07528830668856));
#15750=CARTESIAN_POINT('',(-0.644219228212517,0.2,6.7218514311633));
#15751=CARTESIAN_POINT('',(-0.997702712021168,0.2,7.04605222487932));
#15752=CARTESIAN_POINT('',(-0.615191148869244,0.2,6.7140050481425));
#15753=CARTESIAN_POINT('',(-0.963437493712369,0.2,7.01778357523036));
#15754=CARTESIAN_POINT('',(-0.58653517537643,0.2,6.70684087254865));
#15755=CARTESIAN_POINT('',(-0.928606152561974,0.2,6.99049264651428));
#15756=CARTESIAN_POINT('',(-0.558264370399641,0.2,6.70032376860803));
#15757=CARTESIAN_POINT('',(-0.893228583582656,0.2,6.96418937457515));
#15758=CARTESIAN_POINT('',(-0.5303895381657,0.2,6.69441803762105));
#15759=CARTESIAN_POINT('',(-0.857324844330383,0.2,6.93888333968946));
#15760=CARTESIAN_POINT('',(-0.502919165139982,0.2,6.68908756164355));
#15761=CARTESIAN_POINT('',(-0.820915148974863,0.2,6.91458376402111));
#15762=CARTESIAN_POINT('',(-0.475859370385043,0.2,6.68429595414595));
#15763=CARTESIAN_POINT('',(-0.829600108226498,0.2,6.88594471901397));
#15764=CARTESIAN_POINT('',(-0.827428868413588,0.2,6.89310448026576));
#15765=CARTESIAN_POINT('',(-0.837374849578216,0.2,6.85666303804469));
#15766=CARTESIAN_POINT('',(-0.835431164240287,0.2,6.86398345828701));
#15767=CARTESIAN_POINT('',(-0.844116401918667,0.2,6.8271263673536));
#15768=CARTESIAN_POINT('',(-0.842431013833554,0.2,6.83451053502638));
#15769=CARTESIAN_POINT('',(-0.849816447231376,0.2,6.79737115055207));
#15770=CARTESIAN_POINT('',(-0.848391435903199,0.2,6.80480995475245));
#15771=CARTESIAN_POINT('',(-0.854417585259105,0.2,6.7678));
#15772=CARTESIAN_POINT('',(-0.853267300752173,0.2,6.77519278763801));
#15773=CARTESIAN_POINT('',(-0.897764778014193,0.2,6.76170441358056));
#15774=CARTESIAN_POINT('',(-0.465288531415556,0.2,6.82252026272654));
#15775=CARTESIAN_POINT('',(-0.941092806360219,0.2,6.75448251261358));
#15776=CARTESIAN_POINT('',(-0.491737982434502,0.2,6.82938082119827));
#15777=CARTESIAN_POINT('',(-0.984379456612631,0.2,6.74613383538209));
#15778=CARTESIAN_POINT('',(-0.51878005112193,0.2,6.83593378832254));
#15779=CARTESIAN_POINT('',(-1.02760250081175,0.2,6.73665831076957));
#15780=CARTESIAN_POINT('',(-0.546425004778922,0.2,6.84214392130748));
#15781=CARTESIAN_POINT('',(-1.07073970316935,0.2,6.72605625853972));
#15782=CARTESIAN_POINT('',(-0.574680864438761,0.2,6.84797519231064));
#15783=CARTESIAN_POINT('',(-1.11376882651991,0.2,6.71432838951407));
#15784=CARTESIAN_POINT('',(-0.603553384226059,0.2,6.85339094566561));
#15785=CARTESIAN_POINT('',(-1.15666763877495,0.2,6.70147580564724));
#15786=CARTESIAN_POINT('',(-0.633046042465195,0.2,6.85835405302248));
#15787=CARTESIAN_POINT('',(-1.19941391937896,0.2,6.6875));
#15788=CARTESIAN_POINT('',(-0.66316004402248,0.2,6.86282706550521));
#15789=CARTESIAN_POINT('',(-1.15666763877495,0.2,6.59852419435276));
#15790=CARTESIAN_POINT('',(-1.05826121441519,0.2,6.3936925513524));
#15791=CARTESIAN_POINT('',(-1.11376882651991,0.2,6.58567161048593));
#15792=CARTESIAN_POINT('',(-0.611596636337679,0.2,6.4352196550441));
#15793=CARTESIAN_POINT('',(-1.07073970316935,0.2,6.57394374146028));
#15794=CARTESIAN_POINT('',(-0.582038822550776,0.2,6.44074511982157));
#15795=CARTESIAN_POINT('',(-1.02760250081175,0.2,6.56334168923043));
#15796=CARTESIAN_POINT('',(-0.553112263259973,0.2,6.44672378157442));
#15797=CARTESIAN_POINT('',(-0.984379456612631,0.2,6.55386616461791));
#15798=CARTESIAN_POINT('',(-0.524813482679357,0.2,6.45311831638627));
#15799=CARTESIAN_POINT('',(-0.941092806360219,0.2,6.54551748738642));
#15800=CARTESIAN_POINT('',(-0.497136725995724,0.2,6.45989187306171));
#15801=CARTESIAN_POINT('',(-0.897764778014193,0.2,6.53829558641944));
#15802=CARTESIAN_POINT('',(-0.470073968261493,0.2,6.46700822831823));
#15803=CARTESIAN_POINT('',(-0.854417585259105,0.2,6.5322));
#15804=CARTESIAN_POINT('',(-0.443614935038012,0.2,6.47443194406374));
#15805=CARTESIAN_POINT('',(-0.849816447231376,0.2,6.50262884944793));
#15806=CARTESIAN_POINT('',(-0.850966731738309,0.2,6.51002163708595));
#15807=CARTESIAN_POINT('',(-0.844116401918668,0.2,6.4728736326464));
#15808=CARTESIAN_POINT('',(-0.845541413246845,0.2,6.48031243684678));
#15809=CARTESIAN_POINT('',(-0.837374849578216,0.2,6.44333696195531));
#15810=CARTESIAN_POINT('',(-0.839060237663329,0.2,6.45072112962808));
#15811=CARTESIAN_POINT('',(-0.829600108226499,0.2,6.41405528098603));
#15812=CARTESIAN_POINT('',(-0.831543793564428,0.2,6.42137570122835));
#15813=CARTESIAN_POINT('',(-0.820915148974863,0.2,6.38541623597889));
#15814=CARTESIAN_POINT('',(-0.823086388787772,0.2,6.39257599723067));
#15815=CARTESIAN_POINT('',(-0.857324844330383,0.2,6.36111666031054));
#15816=CARTESIAN_POINT('',(-0.494064218062796,0.2,6.60355425801987));
#15817=CARTESIAN_POINT('',(-0.893228583582656,0.2,6.33581062542485));
#15818=CARTESIAN_POINT('',(-0.520871034766113,0.2,6.5982594209136));
#15819=CARTESIAN_POINT('',(-0.928606152561974,0.2,6.30950735348572));
#15820=CARTESIAN_POINT('',(-0.548078322655358,0.2,6.59243032640939));
#15821=CARTESIAN_POINT('',(-0.963437493712369,0.2,6.28221642476964));
#15822=CARTESIAN_POINT('',(-0.575680040974847,0.2,6.58603076703393));
#15823=CARTESIAN_POINT('',(-0.997702712021168,0.2,6.25394777512068));
#15824=CARTESIAN_POINT('',(-0.603667784530828,0.2,6.57902480262688));
#15825=CARTESIAN_POINT('',(-1.03138208090842,0.2,6.22471169331144));
#15826=CARTESIAN_POINT('',(-0.632030833312871,0.2,6.57137691095289));
#15827=CARTESIAN_POINT('',(-1.06445604807475,0.2,6.19451881831041));
#15828=CARTESIAN_POINT('',(-0.660756211795673,0.2,6.56305213133618));
#15829=CARTESIAN_POINT('',(-1.09690524130617,0.2,6.16338013645655));
#15830=CARTESIAN_POINT('',(-0.689828757067865,0.2,6.55401620073339));
#15831=CARTESIAN_POINT('',(-1.01978701801812,0.2,6.10176262163369));
#15832=CARTESIAN_POINT('',(-0.842252774113798,0.2,5.95991263548347));
#15833=CARTESIAN_POINT('',(-0.975559996560871,0.2,6.10879594076249));
#15834=CARTESIAN_POINT('',(-0.457839829895659,0.2,6.19112776035147));
#15835=CARTESIAN_POINT('',(-0.931703564344157,0.2,6.11689913281383));
#15836=CARTESIAN_POINT('',(-0.433606569188415,0.2,6.20893068686268));
#15837=CARTESIAN_POINT('',(-0.888238229907747,0.2,6.12606354447285));
#15838=CARTESIAN_POINT('',(-0.410138683928113,0.2,6.22686803867862));
#15839=CARTESIAN_POINT('',(-0.845184336659388,0.2,6.13628016782308));
#15840=CARTESIAN_POINT('',(-0.387416848299459,0.2,6.24490769619958));
#15841=CARTESIAN_POINT('',(-0.802562057092298,0.2,6.14753964321473));
#15842=CARTESIAN_POINT('',(-0.365419888260462,0.2,6.26301895456567));
#15843=CARTESIAN_POINT('',(-0.760391387049845,0.2,6.15983226222377));
#15844=CARTESIAN_POINT('',(-0.344124856889921,0.2,6.2811726596213));
#15845=CARTESIAN_POINT('',(-0.718692140038766,0.2,6.17314797070108));
#15846=CARTESIAN_POINT('',(-0.323507121226579,0.2,6.29934134066058));
#15847=CARTESIAN_POINT('',(-0.70171621654732,0.2,6.14850164363727));
#15848=CARTESIAN_POINT('',(-0.705960197420181,0.2,6.15466322540323));
#15849=CARTESIAN_POINT('',(-0.683670348450835,0.2,6.12416627661483));
#15850=CARTESIAN_POINT('',(-0.688181815474956,0.2,6.13025011837044));
#15851=CARTESIAN_POINT('',(-0.664780938550219,0.2,6.1004797057976));
#15852=CARTESIAN_POINT('',(-0.669503291025375,0.2,6.10640134850191));
#15853=CARTESIAN_POINT('',(-0.645071293409729,0.2,6.07747115669278));
#15854=CARTESIAN_POINT('',(-0.64999870469485,0.2,6.08322329396899));
#15855=CARTESIAN_POINT('',(-0.624820399572551,0.2,6.05543653132908));
#15856=CARTESIAN_POINT('',(-0.629883123031846,0.2,6.06094518767001));
#15857=CARTESIAN_POINT('',(-0.647081210827733,0.2,6.01774579538767));
#15858=CARTESIAN_POINT('',(-0.424984427022705,0.2,6.39378740213199));
#15859=CARTESIAN_POINT('',(-0.668449485096874,0.2,5.97936779715054));
#15860=CARTESIAN_POINT('',(-0.446839190598276,0.2,6.37738587687356));
#15861=CARTESIAN_POINT('',(-0.688911011389335,0.2,5.94031961609977));
#15862=CARTESIAN_POINT('',(-0.468822960647386,0.2,6.36032924439657));
#15863=CARTESIAN_POINT('',(-0.708451875197804,0.2,5.90061858641362));
#15864=CARTESIAN_POINT('',(-0.49091458480332,0.2,6.34258750388046));
#15865=CARTESIAN_POINT('',(-0.727058462736419,0.2,5.86028229210078));
#15866=CARTESIAN_POINT('',(-0.513090896397044,0.2,6.32413192123654));
#15867=CARTESIAN_POINT('',(-0.744717465101894,0.2,5.81932856206728));
#15868=CARTESIAN_POINT('',(-0.535326824512586,0.2,6.30493514327486));
#15869=CARTESIAN_POINT('',(-0.761415882356623,0.2,5.7777754651173));
#15870=CARTESIAN_POINT('',(-0.55759550973688,0.2,6.28497130138437));
#15871=CARTESIAN_POINT('',(-0.777141027532747,0.2,5.73564130488886));
#15872=CARTESIAN_POINT('',(-0.579868424581452,0.2,6.26421610457036));
#15873=CARTESIAN_POINT('',(-0.680925071475782,0.2,5.71358618539027));
#15874=CARTESIAN_POINT('',(-0.459425842346768,0.2,5.66281298552314));
#15875=CARTESIAN_POINT('',(-0.644129544824766,0.2,5.73911237240325));
#15876=CARTESIAN_POINT('',(-0.213402230105779,0.2,6.03792114041995));
#15877=CARTESIAN_POINT('',(-0.608132108006257,0.2,5.76544168896668));
#15878=CARTESIAN_POINT('',(-0.199293216962704,0.2,6.06447544073076));
#15879=CARTESIAN_POINT('',(-0.572947484043512,0.2,5.79255744039136));
#15880=CARTESIAN_POINT('',(-0.185932108223438,0.2,6.09081877009547));
#15881=CARTESIAN_POINT('',(-0.5385900933251,0.2,5.82044268415117));
#15882=CARTESIAN_POINT('',(-0.173287555758008,0.2,6.11693057491163));
#15883=CARTESIAN_POINT('',(-0.50507404963955,0.2,5.84908023497625));
#15884=CARTESIAN_POINT('',(-0.161327160074391,0.2,6.14279237812897));
#15885=CARTESIAN_POINT('',(-0.472413156291905,0.2,5.87845267000749));
#15886=CARTESIAN_POINT('',(-0.150017597196902,0.2,6.16838786905685));
#15887=CARTESIAN_POINT('',(-0.440620902303083,0.2,5.90854233401116));
#15888=CARTESIAN_POINT('',(-0.139324754501746,0.2,6.19370298528584));
#15889=CARTESIAN_POINT('',(-0.414632483191438,0.2,5.89370233777797));
#15890=CARTESIAN_POINT('',(-0.421129587969348,0.2,5.89741233683627));
#15891=CARTESIAN_POINT('',(-0.387814997805735,0.2,5.8796067384271));
#15892=CARTESIAN_POINT('',(-0.39451936915216,0.2,5.88313063826481));
#15893=CARTESIAN_POINT('',(-0.360519009639182,0.2,5.86646168333081));
#15894=CARTESIAN_POINT('',(-0.367343006680811,0.2,5.86974794710488));
#15895=CARTESIAN_POINT('',(-0.332778197652928,0.2,5.854283391422));
#15896=CARTESIAN_POINT('',(-0.339713400649501,0.2,5.85732796439921));
#15897=CARTESIAN_POINT('',(-0.304972307115574,0.2,5.84321741349196));
#15898=CARTESIAN_POINT('',(-0.311923779749913,0.2,5.84598390797447));
#15899=CARTESIAN_POINT('',(-0.308675207590395,0.2,5.79960062977723));
#15900=CARTESIAN_POINT('',(-0.271731258118805,0.2,6.23476659349318));
#15901=CARTESIAN_POINT('',(-0.311275768092716,0.2,5.75575190141478));
#15902=CARTESIAN_POINT('',(-0.284305364609409,0.2,6.21050690331152));
#15903=CARTESIAN_POINT('',(-0.312768595471945,0.2,5.711692782404));
#15904=CARTESIAN_POINT('',(-0.296711461546908,0.2,6.18560100810969));
#15905=CARTESIAN_POINT('',(-0.313148674208253,0.2,5.6674449275783));
#15906=CARTESIAN_POINT('',(-0.308917474439227,0.2,6.16003105575031));
#15907=CARTESIAN_POINT('',(-0.312411368119841,0.2,5.6230300863824));
#15908=CARTESIAN_POINT('',(-0.320890063584944,0.2,6.13378120935502));
#15909=CARTESIAN_POINT('',(-0.310552421971606,0.2,5.57847009662233));
#15910=CARTESIAN_POINT('',(-0.332594772764927,0.2,6.10683770241399));
#15911=CARTESIAN_POINT('',(-0.307567962984791,0.2,5.53378687818964));
#15912=CARTESIAN_POINT('',(-0.343996178514541,0.2,6.07918888197659));
#15913=CARTESIAN_POINT('',(-0.303454502247229,0.2,5.48900242676141));
#15914=CARTESIAN_POINT('',(-0.355058038987164,0.2,6.05082524022617));
#15915=CARTESIAN_POINT('',(-0.207197563529702,0.2,5.51087798949208));
#15916=CARTESIAN_POINT('',(0.0143960119852332,0.2,5.56123783083417));
#15917=CARTESIAN_POINT('',(-0.185121337005669,0.2,5.54984126999317));
#15918=CARTESIAN_POINT('',(0.0733022985631471,0.2,6.00594424528284));
#15919=CARTESIAN_POINT('',(-0.164112629426861,0.2,5.58918186701544));
#15920=CARTESIAN_POINT('',(0.0744926010533798,0.2,6.03599051454959));
#15921=CARTESIAN_POINT('',(-0.144177462224698,0.2,5.62887835108326));
#15922=CARTESIAN_POINT('',(0.0751006018225548,0.2,6.06552220200263));
#15923=CARTESIAN_POINT('',(-0.125321476633759,0.2,5.66890920073594));
#15924=CARTESIAN_POINT('',(0.0751634624337129,0.2,6.09453439092992));
#15925=CARTESIAN_POINT('',(-0.107549932328974,0.2,5.70925280883702));
#15926=CARTESIAN_POINT('',(0.0747183907121906,0.2,6.12302449169709));
#15927=CARTESIAN_POINT('',(-0.0908677061632077,0.2,5.74988748890326));
#15928=CARTESIAN_POINT('',(0.0738024874660526,0.2,6.15099226761086));
#15929=CARTESIAN_POINT('',(-0.0752792910055365,0.2,5.79079148145185));
#15930=CARTESIAN_POINT('',(0.0724525885581356,0.2,6.17843984979088));
#15931=CARTESIAN_POINT('',(-0.0454257014057983,0.2,5.78869705930388));
#15932=CARTESIAN_POINT('',(-0.0528890988057435,0.2,5.78922066484087));
#15933=CARTESIAN_POINT('',(-0.0151481306063896,0.2,5.78763303394719));
#15934=CARTESIAN_POINT('',(-0.0227175233062424,0.2,5.78789904028636));
#15935=CARTESIAN_POINT('',(0.0151481306063893,0.2,5.78763303394719));
#15936=CARTESIAN_POINT('',(0.00757406530319464,0.2,5.78763303394719));
#15937=CARTESIAN_POINT('',(0.045425701405798,0.2,5.78869705930388));
#15938=CARTESIAN_POINT('',(0.0378563087059467,0.2,5.7884310529647));
#15939=CARTESIAN_POINT('',(0.0752792910055362,0.2,5.79079148145185));
#15940=CARTESIAN_POINT('',(0.0678158936056124,0.2,5.79026787591486));
#15941=CARTESIAN_POINT('',(0.0908677061632073,0.2,5.74988748890326));
#15942=CARTESIAN_POINT('',(-0.0646583809793003,0.2,6.15798785351658));
#15943=CARTESIAN_POINT('',(0.107549932328974,0.2,5.70925280883702));
#15944=CARTESIAN_POINT('',(-0.0654613743831696,0.2,6.13067492757774));
#15945=CARTESIAN_POINT('',(0.125321476633759,0.2,5.66890920073594));
#15946=CARTESIAN_POINT('',(-0.0658326185597981,0.2,6.10285268764655));
#15947=CARTESIAN_POINT('',(0.144177462224697,0.2,5.62887835108326));
#15948=CARTESIAN_POINT('',(-0.0657354696382435,0.2,6.07451896610357));
#15949=CARTESIAN_POINT('',(0.164112629426861,0.2,5.58918186701544));
#15950=CARTESIAN_POINT('',(-0.0651330182214742,0.2,6.04567395996872));
#15951=CARTESIAN_POINT('',(0.185121337005669,0.2,5.54984126999317));
#15952=CARTESIAN_POINT('',(-0.0639882472639756,0.2,6.01632021603845));
#15953=CARTESIAN_POINT('',(0.207197563529702,0.2,5.51087798949208));
#15954=CARTESIAN_POINT('',(-0.0622641853011309,0.2,5.98646260503229));
#15955=CARTESIAN_POINT('',(0.230334908833591,0.2,5.47231335671469));
#15956=CARTESIAN_POINT('',(-0.0599240542703864,0.2,5.95610828545136));
#15957=CARTESIAN_POINT('',(0.307567962984791,0.2,5.53378687818964));
#15958=CARTESIAN_POINT('',(0.485366559588059,0.2,5.67530537654021));
#15959=CARTESIAN_POINT('',(0.310552421971606,0.2,5.57847009662232));
#15960=CARTESIAN_POINT('',(0.345488408007949,0.2,6.10153049119293));
#15961=CARTESIAN_POINT('',(0.312411368119841,0.2,5.6230300863824));
#15962=CARTESIAN_POINT('',(0.333524245839044,0.2,6.12911769729403));
#15963=CARTESIAN_POINT('',(0.313148674208253,0.2,5.6674449275783));
#15964=CARTESIAN_POINT('',(0.321258716629149,0.2,6.15598862995297));
#15965=CARTESIAN_POINT('',(0.312768595471945,0.2,5.711692782404));
#15966=CARTESIAN_POINT('',(0.308727435071072,0.2,6.18215498316316));
#15967=CARTESIAN_POINT('',(0.311275768092716,0.2,5.75575190141477));
#15968=CARTESIAN_POINT('',(0.295965047857294,0.2,6.20763056761507));
#15969=CARTESIAN_POINT('',(0.308675207590395,0.2,5.79960062977723));
#15970=CARTESIAN_POINT('',(0.283005084358248,0.2,6.23243126749275));
#15971=CARTESIAN_POINT('',(0.304972307115573,0.2,5.84321741349196));
#15972=CARTESIAN_POINT('',(0.269879807881395,0.2,6.25657498535054));
#15973=CARTESIAN_POINT('',(0.332778197652927,0.2,5.854283391422));
#15974=CARTESIAN_POINT('',(0.32582672501859,0.2,5.85151689693949));
#15975=CARTESIAN_POINT('',(0.360519009639182,0.2,5.86646168333081));
#15976=CARTESIAN_POINT('',(0.353583806642628,0.2,5.86341711035362));
#15977=CARTESIAN_POINT('',(0.387814997805735,0.2,5.8796067384271));
#15978=CARTESIAN_POINT('',(0.380991000764087,0.2,5.87632047465302));
#15979=CARTESIAN_POINT('',(0.414632483191438,0.2,5.89370233777797));
#15980=CARTESIAN_POINT('',(0.407928111845012,0.2,5.89017843794025));
#15981=CARTESIAN_POINT('',(0.440620902303083,0.2,5.90854233401116));
#15982=CARTESIAN_POINT('',(0.43412379752517,0.2,5.90483233495286));
#15983=CARTESIAN_POINT('',(0.472413156291905,0.2,5.87845267000749));
#15984=CARTESIAN_POINT('',(0.155220881496156,0.2,6.17865815328401));
#15985=CARTESIAN_POINT('',(0.50507404963955,0.2,5.84908023497625));
#15986=CARTESIAN_POINT('',(0.166348043870724,0.2,6.15370165154123));
#15987=CARTESIAN_POINT('',(0.538590093325099,0.2,5.82044268415117));
#15988=CARTESIAN_POINT('',(0.178085181917166,0.2,6.12847360271644));
#15989=CARTESIAN_POINT('',(0.572947484043512,0.2,5.79255744039136));
#15990=CARTESIAN_POINT('',(0.190466251117217,0.2,6.10298795303173));
#15991=CARTESIAN_POINT('',(0.608132108006256,0.2,5.76544168896668));
#15992=CARTESIAN_POINT('',(0.203524420204808,0.2,6.07726089438312));
#15993=CARTESIAN_POINT('',(0.644129544824765,0.2,5.73911237240325));
#15994=CARTESIAN_POINT('',(0.217291935371959,0.2,6.05131078244905));
#15995=CARTESIAN_POINT('',(0.680925071475782,0.2,5.71358618539027));
#15996=CARTESIAN_POINT('',(0.231799993431286,0.2,6.02515804691346));
#15997=CARTESIAN_POINT('',(0.718503666347644,0.2,5.68887956974945));
#15998=CARTESIAN_POINT('',(0.247078624314944,0.2,5.99882509476633));
#15999=CARTESIAN_POINT('',(0.761415882356623,0.2,5.7777754651173));
#16000=CARTESIAN_POINT('',(0.86020430743426,0.2,5.98242314626755));
#16001=CARTESIAN_POINT('',(0.744717465101894,0.2,5.81932856206728));
#16002=CARTESIAN_POINT('',(0.549246301109516,0.2,6.30574784985936));
#16003=CARTESIAN_POINT('',(0.727058462736418,0.2,5.86028229210078));
#16004=CARTESIAN_POINT('',(0.526497323329842,0.2,6.3254120082916));
#16005=CARTESIAN_POINT('',(0.708451875197804,0.2,5.90061858641362));
#16006=CARTESIAN_POINT('',(0.503787602627742,0.2,6.34430006839296));
#16007=CARTESIAN_POINT('',(0.688911011389335,0.2,5.94031961609977));
#16008=CARTESIAN_POINT('',(0.481144152899088,0.2,6.36243801872353));
#16009=CARTESIAN_POINT('',(0.668449485096874,0.2,5.97936779715054));
#16010=CARTESIAN_POINT('',(0.458592197501155,0.2,6.37985333492195));
#16011=CARTESIAN_POINT('',(0.647081210827733,0.2,6.01774579538767));
#16012=CARTESIAN_POINT('',(0.436155053463704,0.2,6.39657487599213));
#16013=CARTESIAN_POINT('',(0.624820399572551,0.2,6.05543653132908));
#16014=CARTESIAN_POINT('',(0.413854021395107,0.2,6.41263277010269));
#16015=CARTESIAN_POINT('',(0.645071293409729,0.2,6.07747115669278));
#16016=CARTESIAN_POINT('',(0.640008569950434,0.2,6.07196250035186));
#16017=CARTESIAN_POINT('',(0.664780938550219,0.2,6.1004797057976));
#16018=CARTESIAN_POINT('',(0.659853527265096,0.2,6.0947275685214));
#16019=CARTESIAN_POINT('',(0.683670348450835,0.2,6.12416627661483));
#16020=CARTESIAN_POINT('',(0.678947995975684,0.2,6.11824463391053));
#16021=CARTESIAN_POINT('',(0.701716216547319,0.2,6.14850164363727));
#16022=CARTESIAN_POINT('',(0.697204749523196,0.2,6.14241780188166));
#16023=CARTESIAN_POINT('',(0.718692140038766,0.2,6.17314797070108));
#16024=CARTESIAN_POINT('',(0.714448159165906,0.2,6.16698638893513));
#16025=CARTESIAN_POINT('',(0.760391387049844,0.2,6.15983226222377));
#16026=CARTESIAN_POINT('',(0.344356744732119,0.2,6.29268348642194));
#16027=CARTESIAN_POINT('',(0.802562057092298,0.2,6.14753964321473));
#16028=CARTESIAN_POINT('',(0.365210191911148,0.2,6.27502635011678));
#16029=CARTESIAN_POINT('',(0.845184336659387,0.2,6.13628016782308));
#16030=CARTESIAN_POINT('',(0.386731028044007,0.2,6.25738921686985));
#16031=CARTESIAN_POINT('',(0.888238229907747,0.2,6.12606354447285));
#16032=CARTESIAN_POINT('',(0.40894379492364,0.2,6.23979938452446));
#16033=CARTESIAN_POINT('',(0.931703564344157,0.2,6.11689913281383));
#16034=CARTESIAN_POINT('',(0.431871351146318,0.2,6.22228583284912));
#16035=CARTESIAN_POINT('',(0.97555999656087,0.2,6.10879594076249));
#16036=CARTESIAN_POINT('',(0.455534785296772,0.2,6.20487909083701));
#16037=CARTESIAN_POINT('',(1.01978701801812,0.2,6.10176262163368));
#16038=CARTESIAN_POINT('',(0.47995334062428,0.2,6.18761110078708));
#16039=CARTESIAN_POINT('',(1.06436396087236,0.2,6.09580747136387));
#16040=CARTESIAN_POINT('',(0.50514435113423,0.2,6.17051508019894));
#16041=CARTESIAN_POINT('',(1.06445604807475,0.2,6.19451881831041));
#16042=CARTESIAN_POINT('',(1.0646680424796,0.2,6.42176269916942));
#16043=CARTESIAN_POINT('',(1.03138208090842,0.2,6.22471169331144));
#16044=CARTESIAN_POINT('',(0.64421922821251,0.2,6.5781485688367));
#16045=CARTESIAN_POINT('',(0.997702712021167,0.2,6.25394777512068));
#16046=CARTESIAN_POINT('',(0.615191148869242,0.2,6.5859949518575));
#16047=CARTESIAN_POINT('',(0.963437493712369,0.2,6.28221642476964));
#16048=CARTESIAN_POINT('',(0.586535175376438,0.2,6.59315912745136));
#16049=CARTESIAN_POINT('',(0.928606152561974,0.2,6.30950735348572));
#16050=CARTESIAN_POINT('',(0.558264370399649,0.2,6.59967623139197));
#16051=CARTESIAN_POINT('',(0.893228583582656,0.2,6.33581062542485));
#16052=CARTESIAN_POINT('',(0.530389538165699,0.2,6.60558196237895));
#16053=CARTESIAN_POINT('',(0.857324844330383,0.2,6.36111666031054));
#16054=CARTESIAN_POINT('',(0.502919165139976,0.2,6.61091243835645));
#16055=CARTESIAN_POINT('',(0.475859370385035,0.2,6.61570404585404));
#16056=CARTESIAN_POINT('Origin',(-0.844116401918667,0.,6.8271263673536));
#16057=CARTESIAN_POINT('',(-0.837374849578216,1.2,6.85666303804469));
#16058=CARTESIAN_POINT('',(-0.837374849578216,0.,6.85666303804469));
#16059=CARTESIAN_POINT('',(-0.844116401918667,1.2,6.8271263673536));
#16060=CARTESIAN_POINT('',(-0.837374849578216,1.2,6.85666303804469));
#16061=CARTESIAN_POINT('',(-0.844116401918667,0.,6.8271263673536));
#16062=CARTESIAN_POINT('Origin',(-0.837374849578216,0.,6.85666303804469));
#16063=CARTESIAN_POINT('',(-0.829600108226499,1.2,6.88594471901397));
#16064=CARTESIAN_POINT('',(-0.829600108226498,0.,6.88594471901397));
#16065=CARTESIAN_POINT('',(-0.829600108226498,1.2,6.88594471901397));
#16066=CARTESIAN_POINT('Origin',(-0.829600108226498,0.,6.88594471901397));
#16067=CARTESIAN_POINT('',(-0.820915148974863,1.2,6.91458376402111));
#16068=CARTESIAN_POINT('',(-0.820915148974863,0.,6.91458376402111));
#16069=CARTESIAN_POINT('',(-0.820915148974863,1.2,6.91458376402111));
#16070=CARTESIAN_POINT('Origin',(-0.820915148974863,0.,6.91458376402111));
#16071=CARTESIAN_POINT('',(-0.857324844330383,1.2,6.93888333968946));
#16072=CARTESIAN_POINT('',(-0.857324844330383,0.,6.93888333968946));
#16073=CARTESIAN_POINT('',(-0.857324844330383,1.2,6.93888333968946));
#16074=CARTESIAN_POINT('Origin',(-0.857324844330383,0.,6.93888333968946));
#16075=CARTESIAN_POINT('',(-0.893228583582656,1.2,6.96418937457515));
#16076=CARTESIAN_POINT('',(-0.893228583582656,0.,6.96418937457515));
#16077=CARTESIAN_POINT('',(-0.893228583582656,1.2,6.96418937457515));
#16078=CARTESIAN_POINT('Origin',(-0.893228583582656,0.,6.96418937457515));
#16079=CARTESIAN_POINT('',(-0.928606152561974,1.2,6.99049264651428));
#16080=CARTESIAN_POINT('',(-0.928606152561974,0.,6.99049264651428));
#16081=CARTESIAN_POINT('',(-0.928606152561974,1.2,6.99049264651428));
#16082=CARTESIAN_POINT('Origin',(-0.928606152561974,0.,6.99049264651428));
#16083=CARTESIAN_POINT('',(-0.963437493712369,1.2,7.01778357523036));
#16084=CARTESIAN_POINT('',(-0.963437493712369,0.,7.01778357523036));
#16085=CARTESIAN_POINT('',(-0.963437493712369,1.2,7.01778357523036));
#16086=CARTESIAN_POINT('Origin',(-0.963437493712369,0.,7.01778357523036));
#16087=CARTESIAN_POINT('',(-0.997702712021168,1.2,7.04605222487932));
#16088=CARTESIAN_POINT('',(-0.997702712021168,0.,7.04605222487932));
#16089=CARTESIAN_POINT('',(-0.997702712021168,1.2,7.04605222487932));
#16090=CARTESIAN_POINT('Origin',(-0.997702712021168,0.,7.04605222487932));
#16091=CARTESIAN_POINT('',(-1.03138208090842,1.2,7.07528830668856));
#16092=CARTESIAN_POINT('',(-1.03138208090842,0.,7.07528830668856));
#16093=CARTESIAN_POINT('',(-1.03138208090842,1.2,7.07528830668856));
#16094=CARTESIAN_POINT('Origin',(-1.03138208090842,0.,7.07528830668856));
#16095=CARTESIAN_POINT('',(-1.06445604807475,1.2,7.10548118168959));
#16096=CARTESIAN_POINT('',(-1.06445604807475,0.,7.10548118168959));
#16097=CARTESIAN_POINT('',(-1.06445604807475,1.2,7.10548118168959));
#16098=CARTESIAN_POINT('Origin',(-1.06445604807475,0.,7.10548118168959));
#16099=CARTESIAN_POINT('',(-1.06436396087236,1.2,7.20419252863613));
#16100=CARTESIAN_POINT('',(-1.06436396087236,0.,7.20419252863613));
#16101=CARTESIAN_POINT('',(-1.06436396087236,1.2,7.20419252863613));
#16102=CARTESIAN_POINT('Origin',(-1.06436396087236,0.,7.20419252863613));
#16103=CARTESIAN_POINT('',(-1.01978701801812,1.2,7.19823737836631));
#16104=CARTESIAN_POINT('',(-1.01978701801812,0.,7.19823737836631));
#16105=CARTESIAN_POINT('',(-1.01978701801812,1.2,7.19823737836631));
#16106=CARTESIAN_POINT('Origin',(-1.01978701801812,0.,7.19823737836631));
#16107=CARTESIAN_POINT('',(-0.97555999656087,1.2,7.19120405923751));
#16108=CARTESIAN_POINT('',(-0.97555999656087,0.,7.19120405923751));
#16109=CARTESIAN_POINT('',(-0.97555999656087,1.2,7.19120405923751));
#16110=CARTESIAN_POINT('Origin',(-0.97555999656087,0.,7.19120405923751));
#16111=CARTESIAN_POINT('',(-0.931703564344156,1.2,7.18310086718617));
#16112=CARTESIAN_POINT('',(-0.931703564344157,0.,7.18310086718617));
#16113=CARTESIAN_POINT('',(-0.931703564344157,1.2,7.18310086718617));
#16114=CARTESIAN_POINT('Origin',(-0.931703564344157,0.,7.18310086718617));
#16115=CARTESIAN_POINT('',(-0.888238229907747,1.2,7.17393645552715));
#16116=CARTESIAN_POINT('',(-0.888238229907747,0.,7.17393645552715));
#16117=CARTESIAN_POINT('',(-0.888238229907747,1.2,7.17393645552715));
#16118=CARTESIAN_POINT('Origin',(-0.888238229907747,0.,7.17393645552715));
#16119=CARTESIAN_POINT('',(-0.845184336659388,1.2,7.16371983217692));
#16120=CARTESIAN_POINT('',(-0.845184336659388,0.,7.16371983217692));
#16121=CARTESIAN_POINT('',(-0.845184336659388,1.2,7.16371983217692));
#16122=CARTESIAN_POINT('Origin',(-0.845184336659388,0.,7.16371983217692));
#16123=CARTESIAN_POINT('',(-0.802562057092298,1.2,7.15246035678527));
#16124=CARTESIAN_POINT('',(-0.802562057092298,0.,7.15246035678527));
#16125=CARTESIAN_POINT('',(-0.802562057092298,1.2,7.15246035678527));
#16126=CARTESIAN_POINT('Origin',(-0.802562057092298,0.,7.15246035678527));
#16127=CARTESIAN_POINT('',(-0.760391387049844,1.2,7.14016773777623));
#16128=CARTESIAN_POINT('',(-0.760391387049845,0.,7.14016773777623));
#16129=CARTESIAN_POINT('',(-0.760391387049845,1.2,7.14016773777623));
#16130=CARTESIAN_POINT('Origin',(-0.760391387049845,0.,7.14016773777623));
#16131=CARTESIAN_POINT('',(-0.718692140038766,1.2,7.12685202929892));
#16132=CARTESIAN_POINT('',(-0.718692140038766,0.,7.12685202929892));
#16133=CARTESIAN_POINT('',(-0.718692140038766,1.2,7.12685202929892));
#16134=CARTESIAN_POINT('Origin',(-0.718692140038766,0.,7.12685202929892));
#16135=CARTESIAN_POINT('',(-0.701716216547319,1.2,7.15149835636273));
#16136=CARTESIAN_POINT('',(-0.701716216547319,0.,7.15149835636273));
#16137=CARTESIAN_POINT('',(-0.701716216547319,1.2,7.15149835636273));
#16138=CARTESIAN_POINT('Origin',(-0.701716216547319,0.,7.15149835636273));
#16139=CARTESIAN_POINT('',(-0.683670348450835,1.2,7.17583372338517));
#16140=CARTESIAN_POINT('',(-0.683670348450835,0.,7.17583372338517));
#16141=CARTESIAN_POINT('',(-0.683670348450835,1.2,7.17583372338517));
#16142=CARTESIAN_POINT('Origin',(-0.683670348450835,0.,7.17583372338517));
#16143=CARTESIAN_POINT('',(-0.664780938550219,1.2,7.1995202942024));
#16144=CARTESIAN_POINT('',(-0.664780938550219,0.,7.1995202942024));
#16145=CARTESIAN_POINT('',(-0.664780938550219,1.2,7.1995202942024));
#16146=CARTESIAN_POINT('Origin',(-0.664780938550219,0.,7.1995202942024));
#16147=CARTESIAN_POINT('',(-0.645071293409729,1.2,7.22252884330722));
#16148=CARTESIAN_POINT('',(-0.645071293409729,0.,7.22252884330722));
#16149=CARTESIAN_POINT('',(-0.645071293409729,1.2,7.22252884330722));
#16150=CARTESIAN_POINT('Origin',(-0.645071293409729,0.,7.22252884330722));
#16151=CARTESIAN_POINT('',(-0.624820399572551,1.2,7.24456346867092));
#16152=CARTESIAN_POINT('',(-0.624820399572551,0.,7.24456346867092));
#16153=CARTESIAN_POINT('',(-0.624820399572551,1.2,7.24456346867092));
#16154=CARTESIAN_POINT('Origin',(-0.624820399572551,0.,7.24456346867092));
#16155=CARTESIAN_POINT('',(-0.647081210827733,1.2,7.28225420461233));
#16156=CARTESIAN_POINT('',(-0.647081210827733,0.,7.28225420461233));
#16157=CARTESIAN_POINT('',(-0.647081210827733,1.2,7.28225420461233));
#16158=CARTESIAN_POINT('Origin',(-0.647081210827733,0.,7.28225420461233));
#16159=CARTESIAN_POINT('',(-0.668449485096874,1.2,7.32063220284946));
#16160=CARTESIAN_POINT('',(-0.668449485096874,0.,7.32063220284946));
#16161=CARTESIAN_POINT('',(-0.668449485096874,1.2,7.32063220284946));
#16162=CARTESIAN_POINT('Origin',(-0.668449485096874,0.,7.32063220284946));
#16163=CARTESIAN_POINT('',(-0.688911011389334,1.2,7.35968038390023));
#16164=CARTESIAN_POINT('',(-0.688911011389334,0.,7.35968038390023));
#16165=CARTESIAN_POINT('',(-0.688911011389334,1.2,7.35968038390023));
#16166=CARTESIAN_POINT('Origin',(-0.688911011389334,0.,7.35968038390023));
#16167=CARTESIAN_POINT('',(-0.708451875197804,1.2,7.39938141358638));
#16168=CARTESIAN_POINT('',(-0.708451875197804,0.,7.39938141358638));
#16169=CARTESIAN_POINT('',(-0.708451875197804,1.2,7.39938141358638));
#16170=CARTESIAN_POINT('Origin',(-0.708451875197804,0.,7.39938141358638));
#16171=CARTESIAN_POINT('',(-0.727058462736419,1.2,7.43971770789922));
#16172=CARTESIAN_POINT('',(-0.727058462736419,0.,7.43971770789922));
#16173=CARTESIAN_POINT('',(-0.727058462736419,1.2,7.43971770789922));
#16174=CARTESIAN_POINT('Origin',(-0.727058462736419,0.,7.43971770789922));
#16175=CARTESIAN_POINT('',(-0.744717465101894,1.2,7.48067143793272));
#16176=CARTESIAN_POINT('',(-0.744717465101894,0.,7.48067143793272));
#16177=CARTESIAN_POINT('',(-0.744717465101894,1.2,7.48067143793272));
#16178=CARTESIAN_POINT('Origin',(-0.744717465101894,0.,7.48067143793272));
#16179=CARTESIAN_POINT('',(-0.761415882356623,1.2,7.5222245348827));
#16180=CARTESIAN_POINT('',(-0.761415882356623,0.,7.5222245348827));
#16181=CARTESIAN_POINT('',(-0.761415882356623,1.2,7.5222245348827));
#16182=CARTESIAN_POINT('Origin',(-0.761415882356623,0.,7.5222245348827));
#16183=CARTESIAN_POINT('',(-0.718503666347644,1.2,7.61112043025055));
#16184=CARTESIAN_POINT('',(-0.718503666347644,0.,7.61112043025055));
#16185=CARTESIAN_POINT('',(-0.718503666347644,1.2,7.61112043025055));
#16186=CARTESIAN_POINT('Origin',(-0.718503666347644,0.,7.61112043025055));
#16187=CARTESIAN_POINT('',(-0.680925071475782,1.2,7.58641381460973));
#16188=CARTESIAN_POINT('',(-0.680925071475782,0.,7.58641381460973));
#16189=CARTESIAN_POINT('',(-0.680925071475782,1.2,7.58641381460973));
#16190=CARTESIAN_POINT('Origin',(-0.680925071475782,0.,7.58641381460973));
#16191=CARTESIAN_POINT('',(-0.644129544824766,1.2,7.56088762759675));
#16192=CARTESIAN_POINT('',(-0.644129544824766,0.,7.56088762759675));
#16193=CARTESIAN_POINT('',(-0.644129544824766,1.2,7.56088762759675));
#16194=CARTESIAN_POINT('Origin',(-0.644129544824766,0.,7.56088762759675));
#16195=CARTESIAN_POINT('',(-0.608132108006256,1.2,7.53455831103332));
#16196=CARTESIAN_POINT('',(-0.608132108006256,0.,7.53455831103332));
#16197=CARTESIAN_POINT('',(-0.608132108006256,1.2,7.53455831103332));
#16198=CARTESIAN_POINT('Origin',(-0.608132108006256,0.,7.53455831103332));
#16199=CARTESIAN_POINT('',(-0.572947484043512,1.2,7.50744255960864));
#16200=CARTESIAN_POINT('',(-0.572947484043512,0.,7.50744255960864));
#16201=CARTESIAN_POINT('',(-0.572947484043512,1.2,7.50744255960864));
#16202=CARTESIAN_POINT('Origin',(-0.572947484043512,0.,7.50744255960864));
#16203=CARTESIAN_POINT('',(-0.5385900933251,1.2,7.47955731584883));
#16204=CARTESIAN_POINT('',(-0.5385900933251,0.,7.47955731584883));
#16205=CARTESIAN_POINT('',(-0.5385900933251,1.2,7.47955731584883));
#16206=CARTESIAN_POINT('Origin',(-0.5385900933251,0.,7.47955731584883));
#16207=CARTESIAN_POINT('',(-0.50507404963955,1.2,7.45091976502375));
#16208=CARTESIAN_POINT('',(-0.50507404963955,0.,7.45091976502375));
#16209=CARTESIAN_POINT('',(-0.50507404963955,1.2,7.45091976502375));
#16210=CARTESIAN_POINT('Origin',(-0.50507404963955,0.,7.45091976502375));
#16211=CARTESIAN_POINT('',(-0.472413156291905,1.2,7.42154732999251));
#16212=CARTESIAN_POINT('',(-0.472413156291905,0.,7.42154732999251));
#16213=CARTESIAN_POINT('',(-0.472413156291905,1.2,7.42154732999251));
#16214=CARTESIAN_POINT('Origin',(-0.472413156291905,0.,7.42154732999251));
#16215=CARTESIAN_POINT('',(-0.440620902303083,1.2,7.39145766598884));
#16216=CARTESIAN_POINT('',(-0.440620902303083,0.,7.39145766598884));
#16217=CARTESIAN_POINT('',(-0.440620902303083,1.2,7.39145766598884));
#16218=CARTESIAN_POINT('Origin',(-0.440620902303083,0.,7.39145766598884));
#16219=CARTESIAN_POINT('',(-0.414632483191438,1.2,7.40629766222203));
#16220=CARTESIAN_POINT('',(-0.414632483191438,0.,7.40629766222203));
#16221=CARTESIAN_POINT('',(-0.414632483191438,1.2,7.40629766222203));
#16222=CARTESIAN_POINT('Origin',(-0.414632483191438,0.,7.40629766222203));
#16223=CARTESIAN_POINT('',(-0.387814997805735,1.2,7.4203932615729));
#16224=CARTESIAN_POINT('',(-0.387814997805735,0.,7.4203932615729));
#16225=CARTESIAN_POINT('',(-0.387814997805735,1.2,7.4203932615729));
#16226=CARTESIAN_POINT('Origin',(-0.387814997805735,0.,7.4203932615729));
#16227=CARTESIAN_POINT('',(-0.360519009639182,1.2,7.43353831666919));
#16228=CARTESIAN_POINT('',(-0.360519009639182,0.,7.43353831666919));
#16229=CARTESIAN_POINT('',(-0.360519009639182,1.2,7.43353831666919));
#16230=CARTESIAN_POINT('Origin',(-0.360519009639182,0.,7.43353831666919));
#16231=CARTESIAN_POINT('',(-0.332778197652927,1.2,7.445716608578));
#16232=CARTESIAN_POINT('',(-0.332778197652927,0.,7.445716608578));
#16233=CARTESIAN_POINT('',(-0.332778197652927,1.2,7.445716608578));
#16234=CARTESIAN_POINT('Origin',(-0.332778197652927,0.,7.445716608578));
#16235=CARTESIAN_POINT('',(-0.304972307115574,1.2,7.45678258650804));
#16236=CARTESIAN_POINT('',(-0.304972307115574,0.,7.45678258650804));
#16237=CARTESIAN_POINT('',(-0.304972307115574,1.2,7.45678258650804));
#16238=CARTESIAN_POINT('Origin',(-0.304972307115574,0.,7.45678258650804));
#16239=CARTESIAN_POINT('',(-0.308675207590395,1.2,7.50039937022277));
#16240=CARTESIAN_POINT('',(-0.308675207590395,0.,7.50039937022277));
#16241=CARTESIAN_POINT('',(-0.308675207590395,1.2,7.50039937022277));
#16242=CARTESIAN_POINT('Origin',(-0.308675207590395,0.,7.50039937022277));
#16243=CARTESIAN_POINT('',(-0.311275768092716,1.2,7.54424809858522));
#16244=CARTESIAN_POINT('',(-0.311275768092716,0.,7.54424809858522));
#16245=CARTESIAN_POINT('',(-0.311275768092716,1.2,7.54424809858522));
#16246=CARTESIAN_POINT('Origin',(-0.311275768092716,0.,7.54424809858522));
#16247=CARTESIAN_POINT('',(-0.312768595471944,1.2,7.58830721759601));
#16248=CARTESIAN_POINT('',(-0.312768595471944,0.,7.58830721759601));
#16249=CARTESIAN_POINT('',(-0.312768595471944,1.2,7.58830721759601));
#16250=CARTESIAN_POINT('Origin',(-0.312768595471944,0.,7.58830721759601));
#16251=CARTESIAN_POINT('',(-0.313148674208253,1.2,7.6325550724217));
#16252=CARTESIAN_POINT('',(-0.313148674208253,0.,7.6325550724217));
#16253=CARTESIAN_POINT('',(-0.313148674208253,1.2,7.6325550724217));
#16254=CARTESIAN_POINT('Origin',(-0.313148674208253,0.,7.6325550724217));
#16255=CARTESIAN_POINT('',(-0.312411368119841,1.2,7.6769699136176));
#16256=CARTESIAN_POINT('',(-0.312411368119841,0.,7.6769699136176));
#16257=CARTESIAN_POINT('',(-0.312411368119841,1.2,7.6769699136176));
#16258=CARTESIAN_POINT('Origin',(-0.312411368119841,0.,7.6769699136176));
#16259=CARTESIAN_POINT('',(-0.310552421971606,1.2,7.72152990337767));
#16260=CARTESIAN_POINT('',(-0.310552421971606,0.,7.72152990337767));
#16261=CARTESIAN_POINT('',(-0.310552421971606,1.2,7.72152990337767));
#16262=CARTESIAN_POINT('Origin',(-0.310552421971606,0.,7.72152990337767));
#16263=CARTESIAN_POINT('',(-0.307567962984792,1.2,7.76621312181036));
#16264=CARTESIAN_POINT('',(-0.307567962984791,0.,7.76621312181036));
#16265=CARTESIAN_POINT('',(-0.307567962984791,1.2,7.76621312181036));
#16266=CARTESIAN_POINT('Origin',(-0.307567962984791,0.,7.76621312181036));
#16267=CARTESIAN_POINT('',(-0.230334908833592,1.2,7.82768664328531));
#16268=CARTESIAN_POINT('',(-0.230334908833592,0.,7.82768664328531));
#16269=CARTESIAN_POINT('',(-0.230334908833592,1.2,7.82768664328531));
#16270=CARTESIAN_POINT('Origin',(-0.230334908833592,0.,7.82768664328531));
#16271=CARTESIAN_POINT('',(-0.207197563529702,1.2,7.78912201050792));
#16272=CARTESIAN_POINT('',(-0.207197563529702,0.,7.78912201050792));
#16273=CARTESIAN_POINT('',(-0.207197563529702,1.2,7.78912201050792));
#16274=CARTESIAN_POINT('Origin',(-0.207197563529702,0.,7.78912201050792));
#16275=CARTESIAN_POINT('',(-0.185121337005669,1.2,7.75015873000683));
#16276=CARTESIAN_POINT('',(-0.185121337005669,0.,7.75015873000683));
#16277=CARTESIAN_POINT('',(-0.185121337005669,1.2,7.75015873000683));
#16278=CARTESIAN_POINT('Origin',(-0.185121337005669,0.,7.75015873000683));
#16279=CARTESIAN_POINT('',(-0.16411262942686,1.2,7.71081813298456));
#16280=CARTESIAN_POINT('',(-0.16411262942686,0.,7.71081813298456));
#16281=CARTESIAN_POINT('',(-0.16411262942686,1.2,7.71081813298456));
#16282=CARTESIAN_POINT('Origin',(-0.16411262942686,0.,7.71081813298456));
#16283=CARTESIAN_POINT('',(-0.144177462224698,1.2,7.67112164891674));
#16284=CARTESIAN_POINT('',(-0.144177462224698,0.,7.67112164891674));
#16285=CARTESIAN_POINT('',(-0.144177462224698,1.2,7.67112164891674));
#16286=CARTESIAN_POINT('Origin',(-0.144177462224698,0.,7.67112164891674));
#16287=CARTESIAN_POINT('',(-0.125321476633759,1.2,7.63109079926406));
#16288=CARTESIAN_POINT('',(-0.125321476633759,0.,7.63109079926406));
#16289=CARTESIAN_POINT('',(-0.125321476633759,1.2,7.63109079926406));
#16290=CARTESIAN_POINT('Origin',(-0.125321476633759,0.,7.63109079926406));
#16291=CARTESIAN_POINT('',(-0.107549932328973,1.2,7.59074719116298));
#16292=CARTESIAN_POINT('',(-0.107549932328973,0.,7.59074719116298));
#16293=CARTESIAN_POINT('',(-0.107549932328973,1.2,7.59074719116298));
#16294=CARTESIAN_POINT('Origin',(-0.107549932328973,0.,7.59074719116298));
#16295=CARTESIAN_POINT('',(-0.0908677061632076,1.2,7.55011251109674));
#16296=CARTESIAN_POINT('',(-0.0908677061632076,0.,7.55011251109674));
#16297=CARTESIAN_POINT('',(-0.0908677061632076,1.2,7.55011251109674));
#16298=CARTESIAN_POINT('Origin',(-0.0908677061632076,0.,7.55011251109674));
#16299=CARTESIAN_POINT('',(-0.0752792910055361,1.2,7.50920851854815));
#16300=CARTESIAN_POINT('',(-0.0752792910055361,0.,7.50920851854815));
#16301=CARTESIAN_POINT('',(-0.0752792910055361,1.2,7.50920851854815));
#16302=CARTESIAN_POINT('Origin',(-0.0752792910055361,0.,7.50920851854815));
#16303=CARTESIAN_POINT('',(-0.0454257014057982,1.2,7.51130294069612));
#16304=CARTESIAN_POINT('',(-0.0454257014057981,0.,7.51130294069612));
#16305=CARTESIAN_POINT('',(-0.0454257014057981,1.2,7.51130294069612));
#16306=CARTESIAN_POINT('Origin',(-0.0454257014057981,0.,7.51130294069612));
#16307=CARTESIAN_POINT('',(-0.0151481306063892,1.2,7.51236696605281));
#16308=CARTESIAN_POINT('',(-0.0151481306063892,0.,7.51236696605281));
#16309=CARTESIAN_POINT('',(-0.0151481306063892,1.2,7.51236696605281));
#16310=CARTESIAN_POINT('Origin',(-0.0151481306063892,0.,7.51236696605281));
#16311=CARTESIAN_POINT('',(0.0151481306063893,1.2,7.51236696605281));
#16312=CARTESIAN_POINT('',(0.0151481306063893,0.,7.51236696605281));
#16313=CARTESIAN_POINT('',(0.0151481306063893,1.2,7.51236696605281));
#16314=CARTESIAN_POINT('Origin',(0.0151481306063893,0.,7.51236696605281));
#16315=CARTESIAN_POINT('',(0.0454257014057983,1.2,7.51130294069612));
#16316=CARTESIAN_POINT('',(0.0454257014057982,0.,7.51130294069612));
#16317=CARTESIAN_POINT('',(0.0454257014057982,1.2,7.51130294069612));
#16318=CARTESIAN_POINT('Origin',(0.0454257014057982,0.,7.51130294069612));
#16319=CARTESIAN_POINT('',(0.0752792910055362,1.2,7.50920851854815));
#16320=CARTESIAN_POINT('',(0.0752792910055363,0.,7.50920851854815));
#16321=CARTESIAN_POINT('',(0.0752792910055363,1.2,7.50920851854815));
#16322=CARTESIAN_POINT('Origin',(0.0752792910055363,0.,7.50920851854815));
#16323=CARTESIAN_POINT('',(0.0908677061632077,1.2,7.55011251109674));
#16324=CARTESIAN_POINT('',(0.0908677061632077,0.,7.55011251109674));
#16325=CARTESIAN_POINT('',(0.0908677061632077,1.2,7.55011251109674));
#16326=CARTESIAN_POINT('Origin',(0.0908677061632077,0.,7.55011251109674));
#16327=CARTESIAN_POINT('',(0.107549932328973,1.2,7.59074719116298));
#16328=CARTESIAN_POINT('',(0.107549932328974,0.,7.59074719116298));
#16329=CARTESIAN_POINT('',(0.107549932328974,1.2,7.59074719116298));
#16330=CARTESIAN_POINT('Origin',(0.107549932328974,0.,7.59074719116298));
#16331=CARTESIAN_POINT('',(0.125321476633759,1.2,7.63109079926406));
#16332=CARTESIAN_POINT('',(0.125321476633759,0.,7.63109079926406));
#16333=CARTESIAN_POINT('',(0.125321476633759,1.2,7.63109079926406));
#16334=CARTESIAN_POINT('Origin',(0.125321476633759,0.,7.63109079926406));
#16335=CARTESIAN_POINT('',(0.144177462224698,1.2,7.67112164891674));
#16336=CARTESIAN_POINT('',(0.144177462224698,0.,7.67112164891674));
#16337=CARTESIAN_POINT('',(0.144177462224698,1.2,7.67112164891674));
#16338=CARTESIAN_POINT('Origin',(0.144177462224698,0.,7.67112164891674));
#16339=CARTESIAN_POINT('',(0.16411262942686,1.2,7.71081813298456));
#16340=CARTESIAN_POINT('',(0.164112629426861,0.,7.71081813298456));
#16341=CARTESIAN_POINT('',(0.164112629426861,1.2,7.71081813298456));
#16342=CARTESIAN_POINT('Origin',(0.164112629426861,0.,7.71081813298456));
#16343=CARTESIAN_POINT('',(0.185121337005669,1.2,7.75015873000683));
#16344=CARTESIAN_POINT('',(0.185121337005669,0.,7.75015873000683));
#16345=CARTESIAN_POINT('',(0.185121337005669,1.2,7.75015873000683));
#16346=CARTESIAN_POINT('Origin',(0.185121337005669,0.,7.75015873000683));
#16347=CARTESIAN_POINT('',(0.207197563529702,1.2,7.78912201050792));
#16348=CARTESIAN_POINT('',(0.207197563529702,0.,7.78912201050792));
#16349=CARTESIAN_POINT('',(0.207197563529702,1.2,7.78912201050792));
#16350=CARTESIAN_POINT('Origin',(0.207197563529702,0.,7.78912201050792));
#16351=CARTESIAN_POINT('',(0.303454502247228,1.2,7.81099757323859));
#16352=CARTESIAN_POINT('',(0.303454502247228,0.,7.81099757323859));
#16353=CARTESIAN_POINT('',(0.303454502247228,1.2,7.81099757323859));
#16354=CARTESIAN_POINT('Origin',(0.303454502247228,0.,7.81099757323859));
#16355=CARTESIAN_POINT('',(0.307567962984792,1.2,7.76621312181036));
#16356=CARTESIAN_POINT('',(0.307567962984792,0.,7.76621312181036));
#16357=CARTESIAN_POINT('',(0.307567962984792,1.2,7.76621312181036));
#16358=CARTESIAN_POINT('Origin',(0.307567962984792,0.,7.76621312181036));
#16359=CARTESIAN_POINT('',(0.310552421971606,1.2,7.72152990337767));
#16360=CARTESIAN_POINT('',(0.310552421971606,0.,7.72152990337767));
#16361=CARTESIAN_POINT('',(0.310552421971606,1.2,7.72152990337767));
#16362=CARTESIAN_POINT('Origin',(0.310552421971606,0.,7.72152990337767));
#16363=CARTESIAN_POINT('',(0.312411368119841,1.2,7.6769699136176));
#16364=CARTESIAN_POINT('',(0.312411368119841,0.,7.6769699136176));
#16365=CARTESIAN_POINT('',(0.312411368119841,1.2,7.6769699136176));
#16366=CARTESIAN_POINT('Origin',(0.312411368119841,0.,7.6769699136176));
#16367=CARTESIAN_POINT('',(0.313148674208253,1.2,7.6325550724217));
#16368=CARTESIAN_POINT('',(0.313148674208253,0.,7.6325550724217));
#16369=CARTESIAN_POINT('',(0.313148674208253,1.2,7.6325550724217));
#16370=CARTESIAN_POINT('Origin',(0.313148674208253,0.,7.6325550724217));
#16371=CARTESIAN_POINT('',(0.312768595471945,1.2,7.58830721759601));
#16372=CARTESIAN_POINT('',(0.312768595471945,0.,7.58830721759601));
#16373=CARTESIAN_POINT('',(0.312768595471945,1.2,7.58830721759601));
#16374=CARTESIAN_POINT('Origin',(0.312768595471945,0.,7.58830721759601));
#16375=CARTESIAN_POINT('',(0.311275768092716,1.2,7.54424809858522));
#16376=CARTESIAN_POINT('',(0.311275768092716,0.,7.54424809858522));
#16377=CARTESIAN_POINT('',(0.311275768092716,1.2,7.54424809858522));
#16378=CARTESIAN_POINT('Origin',(0.311275768092716,0.,7.54424809858522));
#16379=CARTESIAN_POINT('',(0.308675207590395,1.2,7.50039937022277));
#16380=CARTESIAN_POINT('',(0.308675207590395,0.,7.50039937022277));
#16381=CARTESIAN_POINT('',(0.308675207590395,1.2,7.50039937022277));
#16382=CARTESIAN_POINT('Origin',(0.308675207590395,0.,7.50039937022277));
#16383=CARTESIAN_POINT('',(0.304972307115574,1.2,7.45678258650804));
#16384=CARTESIAN_POINT('',(0.304972307115574,0.,7.45678258650804));
#16385=CARTESIAN_POINT('',(0.304972307115574,1.2,7.45678258650804));
#16386=CARTESIAN_POINT('Origin',(0.304972307115574,0.,7.45678258650804));
#16387=CARTESIAN_POINT('',(0.332778197652927,1.2,7.445716608578));
#16388=CARTESIAN_POINT('',(0.332778197652927,0.,7.445716608578));
#16389=CARTESIAN_POINT('',(0.332778197652927,1.2,7.445716608578));
#16390=CARTESIAN_POINT('Origin',(0.332778197652927,0.,7.445716608578));
#16391=CARTESIAN_POINT('',(0.360519009639182,1.2,7.43353831666919));
#16392=CARTESIAN_POINT('',(0.360519009639182,0.,7.43353831666919));
#16393=CARTESIAN_POINT('',(0.360519009639182,1.2,7.43353831666919));
#16394=CARTESIAN_POINT('Origin',(0.360519009639182,0.,7.43353831666919));
#16395=CARTESIAN_POINT('',(0.387814997805735,1.2,7.4203932615729));
#16396=CARTESIAN_POINT('',(0.387814997805735,0.,7.4203932615729));
#16397=CARTESIAN_POINT('',(0.387814997805735,1.2,7.4203932615729));
#16398=CARTESIAN_POINT('Origin',(0.387814997805735,0.,7.4203932615729));
#16399=CARTESIAN_POINT('',(0.414632483191438,1.2,7.40629766222203));
#16400=CARTESIAN_POINT('',(0.414632483191438,0.,7.40629766222203));
#16401=CARTESIAN_POINT('',(0.414632483191438,1.2,7.40629766222203));
#16402=CARTESIAN_POINT('Origin',(0.414632483191438,0.,7.40629766222203));
#16403=CARTESIAN_POINT('',(0.440620902303083,1.2,7.39145766598884));
#16404=CARTESIAN_POINT('',(0.440620902303083,0.,7.39145766598884));
#16405=CARTESIAN_POINT('',(0.440620902303083,1.2,7.39145766598884));
#16406=CARTESIAN_POINT('Origin',(0.440620902303083,0.,7.39145766598884));
#16407=CARTESIAN_POINT('',(0.472413156291905,1.2,7.42154732999251));
#16408=CARTESIAN_POINT('',(0.472413156291905,0.,7.42154732999251));
#16409=CARTESIAN_POINT('',(0.472413156291905,1.2,7.42154732999251));
#16410=CARTESIAN_POINT('Origin',(0.472413156291905,0.,7.42154732999251));
#16411=CARTESIAN_POINT('',(0.50507404963955,1.2,7.45091976502375));
#16412=CARTESIAN_POINT('',(0.50507404963955,0.,7.45091976502375));
#16413=CARTESIAN_POINT('',(0.50507404963955,1.2,7.45091976502375));
#16414=CARTESIAN_POINT('Origin',(0.50507404963955,0.,7.45091976502375));
#16415=CARTESIAN_POINT('',(0.5385900933251,1.2,7.47955731584883));
#16416=CARTESIAN_POINT('',(0.5385900933251,0.,7.47955731584883));
#16417=CARTESIAN_POINT('',(0.5385900933251,1.2,7.47955731584883));
#16418=CARTESIAN_POINT('Origin',(0.5385900933251,0.,7.47955731584883));
#16419=CARTESIAN_POINT('',(0.572947484043512,1.2,7.50744255960864));
#16420=CARTESIAN_POINT('',(0.572947484043512,0.,7.50744255960864));
#16421=CARTESIAN_POINT('',(0.572947484043512,1.2,7.50744255960864));
#16422=CARTESIAN_POINT('Origin',(0.572947484043512,0.,7.50744255960864));
#16423=CARTESIAN_POINT('',(0.608132108006256,1.2,7.53455831103332));
#16424=CARTESIAN_POINT('',(0.608132108006256,0.,7.53455831103332));
#16425=CARTESIAN_POINT('',(0.608132108006256,1.2,7.53455831103332));
#16426=CARTESIAN_POINT('Origin',(0.608132108006256,0.,7.53455831103332));
#16427=CARTESIAN_POINT('',(0.644129544824766,1.2,7.56088762759675));
#16428=CARTESIAN_POINT('',(0.644129544824766,0.,7.56088762759675));
#16429=CARTESIAN_POINT('',(0.644129544824766,1.2,7.56088762759675));
#16430=CARTESIAN_POINT('Origin',(0.644129544824766,0.,7.56088762759675));
#16431=CARTESIAN_POINT('',(0.680925071475782,1.2,7.58641381460973));
#16432=CARTESIAN_POINT('',(0.680925071475782,0.,7.58641381460973));
#16433=CARTESIAN_POINT('',(0.680925071475782,1.2,7.58641381460973));
#16434=CARTESIAN_POINT('Origin',(0.680925071475782,0.,7.58641381460973));
#16435=CARTESIAN_POINT('',(0.777141027532746,1.2,7.56435869511114));
#16436=CARTESIAN_POINT('',(0.777141027532746,0.,7.56435869511114));
#16437=CARTESIAN_POINT('',(0.777141027532746,1.2,7.56435869511114));
#16438=CARTESIAN_POINT('Origin',(0.777141027532746,0.,7.56435869511114));
#16439=CARTESIAN_POINT('',(0.761415882356623,1.2,7.5222245348827));
#16440=CARTESIAN_POINT('',(0.761415882356623,0.,7.5222245348827));
#16441=CARTESIAN_POINT('',(0.761415882356623,1.2,7.5222245348827));
#16442=CARTESIAN_POINT('Origin',(0.761415882356623,0.,7.5222245348827));
#16443=CARTESIAN_POINT('',(0.744717465101894,1.2,7.48067143793272));
#16444=CARTESIAN_POINT('',(0.744717465101894,0.,7.48067143793272));
#16445=CARTESIAN_POINT('',(0.744717465101894,1.2,7.48067143793272));
#16446=CARTESIAN_POINT('Origin',(0.744717465101894,0.,7.48067143793272));
#16447=CARTESIAN_POINT('',(0.727058462736419,1.2,7.43971770789922));
#16448=CARTESIAN_POINT('',(0.727058462736419,0.,7.43971770789922));
#16449=CARTESIAN_POINT('',(0.727058462736419,1.2,7.43971770789922));
#16450=CARTESIAN_POINT('Origin',(0.727058462736419,0.,7.43971770789922));
#16451=CARTESIAN_POINT('',(0.708451875197804,1.2,7.39938141358638));
#16452=CARTESIAN_POINT('',(0.708451875197804,0.,7.39938141358638));
#16453=CARTESIAN_POINT('',(0.708451875197804,1.2,7.39938141358638));
#16454=CARTESIAN_POINT('Origin',(0.708451875197804,0.,7.39938141358638));
#16455=CARTESIAN_POINT('',(0.688911011389335,1.2,7.35968038390023));
#16456=CARTESIAN_POINT('',(0.688911011389335,0.,7.35968038390023));
#16457=CARTESIAN_POINT('',(0.688911011389335,1.2,7.35968038390023));
#16458=CARTESIAN_POINT('Origin',(0.688911011389335,0.,7.35968038390023));
#16459=CARTESIAN_POINT('',(0.668449485096874,1.2,7.32063220284946));
#16460=CARTESIAN_POINT('',(0.668449485096874,0.,7.32063220284946));
#16461=CARTESIAN_POINT('',(0.668449485096874,1.2,7.32063220284946));
#16462=CARTESIAN_POINT('Origin',(0.668449485096874,0.,7.32063220284946));
#16463=CARTESIAN_POINT('',(0.647081210827733,1.2,7.28225420461233));
#16464=CARTESIAN_POINT('',(0.647081210827733,0.,7.28225420461233));
#16465=CARTESIAN_POINT('',(0.647081210827733,1.2,7.28225420461233));
#16466=CARTESIAN_POINT('Origin',(0.647081210827733,0.,7.28225420461233));
#16467=CARTESIAN_POINT('',(0.624820399572551,1.2,7.24456346867092));
#16468=CARTESIAN_POINT('',(0.624820399572551,0.,7.24456346867092));
#16469=CARTESIAN_POINT('',(0.624820399572551,1.2,7.24456346867092));
#16470=CARTESIAN_POINT('Origin',(0.624820399572551,0.,7.24456346867092));
#16471=CARTESIAN_POINT('',(0.645071293409729,1.2,7.22252884330722));
#16472=CARTESIAN_POINT('',(0.645071293409729,0.,7.22252884330722));
#16473=CARTESIAN_POINT('',(0.645071293409729,1.2,7.22252884330722));
#16474=CARTESIAN_POINT('Origin',(0.645071293409729,0.,7.22252884330722));
#16475=CARTESIAN_POINT('',(0.664780938550219,1.2,7.1995202942024));
#16476=CARTESIAN_POINT('',(0.664780938550219,0.,7.1995202942024));
#16477=CARTESIAN_POINT('',(0.664780938550219,1.2,7.1995202942024));
#16478=CARTESIAN_POINT('Origin',(0.664780938550219,0.,7.1995202942024));
#16479=CARTESIAN_POINT('',(0.683670348450835,1.2,7.17583372338517));
#16480=CARTESIAN_POINT('',(0.683670348450835,0.,7.17583372338517));
#16481=CARTESIAN_POINT('',(0.683670348450835,1.2,7.17583372338517));
#16482=CARTESIAN_POINT('Origin',(0.683670348450835,0.,7.17583372338517));
#16483=CARTESIAN_POINT('',(0.70171621654732,1.2,7.15149835636273));
#16484=CARTESIAN_POINT('',(0.70171621654732,0.,7.15149835636273));
#16485=CARTESIAN_POINT('',(0.70171621654732,1.2,7.15149835636273));
#16486=CARTESIAN_POINT('Origin',(0.70171621654732,0.,7.15149835636273));
#16487=CARTESIAN_POINT('',(0.718692140038766,1.2,7.12685202929892));
#16488=CARTESIAN_POINT('',(0.718692140038766,0.,7.12685202929892));
#16489=CARTESIAN_POINT('',(0.718692140038766,1.2,7.12685202929892));
#16490=CARTESIAN_POINT('Origin',(0.718692140038766,0.,7.12685202929892));
#16491=CARTESIAN_POINT('',(0.760391387049845,1.2,7.14016773777623));
#16492=CARTESIAN_POINT('',(0.760391387049845,0.,7.14016773777623));
#16493=CARTESIAN_POINT('',(0.760391387049845,1.2,7.14016773777623));
#16494=CARTESIAN_POINT('Origin',(0.760391387049845,0.,7.14016773777623));
#16495=CARTESIAN_POINT('',(0.802562057092298,1.2,7.15246035678527));
#16496=CARTESIAN_POINT('',(0.802562057092298,0.,7.15246035678527));
#16497=CARTESIAN_POINT('',(0.802562057092298,1.2,7.15246035678527));
#16498=CARTESIAN_POINT('Origin',(0.802562057092298,0.,7.15246035678527));
#16499=CARTESIAN_POINT('',(0.845184336659388,1.2,7.16371983217692));
#16500=CARTESIAN_POINT('',(0.845184336659388,0.,7.16371983217692));
#16501=CARTESIAN_POINT('',(0.845184336659388,1.2,7.16371983217692));
#16502=CARTESIAN_POINT('Origin',(0.845184336659388,0.,7.16371983217692));
#16503=CARTESIAN_POINT('',(0.888238229907747,1.2,7.17393645552715));
#16504=CARTESIAN_POINT('',(0.888238229907747,0.,7.17393645552715));
#16505=CARTESIAN_POINT('',(0.888238229907747,1.2,7.17393645552715));
#16506=CARTESIAN_POINT('Origin',(0.888238229907747,0.,7.17393645552715));
#16507=CARTESIAN_POINT('',(0.931703564344157,1.2,7.18310086718617));
#16508=CARTESIAN_POINT('',(0.931703564344157,0.,7.18310086718617));
#16509=CARTESIAN_POINT('',(0.931703564344157,1.2,7.18310086718617));
#16510=CARTESIAN_POINT('Origin',(0.931703564344157,0.,7.18310086718617));
#16511=CARTESIAN_POINT('',(0.975559996560871,1.2,7.19120405923751));
#16512=CARTESIAN_POINT('',(0.975559996560871,0.,7.19120405923751));
#16513=CARTESIAN_POINT('',(0.975559996560871,1.2,7.19120405923751));
#16514=CARTESIAN_POINT('Origin',(0.975559996560871,0.,7.19120405923751));
#16515=CARTESIAN_POINT('',(1.01978701801812,1.2,7.19823737836631));
#16516=CARTESIAN_POINT('',(1.01978701801812,0.,7.19823737836631));
#16517=CARTESIAN_POINT('',(1.01978701801812,1.2,7.19823737836631));
#16518=CARTESIAN_POINT('Origin',(1.01978701801812,0.,7.19823737836631));
#16519=CARTESIAN_POINT('',(1.09690524130617,1.2,7.13661986354345));
#16520=CARTESIAN_POINT('',(1.09690524130617,0.,7.13661986354345));
#16521=CARTESIAN_POINT('',(1.09690524130617,1.2,7.13661986354345));
#16522=CARTESIAN_POINT('Origin',(1.09690524130617,0.,7.13661986354345));
#16523=CARTESIAN_POINT('',(1.06445604807475,1.2,7.10548118168959));
#16524=CARTESIAN_POINT('',(1.06445604807475,0.,7.10548118168959));
#16525=CARTESIAN_POINT('',(1.06445604807475,1.2,7.10548118168959));
#16526=CARTESIAN_POINT('Origin',(1.06445604807475,0.,7.10548118168959));
#16527=CARTESIAN_POINT('',(1.03138208090842,1.2,7.07528830668856));
#16528=CARTESIAN_POINT('',(1.03138208090842,0.,7.07528830668856));
#16529=CARTESIAN_POINT('',(1.03138208090842,1.2,7.07528830668856));
#16530=CARTESIAN_POINT('Origin',(1.03138208090842,0.,7.07528830668856));
#16531=CARTESIAN_POINT('',(0.997702712021168,1.2,7.04605222487932));
#16532=CARTESIAN_POINT('',(0.997702712021168,0.,7.04605222487932));
#16533=CARTESIAN_POINT('',(0.997702712021168,1.2,7.04605222487932));
#16534=CARTESIAN_POINT('Origin',(0.997702712021168,0.,7.04605222487932));
#16535=CARTESIAN_POINT('',(0.963437493712369,1.2,7.01778357523036));
#16536=CARTESIAN_POINT('',(0.963437493712369,0.,7.01778357523036));
#16537=CARTESIAN_POINT('',(0.963437493712369,1.2,7.01778357523036));
#16538=CARTESIAN_POINT('Origin',(0.963437493712369,0.,7.01778357523036));
#16539=CARTESIAN_POINT('',(0.928606152561974,1.2,6.99049264651428));
#16540=CARTESIAN_POINT('',(0.928606152561974,0.,6.99049264651428));
#16541=CARTESIAN_POINT('',(0.928606152561974,1.2,6.99049264651428));
#16542=CARTESIAN_POINT('Origin',(0.928606152561974,0.,6.99049264651428));
#16543=CARTESIAN_POINT('',(0.893228583582656,1.2,6.96418937457515));
#16544=CARTESIAN_POINT('',(0.893228583582656,0.,6.96418937457515));
#16545=CARTESIAN_POINT('',(0.893228583582656,1.2,6.96418937457515));
#16546=CARTESIAN_POINT('Origin',(0.893228583582656,0.,6.96418937457515));
#16547=CARTESIAN_POINT('',(0.857324844330383,1.2,6.93888333968946));
#16548=CARTESIAN_POINT('',(0.857324844330383,0.,6.93888333968946));
#16549=CARTESIAN_POINT('',(0.857324844330383,1.2,6.93888333968946));
#16550=CARTESIAN_POINT('Origin',(0.857324844330383,0.,6.93888333968946));
#16551=CARTESIAN_POINT('',(0.820915148974863,1.2,6.91458376402111));
#16552=CARTESIAN_POINT('',(0.820915148974863,0.,6.91458376402111));
#16553=CARTESIAN_POINT('',(0.820915148974863,1.2,6.91458376402111));
#16554=CARTESIAN_POINT('Origin',(0.820915148974863,0.,6.91458376402111));
#16555=CARTESIAN_POINT('',(0.829600108226498,1.2,6.88594471901397));
#16556=CARTESIAN_POINT('',(0.829600108226498,0.,6.88594471901397));
#16557=CARTESIAN_POINT('',(0.829600108226498,1.2,6.88594471901397));
#16558=CARTESIAN_POINT('Origin',(0.829600108226498,0.,6.88594471901397));
#16559=CARTESIAN_POINT('',(0.837374849578216,1.2,6.85666303804469));
#16560=CARTESIAN_POINT('',(0.837374849578216,0.,6.85666303804469));
#16561=CARTESIAN_POINT('',(0.837374849578216,1.2,6.85666303804469));
#16562=CARTESIAN_POINT('Origin',(0.837374849578216,0.,6.85666303804469));
#16563=CARTESIAN_POINT('',(0.844116401918668,1.2,6.8271263673536));
#16564=CARTESIAN_POINT('',(0.844116401918668,0.,6.8271263673536));
#16565=CARTESIAN_POINT('',(0.844116401918668,1.2,6.8271263673536));
#16566=CARTESIAN_POINT('Origin',(0.844116401918668,0.,6.8271263673536));
#16567=CARTESIAN_POINT('',(0.849816447231376,1.2,6.79737115055207));
#16568=CARTESIAN_POINT('',(0.849816447231376,0.,6.79737115055207));
#16569=CARTESIAN_POINT('',(0.849816447231376,1.2,6.79737115055207));
#16570=CARTESIAN_POINT('Origin',(0.849816447231376,0.,6.79737115055207));
#16571=CARTESIAN_POINT('',(0.854417585259105,1.2,6.7678));
#16572=CARTESIAN_POINT('',(0.854417585259105,0.,6.7678));
#16573=CARTESIAN_POINT('',(0.854417585259105,1.2,6.7678));
#16574=CARTESIAN_POINT('Origin',(0.854417585259105,0.,6.7678));
#16575=CARTESIAN_POINT('',(0.897764778014193,1.2,6.76170441358056));
#16576=CARTESIAN_POINT('',(0.897764778014193,0.,6.76170441358056));
#16577=CARTESIAN_POINT('',(0.897764778014193,1.2,6.76170441358056));
#16578=CARTESIAN_POINT('Origin',(0.897764778014193,0.,6.76170441358056));
#16579=CARTESIAN_POINT('',(0.941092806360219,1.2,6.75448251261358));
#16580=CARTESIAN_POINT('',(0.941092806360219,0.,6.75448251261358));
#16581=CARTESIAN_POINT('',(0.941092806360219,1.2,6.75448251261358));
#16582=CARTESIAN_POINT('Origin',(0.941092806360219,0.,6.75448251261358));
#16583=CARTESIAN_POINT('',(0.984379456612631,1.2,6.74613383538209));
#16584=CARTESIAN_POINT('',(0.984379456612631,0.,6.74613383538209));
#16585=CARTESIAN_POINT('',(0.984379456612631,1.2,6.74613383538209));
#16586=CARTESIAN_POINT('Origin',(0.984379456612631,0.,6.74613383538209));
#16587=CARTESIAN_POINT('',(1.02760250081175,1.2,6.73665831076957));
#16588=CARTESIAN_POINT('',(1.02760250081175,0.,6.73665831076957));
#16589=CARTESIAN_POINT('',(1.02760250081175,1.2,6.73665831076957));
#16590=CARTESIAN_POINT('Origin',(1.02760250081175,0.,6.73665831076957));
#16591=CARTESIAN_POINT('',(1.07073970316935,1.2,6.72605625853972));
#16592=CARTESIAN_POINT('',(1.07073970316935,0.,6.72605625853972));
#16593=CARTESIAN_POINT('',(1.07073970316935,1.2,6.72605625853972));
#16594=CARTESIAN_POINT('Origin',(1.07073970316935,0.,6.72605625853972));
#16595=CARTESIAN_POINT('',(1.11376882651991,1.2,6.71432838951407));
#16596=CARTESIAN_POINT('',(1.11376882651991,0.,6.71432838951407));
#16597=CARTESIAN_POINT('',(1.11376882651991,1.2,6.71432838951407));
#16598=CARTESIAN_POINT('Origin',(1.11376882651991,0.,6.71432838951407));
#16599=CARTESIAN_POINT('',(1.15666763877495,1.2,6.70147580564724));
#16600=CARTESIAN_POINT('',(1.15666763877495,0.,6.70147580564724));
#16601=CARTESIAN_POINT('',(1.15666763877495,1.2,6.70147580564724));
#16602=CARTESIAN_POINT('Origin',(1.15666763877495,0.,6.70147580564724));
#16603=CARTESIAN_POINT('',(1.19941391937896,1.2,6.6125));
#16604=CARTESIAN_POINT('',(1.19941391937896,0.,6.6125));
#16605=CARTESIAN_POINT('',(1.19941391937896,1.2,6.6125));
#16606=CARTESIAN_POINT('Origin',(1.19941391937896,0.,6.6125));
#16607=CARTESIAN_POINT('',(1.15666763877495,1.2,6.59852419435276));
#16608=CARTESIAN_POINT('',(1.15666763877495,0.,6.59852419435276));
#16609=CARTESIAN_POINT('',(1.15666763877495,1.2,6.59852419435276));
#16610=CARTESIAN_POINT('Origin',(1.15666763877495,0.,6.59852419435276));
#16611=CARTESIAN_POINT('',(1.11376882651991,1.2,6.58567161048593));
#16612=CARTESIAN_POINT('',(1.11376882651991,0.,6.58567161048593));
#16613=CARTESIAN_POINT('',(1.11376882651991,1.2,6.58567161048593));
#16614=CARTESIAN_POINT('Origin',(1.11376882651991,0.,6.58567161048593));
#16615=CARTESIAN_POINT('',(1.07073970316935,1.2,6.57394374146028));
#16616=CARTESIAN_POINT('',(1.07073970316935,0.,6.57394374146028));
#16617=CARTESIAN_POINT('',(1.07073970316935,1.2,6.57394374146028));
#16618=CARTESIAN_POINT('Origin',(1.07073970316935,0.,6.57394374146028));
#16619=CARTESIAN_POINT('',(1.02760250081175,1.2,6.56334168923043));
#16620=CARTESIAN_POINT('',(1.02760250081175,0.,6.56334168923043));
#16621=CARTESIAN_POINT('',(1.02760250081175,1.2,6.56334168923043));
#16622=CARTESIAN_POINT('Origin',(1.02760250081175,0.,6.56334168923043));
#16623=CARTESIAN_POINT('',(0.984379456612631,1.2,6.55386616461791));
#16624=CARTESIAN_POINT('',(0.984379456612631,0.,6.55386616461791));
#16625=CARTESIAN_POINT('',(0.984379456612631,1.2,6.55386616461791));
#16626=CARTESIAN_POINT('Origin',(0.984379456612631,0.,6.55386616461791));
#16627=CARTESIAN_POINT('',(0.941092806360219,1.2,6.54551748738642));
#16628=CARTESIAN_POINT('',(0.941092806360219,0.,6.54551748738642));
#16629=CARTESIAN_POINT('',(0.941092806360219,1.2,6.54551748738642));
#16630=CARTESIAN_POINT('Origin',(0.941092806360219,0.,6.54551748738642));
#16631=CARTESIAN_POINT('',(0.897764778014193,1.2,6.53829558641944));
#16632=CARTESIAN_POINT('',(0.897764778014193,0.,6.53829558641944));
#16633=CARTESIAN_POINT('',(0.897764778014193,1.2,6.53829558641944));
#16634=CARTESIAN_POINT('Origin',(0.897764778014193,0.,6.53829558641944));
#16635=CARTESIAN_POINT('',(0.854417585259105,1.2,6.5322));
#16636=CARTESIAN_POINT('',(0.854417585259105,0.,6.5322));
#16637=CARTESIAN_POINT('',(0.854417585259105,1.2,6.5322));
#16638=CARTESIAN_POINT('Origin',(0.854417585259105,0.,6.5322));
#16639=CARTESIAN_POINT('',(0.820915148974863,1.2,6.38541623597889));
#16640=CARTESIAN_POINT('',(0.820915148974863,0.,6.38541623597889));
#16641=CARTESIAN_POINT('',(0.820915148974863,1.2,6.38541623597889));
#16642=CARTESIAN_POINT('Origin',(-0.849816447231376,0.,6.79737115055207));
#16643=CARTESIAN_POINT('',(-0.849816447231376,1.2,6.79737115055207));
#16644=CARTESIAN_POINT('',(-0.844116401918667,1.2,6.8271263673536));
#16645=CARTESIAN_POINT('',(-0.849816447231376,0.,6.79737115055207));
#16646=CARTESIAN_POINT('Origin',(-0.854417585259105,0.,6.7678));
#16647=CARTESIAN_POINT('',(-0.854417585259105,1.2,6.7678));
#16648=CARTESIAN_POINT('',(-0.849816447231376,1.2,6.79737115055207));
#16649=CARTESIAN_POINT('',(-0.854417585259105,0.,6.7678));
#16650=CARTESIAN_POINT('Origin',(-0.897764778014193,0.,6.76170441358056));
#16651=CARTESIAN_POINT('',(-0.897764778014193,1.2,6.76170441358056));
#16652=CARTESIAN_POINT('',(-0.854417585259105,1.2,6.7678));
#16653=CARTESIAN_POINT('',(-0.897764778014193,0.,6.76170441358056));
#16654=CARTESIAN_POINT('Origin',(-0.941092806360219,0.,6.75448251261358));
#16655=CARTESIAN_POINT('',(-0.941092806360219,1.2,6.75448251261358));
#16656=CARTESIAN_POINT('',(-0.897764778014193,1.2,6.76170441358056));
#16657=CARTESIAN_POINT('',(-0.941092806360219,0.,6.75448251261358));
#16658=CARTESIAN_POINT('Origin',(-0.984379456612631,0.,6.74613383538209));
#16659=CARTESIAN_POINT('',(-0.984379456612631,1.2,6.74613383538209));
#16660=CARTESIAN_POINT('',(-0.941092806360219,1.2,6.75448251261358));
#16661=CARTESIAN_POINT('',(-0.984379456612631,0.,6.74613383538209));
#16662=CARTESIAN_POINT('Origin',(-1.02760250081175,0.,6.73665831076957));
#16663=CARTESIAN_POINT('',(-1.02760250081175,1.2,6.73665831076957));
#16664=CARTESIAN_POINT('',(-0.984379456612631,1.2,6.74613383538209));
#16665=CARTESIAN_POINT('',(-1.02760250081175,0.,6.73665831076957));
#16666=CARTESIAN_POINT('Origin',(-1.07073970316935,0.,6.72605625853972));
#16667=CARTESIAN_POINT('',(-1.07073970316935,1.2,6.72605625853972));
#16668=CARTESIAN_POINT('',(-1.02760250081175,1.2,6.73665831076957));
#16669=CARTESIAN_POINT('',(-1.07073970316935,0.,6.72605625853972));
#16670=CARTESIAN_POINT('Origin',(-1.11376882651991,0.,6.71432838951407));
#16671=CARTESIAN_POINT('',(-1.11376882651991,1.2,6.71432838951407));
#16672=CARTESIAN_POINT('',(-1.07073970316935,1.2,6.72605625853972));
#16673=CARTESIAN_POINT('',(-1.11376882651991,0.,6.71432838951407));
#16674=CARTESIAN_POINT('Origin',(-1.15666763877495,0.,6.70147580564724));
#16675=CARTESIAN_POINT('',(-1.15666763877495,1.2,6.70147580564724));
#16676=CARTESIAN_POINT('',(-1.11376882651991,1.2,6.71432838951407));
#16677=CARTESIAN_POINT('',(-1.15666763877495,0.,6.70147580564724));
#16678=CARTESIAN_POINT('Origin',(-1.19941391937896,0.,6.6875));
#16679=CARTESIAN_POINT('',(-1.19941391937896,1.2,6.6875));
#16680=CARTESIAN_POINT('',(-1.15666763877495,1.2,6.70147580564724));
#16681=CARTESIAN_POINT('',(-1.19941391937896,0.,6.6875));
#16682=CARTESIAN_POINT('Origin',(-1.15666763877495,0.,6.59852419435276));
#16683=CARTESIAN_POINT('',(-1.15666763877495,1.2,6.59852419435276));
#16684=CARTESIAN_POINT('',(-1.19941391937896,1.2,6.6875));
#16685=CARTESIAN_POINT('',(-1.15666763877495,0.,6.59852419435276));
#16686=CARTESIAN_POINT('Origin',(-1.11376882651991,0.,6.58567161048593));
#16687=CARTESIAN_POINT('',(-1.11376882651991,1.2,6.58567161048593));
#16688=CARTESIAN_POINT('',(-1.15666763877495,1.2,6.59852419435276));
#16689=CARTESIAN_POINT('',(-1.11376882651991,0.,6.58567161048593));
#16690=CARTESIAN_POINT('Origin',(-1.07073970316935,0.,6.57394374146028));
#16691=CARTESIAN_POINT('',(-1.07073970316935,1.2,6.57394374146028));
#16692=CARTESIAN_POINT('',(-1.11376882651991,1.2,6.58567161048593));
#16693=CARTESIAN_POINT('',(-1.07073970316935,0.,6.57394374146028));
#16694=CARTESIAN_POINT('Origin',(-1.02760250081175,0.,6.56334168923043));
#16695=CARTESIAN_POINT('',(-1.02760250081175,1.2,6.56334168923043));
#16696=CARTESIAN_POINT('',(-1.07073970316935,1.2,6.57394374146028));
#16697=CARTESIAN_POINT('',(-1.02760250081175,0.,6.56334168923043));
#16698=CARTESIAN_POINT('Origin',(-0.984379456612631,0.,6.55386616461791));
#16699=CARTESIAN_POINT('',(-0.984379456612631,1.2,6.55386616461791));
#16700=CARTESIAN_POINT('',(-1.02760250081175,1.2,6.56334168923043));
#16701=CARTESIAN_POINT('',(-0.984379456612631,0.,6.55386616461791));
#16702=CARTESIAN_POINT('Origin',(-0.941092806360219,0.,6.54551748738642));
#16703=CARTESIAN_POINT('',(-0.941092806360219,1.2,6.54551748738642));
#16704=CARTESIAN_POINT('',(-0.984379456612631,1.2,6.55386616461791));
#16705=CARTESIAN_POINT('',(-0.941092806360219,0.,6.54551748738642));
#16706=CARTESIAN_POINT('Origin',(-0.897764778014193,0.,6.53829558641944));
#16707=CARTESIAN_POINT('',(-0.897764778014193,1.2,6.53829558641944));
#16708=CARTESIAN_POINT('',(-0.941092806360219,1.2,6.54551748738642));
#16709=CARTESIAN_POINT('',(-0.897764778014193,0.,6.53829558641944));
#16710=CARTESIAN_POINT('Origin',(-0.854417585259105,0.,6.5322));
#16711=CARTESIAN_POINT('',(-0.854417585259105,1.2,6.5322));
#16712=CARTESIAN_POINT('',(-0.897764778014193,1.2,6.53829558641944));
#16713=CARTESIAN_POINT('',(-0.854417585259105,0.,6.5322));
#16714=CARTESIAN_POINT('Origin',(-0.849816447231376,0.,6.50262884944793));
#16715=CARTESIAN_POINT('',(-0.849816447231376,1.2,6.50262884944793));
#16716=CARTESIAN_POINT('',(-0.854417585259105,1.2,6.5322));
#16717=CARTESIAN_POINT('',(-0.849816447231376,0.,6.50262884944793));
#16718=CARTESIAN_POINT('Origin',(-0.844116401918668,0.,6.4728736326464));
#16719=CARTESIAN_POINT('',(-0.844116401918668,1.2,6.4728736326464));
#16720=CARTESIAN_POINT('',(-0.849816447231376,1.2,6.50262884944793));
#16721=CARTESIAN_POINT('',(-0.844116401918668,0.,6.4728736326464));
#16722=CARTESIAN_POINT('Origin',(-0.837374849578216,0.,6.44333696195531));
#16723=CARTESIAN_POINT('',(-0.837374849578216,1.2,6.44333696195531));
#16724=CARTESIAN_POINT('',(-0.844116401918668,1.2,6.4728736326464));
#16725=CARTESIAN_POINT('',(-0.837374849578216,0.,6.44333696195531));
#16726=CARTESIAN_POINT('Origin',(-0.829600108226499,0.,6.41405528098603));
#16727=CARTESIAN_POINT('',(-0.829600108226499,1.2,6.41405528098603));
#16728=CARTESIAN_POINT('',(-0.837374849578216,1.2,6.44333696195531));
#16729=CARTESIAN_POINT('',(-0.829600108226499,0.,6.41405528098603));
#16730=CARTESIAN_POINT('Origin',(-0.820915148974863,0.,6.38541623597889));
#16731=CARTESIAN_POINT('',(-0.820915148974863,1.2,6.38541623597889));
#16732=CARTESIAN_POINT('',(-0.829600108226499,1.2,6.41405528098603));
#16733=CARTESIAN_POINT('',(-0.820915148974863,0.,6.38541623597889));
#16734=CARTESIAN_POINT('Origin',(-0.857324844330383,0.,6.36111666031054));
#16735=CARTESIAN_POINT('',(-0.857324844330383,1.2,6.36111666031054));
#16736=CARTESIAN_POINT('',(-0.820915148974863,1.2,6.38541623597889));
#16737=CARTESIAN_POINT('',(-0.857324844330383,0.,6.36111666031054));
#16738=CARTESIAN_POINT('Origin',(-0.893228583582656,0.,6.33581062542485));
#16739=CARTESIAN_POINT('',(-0.893228583582656,1.2,6.33581062542485));
#16740=CARTESIAN_POINT('',(-0.857324844330383,1.2,6.36111666031054));
#16741=CARTESIAN_POINT('',(-0.893228583582656,0.,6.33581062542485));
#16742=CARTESIAN_POINT('Origin',(-0.928606152561974,0.,6.30950735348572));
#16743=CARTESIAN_POINT('',(-0.928606152561974,1.2,6.30950735348572));
#16744=CARTESIAN_POINT('',(-0.893228583582656,1.2,6.33581062542485));
#16745=CARTESIAN_POINT('',(-0.928606152561974,0.,6.30950735348572));
#16746=CARTESIAN_POINT('Origin',(-0.963437493712369,0.,6.28221642476964));
#16747=CARTESIAN_POINT('',(-0.963437493712369,1.2,6.28221642476964));
#16748=CARTESIAN_POINT('',(-0.928606152561974,1.2,6.30950735348572));
#16749=CARTESIAN_POINT('',(-0.963437493712369,0.,6.28221642476964));
#16750=CARTESIAN_POINT('Origin',(-0.997702712021168,0.,6.25394777512068));
#16751=CARTESIAN_POINT('',(-0.997702712021168,1.2,6.25394777512068));
#16752=CARTESIAN_POINT('',(-0.963437493712369,1.2,6.28221642476964));
#16753=CARTESIAN_POINT('',(-0.997702712021168,0.,6.25394777512068));
#16754=CARTESIAN_POINT('Origin',(-1.03138208090842,0.,6.22471169331144));
#16755=CARTESIAN_POINT('',(-1.03138208090842,1.2,6.22471169331144));
#16756=CARTESIAN_POINT('',(-0.997702712021168,1.2,6.25394777512068));
#16757=CARTESIAN_POINT('',(-1.03138208090842,0.,6.22471169331144));
#16758=CARTESIAN_POINT('Origin',(-1.06445604807475,0.,6.19451881831041));
#16759=CARTESIAN_POINT('',(-1.06445604807475,1.2,6.19451881831041));
#16760=CARTESIAN_POINT('',(-1.03138208090842,1.2,6.22471169331144));
#16761=CARTESIAN_POINT('',(-1.06445604807475,0.,6.19451881831041));
#16762=CARTESIAN_POINT('Origin',(-1.09690524130617,0.,6.16338013645655));
#16763=CARTESIAN_POINT('',(-1.09690524130617,1.2,6.16338013645655));
#16764=CARTESIAN_POINT('',(-1.06445604807475,1.2,6.19451881831041));
#16765=CARTESIAN_POINT('',(-1.09690524130617,0.,6.16338013645655));
#16766=CARTESIAN_POINT('Origin',(-1.01978701801812,0.,6.10176262163369));
#16767=CARTESIAN_POINT('',(-1.01978701801812,1.2,6.10176262163369));
#16768=CARTESIAN_POINT('',(-1.09690524130617,1.2,6.16338013645655));
#16769=CARTESIAN_POINT('',(-1.01978701801812,0.,6.10176262163369));
#16770=CARTESIAN_POINT('Origin',(-0.975559996560871,0.,6.10879594076249));
#16771=CARTESIAN_POINT('',(-0.975559996560871,1.2,6.10879594076249));
#16772=CARTESIAN_POINT('',(-1.01978701801812,1.2,6.10176262163369));
#16773=CARTESIAN_POINT('',(-0.975559996560871,0.,6.10879594076249));
#16774=CARTESIAN_POINT('Origin',(-0.931703564344157,0.,6.11689913281383));
#16775=CARTESIAN_POINT('',(-0.931703564344157,1.2,6.11689913281383));
#16776=CARTESIAN_POINT('',(-0.975559996560871,1.2,6.10879594076249));
#16777=CARTESIAN_POINT('',(-0.931703564344157,0.,6.11689913281383));
#16778=CARTESIAN_POINT('Origin',(-0.888238229907747,0.,6.12606354447285));
#16779=CARTESIAN_POINT('',(-0.888238229907747,1.2,6.12606354447285));
#16780=CARTESIAN_POINT('',(-0.931703564344157,1.2,6.11689913281383));
#16781=CARTESIAN_POINT('',(-0.888238229907747,0.,6.12606354447285));
#16782=CARTESIAN_POINT('Origin',(-0.845184336659388,0.,6.13628016782308));
#16783=CARTESIAN_POINT('',(-0.845184336659388,1.2,6.13628016782308));
#16784=CARTESIAN_POINT('',(-0.888238229907747,1.2,6.12606354447285));
#16785=CARTESIAN_POINT('',(-0.845184336659388,0.,6.13628016782308));
#16786=CARTESIAN_POINT('Origin',(-0.802562057092298,0.,6.14753964321473));
#16787=CARTESIAN_POINT('',(-0.802562057092298,1.2,6.14753964321473));
#16788=CARTESIAN_POINT('',(-0.845184336659388,1.2,6.13628016782308));
#16789=CARTESIAN_POINT('',(-0.802562057092298,0.,6.14753964321473));
#16790=CARTESIAN_POINT('Origin',(-0.760391387049845,0.,6.15983226222377));
#16791=CARTESIAN_POINT('',(-0.760391387049845,1.2,6.15983226222377));
#16792=CARTESIAN_POINT('',(-0.802562057092298,1.2,6.14753964321473));
#16793=CARTESIAN_POINT('',(-0.760391387049845,0.,6.15983226222377));
#16794=CARTESIAN_POINT('Origin',(-0.718692140038766,0.,6.17314797070108));
#16795=CARTESIAN_POINT('',(-0.718692140038766,1.2,6.17314797070108));
#16796=CARTESIAN_POINT('',(-0.760391387049845,1.2,6.15983226222377));
#16797=CARTESIAN_POINT('',(-0.718692140038766,0.,6.17314797070108));
#16798=CARTESIAN_POINT('Origin',(-0.70171621654732,0.,6.14850164363727));
#16799=CARTESIAN_POINT('',(-0.701716216547319,1.2,6.14850164363727));
#16800=CARTESIAN_POINT('',(-0.718692140038766,1.2,6.17314797070108));
#16801=CARTESIAN_POINT('',(-0.70171621654732,0.,6.14850164363727));
#16802=CARTESIAN_POINT('Origin',(-0.683670348450835,0.,6.12416627661483));
#16803=CARTESIAN_POINT('',(-0.683670348450835,1.2,6.12416627661483));
#16804=CARTESIAN_POINT('',(-0.70171621654732,1.2,6.14850164363727));
#16805=CARTESIAN_POINT('',(-0.683670348450835,0.,6.12416627661483));
#16806=CARTESIAN_POINT('Origin',(-0.664780938550219,0.,6.1004797057976));
#16807=CARTESIAN_POINT('',(-0.664780938550219,1.2,6.1004797057976));
#16808=CARTESIAN_POINT('',(-0.683670348450835,1.2,6.12416627661483));
#16809=CARTESIAN_POINT('',(-0.664780938550219,0.,6.1004797057976));
#16810=CARTESIAN_POINT('Origin',(-0.645071293409729,0.,6.07747115669278));
#16811=CARTESIAN_POINT('',(-0.645071293409729,1.2,6.07747115669278));
#16812=CARTESIAN_POINT('',(-0.664780938550219,1.2,6.1004797057976));
#16813=CARTESIAN_POINT('',(-0.645071293409729,0.,6.07747115669278));
#16814=CARTESIAN_POINT('Origin',(-0.624820399572551,0.,6.05543653132908));
#16815=CARTESIAN_POINT('',(-0.624820399572551,1.2,6.05543653132908));
#16816=CARTESIAN_POINT('',(-0.645071293409729,1.2,6.07747115669278));
#16817=CARTESIAN_POINT('',(-0.624820399572551,0.,6.05543653132908));
#16818=CARTESIAN_POINT('Origin',(-0.647081210827733,0.,6.01774579538767));
#16819=CARTESIAN_POINT('',(-0.647081210827733,1.2,6.01774579538767));
#16820=CARTESIAN_POINT('',(-0.624820399572551,1.2,6.05543653132908));
#16821=CARTESIAN_POINT('',(-0.647081210827733,0.,6.01774579538767));
#16822=CARTESIAN_POINT('Origin',(-0.668449485096874,0.,5.97936779715054));
#16823=CARTESIAN_POINT('',(-0.668449485096875,1.2,5.97936779715054));
#16824=CARTESIAN_POINT('',(-0.647081210827733,1.2,6.01774579538767));
#16825=CARTESIAN_POINT('',(-0.668449485096874,0.,5.97936779715054));
#16826=CARTESIAN_POINT('Origin',(-0.688911011389335,0.,5.94031961609977));
#16827=CARTESIAN_POINT('',(-0.688911011389335,1.2,5.94031961609977));
#16828=CARTESIAN_POINT('',(-0.668449485096874,1.2,5.97936779715054));
#16829=CARTESIAN_POINT('',(-0.688911011389335,0.,5.94031961609977));
#16830=CARTESIAN_POINT('Origin',(-0.708451875197804,0.,5.90061858641362));
#16831=CARTESIAN_POINT('',(-0.708451875197804,1.2,5.90061858641362));
#16832=CARTESIAN_POINT('',(-0.688911011389335,1.2,5.94031961609977));
#16833=CARTESIAN_POINT('',(-0.708451875197804,0.,5.90061858641362));
#16834=CARTESIAN_POINT('Origin',(-0.727058462736419,0.,5.86028229210078));
#16835=CARTESIAN_POINT('',(-0.727058462736419,1.2,5.86028229210078));
#16836=CARTESIAN_POINT('',(-0.708451875197804,1.2,5.90061858641362));
#16837=CARTESIAN_POINT('',(-0.727058462736419,0.,5.86028229210078));
#16838=CARTESIAN_POINT('Origin',(-0.744717465101894,0.,5.81932856206728));
#16839=CARTESIAN_POINT('',(-0.744717465101894,1.2,5.81932856206728));
#16840=CARTESIAN_POINT('',(-0.727058462736419,1.2,5.86028229210078));
#16841=CARTESIAN_POINT('',(-0.744717465101894,0.,5.81932856206728));
#16842=CARTESIAN_POINT('Origin',(-0.761415882356623,0.,5.7777754651173));
#16843=CARTESIAN_POINT('',(-0.761415882356623,1.2,5.7777754651173));
#16844=CARTESIAN_POINT('',(-0.744717465101894,1.2,5.81932856206728));
#16845=CARTESIAN_POINT('',(-0.761415882356623,0.,5.7777754651173));
#16846=CARTESIAN_POINT('Origin',(-0.777141027532747,0.,5.73564130488886));
#16847=CARTESIAN_POINT('',(-0.777141027532747,1.2,5.73564130488886));
#16848=CARTESIAN_POINT('',(-0.761415882356623,1.2,5.7777754651173));
#16849=CARTESIAN_POINT('',(-0.777141027532747,0.,5.73564130488886));
#16850=CARTESIAN_POINT('Origin',(-0.680925071475782,0.,5.71358618539027));
#16851=CARTESIAN_POINT('',(-0.680925071475782,1.2,5.71358618539027));
#16852=CARTESIAN_POINT('',(-0.777141027532747,1.2,5.73564130488886));
#16853=CARTESIAN_POINT('',(-0.680925071475782,0.,5.71358618539027));
#16854=CARTESIAN_POINT('Origin',(-0.644129544824766,0.,5.73911237240325));
#16855=CARTESIAN_POINT('',(-0.644129544824766,1.2,5.73911237240325));
#16856=CARTESIAN_POINT('',(-0.680925071475782,1.2,5.71358618539027));
#16857=CARTESIAN_POINT('',(-0.644129544824766,0.,5.73911237240325));
#16858=CARTESIAN_POINT('Origin',(-0.608132108006257,0.,5.76544168896668));
#16859=CARTESIAN_POINT('',(-0.608132108006257,1.2,5.76544168896668));
#16860=CARTESIAN_POINT('',(-0.644129544824766,1.2,5.73911237240325));
#16861=CARTESIAN_POINT('',(-0.608132108006257,0.,5.76544168896668));
#16862=CARTESIAN_POINT('Origin',(-0.572947484043512,0.,5.79255744039136));
#16863=CARTESIAN_POINT('',(-0.572947484043512,1.2,5.79255744039136));
#16864=CARTESIAN_POINT('',(-0.608132108006257,1.2,5.76544168896668));
#16865=CARTESIAN_POINT('',(-0.572947484043512,0.,5.79255744039136));
#16866=CARTESIAN_POINT('Origin',(-0.5385900933251,0.,5.82044268415117));
#16867=CARTESIAN_POINT('',(-0.5385900933251,1.2,5.82044268415117));
#16868=CARTESIAN_POINT('',(-0.572947484043512,1.2,5.79255744039136));
#16869=CARTESIAN_POINT('',(-0.5385900933251,0.,5.82044268415117));
#16870=CARTESIAN_POINT('Origin',(-0.50507404963955,0.,5.84908023497625));
#16871=CARTESIAN_POINT('',(-0.50507404963955,1.2,5.84908023497625));
#16872=CARTESIAN_POINT('',(-0.5385900933251,1.2,5.82044268415117));
#16873=CARTESIAN_POINT('',(-0.50507404963955,0.,5.84908023497625));
#16874=CARTESIAN_POINT('Origin',(-0.472413156291905,0.,5.87845267000749));
#16875=CARTESIAN_POINT('',(-0.472413156291905,1.2,5.87845267000749));
#16876=CARTESIAN_POINT('',(-0.50507404963955,1.2,5.84908023497625));
#16877=CARTESIAN_POINT('',(-0.472413156291905,0.,5.87845267000749));
#16878=CARTESIAN_POINT('Origin',(-0.440620902303083,0.,5.90854233401116));
#16879=CARTESIAN_POINT('',(-0.440620902303083,1.2,5.90854233401116));
#16880=CARTESIAN_POINT('',(-0.472413156291905,1.2,5.87845267000749));
#16881=CARTESIAN_POINT('',(-0.440620902303083,0.,5.90854233401116));
#16882=CARTESIAN_POINT('Origin',(-0.414632483191438,0.,5.89370233777797));
#16883=CARTESIAN_POINT('',(-0.414632483191438,1.2,5.89370233777797));
#16884=CARTESIAN_POINT('',(-0.440620902303083,1.2,5.90854233401116));
#16885=CARTESIAN_POINT('',(-0.414632483191438,0.,5.89370233777797));
#16886=CARTESIAN_POINT('Origin',(-0.387814997805735,0.,5.8796067384271));
#16887=CARTESIAN_POINT('',(-0.387814997805735,1.2,5.8796067384271));
#16888=CARTESIAN_POINT('',(-0.414632483191438,1.2,5.89370233777797));
#16889=CARTESIAN_POINT('',(-0.387814997805735,0.,5.8796067384271));
#16890=CARTESIAN_POINT('Origin',(-0.360519009639182,0.,5.86646168333081));
#16891=CARTESIAN_POINT('',(-0.360519009639182,1.2,5.86646168333081));
#16892=CARTESIAN_POINT('',(-0.387814997805735,1.2,5.8796067384271));
#16893=CARTESIAN_POINT('',(-0.360519009639182,0.,5.86646168333081));
#16894=CARTESIAN_POINT('Origin',(-0.332778197652928,0.,5.854283391422));
#16895=CARTESIAN_POINT('',(-0.332778197652928,1.2,5.854283391422));
#16896=CARTESIAN_POINT('',(-0.360519009639182,1.2,5.86646168333081));
#16897=CARTESIAN_POINT('',(-0.332778197652928,0.,5.854283391422));
#16898=CARTESIAN_POINT('Origin',(-0.304972307115574,0.,5.84321741349196));
#16899=CARTESIAN_POINT('',(-0.304972307115574,1.2,5.84321741349196));
#16900=CARTESIAN_POINT('',(-0.332778197652928,1.2,5.854283391422));
#16901=CARTESIAN_POINT('',(-0.304972307115574,0.,5.84321741349196));
#16902=CARTESIAN_POINT('Origin',(-0.308675207590395,0.,5.79960062977723));
#16903=CARTESIAN_POINT('',(-0.308675207590396,1.2,5.79960062977723));
#16904=CARTESIAN_POINT('',(-0.304972307115574,1.2,5.84321741349196));
#16905=CARTESIAN_POINT('',(-0.308675207590395,0.,5.79960062977723));
#16906=CARTESIAN_POINT('Origin',(-0.311275768092716,0.,5.75575190141478));
#16907=CARTESIAN_POINT('',(-0.311275768092716,1.2,5.75575190141478));
#16908=CARTESIAN_POINT('',(-0.308675207590395,1.2,5.79960062977723));
#16909=CARTESIAN_POINT('',(-0.311275768092716,0.,5.75575190141478));
#16910=CARTESIAN_POINT('Origin',(-0.312768595471945,0.,5.711692782404));
#16911=CARTESIAN_POINT('',(-0.312768595471945,1.2,5.711692782404));
#16912=CARTESIAN_POINT('',(-0.311275768092716,1.2,5.75575190141478));
#16913=CARTESIAN_POINT('',(-0.312768595471945,0.,5.711692782404));
#16914=CARTESIAN_POINT('Origin',(-0.313148674208253,0.,5.6674449275783));
#16915=CARTESIAN_POINT('',(-0.313148674208253,1.2,5.6674449275783));
#16916=CARTESIAN_POINT('',(-0.312768595471945,1.2,5.711692782404));
#16917=CARTESIAN_POINT('',(-0.313148674208253,0.,5.6674449275783));
#16918=CARTESIAN_POINT('Origin',(-0.312411368119841,0.,5.6230300863824));
#16919=CARTESIAN_POINT('',(-0.312411368119841,1.2,5.6230300863824));
#16920=CARTESIAN_POINT('',(-0.313148674208253,1.2,5.6674449275783));
#16921=CARTESIAN_POINT('',(-0.312411368119841,0.,5.6230300863824));
#16922=CARTESIAN_POINT('Origin',(-0.310552421971606,0.,5.57847009662233));
#16923=CARTESIAN_POINT('',(-0.310552421971606,1.2,5.57847009662233));
#16924=CARTESIAN_POINT('',(-0.312411368119841,1.2,5.6230300863824));
#16925=CARTESIAN_POINT('',(-0.310552421971606,0.,5.57847009662233));
#16926=CARTESIAN_POINT('Origin',(-0.307567962984791,0.,5.53378687818964));
#16927=CARTESIAN_POINT('',(-0.307567962984792,1.2,5.53378687818964));
#16928=CARTESIAN_POINT('',(-0.310552421971606,1.2,5.57847009662233));
#16929=CARTESIAN_POINT('',(-0.307567962984791,0.,5.53378687818964));
#16930=CARTESIAN_POINT('Origin',(-0.303454502247229,0.,5.48900242676141));
#16931=CARTESIAN_POINT('',(-0.303454502247229,1.2,5.48900242676141));
#16932=CARTESIAN_POINT('',(-0.307567962984791,1.2,5.53378687818964));
#16933=CARTESIAN_POINT('',(-0.303454502247229,0.,5.48900242676141));
#16934=CARTESIAN_POINT('Origin',(-0.207197563529702,0.,5.51087798949208));
#16935=CARTESIAN_POINT('',(-0.207197563529702,1.2,5.51087798949208));
#16936=CARTESIAN_POINT('',(-0.303454502247229,1.2,5.48900242676141));
#16937=CARTESIAN_POINT('',(-0.207197563529702,0.,5.51087798949208));
#16938=CARTESIAN_POINT('Origin',(-0.185121337005669,0.,5.54984126999317));
#16939=CARTESIAN_POINT('',(-0.185121337005669,1.2,5.54984126999317));
#16940=CARTESIAN_POINT('',(-0.207197563529702,1.2,5.51087798949208));
#16941=CARTESIAN_POINT('',(-0.185121337005669,0.,5.54984126999317));
#16942=CARTESIAN_POINT('Origin',(-0.164112629426861,0.,5.58918186701544));
#16943=CARTESIAN_POINT('',(-0.164112629426861,1.2,5.58918186701544));
#16944=CARTESIAN_POINT('',(-0.185121337005669,1.2,5.54984126999317));
#16945=CARTESIAN_POINT('',(-0.164112629426861,0.,5.58918186701544));
#16946=CARTESIAN_POINT('Origin',(-0.144177462224698,0.,5.62887835108326));
#16947=CARTESIAN_POINT('',(-0.144177462224698,1.2,5.62887835108326));
#16948=CARTESIAN_POINT('',(-0.164112629426861,1.2,5.58918186701544));
#16949=CARTESIAN_POINT('',(-0.144177462224698,0.,5.62887835108326));
#16950=CARTESIAN_POINT('Origin',(-0.125321476633759,0.,5.66890920073594));
#16951=CARTESIAN_POINT('',(-0.125321476633759,1.2,5.66890920073594));
#16952=CARTESIAN_POINT('',(-0.144177462224698,1.2,5.62887835108326));
#16953=CARTESIAN_POINT('',(-0.125321476633759,0.,5.66890920073594));
#16954=CARTESIAN_POINT('Origin',(-0.107549932328974,0.,5.70925280883702));
#16955=CARTESIAN_POINT('',(-0.107549932328974,1.2,5.70925280883702));
#16956=CARTESIAN_POINT('',(-0.125321476633759,1.2,5.66890920073594));
#16957=CARTESIAN_POINT('',(-0.107549932328974,0.,5.70925280883702));
#16958=CARTESIAN_POINT('Origin',(-0.0908677061632077,0.,5.74988748890326));
#16959=CARTESIAN_POINT('',(-0.0908677061632077,1.2,5.74988748890326));
#16960=CARTESIAN_POINT('',(-0.107549932328974,1.2,5.70925280883702));
#16961=CARTESIAN_POINT('',(-0.0908677061632077,0.,5.74988748890326));
#16962=CARTESIAN_POINT('Origin',(-0.0752792910055365,0.,5.79079148145185));
#16963=CARTESIAN_POINT('',(-0.0752792910055365,1.2,5.79079148145185));
#16964=CARTESIAN_POINT('',(-0.0908677061632077,1.2,5.74988748890326));
#16965=CARTESIAN_POINT('',(-0.0752792910055365,0.,5.79079148145185));
#16966=CARTESIAN_POINT('Origin',(-0.0454257014057983,0.,5.78869705930388));
#16967=CARTESIAN_POINT('',(-0.0454257014057984,1.2,5.78869705930388));
#16968=CARTESIAN_POINT('',(-0.0752792910055365,1.2,5.79079148145185));
#16969=CARTESIAN_POINT('',(-0.0454257014057983,0.,5.78869705930388));
#16970=CARTESIAN_POINT('Origin',(-0.0151481306063896,0.,5.78763303394719));
#16971=CARTESIAN_POINT('',(-0.0151481306063896,1.2,5.78763303394719));
#16972=CARTESIAN_POINT('',(-0.0454257014057983,1.2,5.78869705930388));
#16973=CARTESIAN_POINT('',(-0.0151481306063896,0.,5.78763303394719));
#16974=CARTESIAN_POINT('Origin',(0.0151481306063893,0.,5.78763303394719));
#16975=CARTESIAN_POINT('',(0.0151481306063893,1.2,5.78763303394719));
#16976=CARTESIAN_POINT('',(-0.0151481306063896,1.2,5.78763303394719));
#16977=CARTESIAN_POINT('',(0.0151481306063893,0.,5.78763303394719));
#16978=CARTESIAN_POINT('Origin',(0.045425701405798,0.,5.78869705930388));
#16979=CARTESIAN_POINT('',(0.045425701405798,1.2,5.78869705930388));
#16980=CARTESIAN_POINT('',(0.0151481306063893,1.2,5.78763303394719));
#16981=CARTESIAN_POINT('',(0.045425701405798,0.,5.78869705930388));
#16982=CARTESIAN_POINT('Origin',(0.0752792910055362,0.,5.79079148145185));
#16983=CARTESIAN_POINT('',(0.0752792910055362,1.2,5.79079148145185));
#16984=CARTESIAN_POINT('',(0.045425701405798,1.2,5.78869705930388));
#16985=CARTESIAN_POINT('',(0.0752792910055362,0.,5.79079148145185));
#16986=CARTESIAN_POINT('Origin',(0.0908677061632073,0.,5.74988748890326));
#16987=CARTESIAN_POINT('',(0.0908677061632073,1.2,5.74988748890326));
#16988=CARTESIAN_POINT('',(0.0752792910055362,1.2,5.79079148145185));
#16989=CARTESIAN_POINT('',(0.0908677061632073,0.,5.74988748890326));
#16990=CARTESIAN_POINT('Origin',(0.107549932328974,0.,5.70925280883702));
#16991=CARTESIAN_POINT('',(0.107549932328973,1.2,5.70925280883702));
#16992=CARTESIAN_POINT('',(0.0908677061632073,1.2,5.74988748890326));
#16993=CARTESIAN_POINT('',(0.107549932328974,0.,5.70925280883702));
#16994=CARTESIAN_POINT('Origin',(0.125321476633759,0.,5.66890920073594));
#16995=CARTESIAN_POINT('',(0.125321476633759,1.2,5.66890920073594));
#16996=CARTESIAN_POINT('',(0.107549932328974,1.2,5.70925280883702));
#16997=CARTESIAN_POINT('',(0.125321476633759,0.,5.66890920073594));
#16998=CARTESIAN_POINT('Origin',(0.144177462224697,0.,5.62887835108326));
#16999=CARTESIAN_POINT('',(0.144177462224697,1.2,5.62887835108326));
#17000=CARTESIAN_POINT('',(0.125321476633759,1.2,5.66890920073594));
#17001=CARTESIAN_POINT('',(0.144177462224697,0.,5.62887835108326));
#17002=CARTESIAN_POINT('Origin',(0.164112629426861,0.,5.58918186701544));
#17003=CARTESIAN_POINT('',(0.16411262942686,1.2,5.58918186701544));
#17004=CARTESIAN_POINT('',(0.144177462224697,1.2,5.62887835108326));
#17005=CARTESIAN_POINT('',(0.164112629426861,0.,5.58918186701544));
#17006=CARTESIAN_POINT('Origin',(0.185121337005669,0.,5.54984126999317));
#17007=CARTESIAN_POINT('',(0.185121337005669,1.2,5.54984126999317));
#17008=CARTESIAN_POINT('',(0.164112629426861,1.2,5.58918186701544));
#17009=CARTESIAN_POINT('',(0.185121337005669,0.,5.54984126999317));
#17010=CARTESIAN_POINT('Origin',(0.207197563529702,0.,5.51087798949208));
#17011=CARTESIAN_POINT('',(0.207197563529702,1.2,5.51087798949208));
#17012=CARTESIAN_POINT('',(0.185121337005669,1.2,5.54984126999317));
#17013=CARTESIAN_POINT('',(0.207197563529702,0.,5.51087798949208));
#17014=CARTESIAN_POINT('Origin',(0.230334908833591,0.,5.47231335671469));
#17015=CARTESIAN_POINT('',(0.230334908833591,1.2,5.47231335671469));
#17016=CARTESIAN_POINT('',(0.207197563529702,1.2,5.51087798949208));
#17017=CARTESIAN_POINT('',(0.230334908833591,0.,5.47231335671469));
#17018=CARTESIAN_POINT('Origin',(0.307567962984791,0.,5.53378687818964));
#17019=CARTESIAN_POINT('',(0.307567962984791,1.2,5.53378687818964));
#17020=CARTESIAN_POINT('',(0.230334908833591,1.2,5.47231335671469));
#17021=CARTESIAN_POINT('',(0.307567962984791,0.,5.53378687818964));
#17022=CARTESIAN_POINT('Origin',(0.310552421971606,0.,5.57847009662232));
#17023=CARTESIAN_POINT('',(0.310552421971606,1.2,5.57847009662232));
#17024=CARTESIAN_POINT('',(0.307567962984791,1.2,5.53378687818964));
#17025=CARTESIAN_POINT('',(0.310552421971606,0.,5.57847009662232));
#17026=CARTESIAN_POINT('Origin',(0.312411368119841,0.,5.6230300863824));
#17027=CARTESIAN_POINT('',(0.312411368119841,1.2,5.6230300863824));
#17028=CARTESIAN_POINT('',(0.310552421971606,1.2,5.57847009662232));
#17029=CARTESIAN_POINT('',(0.312411368119841,0.,5.6230300863824));
#17030=CARTESIAN_POINT('Origin',(0.313148674208253,0.,5.6674449275783));
#17031=CARTESIAN_POINT('',(0.313148674208253,1.2,5.6674449275783));
#17032=CARTESIAN_POINT('',(0.312411368119841,1.2,5.6230300863824));
#17033=CARTESIAN_POINT('',(0.313148674208253,0.,5.6674449275783));
#17034=CARTESIAN_POINT('Origin',(0.312768595471945,0.,5.711692782404));
#17035=CARTESIAN_POINT('',(0.312768595471945,1.2,5.711692782404));
#17036=CARTESIAN_POINT('',(0.313148674208253,1.2,5.6674449275783));
#17037=CARTESIAN_POINT('',(0.312768595471945,0.,5.711692782404));
#17038=CARTESIAN_POINT('Origin',(0.311275768092716,0.,5.75575190141477));
#17039=CARTESIAN_POINT('',(0.311275768092716,1.2,5.75575190141477));
#17040=CARTESIAN_POINT('',(0.312768595471945,1.2,5.711692782404));
#17041=CARTESIAN_POINT('',(0.311275768092716,0.,5.75575190141477));
#17042=CARTESIAN_POINT('Origin',(0.308675207590395,0.,5.79960062977723));
#17043=CARTESIAN_POINT('',(0.308675207590395,1.2,5.79960062977723));
#17044=CARTESIAN_POINT('',(0.311275768092716,1.2,5.75575190141477));
#17045=CARTESIAN_POINT('',(0.308675207590395,0.,5.79960062977723));
#17046=CARTESIAN_POINT('Origin',(0.304972307115573,0.,5.84321741349196));
#17047=CARTESIAN_POINT('',(0.304972307115573,1.2,5.84321741349196));
#17048=CARTESIAN_POINT('',(0.308675207590395,1.2,5.79960062977723));
#17049=CARTESIAN_POINT('',(0.304972307115573,0.,5.84321741349196));
#17050=CARTESIAN_POINT('Origin',(0.332778197652927,0.,5.854283391422));
#17051=CARTESIAN_POINT('',(0.332778197652927,1.2,5.854283391422));
#17052=CARTESIAN_POINT('',(0.304972307115573,1.2,5.84321741349196));
#17053=CARTESIAN_POINT('',(0.332778197652927,0.,5.854283391422));
#17054=CARTESIAN_POINT('Origin',(0.360519009639182,0.,5.86646168333081));
#17055=CARTESIAN_POINT('',(0.360519009639182,1.2,5.86646168333081));
#17056=CARTESIAN_POINT('',(0.332778197652927,1.2,5.854283391422));
#17057=CARTESIAN_POINT('',(0.360519009639182,0.,5.86646168333081));
#17058=CARTESIAN_POINT('Origin',(0.387814997805735,0.,5.8796067384271));
#17059=CARTESIAN_POINT('',(0.387814997805735,1.2,5.8796067384271));
#17060=CARTESIAN_POINT('',(0.360519009639182,1.2,5.86646168333081));
#17061=CARTESIAN_POINT('',(0.387814997805735,0.,5.8796067384271));
#17062=CARTESIAN_POINT('Origin',(0.414632483191438,0.,5.89370233777797));
#17063=CARTESIAN_POINT('',(0.414632483191438,1.2,5.89370233777797));
#17064=CARTESIAN_POINT('',(0.387814997805735,1.2,5.8796067384271));
#17065=CARTESIAN_POINT('',(0.414632483191438,0.,5.89370233777797));
#17066=CARTESIAN_POINT('Origin',(0.440620902303083,0.,5.90854233401116));
#17067=CARTESIAN_POINT('',(0.440620902303083,1.2,5.90854233401116));
#17068=CARTESIAN_POINT('',(0.414632483191438,1.2,5.89370233777797));
#17069=CARTESIAN_POINT('',(0.440620902303083,0.,5.90854233401116));
#17070=CARTESIAN_POINT('Origin',(0.472413156291905,0.,5.87845267000749));
#17071=CARTESIAN_POINT('',(0.472413156291905,1.2,5.87845267000749));
#17072=CARTESIAN_POINT('',(0.440620902303083,1.2,5.90854233401116));
#17073=CARTESIAN_POINT('',(0.472413156291905,0.,5.87845267000749));
#17074=CARTESIAN_POINT('Origin',(0.50507404963955,0.,5.84908023497625));
#17075=CARTESIAN_POINT('',(0.50507404963955,1.2,5.84908023497625));
#17076=CARTESIAN_POINT('',(0.472413156291905,1.2,5.87845267000749));
#17077=CARTESIAN_POINT('',(0.50507404963955,0.,5.84908023497625));
#17078=CARTESIAN_POINT('Origin',(0.538590093325099,0.,5.82044268415117));
#17079=CARTESIAN_POINT('',(0.538590093325099,1.2,5.82044268415117));
#17080=CARTESIAN_POINT('',(0.50507404963955,1.2,5.84908023497625));
#17081=CARTESIAN_POINT('',(0.538590093325099,0.,5.82044268415117));
#17082=CARTESIAN_POINT('Origin',(0.572947484043512,0.,5.79255744039136));
#17083=CARTESIAN_POINT('',(0.572947484043512,1.2,5.79255744039136));
#17084=CARTESIAN_POINT('',(0.538590093325099,1.2,5.82044268415117));
#17085=CARTESIAN_POINT('',(0.572947484043512,0.,5.79255744039136));
#17086=CARTESIAN_POINT('Origin',(0.608132108006256,0.,5.76544168896668));
#17087=CARTESIAN_POINT('',(0.608132108006256,1.2,5.76544168896668));
#17088=CARTESIAN_POINT('',(0.572947484043512,1.2,5.79255744039136));
#17089=CARTESIAN_POINT('',(0.608132108006256,0.,5.76544168896668));
#17090=CARTESIAN_POINT('Origin',(0.644129544824765,0.,5.73911237240325));
#17091=CARTESIAN_POINT('',(0.644129544824765,1.2,5.73911237240325));
#17092=CARTESIAN_POINT('',(0.608132108006256,1.2,5.76544168896668));
#17093=CARTESIAN_POINT('',(0.644129544824765,0.,5.73911237240325));
#17094=CARTESIAN_POINT('Origin',(0.680925071475782,0.,5.71358618539027));
#17095=CARTESIAN_POINT('',(0.680925071475782,1.2,5.71358618539027));
#17096=CARTESIAN_POINT('',(0.644129544824765,1.2,5.73911237240325));
#17097=CARTESIAN_POINT('',(0.680925071475782,0.,5.71358618539027));
#17098=CARTESIAN_POINT('Origin',(0.718503666347644,0.,5.68887956974945));
#17099=CARTESIAN_POINT('',(0.718503666347644,1.2,5.68887956974945));
#17100=CARTESIAN_POINT('',(0.680925071475782,1.2,5.71358618539027));
#17101=CARTESIAN_POINT('',(0.718503666347644,0.,5.68887956974945));
#17102=CARTESIAN_POINT('Origin',(0.761415882356623,0.,5.7777754651173));
#17103=CARTESIAN_POINT('',(0.761415882356623,1.2,5.7777754651173));
#17104=CARTESIAN_POINT('',(0.718503666347644,1.2,5.68887956974945));
#17105=CARTESIAN_POINT('',(0.761415882356623,0.,5.7777754651173));
#17106=CARTESIAN_POINT('Origin',(0.744717465101894,0.,5.81932856206728));
#17107=CARTESIAN_POINT('',(0.744717465101894,1.2,5.81932856206728));
#17108=CARTESIAN_POINT('',(0.761415882356623,1.2,5.7777754651173));
#17109=CARTESIAN_POINT('',(0.744717465101894,0.,5.81932856206728));
#17110=CARTESIAN_POINT('Origin',(0.727058462736418,0.,5.86028229210078));
#17111=CARTESIAN_POINT('',(0.727058462736418,1.2,5.86028229210078));
#17112=CARTESIAN_POINT('',(0.744717465101894,1.2,5.81932856206728));
#17113=CARTESIAN_POINT('',(0.727058462736418,0.,5.86028229210078));
#17114=CARTESIAN_POINT('Origin',(0.708451875197804,0.,5.90061858641362));
#17115=CARTESIAN_POINT('',(0.708451875197804,1.2,5.90061858641362));
#17116=CARTESIAN_POINT('',(0.727058462736418,1.2,5.86028229210078));
#17117=CARTESIAN_POINT('',(0.708451875197804,0.,5.90061858641362));
#17118=CARTESIAN_POINT('Origin',(0.688911011389335,0.,5.94031961609977));
#17119=CARTESIAN_POINT('',(0.688911011389335,1.2,5.94031961609977));
#17120=CARTESIAN_POINT('',(0.708451875197804,1.2,5.90061858641362));
#17121=CARTESIAN_POINT('',(0.688911011389335,0.,5.94031961609977));
#17122=CARTESIAN_POINT('Origin',(0.668449485096874,0.,5.97936779715054));
#17123=CARTESIAN_POINT('',(0.668449485096874,1.2,5.97936779715054));
#17124=CARTESIAN_POINT('',(0.688911011389335,1.2,5.94031961609977));
#17125=CARTESIAN_POINT('',(0.668449485096874,0.,5.97936779715054));
#17126=CARTESIAN_POINT('Origin',(0.647081210827733,0.,6.01774579538767));
#17127=CARTESIAN_POINT('',(0.647081210827733,1.2,6.01774579538767));
#17128=CARTESIAN_POINT('',(0.668449485096874,1.2,5.97936779715054));
#17129=CARTESIAN_POINT('',(0.647081210827733,0.,6.01774579538767));
#17130=CARTESIAN_POINT('Origin',(0.624820399572551,0.,6.05543653132908));
#17131=CARTESIAN_POINT('',(0.624820399572551,1.2,6.05543653132908));
#17132=CARTESIAN_POINT('',(0.647081210827733,1.2,6.01774579538767));
#17133=CARTESIAN_POINT('',(0.624820399572551,0.,6.05543653132908));
#17134=CARTESIAN_POINT('Origin',(0.645071293409729,0.,6.07747115669278));
#17135=CARTESIAN_POINT('',(0.645071293409729,1.2,6.07747115669278));
#17136=CARTESIAN_POINT('',(0.624820399572551,1.2,6.05543653132908));
#17137=CARTESIAN_POINT('',(0.645071293409729,0.,6.07747115669278));
#17138=CARTESIAN_POINT('Origin',(0.664780938550219,0.,6.1004797057976));
#17139=CARTESIAN_POINT('',(0.664780938550219,1.2,6.1004797057976));
#17140=CARTESIAN_POINT('',(0.645071293409729,1.2,6.07747115669278));
#17141=CARTESIAN_POINT('',(0.664780938550219,0.,6.1004797057976));
#17142=CARTESIAN_POINT('Origin',(0.683670348450835,0.,6.12416627661483));
#17143=CARTESIAN_POINT('',(0.683670348450835,1.2,6.12416627661483));
#17144=CARTESIAN_POINT('',(0.664780938550219,1.2,6.1004797057976));
#17145=CARTESIAN_POINT('',(0.683670348450835,0.,6.12416627661483));
#17146=CARTESIAN_POINT('Origin',(0.701716216547319,0.,6.14850164363727));
#17147=CARTESIAN_POINT('',(0.701716216547319,1.2,6.14850164363727));
#17148=CARTESIAN_POINT('',(0.683670348450835,1.2,6.12416627661483));
#17149=CARTESIAN_POINT('',(0.701716216547319,0.,6.14850164363727));
#17150=CARTESIAN_POINT('Origin',(0.718692140038766,0.,6.17314797070108));
#17151=CARTESIAN_POINT('',(0.718692140038766,1.2,6.17314797070108));
#17152=CARTESIAN_POINT('',(0.701716216547319,1.2,6.14850164363727));
#17153=CARTESIAN_POINT('',(0.718692140038766,0.,6.17314797070108));
#17154=CARTESIAN_POINT('Origin',(0.760391387049844,0.,6.15983226222377));
#17155=CARTESIAN_POINT('',(0.760391387049844,1.2,6.15983226222377));
#17156=CARTESIAN_POINT('',(0.718692140038766,1.2,6.17314797070108));
#17157=CARTESIAN_POINT('',(0.760391387049844,0.,6.15983226222377));
#17158=CARTESIAN_POINT('Origin',(0.802562057092298,0.,6.14753964321473));
#17159=CARTESIAN_POINT('',(0.802562057092298,1.2,6.14753964321473));
#17160=CARTESIAN_POINT('',(0.760391387049844,1.2,6.15983226222377));
#17161=CARTESIAN_POINT('',(0.802562057092298,0.,6.14753964321473));
#17162=CARTESIAN_POINT('Origin',(0.845184336659387,0.,6.13628016782308));
#17163=CARTESIAN_POINT('',(0.845184336659387,1.2,6.13628016782308));
#17164=CARTESIAN_POINT('',(0.802562057092298,1.2,6.14753964321473));
#17165=CARTESIAN_POINT('',(0.845184336659387,0.,6.13628016782308));
#17166=CARTESIAN_POINT('Origin',(0.888238229907747,0.,6.12606354447285));
#17167=CARTESIAN_POINT('',(0.888238229907747,1.2,6.12606354447285));
#17168=CARTESIAN_POINT('',(0.845184336659387,1.2,6.13628016782308));
#17169=CARTESIAN_POINT('',(0.888238229907747,0.,6.12606354447285));
#17170=CARTESIAN_POINT('Origin',(0.931703564344157,0.,6.11689913281383));
#17171=CARTESIAN_POINT('',(0.931703564344157,1.2,6.11689913281383));
#17172=CARTESIAN_POINT('',(0.888238229907747,1.2,6.12606354447285));
#17173=CARTESIAN_POINT('',(0.931703564344157,0.,6.11689913281383));
#17174=CARTESIAN_POINT('Origin',(0.97555999656087,0.,6.10879594076249));
#17175=CARTESIAN_POINT('',(0.97555999656087,1.2,6.10879594076249));
#17176=CARTESIAN_POINT('',(0.931703564344157,1.2,6.11689913281383));
#17177=CARTESIAN_POINT('',(0.97555999656087,0.,6.10879594076249));
#17178=CARTESIAN_POINT('Origin',(1.01978701801812,0.,6.10176262163368));
#17179=CARTESIAN_POINT('',(1.01978701801812,1.2,6.10176262163368));
#17180=CARTESIAN_POINT('',(0.97555999656087,1.2,6.10879594076249));
#17181=CARTESIAN_POINT('',(1.01978701801812,0.,6.10176262163368));
#17182=CARTESIAN_POINT('Origin',(1.06436396087236,0.,6.09580747136387));
#17183=CARTESIAN_POINT('',(1.06436396087236,1.2,6.09580747136387));
#17184=CARTESIAN_POINT('',(1.01978701801812,1.2,6.10176262163368));
#17185=CARTESIAN_POINT('',(1.06436396087236,0.,6.09580747136387));
#17186=CARTESIAN_POINT('Origin',(1.06445604807475,0.,6.19451881831041));
#17187=CARTESIAN_POINT('',(1.06445604807475,1.2,6.19451881831041));
#17188=CARTESIAN_POINT('',(1.06436396087236,1.2,6.09580747136387));
#17189=CARTESIAN_POINT('',(1.06445604807475,0.,6.19451881831041));
#17190=CARTESIAN_POINT('Origin',(1.03138208090842,0.,6.22471169331144));
#17191=CARTESIAN_POINT('',(1.03138208090842,1.2,6.22471169331144));
#17192=CARTESIAN_POINT('',(1.06445604807475,1.2,6.19451881831041));
#17193=CARTESIAN_POINT('',(1.03138208090842,0.,6.22471169331144));
#17194=CARTESIAN_POINT('Origin',(0.997702712021167,0.,6.25394777512068));
#17195=CARTESIAN_POINT('',(0.997702712021167,1.2,6.25394777512068));
#17196=CARTESIAN_POINT('',(1.03138208090842,1.2,6.22471169331144));
#17197=CARTESIAN_POINT('',(0.997702712021167,0.,6.25394777512068));
#17198=CARTESIAN_POINT('Origin',(0.963437493712369,0.,6.28221642476964));
#17199=CARTESIAN_POINT('',(0.963437493712369,1.2,6.28221642476964));
#17200=CARTESIAN_POINT('',(0.997702712021167,1.2,6.25394777512068));
#17201=CARTESIAN_POINT('',(0.963437493712369,0.,6.28221642476964));
#17202=CARTESIAN_POINT('Origin',(0.928606152561974,0.,6.30950735348572));
#17203=CARTESIAN_POINT('',(0.928606152561974,1.2,6.30950735348572));
#17204=CARTESIAN_POINT('',(0.963437493712369,1.2,6.28221642476964));
#17205=CARTESIAN_POINT('',(0.928606152561974,0.,6.30950735348572));
#17206=CARTESIAN_POINT('Origin',(0.893228583582656,0.,6.33581062542485));
#17207=CARTESIAN_POINT('',(0.893228583582656,1.2,6.33581062542485));
#17208=CARTESIAN_POINT('',(0.928606152561974,1.2,6.30950735348572));
#17209=CARTESIAN_POINT('',(0.893228583582656,0.,6.33581062542485));
#17210=CARTESIAN_POINT('Origin',(0.857324844330383,0.,6.36111666031054));
#17211=CARTESIAN_POINT('',(0.857324844330383,1.2,6.36111666031054));
#17212=CARTESIAN_POINT('',(0.893228583582656,1.2,6.33581062542485));
#17213=CARTESIAN_POINT('',(0.857324844330383,0.,6.36111666031054));
#17214=CARTESIAN_POINT('Origin',(0.820915148974863,0.,6.38541623597889));
#17215=CARTESIAN_POINT('',(0.857324844330383,1.2,6.36111666031054));
#17216=CARTESIAN_POINT('Origin',(0.,1.2,6.65));
#17217=CARTESIAN_POINT('',(0.,0.,0.));
#17218=CARTESIAN_POINT('Origin',(0.,2.,7.7));
#17219=CARTESIAN_POINT('',(2.05,2.6,7.7));
#17220=CARTESIAN_POINT('',(0.678232998312526,2.6,7.7));
#17221=CARTESIAN_POINT('',(0.,2.6,7.7));
#17222=CARTESIAN_POINT('',(2.05,2.3,7.7));
#17223=CARTESIAN_POINT('',(2.05,1.25,7.7));
#17224=CARTESIAN_POINT('',(0.678232998312526,2.3,7.7));
#17225=CARTESIAN_POINT('',(0.,2.3,7.7));
#17226=CARTESIAN_POINT('',(0.678232998312526,-2.8,7.7));
#17227=CARTESIAN_POINT('Origin',(0.,2.,7.7));
#17228=CARTESIAN_POINT('',(-2.05,2.3,7.7));
#17229=CARTESIAN_POINT('',(-0.678232998312526,2.3,7.7));
#17230=CARTESIAN_POINT('',(0.,2.3,7.7));
#17231=CARTESIAN_POINT('',(-2.05,2.6,7.7));
#17232=CARTESIAN_POINT('',(-2.05,2.75,7.7));
#17233=CARTESIAN_POINT('',(-0.678232998312526,2.6,7.7));
#17234=CARTESIAN_POINT('',(0.,2.6,7.7));
#17235=CARTESIAN_POINT('',(-0.678232998312526,-2.8,7.7));
#17236=CARTESIAN_POINT('Origin',(0.,2.,5.6));
#17237=CARTESIAN_POINT('',(0.678232998312527,2.6,5.6));
#17238=CARTESIAN_POINT('',(2.05,2.6,5.6));
#17239=CARTESIAN_POINT('',(0.,2.6,5.6));
#17240=CARTESIAN_POINT('',(0.678232998312527,2.3,5.6));
#17241=CARTESIAN_POINT('',(0.678232998312527,-2.8,5.6));
#17242=CARTESIAN_POINT('',(2.05,2.3,5.6));
#17243=CARTESIAN_POINT('',(0.,2.3,5.6));
#17244=CARTESIAN_POINT('',(2.05,1.25,5.6));
#17245=CARTESIAN_POINT('Origin',(2.05,1.25,5.6));
#17246=CARTESIAN_POINT('',(2.05,2.6,6.05));
#17247=CARTESIAN_POINT('',(2.05,2.3,6.0625));
#17248=CARTESIAN_POINT('Origin',(-2.05,2.75,5.6));
#17249=CARTESIAN_POINT('',(-2.05,2.3,5.6));
#17250=CARTESIAN_POINT('',(-2.05,2.3,6.0625));
#17251=CARTESIAN_POINT('',(-2.05,2.6,5.6));
#17252=CARTESIAN_POINT('',(-2.05,2.75,5.6));
#17253=CARTESIAN_POINT('',(-2.05,2.6,6.05));
#17254=CARTESIAN_POINT('Origin',(0.,2.,5.6));
#17255=CARTESIAN_POINT('',(-0.678232998312527,2.3,5.6));
#17256=CARTESIAN_POINT('',(0.,2.3,5.6));
#17257=CARTESIAN_POINT('',(-0.678232998312527,2.6,5.6));
#17258=CARTESIAN_POINT('',(-0.678232998312527,-2.8,5.6));
#17259=CARTESIAN_POINT('',(0.,2.6,5.6));
#17260=CARTESIAN_POINT('Origin',(0.,2.6,6.5));
#17261=CARTESIAN_POINT('',(-3.8,2.6,8.2));
#17262=CARTESIAN_POINT('',(3.8,2.6,8.2));
#17263=CARTESIAN_POINT('',(3.8,2.6,8.2));
#17264=CARTESIAN_POINT('',(3.8,2.6,4.8));
#17265=CARTESIAN_POINT('',(3.8,2.6,4.8));
#17266=CARTESIAN_POINT('',(-3.8,2.6,4.8));
#17267=CARTESIAN_POINT('',(-3.8,2.6,4.8));
#17268=CARTESIAN_POINT('',(-3.8,2.6,8.2));
#17269=CARTESIAN_POINT('Origin',(0.,2.6,6.65));
#17270=CARTESIAN_POINT('Origin',(0.,2.6,6.65));
#17271=CARTESIAN_POINT('Origin',(0.,-2.8,6.65));
#17272=CARTESIAN_POINT('Origin',(0.,2.3,6.65));
#17273=CARTESIAN_POINT('Origin',(0.,-2.8,6.65));
#17274=CARTESIAN_POINT('',(0.350000000000002,2.3,7.85));
#17275=CARTESIAN_POINT('Origin',(0.,2.3,6.65));
#17276=CARTESIAN_POINT('',(0.350000000000002,1.15,7.85));
#17277=CARTESIAN_POINT('',(0.350000000000002,-2.8,7.85));
#17278=CARTESIAN_POINT('',(-0.350000000000002,1.15,7.85));
#17279=CARTESIAN_POINT('Origin',(0.,1.15,6.65));
#17280=CARTESIAN_POINT('',(-0.350000000000002,2.3,7.85));
#17281=CARTESIAN_POINT('',(-0.350000000000002,-2.8,7.85));
#17282=CARTESIAN_POINT('Origin',(0.,2.3,6.65));
#17283=CARTESIAN_POINT('Origin',(3.9,1.15,4.6));
#17284=CARTESIAN_POINT('',(-3.8,1.15,4.8));
#17285=CARTESIAN_POINT('',(-3.8,1.15,8.2));
#17286=CARTESIAN_POINT('',(-3.8,1.15,4.7));
#17287=CARTESIAN_POINT('',(3.8,1.15,4.8));
#17288=CARTESIAN_POINT('',(3.85,1.15,4.8));
#17289=CARTESIAN_POINT('',(3.8,1.15,8.2));
#17290=CARTESIAN_POINT('',(3.8,1.15,6.4));
#17291=CARTESIAN_POINT('',(0.05,1.15,8.2));
#17292=CARTESIAN_POINT('',(3.5,1.15,7.85));
#17293=CARTESIAN_POINT('',(0.2,1.15,7.85));
#17294=CARTESIAN_POINT('',(3.5,1.15,5.2));
#17295=CARTESIAN_POINT('',(3.5,1.15,6.225));
#17296=CARTESIAN_POINT('',(-3.5,1.15,5.2));
#17297=CARTESIAN_POINT('',(3.7,1.15,5.2));
#17298=CARTESIAN_POINT('',(-3.5,1.15,7.85));
#17299=CARTESIAN_POINT('',(-3.5,1.15,4.9));
#17300=CARTESIAN_POINT('',(0.2,1.15,7.85));
#17301=CARTESIAN_POINT('Origin',(3.5,0.,7.85));
#17302=CARTESIAN_POINT('',(3.5,2.3,7.85));
#17303=CARTESIAN_POINT('',(3.5,0.,7.85));
#17304=CARTESIAN_POINT('',(3.5,2.3,5.2));
#17305=CARTESIAN_POINT('',(3.5,2.3,5.2));
#17306=CARTESIAN_POINT('',(3.5,0.,5.2));
#17307=CARTESIAN_POINT('Origin',(3.5,0.,5.2));
#17308=CARTESIAN_POINT('',(-3.5,2.3,5.2));
#17309=CARTESIAN_POINT('',(-3.5,2.3,5.2));
#17310=CARTESIAN_POINT('',(-3.5,0.,5.2));
#17311=CARTESIAN_POINT('Origin',(-3.5,0.,7.85));
#17312=CARTESIAN_POINT('',(3.5,2.3,7.85));
#17313=CARTESIAN_POINT('Origin',(3.8,0.,8.2));
#17314=CARTESIAN_POINT('',(3.8,0.,4.8));
#17315=CARTESIAN_POINT('',(3.8,0.,8.2));
#17316=CARTESIAN_POINT('Origin',(3.8,0.,4.8));
#17317=CARTESIAN_POINT('',(-3.8,0.,4.8));
#17318=CARTESIAN_POINT('Origin',(0.,2.3,6.525));
#17319=CARTESIAN_POINT('',(-3.5,2.3,7.85));
#17320=CARTESIAN_POINT('',(3.5,2.3,7.85));
#17321=CARTESIAN_POINT('',(-3.5,2.3,7.85));
#17322=CARTESIAN_POINT('Origin',(-3.5,0.,7.85));
#17323=CARTESIAN_POINT('',(-3.5,0.,7.85));
#17324=CARTESIAN_POINT('Origin',(-3.5,0.,5.2));
#17325=CARTESIAN_POINT('Origin',(-3.8,0.,4.8));
#17326=CARTESIAN_POINT('',(-3.8,0.,8.2));
#17327=CARTESIAN_POINT('Origin',(-3.8,0.,8.2));
#17328=CARTESIAN_POINT('Origin',(0.,-2.6,6.5));
#17329=CARTESIAN_POINT('',(3.8,-2.6,8.2));
#17330=CARTESIAN_POINT('',(-3.8,-2.6,8.2));
#17331=CARTESIAN_POINT('',(3.8,-2.6,8.2));
#17332=CARTESIAN_POINT('',(-3.8,-2.6,4.8));
#17333=CARTESIAN_POINT('',(-3.8,-2.6,8.2));
#17334=CARTESIAN_POINT('',(3.8,-2.6,4.8));
#17335=CARTESIAN_POINT('',(-3.8,-2.6,4.8));
#17336=CARTESIAN_POINT('',(3.8,-2.6,4.8));
#17337=CARTESIAN_POINT('',(-1.25,-2.6,6.65));
#17338=CARTESIAN_POINT('Origin',(0.,-2.6,6.65));
#17339=CARTESIAN_POINT('Origin',(0.,-2.3,6.525));
#17340=CARTESIAN_POINT('',(-0.350000000000002,-2.3,7.85));
#17341=CARTESIAN_POINT('',(-1.25,-2.3,6.65));
#17342=CARTESIAN_POINT('Origin',(0.,-2.3,6.65));
#17343=CARTESIAN_POINT('',(0.350000000000002,-2.3,7.85));
#17344=CARTESIAN_POINT('Origin',(0.,-2.3,6.65));
#17345=CARTESIAN_POINT('',(3.5,-2.3,7.85));
#17346=CARTESIAN_POINT('',(3.5,-2.3,7.85));
#17347=CARTESIAN_POINT('',(3.5,-2.3,5.2));
#17348=CARTESIAN_POINT('',(3.5,-2.3,5.2));
#17349=CARTESIAN_POINT('',(-3.5,-2.3,5.2));
#17350=CARTESIAN_POINT('',(-3.5,-2.3,5.2));
#17351=CARTESIAN_POINT('',(-3.5,-2.3,7.85));
#17352=CARTESIAN_POINT('',(-3.5,-2.3,7.85));
#17353=CARTESIAN_POINT('',(3.5,-2.3,7.85));
#17354=CARTESIAN_POINT('Origin',(-3.8,0.,4.8));
#17355=CARTESIAN_POINT('',(-3.8,0.25,8.2));
#17356=CARTESIAN_POINT('',(-3.8,0.25,4.8));
#17357=CARTESIAN_POINT('',(-3.8,0.25,4.7));
#17358=CARTESIAN_POINT('',(-3.8,0.,4.8));
#17359=CARTESIAN_POINT('',(-3.8,0.,8.2));
#17360=CARTESIAN_POINT('Origin',(-3.8,0.,8.2));
#17361=CARTESIAN_POINT('',(3.8,0.25,8.2));
#17362=CARTESIAN_POINT('',(-3.85,0.25,8.2));
#17363=CARTESIAN_POINT('',(3.8,0.,8.2));
#17364=CARTESIAN_POINT('Origin',(3.8,0.,4.8));
#17365=CARTESIAN_POINT('',(3.8,0.25,4.8));
#17366=CARTESIAN_POINT('',(-0.05,0.25,4.8));
#17367=CARTESIAN_POINT('',(3.8,0.,4.8));
#17368=CARTESIAN_POINT('Origin',(3.8,0.,8.2));
#17369=CARTESIAN_POINT('',(3.8,0.25,6.4));
#17370=CARTESIAN_POINT('Origin',(0.,-2.8,6.65));
#17371=CARTESIAN_POINT('',(-1.25,-2.8,6.65));
#17372=CARTESIAN_POINT('',(-0.350000000000002,0.25,7.85));
#17373=CARTESIAN_POINT('',(-0.350000000000002,-2.8,7.85));
#17374=CARTESIAN_POINT('',(0.350000000000002,0.25,7.85));
#17375=CARTESIAN_POINT('Origin',(0.,0.25,6.65));
#17376=CARTESIAN_POINT('',(0.350000000000002,-2.8,7.85));
#17377=CARTESIAN_POINT('Origin',(-3.5,0.,7.85));
#17378=CARTESIAN_POINT('',(-3.5,0.25,7.85));
#17379=CARTESIAN_POINT('',(-3.7,0.25,7.85));
#17380=CARTESIAN_POINT('',(-3.5,0.,7.85));
#17381=CARTESIAN_POINT('Origin',(-3.5,0.,7.85));
#17382=CARTESIAN_POINT('',(3.5,0.25,7.85));
#17383=CARTESIAN_POINT('',(-3.7,0.25,7.85));
#17384=CARTESIAN_POINT('',(3.5,0.,7.85));
#17385=CARTESIAN_POINT('Origin',(-3.5,0.,5.2));
#17386=CARTESIAN_POINT('',(-3.5,0.25,5.2));
#17387=CARTESIAN_POINT('',(-3.5,0.25,4.9));
#17388=CARTESIAN_POINT('',(-3.5,0.,5.2));
#17389=CARTESIAN_POINT('Origin',(3.5,0.,5.2));
#17390=CARTESIAN_POINT('',(3.5,0.25,5.2));
#17391=CARTESIAN_POINT('',(-0.2,0.25,5.2));
#17392=CARTESIAN_POINT('',(3.5,0.,5.2));
#17393=CARTESIAN_POINT('Origin',(3.5,0.,7.85));
#17394=CARTESIAN_POINT('',(3.5,0.25,6.225));
#17395=CARTESIAN_POINT('Origin',(-3.9,0.25,4.6));
#17396=CARTESIAN_POINT('',(0.,0.,0.));
#17397=CARTESIAN_POINT('Origin',(3.8,2.,4.4));
#17398=CARTESIAN_POINT('',(3.8,2.,4.9));
#17399=CARTESIAN_POINT('Origin',(3.8,2.,4.4));
#17400=CARTESIAN_POINT('',(4.1,2.,4.9));
#17401=CARTESIAN_POINT('',(3.8,2.,4.9));
#17402=CARTESIAN_POINT('Origin',(4.1,2.,4.4));
#17403=CARTESIAN_POINT('Origin',(3.8,2.65,5.2));
#17404=CARTESIAN_POINT('',(3.8,2.65,5.2));
#17405=CARTESIAN_POINT('',(3.8,1.35,5.2));
#17406=CARTESIAN_POINT('',(3.8,2.65,5.2));
#17407=CARTESIAN_POINT('',(4.1,1.35,5.2));
#17408=CARTESIAN_POINT('',(3.8,1.35,5.2));
#17409=CARTESIAN_POINT('',(4.1,2.65,5.2));
#17410=CARTESIAN_POINT('',(4.1,2.65,5.2));
#17411=CARTESIAN_POINT('',(3.8,2.65,5.2));
#17412=CARTESIAN_POINT('Origin',(3.8,2.65,3.8));
#17413=CARTESIAN_POINT('',(3.8,2.65,3.8));
#17414=CARTESIAN_POINT('',(3.8,2.65,3.8));
#17415=CARTESIAN_POINT('',(4.1,2.65,3.8));
#17416=CARTESIAN_POINT('',(4.1,2.65,3.8));
#17417=CARTESIAN_POINT('',(3.8,2.65,3.8));
#17418=CARTESIAN_POINT('Origin',(3.8,1.35,3.8));
#17419=CARTESIAN_POINT('',(3.8,1.35,3.8));
#17420=CARTESIAN_POINT('',(3.8,1.35,3.8));
#17421=CARTESIAN_POINT('',(4.1,1.35,3.8));
#17422=CARTESIAN_POINT('',(4.1,1.35,3.8));
#17423=CARTESIAN_POINT('',(3.8,1.35,3.8));
#17424=CARTESIAN_POINT('Origin',(3.8,1.35,5.2));
#17425=CARTESIAN_POINT('',(3.8,1.35,5.2));
#17426=CARTESIAN_POINT('',(4.1,1.35,5.2));
#17427=CARTESIAN_POINT('Origin',(4.1,2.,4.5));
#17428=CARTESIAN_POINT('Origin',(3.8,2.,4.5));
#17429=CARTESIAN_POINT('',(0.,0.,0.));
#17430=CARTESIAN_POINT('Origin',(3.8,-2.,4.4));
#17431=CARTESIAN_POINT('',(3.8,-2.,4.9));
#17432=CARTESIAN_POINT('Origin',(3.8,-2.,4.4));
#17433=CARTESIAN_POINT('',(4.1,-2.,4.9));
#17434=CARTESIAN_POINT('',(3.8,-2.,4.9));
#17435=CARTESIAN_POINT('Origin',(4.1,-2.,4.4));
#17436=CARTESIAN_POINT('Origin',(3.8,-1.35,5.2));
#17437=CARTESIAN_POINT('',(3.8,-1.35,5.2));
#17438=CARTESIAN_POINT('',(3.8,-2.65,5.2));
#17439=CARTESIAN_POINT('',(3.8,-1.35,5.2));
#17440=CARTESIAN_POINT('',(4.1,-2.65,5.2));
#17441=CARTESIAN_POINT('',(3.8,-2.65,5.2));
#17442=CARTESIAN_POINT('',(4.1,-1.35,5.2));
#17443=CARTESIAN_POINT('',(4.1,-1.35,5.2));
#17444=CARTESIAN_POINT('',(3.8,-1.35,5.2));
#17445=CARTESIAN_POINT('Origin',(3.8,-1.35,3.8));
#17446=CARTESIAN_POINT('',(3.8,-1.35,3.8));
#17447=CARTESIAN_POINT('',(3.8,-1.35,3.8));
#17448=CARTESIAN_POINT('',(4.1,-1.35,3.8));
#17449=CARTESIAN_POINT('',(4.1,-1.35,3.8));
#17450=CARTESIAN_POINT('',(3.8,-1.35,3.8));
#17451=CARTESIAN_POINT('Origin',(3.8,-2.65,3.8));
#17452=CARTESIAN_POINT('',(3.8,-2.65,3.8));
#17453=CARTESIAN_POINT('',(3.8,-2.65,3.8));
#17454=CARTESIAN_POINT('',(4.1,-2.65,3.8));
#17455=CARTESIAN_POINT('',(4.1,-2.65,3.8));
#17456=CARTESIAN_POINT('',(3.8,-2.65,3.8));
#17457=CARTESIAN_POINT('Origin',(3.8,-2.65,5.2));
#17458=CARTESIAN_POINT('',(3.8,-2.65,5.2));
#17459=CARTESIAN_POINT('',(4.1,-2.65,5.2));
#17460=CARTESIAN_POINT('Origin',(4.1,-2.,4.5));
#17461=CARTESIAN_POINT('Origin',(3.8,-2.,4.5));
#17462=CARTESIAN_POINT('',(0.,0.,0.));
#17463=CARTESIAN_POINT('Origin',(-4.1,2.,4.4));
#17464=CARTESIAN_POINT('',(-4.1,2.,4.9));
#17465=CARTESIAN_POINT('Origin',(-4.1,2.,4.4));
#17466=CARTESIAN_POINT('',(-3.8,2.,4.9));
#17467=CARTESIAN_POINT('',(-4.1,2.,4.9));
#17468=CARTESIAN_POINT('Origin',(-3.8,2.,4.4));
#17469=CARTESIAN_POINT('Origin',(-4.1,2.65,5.2));
#17470=CARTESIAN_POINT('',(-4.1,2.65,5.2));
#17471=CARTESIAN_POINT('',(-4.1,1.35,5.2));
#17472=CARTESIAN_POINT('',(-4.1,2.65,5.2));
#17473=CARTESIAN_POINT('',(-3.8,1.35,5.2));
#17474=CARTESIAN_POINT('',(-4.1,1.35,5.2));
#17475=CARTESIAN_POINT('',(-3.8,2.65,5.2));
#17476=CARTESIAN_POINT('',(-3.8,2.65,5.2));
#17477=CARTESIAN_POINT('',(-4.1,2.65,5.2));
#17478=CARTESIAN_POINT('Origin',(-4.1,2.65,3.8));
#17479=CARTESIAN_POINT('',(-4.1,2.65,3.8));
#17480=CARTESIAN_POINT('',(-4.1,2.65,3.8));
#17481=CARTESIAN_POINT('',(-3.8,2.65,3.8));
#17482=CARTESIAN_POINT('',(-3.8,2.65,3.8));
#17483=CARTESIAN_POINT('',(-4.1,2.65,3.8));
#17484=CARTESIAN_POINT('Origin',(-4.1,1.35,3.8));
#17485=CARTESIAN_POINT('',(-4.1,1.35,3.8));
#17486=CARTESIAN_POINT('',(-4.1,1.35,3.8));
#17487=CARTESIAN_POINT('',(-3.8,1.35,3.8));
#17488=CARTESIAN_POINT('',(-3.8,1.35,3.8));
#17489=CARTESIAN_POINT('',(-4.1,1.35,3.8));
#17490=CARTESIAN_POINT('Origin',(-4.1,1.35,5.2));
#17491=CARTESIAN_POINT('',(-4.1,1.35,5.2));
#17492=CARTESIAN_POINT('',(-3.8,1.35,5.2));
#17493=CARTESIAN_POINT('Origin',(-3.8,2.,4.5));
#17494=CARTESIAN_POINT('Origin',(-4.1,2.,4.5));
#17495=CARTESIAN_POINT('',(0.,0.,0.));
#17496=CARTESIAN_POINT('Origin',(-4.1,-2.,4.4));
#17497=CARTESIAN_POINT('',(-4.1,-2.,4.9));
#17498=CARTESIAN_POINT('Origin',(-4.1,-2.,4.4));
#17499=CARTESIAN_POINT('',(-3.8,-2.,4.9));
#17500=CARTESIAN_POINT('',(-4.1,-2.,4.9));
#17501=CARTESIAN_POINT('Origin',(-3.8,-2.,4.4));
#17502=CARTESIAN_POINT('Origin',(-4.1,-1.35,5.2));
#17503=CARTESIAN_POINT('',(-4.1,-1.35,5.2));
#17504=CARTESIAN_POINT('',(-4.1,-2.65,5.2));
#17505=CARTESIAN_POINT('',(-4.1,-1.35,5.2));
#17506=CARTESIAN_POINT('',(-3.8,-2.65,5.2));
#17507=CARTESIAN_POINT('',(-4.1,-2.65,5.2));
#17508=CARTESIAN_POINT('',(-3.8,-1.35,5.2));
#17509=CARTESIAN_POINT('',(-3.8,-1.35,5.2));
#17510=CARTESIAN_POINT('',(-4.1,-1.35,5.2));
#17511=CARTESIAN_POINT('Origin',(-4.1,-1.35,3.8));
#17512=CARTESIAN_POINT('',(-4.1,-1.35,3.8));
#17513=CARTESIAN_POINT('',(-4.1,-1.35,3.8));
#17514=CARTESIAN_POINT('',(-3.8,-1.35,3.8));
#17515=CARTESIAN_POINT('',(-3.8,-1.35,3.8));
#17516=CARTESIAN_POINT('',(-4.1,-1.35,3.8));
#17517=CARTESIAN_POINT('Origin',(-4.1,-2.65,3.8));
#17518=CARTESIAN_POINT('',(-4.1,-2.65,3.8));
#17519=CARTESIAN_POINT('',(-4.1,-2.65,3.8));
#17520=CARTESIAN_POINT('',(-3.8,-2.65,3.8));
#17521=CARTESIAN_POINT('',(-3.8,-2.65,3.8));
#17522=CARTESIAN_POINT('',(-4.1,-2.65,3.8));
#17523=CARTESIAN_POINT('Origin',(-4.1,-2.65,5.2));
#17524=CARTESIAN_POINT('',(-4.1,-2.65,5.2));
#17525=CARTESIAN_POINT('',(-3.8,-2.65,5.2));
#17526=CARTESIAN_POINT('Origin',(-3.8,-2.,4.5));
#17527=CARTESIAN_POINT('Origin',(-4.1,-2.,4.5));
#17528=CARTESIAN_POINT('',(0.,0.,0.));
#17529=CARTESIAN_POINT('Origin',(2.6,-2.,4.4));
#17530=CARTESIAN_POINT('',(7.,-2.,4.7));
#17531=CARTESIAN_POINT('Origin',(7.,-2.,4.4));
#17532=CARTESIAN_POINT('',(2.6,-2.,4.7));
#17533=CARTESIAN_POINT('',(2.6,-2.,4.7));
#17534=CARTESIAN_POINT('Origin',(2.6,-2.,4.4));
#17535=CARTESIAN_POINT('Origin',(7.,-2.,4.4));
#17536=CARTESIAN_POINT('Origin',(2.6,-2.,4.4));
#17537=CARTESIAN_POINT('',(0.,0.,0.));
#17538=CARTESIAN_POINT('Origin',(-7.,-2.,4.4));
#17539=CARTESIAN_POINT('',(-2.6,-2.,4.7));
#17540=CARTESIAN_POINT('Origin',(-2.6,-2.,4.4));
#17541=CARTESIAN_POINT('',(-7.,-2.,4.7));
#17542=CARTESIAN_POINT('',(-7.,-2.,4.7));
#17543=CARTESIAN_POINT('Origin',(-7.,-2.,4.4));
#17544=CARTESIAN_POINT('Origin',(-2.6,-2.,4.4));
#17545=CARTESIAN_POINT('Origin',(-7.,-2.,4.4));
#17546=CARTESIAN_POINT('',(0.,0.,0.));
#17547=CARTESIAN_POINT('Origin',(3.65,2.,4.4));
#17548=CARTESIAN_POINT('',(3.8,2.,4.7));
#17549=CARTESIAN_POINT('Origin',(3.8,2.,4.4));
#17550=CARTESIAN_POINT('',(4.1,2.,4.7));
#17551=CARTESIAN_POINT('',(3.65,2.,4.7));
#17552=CARTESIAN_POINT('Origin',(4.1,2.,4.4));
#17553=CARTESIAN_POINT('Origin',(3.8,2.,4.4));
#17554=CARTESIAN_POINT('',(4.1,2.,4.9));
#17555=CARTESIAN_POINT('Origin',(4.1,2.,4.4));
#17556=CARTESIAN_POINT('',(3.8,2.,4.9));
#17557=CARTESIAN_POINT('',(3.8,2.,4.9));
#17558=CARTESIAN_POINT('Origin',(3.8,2.,4.4));
#17559=CARTESIAN_POINT('Origin',(4.1,2.,4.4));
#17560=CARTESIAN_POINT('Origin',(3.8,2.,4.4));
#17561=CARTESIAN_POINT('',(0.,0.,0.));
#17562=CARTESIAN_POINT('Origin',(3.65,-2.,4.4));
#17563=CARTESIAN_POINT('',(3.8,-2.,4.7));
#17564=CARTESIAN_POINT('Origin',(3.8,-2.,4.4));
#17565=CARTESIAN_POINT('',(4.1,-2.,4.7));
#17566=CARTESIAN_POINT('',(3.65,-2.,4.7));
#17567=CARTESIAN_POINT('Origin',(4.1,-2.,4.4));
#17568=CARTESIAN_POINT('Origin',(3.8,-2.,4.4));
#17569=CARTESIAN_POINT('',(4.1,-2.,4.9));
#17570=CARTESIAN_POINT('Origin',(4.1,-2.,4.4));
#17571=CARTESIAN_POINT('',(3.8,-2.,4.9));
#17572=CARTESIAN_POINT('',(3.8,-2.,4.9));
#17573=CARTESIAN_POINT('Origin',(3.8,-2.,4.4));
#17574=CARTESIAN_POINT('Origin',(4.1,-2.,4.4));
#17575=CARTESIAN_POINT('Origin',(3.8,-2.,4.4));
#17576=CARTESIAN_POINT('',(0.,0.,0.));
#17577=CARTESIAN_POINT('Origin',(-4.25,2.,4.4));
#17578=CARTESIAN_POINT('',(-4.1,2.,4.7));
#17579=CARTESIAN_POINT('Origin',(-4.1,2.,4.4));
#17580=CARTESIAN_POINT('',(-3.8,2.,4.7));
#17581=CARTESIAN_POINT('',(-4.25,2.,4.7));
#17582=CARTESIAN_POINT('Origin',(-3.8,2.,4.4));
#17583=CARTESIAN_POINT('Origin',(-4.1,2.,4.4));
#17584=CARTESIAN_POINT('',(-3.8,2.,4.9));
#17585=CARTESIAN_POINT('Origin',(-3.8,2.,4.4));
#17586=CARTESIAN_POINT('',(-4.1,2.,4.9));
#17587=CARTESIAN_POINT('',(-4.1,2.,4.9));
#17588=CARTESIAN_POINT('Origin',(-4.1,2.,4.4));
#17589=CARTESIAN_POINT('Origin',(-3.8,2.,4.4));
#17590=CARTESIAN_POINT('Origin',(-4.1,2.,4.4));
#17591=CARTESIAN_POINT('',(0.,0.,0.));
#17592=CARTESIAN_POINT('Origin',(-4.25,-2.,4.4));
#17593=CARTESIAN_POINT('',(-4.1,-2.,4.7));
#17594=CARTESIAN_POINT('Origin',(-4.1,-2.,4.4));
#17595=CARTESIAN_POINT('',(-3.8,-2.,4.7));
#17596=CARTESIAN_POINT('',(-4.25,-2.,4.7));
#17597=CARTESIAN_POINT('Origin',(-3.8,-2.,4.4));
#17598=CARTESIAN_POINT('Origin',(-4.1,-2.,4.4));
#17599=CARTESIAN_POINT('',(-3.8,-2.,4.9));
#17600=CARTESIAN_POINT('Origin',(-3.8,-2.,4.4));
#17601=CARTESIAN_POINT('',(-4.1,-2.,4.9));
#17602=CARTESIAN_POINT('',(-4.1,-2.,4.9));
#17603=CARTESIAN_POINT('Origin',(-4.1,-2.,4.4));
#17604=CARTESIAN_POINT('Origin',(-3.8,-2.,4.4));
#17605=CARTESIAN_POINT('Origin',(-4.1,-2.,4.4));
#17606=CARTESIAN_POINT('',(0.,0.,0.));
#17607=CARTESIAN_POINT('Origin',(-2.,1.3,5.65));
#17608=CARTESIAN_POINT('',(-2.,1.3,5.65));
#17609=CARTESIAN_POINT('',(2.,1.3,5.65));
#17610=CARTESIAN_POINT('',(-2.,1.3,5.65));
#17611=CARTESIAN_POINT('',(2.,1.3,7.65));
#17612=CARTESIAN_POINT('',(2.,1.3,5.65));
#17613=CARTESIAN_POINT('',(-2.,1.3,7.65));
#17614=CARTESIAN_POINT('',(-2.,1.3,7.65));
#17615=CARTESIAN_POINT('',(-2.,1.3,5.65));
#17616=CARTESIAN_POINT('',(-0.3,1.3,6.65));
#17617=CARTESIAN_POINT('Origin',(0.,1.3,6.65));
#17618=CARTESIAN_POINT('Origin',(2.,5.15,5.65));
#17619=CARTESIAN_POINT('',(2.,5.15,5.65));
#17620=CARTESIAN_POINT('',(-2.,5.15,5.65));
#17621=CARTESIAN_POINT('',(2.,5.15,5.65));
#17622=CARTESIAN_POINT('',(-2.,5.15,7.65));
#17623=CARTESIAN_POINT('',(-2.,5.15,5.65));
#17624=CARTESIAN_POINT('',(2.,5.15,7.65));
#17625=CARTESIAN_POINT('',(2.,5.15,7.65));
#17626=CARTESIAN_POINT('',(2.,5.15,5.65));
#17627=CARTESIAN_POINT('Origin',(2.,1.3,5.65));
#17628=CARTESIAN_POINT('',(2.,1.3,5.65));
#17629=CARTESIAN_POINT('',(2.,1.3,7.65));
#17630=CARTESIAN_POINT('Origin',(-2.,5.15,5.65));
#17631=CARTESIAN_POINT('',(-2.,5.15,5.65));
#17632=CARTESIAN_POINT('',(-2.,5.15,7.65));
#17633=CARTESIAN_POINT('Origin',(0.,3.225,7.65));
#17634=CARTESIAN_POINT('Origin',(0.,3.225,5.65));
#17635=CARTESIAN_POINT('Origin',(0.,0.3,6.65));
#17636=CARTESIAN_POINT('',(-0.3,0.3,6.65));
#17637=CARTESIAN_POINT('',(-0.3,0.3,6.65));
#17638=CARTESIAN_POINT('Origin',(0.,0.3,6.65));
#17639=CARTESIAN_POINT('Origin',(0.,0.3,6.65));
#17640=CARTESIAN_POINT('',(0.,0.,0.));
#17641=CARTESIAN_POINT('',(0.,0.,0.));
#17642=CARTESIAN_POINT('',(0.,0.,0.));
#17643=CARTESIAN_POINT('',(0.,0.,0.));
#17644=CARTESIAN_POINT('',(0.,0.,0.));
#17645=CARTESIAN_POINT('',(0.,0.,0.));
#17646=CARTESIAN_POINT('',(0.,0.,0.));
#17647=CARTESIAN_POINT('',(0.,0.,0.));
#17648=CARTESIAN_POINT('',(0.,0.,0.));
#17649=CARTESIAN_POINT('',(0.,0.,0.));
#17650=CARTESIAN_POINT('',(0.,0.,0.));
#17651=CARTESIAN_POINT('',(0.,0.,0.));
#17652=CARTESIAN_POINT('',(0.,0.,0.));
#17653=CARTESIAN_POINT('',(0.,0.,0.));
#17654=CARTESIAN_POINT('',(0.,0.,0.));
#17655=CARTESIAN_POINT('',(0.,0.,0.));
#17656=CARTESIAN_POINT('',(0.,0.,0.));
#17657=UNCERTAINTY_MEASURE_WITH_UNIT(LENGTH_MEASURE(0.001),#17695,
'DISTANCE_ACCURACY_VALUE',
'Maximum model space distance between geometric entities at asserted c
onnectivities');
#17658=UNCERTAINTY_MEASURE_WITH_UNIT(LENGTH_MEASURE(0.001),#17695,
'DISTANCE_ACCURACY_VALUE',
'Maximum model space distance between geometric entities at asserted c
onnectivities');
#17659=UNCERTAINTY_MEASURE_WITH_UNIT(LENGTH_MEASURE(0.001),#17695,
'DISTANCE_ACCURACY_VALUE',
'Maximum model space distance between geometric entities at asserted c
onnectivities');
#17660=UNCERTAINTY_MEASURE_WITH_UNIT(LENGTH_MEASURE(0.001),#17695,
'DISTANCE_ACCURACY_VALUE',
'Maximum model space distance between geometric entities at asserted c
onnectivities');
#17661=UNCERTAINTY_MEASURE_WITH_UNIT(LENGTH_MEASURE(0.001),#17695,
'DISTANCE_ACCURACY_VALUE',
'Maximum model space distance between geometric entities at asserted c
onnectivities');
#17662=UNCERTAINTY_MEASURE_WITH_UNIT(LENGTH_MEASURE(0.001),#17695,
'DISTANCE_ACCURACY_VALUE',
'Maximum model space distance between geometric entities at asserted c
onnectivities');
#17663=UNCERTAINTY_MEASURE_WITH_UNIT(LENGTH_MEASURE(0.001),#17695,
'DISTANCE_ACCURACY_VALUE',
'Maximum model space distance between geometric entities at asserted c
onnectivities');
#17664=UNCERTAINTY_MEASURE_WITH_UNIT(LENGTH_MEASURE(0.001),#17695,
'DISTANCE_ACCURACY_VALUE',
'Maximum model space distance between geometric entities at asserted c
onnectivities');
#17665=UNCERTAINTY_MEASURE_WITH_UNIT(LENGTH_MEASURE(0.001),#17695,
'DISTANCE_ACCURACY_VALUE',
'Maximum model space distance between geometric entities at asserted c
onnectivities');
#17666=UNCERTAINTY_MEASURE_WITH_UNIT(LENGTH_MEASURE(0.001),#17695,
'DISTANCE_ACCURACY_VALUE',
'Maximum model space distance between geometric entities at asserted c
onnectivities');
#17667=UNCERTAINTY_MEASURE_WITH_UNIT(LENGTH_MEASURE(0.001),#17695,
'DISTANCE_ACCURACY_VALUE',
'Maximum model space distance between geometric entities at asserted c
onnectivities');
#17668=UNCERTAINTY_MEASURE_WITH_UNIT(LENGTH_MEASURE(0.001),#17695,
'DISTANCE_ACCURACY_VALUE',
'Maximum model space distance between geometric entities at asserted c
onnectivities');
#17669=UNCERTAINTY_MEASURE_WITH_UNIT(LENGTH_MEASURE(0.001),#17695,
'DISTANCE_ACCURACY_VALUE',
'Maximum model space distance between geometric entities at asserted c
onnectivities');
#17670=UNCERTAINTY_MEASURE_WITH_UNIT(LENGTH_MEASURE(0.001),#17695,
'DISTANCE_ACCURACY_VALUE',
'Maximum model space distance between geometric entities at asserted c
onnectivities');
#17671=UNCERTAINTY_MEASURE_WITH_UNIT(LENGTH_MEASURE(0.001),#17695,
'DISTANCE_ACCURACY_VALUE',
'Maximum model space distance between geometric entities at asserted c
onnectivities');
#17672=UNCERTAINTY_MEASURE_WITH_UNIT(LENGTH_MEASURE(0.001),#17695,
'DISTANCE_ACCURACY_VALUE',
'Maximum model space distance between geometric entities at asserted c
onnectivities');
#17673=UNCERTAINTY_MEASURE_WITH_UNIT(LENGTH_MEASURE(0.001),#17695,
'DISTANCE_ACCURACY_VALUE',
'Maximum model space distance between geometric entities at asserted c
onnectivities');
#17674=UNCERTAINTY_MEASURE_WITH_UNIT(LENGTH_MEASURE(0.001),#17695,
'DISTANCE_ACCURACY_VALUE',
'Maximum model space distance between geometric entities at asserted c
onnectivities');
#17675=UNCERTAINTY_MEASURE_WITH_UNIT(LENGTH_MEASURE(0.001),#17695,
'DISTANCE_ACCURACY_VALUE',
'Maximum model space distance between geometric entities at asserted c
onnectivities');
#17676=(
GEOMETRIC_REPRESENTATION_CONTEXT(3)
GLOBAL_UNCERTAINTY_ASSIGNED_CONTEXT((#17657))
GLOBAL_UNIT_ASSIGNED_CONTEXT((#17695,#17697,#17698))
REPRESENTATION_CONTEXT('','3D')
);
#17677=(
GEOMETRIC_REPRESENTATION_CONTEXT(3)
GLOBAL_UNCERTAINTY_ASSIGNED_CONTEXT((#17658))
GLOBAL_UNIT_ASSIGNED_CONTEXT((#17695,#17697,#17698))
REPRESENTATION_CONTEXT('','3D')
);
#17678=(
GEOMETRIC_REPRESENTATION_CONTEXT(3)
GLOBAL_UNCERTAINTY_ASSIGNED_CONTEXT((#17659))
GLOBAL_UNIT_ASSIGNED_CONTEXT((#17695,#17697,#17698))
REPRESENTATION_CONTEXT('','3D')
);
#17679=(
GEOMETRIC_REPRESENTATION_CONTEXT(3)
GLOBAL_UNCERTAINTY_ASSIGNED_CONTEXT((#17660))
GLOBAL_UNIT_ASSIGNED_CONTEXT((#17695,#17697,#17698))
REPRESENTATION_CONTEXT('','3D')
);
#17680=(
GEOMETRIC_REPRESENTATION_CONTEXT(3)
GLOBAL_UNCERTAINTY_ASSIGNED_CONTEXT((#17661))
GLOBAL_UNIT_ASSIGNED_CONTEXT((#17695,#17697,#17698))
REPRESENTATION_CONTEXT('','3D')
);
#17681=(
GEOMETRIC_REPRESENTATION_CONTEXT(3)
GLOBAL_UNCERTAINTY_ASSIGNED_CONTEXT((#17662))
GLOBAL_UNIT_ASSIGNED_CONTEXT((#17695,#17697,#17698))
REPRESENTATION_CONTEXT('','3D')
);
#17682=(
GEOMETRIC_REPRESENTATION_CONTEXT(3)
GLOBAL_UNCERTAINTY_ASSIGNED_CONTEXT((#17663))
GLOBAL_UNIT_ASSIGNED_CONTEXT((#17695,#17697,#17698))
REPRESENTATION_CONTEXT('','3D')
);
#17683=(
GEOMETRIC_REPRESENTATION_CONTEXT(3)
GLOBAL_UNCERTAINTY_ASSIGNED_CONTEXT((#17664))
GLOBAL_UNIT_ASSIGNED_CONTEXT((#17695,#17697,#17698))
REPRESENTATION_CONTEXT('','3D')
);
#17684=(
GEOMETRIC_REPRESENTATION_CONTEXT(3)
GLOBAL_UNCERTAINTY_ASSIGNED_CONTEXT((#17665))
GLOBAL_UNIT_ASSIGNED_CONTEXT((#17695,#17697,#17698))
REPRESENTATION_CONTEXT('','3D')
);
#17685=(
GEOMETRIC_REPRESENTATION_CONTEXT(3)
GLOBAL_UNCERTAINTY_ASSIGNED_CONTEXT((#17666))
GLOBAL_UNIT_ASSIGNED_CONTEXT((#17695,#17697,#17698))
REPRESENTATION_CONTEXT('','3D')
);
#17686=(
GEOMETRIC_REPRESENTATION_CONTEXT(3)
GLOBAL_UNCERTAINTY_ASSIGNED_CONTEXT((#17667))
GLOBAL_UNIT_ASSIGNED_CONTEXT((#17695,#17697,#17698))
REPRESENTATION_CONTEXT('','3D')
);
#17687=(
GEOMETRIC_REPRESENTATION_CONTEXT(3)
GLOBAL_UNCERTAINTY_ASSIGNED_CONTEXT((#17668))
GLOBAL_UNIT_ASSIGNED_CONTEXT((#17695,#17697,#17698))
REPRESENTATION_CONTEXT('','3D')
);
#17688=(
GEOMETRIC_REPRESENTATION_CONTEXT(3)
GLOBAL_UNCERTAINTY_ASSIGNED_CONTEXT((#17669))
GLOBAL_UNIT_ASSIGNED_CONTEXT((#17695,#17697,#17698))
REPRESENTATION_CONTEXT('','3D')
);
#17689=(
GEOMETRIC_REPRESENTATION_CONTEXT(3)
GLOBAL_UNCERTAINTY_ASSIGNED_CONTEXT((#17670))
GLOBAL_UNIT_ASSIGNED_CONTEXT((#17695,#17697,#17698))
REPRESENTATION_CONTEXT('','3D')
);
#17690=(
GEOMETRIC_REPRESENTATION_CONTEXT(3)
GLOBAL_UNCERTAINTY_ASSIGNED_CONTEXT((#17671))
GLOBAL_UNIT_ASSIGNED_CONTEXT((#17695,#17697,#17698))
REPRESENTATION_CONTEXT('','3D')
);
#17691=(
GEOMETRIC_REPRESENTATION_CONTEXT(3)
GLOBAL_UNCERTAINTY_ASSIGNED_CONTEXT((#17672))
GLOBAL_UNIT_ASSIGNED_CONTEXT((#17695,#17697,#17698))
REPRESENTATION_CONTEXT('','3D')
);
#17692=(
GEOMETRIC_REPRESENTATION_CONTEXT(3)
GLOBAL_UNCERTAINTY_ASSIGNED_CONTEXT((#17673))
GLOBAL_UNIT_ASSIGNED_CONTEXT((#17695,#17697,#17698))
REPRESENTATION_CONTEXT('','3D')
);
#17693=(
GEOMETRIC_REPRESENTATION_CONTEXT(3)
GLOBAL_UNCERTAINTY_ASSIGNED_CONTEXT((#17674))
GLOBAL_UNIT_ASSIGNED_CONTEXT((#17695,#17697,#17698))
REPRESENTATION_CONTEXT('','3D')
);
#17694=(
GEOMETRIC_REPRESENTATION_CONTEXT(3)
GLOBAL_UNCERTAINTY_ASSIGNED_CONTEXT((#17675))
GLOBAL_UNIT_ASSIGNED_CONTEXT((#17695,#17697,#17698))
REPRESENTATION_CONTEXT('','3D')
);
#17695=(
LENGTH_UNIT()
NAMED_UNIT(*)
SI_UNIT(.CENTI.,.METRE.)
);
#17696=(
LENGTH_UNIT()
NAMED_UNIT(*)
SI_UNIT($,.METRE.)
);
#17697=(
NAMED_UNIT(*)
PLANE_ANGLE_UNIT()
SI_UNIT($,.RADIAN.)
);
#17698=(
NAMED_UNIT(*)
SI_UNIT($,.STERADIAN.)
SOLID_ANGLE_UNIT()
);
#17699=SHAPE_DEFINITION_REPRESENTATION(#17717,#17752);
#17700=SHAPE_DEFINITION_REPRESENTATION(#17718,#17753);
#17701=SHAPE_DEFINITION_REPRESENTATION(#17719,#17754);
#17702=SHAPE_DEFINITION_REPRESENTATION(#17720,#17755);
#17703=SHAPE_DEFINITION_REPRESENTATION(#17721,#17756);
#17704=SHAPE_DEFINITION_REPRESENTATION(#17722,#17757);
#17705=SHAPE_DEFINITION_REPRESENTATION(#17723,#17758);
#17706=SHAPE_DEFINITION_REPRESENTATION(#17724,#17759);
#17707=SHAPE_DEFINITION_REPRESENTATION(#17725,#17760);
#17708=SHAPE_DEFINITION_REPRESENTATION(#17726,#17761);
#17709=SHAPE_DEFINITION_REPRESENTATION(#17727,#17762);
#17710=SHAPE_DEFINITION_REPRESENTATION(#17728,#17763);
#17711=SHAPE_DEFINITION_REPRESENTATION(#17729,#17764);
#17712=SHAPE_DEFINITION_REPRESENTATION(#17730,#17765);
#17713=SHAPE_DEFINITION_REPRESENTATION(#17731,#17766);
#17714=SHAPE_DEFINITION_REPRESENTATION(#17732,#17767);
#17715=SHAPE_DEFINITION_REPRESENTATION(#17733,#17768);
#17716=SHAPE_DEFINITION_REPRESENTATION(#17734,#17769);
#17717=PRODUCT_DEFINITION_SHAPE('',$,#17771);
#17718=PRODUCT_DEFINITION_SHAPE('',$,#17772);
#17719=PRODUCT_DEFINITION_SHAPE('',$,#17773);
#17720=PRODUCT_DEFINITION_SHAPE('',$,#17774);
#17721=PRODUCT_DEFINITION_SHAPE('',$,#17775);
#17722=PRODUCT_DEFINITION_SHAPE('',$,#17776);
#17723=PRODUCT_DEFINITION_SHAPE('',$,#17777);
#17724=PRODUCT_DEFINITION_SHAPE('',$,#17778);
#17725=PRODUCT_DEFINITION_SHAPE('',$,#17779);
#17726=PRODUCT_DEFINITION_SHAPE('',$,#17780);
#17727=PRODUCT_DEFINITION_SHAPE('',$,#17781);
#17728=PRODUCT_DEFINITION_SHAPE('',$,#17782);
#17729=PRODUCT_DEFINITION_SHAPE('',$,#17783);
#17730=PRODUCT_DEFINITION_SHAPE('',$,#17784);
#17731=PRODUCT_DEFINITION_SHAPE('',$,#17785);
#17732=PRODUCT_DEFINITION_SHAPE('',$,#17786);
#17733=PRODUCT_DEFINITION_SHAPE('',$,#17787);
#17734=PRODUCT_DEFINITION_SHAPE('',$,#17788);
#17735=PRODUCT_DEFINITION_SHAPE($,$,#62);
#17736=PRODUCT_DEFINITION_SHAPE($,$,#63);
#17737=PRODUCT_DEFINITION_SHAPE($,$,#64);
#17738=PRODUCT_DEFINITION_SHAPE($,$,#65);
#17739=PRODUCT_DEFINITION_SHAPE($,$,#66);
#17740=PRODUCT_DEFINITION_SHAPE($,$,#67);
#17741=PRODUCT_DEFINITION_SHAPE($,$,#68);
#17742=PRODUCT_DEFINITION_SHAPE($,$,#69);
#17743=PRODUCT_DEFINITION_SHAPE($,$,#70);
#17744=PRODUCT_DEFINITION_SHAPE($,$,#71);
#17745=PRODUCT_DEFINITION_SHAPE($,$,#72);
#17746=PRODUCT_DEFINITION_SHAPE($,$,#73);
#17747=PRODUCT_DEFINITION_SHAPE($,$,#74);
#17748=PRODUCT_DEFINITION_SHAPE($,$,#75);
#17749=PRODUCT_DEFINITION_SHAPE($,$,#76);
#17750=PRODUCT_DEFINITION_SHAPE($,$,#77);
#17751=PRODUCT_DEFINITION_SHAPE($,$,#78);
#17752=SHAPE_REPRESENTATION('',(#11169,#11785,#11786,#11787,#11788,#11789,
#11790,#11791,#11792,#11793,#11794,#11795,#11796,#11797,#11798,#11799,#11800,
#11801),#17676);
#17753=SHAPE_REPRESENTATION('',(#11170),#17677);
#17754=SHAPE_REPRESENTATION('',(#11200),#17678);
#17755=SHAPE_REPRESENTATION('',(#11234),#17679);
#17756=SHAPE_REPRESENTATION('',(#11285),#17680);
#17757=SHAPE_REPRESENTATION('',(#11336),#17681);
#17758=SHAPE_REPRESENTATION('',(#11642),#17682);
#17759=SHAPE_REPRESENTATION('',(#11686),#17683);
#17760=SHAPE_REPRESENTATION('',(#11696),#17684);
#17761=SHAPE_REPRESENTATION('',(#11706),#17685);
#17762=SHAPE_REPRESENTATION('',(#11716),#17686);
#17763=SHAPE_REPRESENTATION('',(#11726),#17687);
#17764=SHAPE_REPRESENTATION('',(#11732),#17688);
#17765=SHAPE_REPRESENTATION('',(#11738),#17689);
#17766=SHAPE_REPRESENTATION('',(#11747),#17690);
#17767=SHAPE_REPRESENTATION('',(#11756),#17691);
#17768=SHAPE_REPRESENTATION('',(#11765),#17692);
#17769=SHAPE_REPRESENTATION('',(#11774),#17693);
#17770=PRODUCT_DEFINITION_CONTEXT('part definition',#17826,'design');
#17771=PRODUCT_DEFINITION('2026-09-18-01-51-54-768','(\X2\672A4FDD5B58\X0\)',
#17789,#17770);
#17772=PRODUCT_DEFINITION('2026-09-18-01-48-44-955','\X2\722A677F\X0\-
\X2\5DE6\X0\',#17790,#17770);
#17773=PRODUCT_DEFINITION('2026-09-18-01-48-46-125','\X2\722A677F\X0\-
\X2\53F3\X0\',#17791,#17770);
#17774=PRODUCT_DEFINITION('2026-09-18-01-48-48-093','\X2\9F7F6761\X0\-
\X2\4E0B\X0\',#17792,#17770);
#17775=PRODUCT_DEFINITION('2026-09-18-01-48-49-606','\X2\9F7F6761\X0\-
\X2\4E0A\X0\',#17793,#17770);
#17776=PRODUCT_DEFINITION('2026-09-18-01-48-51-238','\X2\9F7F8F6E\X0\',
#17794,#17770);
#17777=PRODUCT_DEFINITION('2026-09-18-01-48-54-745','\X2\4E3B6846\X0\',
#17795,#17770);
#17778=PRODUCT_DEFINITION('2026-09-18-01-48-55-818','\X2\540A8033\X0\-
1',#17796,#17770);
#17779=PRODUCT_DEFINITION('2026-09-18-01-48-56-571','\X2\540A8033\X0\-
2',#17797,#17770);
#17780=PRODUCT_DEFINITION('2026-09-18-01-48-57-281','\X2\540A8033\X0\-
3',#17798,#17770);
#17781=PRODUCT_DEFINITION('2026-09-18-01-48-57-970','\X2\540A8033\X0\-
4',#17799,#17770);
#17782=PRODUCT_DEFINITION('2026-09-18-01-48-59-446','\X2\5BFC6746\X0\-
\X2\53F3\X0\Y-',#17800,#17770);
#17783=PRODUCT_DEFINITION('2026-09-18-01-49-00-853','\X2\5BFC6746\X0\-
\X2\5DE6\X0\Y-',#17801,#17770);
#17784=PRODUCT_DEFINITION('2026-09-18-01-49-01-513','\X2\8F74627F\X0\-
1',#17802,#17770);
#17785=PRODUCT_DEFINITION('2026-09-18-01-49-02-293','\X2\8F74627F\X0\-
2',#17803,#17770);
#17786=PRODUCT_DEFINITION('2026-09-18-01-49-03-019','\X2\8F74627F\X0\-
3',#17804,#17770);
#17787=PRODUCT_DEFINITION('2026-09-18-01-49-03-787','\X2\8F74627F\X0\-
4',#17805,#17770);
#17788=PRODUCT_DEFINITION('2026-09-18-01-49-04-551','\X2\8235673A\X0\',
#17806,#17770);
#17789=PRODUCT_DEFINITION_FORMATION('',$,#17828);
#17790=PRODUCT_DEFINITION_FORMATION('',$,#17829);
#17791=PRODUCT_DEFINITION_FORMATION('',$,#17830);
#17792=PRODUCT_DEFINITION_FORMATION('',$,#17831);
#17793=PRODUCT_DEFINITION_FORMATION('',$,#17832);
#17794=PRODUCT_DEFINITION_FORMATION('',$,#17833);
#17795=PRODUCT_DEFINITION_FORMATION('',$,#17834);
#17796=PRODUCT_DEFINITION_FORMATION('',$,#17835);
#17797=PRODUCT_DEFINITION_FORMATION('',$,#17836);
#17798=PRODUCT_DEFINITION_FORMATION('',$,#17837);
#17799=PRODUCT_DEFINITION_FORMATION('',$,#17838);
#17800=PRODUCT_DEFINITION_FORMATION('',$,#17839);
#17801=PRODUCT_DEFINITION_FORMATION('',$,#17840);
#17802=PRODUCT_DEFINITION_FORMATION('',$,#17841);
#17803=PRODUCT_DEFINITION_FORMATION('',$,#17842);
#17804=PRODUCT_DEFINITION_FORMATION('',$,#17843);
#17805=PRODUCT_DEFINITION_FORMATION('',$,#17844);
#17806=PRODUCT_DEFINITION_FORMATION('',$,#17845);
#17807=PRODUCT_RELATED_PRODUCT_CATEGORY('(\X2\672A4FDD5B58\X0\)',
'(\X2\672A4FDD5B58\X0\)',(#17828));
#17808=PRODUCT_RELATED_PRODUCT_CATEGORY('\X2\722A677F\X0\-\X2\5DE6\X0\',
'\X2\722A677F\X0\-\X2\5DE6\X0\',(#17829));
#17809=PRODUCT_RELATED_PRODUCT_CATEGORY('\X2\722A677F\X0\-\X2\53F3\X0\',
'\X2\722A677F\X0\-\X2\53F3\X0\',(#17830));
#17810=PRODUCT_RELATED_PRODUCT_CATEGORY('\X2\9F7F6761\X0\-\X2\4E0B\X0\',
'\X2\9F7F6761\X0\-\X2\4E0B\X0\',(#17831));
#17811=PRODUCT_RELATED_PRODUCT_CATEGORY('\X2\9F7F6761\X0\-\X2\4E0A\X0\',
'\X2\9F7F6761\X0\-\X2\4E0A\X0\',(#17832));
#17812=PRODUCT_RELATED_PRODUCT_CATEGORY('\X2\9F7F8F6E\X0\','\X2\9F7F8F6E\X0\',
(#17833));
#17813=PRODUCT_RELATED_PRODUCT_CATEGORY('\X2\4E3B6846\X0\','\X2\4E3B6846\X0\',
(#17834));
#17814=PRODUCT_RELATED_PRODUCT_CATEGORY('\X2\540A8033\X0\-1','\X2\540A8033\X0\-
1',(#17835));
#17815=PRODUCT_RELATED_PRODUCT_CATEGORY('\X2\540A8033\X0\-2','\X2\540A8033\X0\-
2',(#17836));
#17816=PRODUCT_RELATED_PRODUCT_CATEGORY('\X2\540A8033\X0\-3','\X2\540A8033\X0\-
3',(#17837));
#17817=PRODUCT_RELATED_PRODUCT_CATEGORY('\X2\540A8033\X0\-4','\X2\540A8033\X0\-
4',(#17838));
#17818=PRODUCT_RELATED_PRODUCT_CATEGORY('\X2\5BFC6746\X0\-\X2\53F3\X0\Y
-','\X2\5BFC6746\X0\-\X2\53F3\X0\Y-',(#17839));
#17819=PRODUCT_RELATED_PRODUCT_CATEGORY('\X2\5BFC6746\X0\-\X2\5DE6\X0\Y
-','\X2\5BFC6746\X0\-\X2\5DE6\X0\Y-',(#17840));
#17820=PRODUCT_RELATED_PRODUCT_CATEGORY('\X2\8F74627F\X0\-1','\X2\8F74627F\X0\-
1',(#17841));
#17821=PRODUCT_RELATED_PRODUCT_CATEGORY('\X2\8F74627F\X0\-2','\X2\8F74627F\X0\-
2',(#17842));
#17822=PRODUCT_RELATED_PRODUCT_CATEGORY('\X2\8F74627F\X0\-3','\X2\8F74627F\X0\-
3',(#17843));
#17823=PRODUCT_RELATED_PRODUCT_CATEGORY('\X2\8F74627F\X0\-4','\X2\8F74627F\X0\-
4',(#17844));
#17824=PRODUCT_RELATED_PRODUCT_CATEGORY('\X2\8235673A\X0\','\X2\8235673A\X0\',
(#17845));
#17825=APPLICATION_PROTOCOL_DEFINITION('international standard',
'automotive_design',2009,#17826);
#17826=APPLICATION_CONTEXT(
'Core Data for Automotive Mechanical Design Process');
#17827=PRODUCT_CONTEXT('part definition',#17826,'mechanical');
#17828=PRODUCT('2026-09-18-01-51-54-768','(\X2\672A4FDD5B58\X0\)',$,(#17827));
#17829=PRODUCT('2026-09-18-01-48-44-955','\X2\722A677F\X0\-\X2\5DE6\X0\',
$,(#17827));
#17830=PRODUCT('2026-09-18-01-48-46-125','\X2\722A677F\X0\-\X2\53F3\X0\',
$,(#17827));
#17831=PRODUCT('2026-09-18-01-48-48-093','\X2\9F7F6761\X0\-\X2\4E0B\X0\',
$,(#17827));
#17832=PRODUCT('2026-09-18-01-48-49-606','\X2\9F7F6761\X0\-\X2\4E0A\X0\',
$,(#17827));
#17833=PRODUCT('2026-09-18-01-48-51-238','\X2\9F7F8F6E\X0\',$,(#17827));
#17834=PRODUCT('2026-09-18-01-48-54-745','\X2\4E3B6846\X0\',$,(#17827));
#17835=PRODUCT('2026-09-18-01-48-55-818','\X2\540A8033\X0\-1',$,(#17827));
#17836=PRODUCT('2026-09-18-01-48-56-571','\X2\540A8033\X0\-2',$,(#17827));
#17837=PRODUCT('2026-09-18-01-48-57-281','\X2\540A8033\X0\-3',$,(#17827));
#17838=PRODUCT('2026-09-18-01-48-57-970','\X2\540A8033\X0\-4',$,(#17827));
#17839=PRODUCT('2026-09-18-01-48-59-446','\X2\5BFC6746\X0\-\X2\53F3\X0\Y
-',$,(#17827));
#17840=PRODUCT('2026-09-18-01-49-00-853','\X2\5BFC6746\X0\-\X2\5DE6\X0\Y
-',$,(#17827));
#17841=PRODUCT('2026-09-18-01-49-01-513','\X2\8F74627F\X0\-1',$,(#17827));
#17842=PRODUCT('2026-09-18-01-49-02-293','\X2\8F74627F\X0\-2',$,(#17827));
#17843=PRODUCT('2026-09-18-01-49-03-019','\X2\8F74627F\X0\-3',$,(#17827));
#17844=PRODUCT('2026-09-18-01-49-03-787','\X2\8F74627F\X0\-4',$,(#17827));
#17845=PRODUCT('2026-09-18-01-49-04-551','\X2\8235673A\X0\',$,(#17827));
#17846=PRESENTATION_STYLE_ASSIGNMENT((#17848));
#17847=PRESENTATION_STYLE_ASSIGNMENT((#17849));
#17848=SURFACE_STYLE_USAGE(.BOTH.,#17850);
#17849=SURFACE_STYLE_USAGE(.BOTH.,#17851);
#17850=SURFACE_SIDE_STYLE('',(#17852));
#17851=SURFACE_SIDE_STYLE('',(#17853));
#17852=SURFACE_STYLE_FILL_AREA(#17854);
#17853=SURFACE_STYLE_FILL_AREA(#17855);
#17854=FILL_AREA_STYLE('\X2\94A2\X0\ - \X2\7F0E5149\X0\',(#17856));
#17855=FILL_AREA_STYLE('Opaque(160,160,160)',(#17857));
#17856=FILL_AREA_STYLE_COLOUR('\X2\94A2\X0\ - \X2\7F0E5149\X0\',#17858);
#17857=FILL_AREA_STYLE_COLOUR('Opaque(160,160,160)',#17859);
#17858=COLOUR_RGB('\X2\94A2\X0\ - \X2\7F0E5149\X0\',0.627450980392157,0.627450980392157,
0.627450980392157);
#17859=COLOUR_RGB('Opaque(160,160,160)',0.627450980392157,0.627450980392157,
0.627450980392157);
ENDSEC;
END-ISO-10303-21;
