ISO-10303-21;
HEADER;
/* Generated by software containing ST-Developer
 * from STEP Tools, Inc. (www.steptools.com) 
 */

FILE_DESCRIPTION(
/* description */ (''),
/* implementation_level */ '2;1');

FILE_NAME(
/* name */ '',
/* time_stamp */ '2026-09-18T01:48:54+08:00',
/* author */ (''),
/* organization */ (''),
/* preprocessor_version */ 'ST-DEVELOPER v20.2',
/* originating_system */ 'Autodesk Translation Framework v15.15.0.0',
/* authorisation */ '');

FILE_SCHEMA (('AUTOMOTIVE_DESIGN { 1 0 10303 214 3 1 1 }'));
ENDSEC;

DATA;
#10=MECHANICAL_DESIGN_GEOMETRIC_PRESENTATION_REPRESENTATION('',(#13),#9944);
#11=SHAPE_REPRESENTATION_RELATIONSHIP('SRR','None',#9951,#12);
#12=ADVANCED_BREP_SHAPE_REPRESENTATION('',(#14),#9943);
#13=STYLED_ITEM('',(#9960),#14);
#14=MANIFOLD_SOLID_BREP('\X2\9F7F8F6E\X0\@5',#6316);
#15=FACE_BOUND('',#626,.T.);
#16=FACE_BOUND('',#636,.T.);
#17=FACE_BOUND('',#638,.T.);
#18=FACE_BOUND('',#930,.T.);
#19=PLANE('',#6333);
#20=PLANE('',#6334);
#21=PLANE('',#6335);
#22=PLANE('',#6336);
#23=PLANE('',#6337);
#24=PLANE('',#6338);
#25=PLANE('',#6339);
#26=PLANE('',#6340);
#27=PLANE('',#6341);
#28=PLANE('',#6342);
#29=PLANE('',#6343);
#30=PLANE('',#6344);
#31=PLANE('',#6345);
#32=PLANE('',#6346);
#33=PLANE('',#6347);
#34=PLANE('',#6348);
#35=PLANE('',#6349);
#36=PLANE('',#6350);
#37=PLANE('',#6351);
#38=PLANE('',#6352);
#39=PLANE('',#6353);
#40=PLANE('',#6354);
#41=PLANE('',#6355);
#42=PLANE('',#6356);
#43=PLANE('',#6357);
#44=PLANE('',#6358);
#45=PLANE('',#6359);
#46=PLANE('',#6360);
#47=PLANE('',#6361);
#48=PLANE('',#6362);
#49=PLANE('',#6363);
#50=PLANE('',#6364);
#51=PLANE('',#6365);
#52=PLANE('',#6366);
#53=PLANE('',#6367);
#54=PLANE('',#6368);
#55=PLANE('',#6369);
#56=PLANE('',#6370);
#57=PLANE('',#6371);
#58=PLANE('',#6372);
#59=PLANE('',#6373);
#60=PLANE('',#6374);
#61=PLANE('',#6375);
#62=PLANE('',#6376);
#63=PLANE('',#6377);
#64=PLANE('',#6378);
#65=PLANE('',#6379);
#66=PLANE('',#6380);
#67=PLANE('',#6381);
#68=PLANE('',#6382);
#69=PLANE('',#6383);
#70=PLANE('',#6384);
#71=PLANE('',#6385);
#72=PLANE('',#6386);
#73=PLANE('',#6387);
#74=PLANE('',#6388);
#75=PLANE('',#6389);
#76=PLANE('',#6390);
#77=PLANE('',#6391);
#78=PLANE('',#6392);
#79=PLANE('',#6393);
#80=PLANE('',#6394);
#81=PLANE('',#6395);
#82=PLANE('',#6396);
#83=PLANE('',#6397);
#84=PLANE('',#6398);
#85=PLANE('',#6399);
#86=PLANE('',#6400);
#87=PLANE('',#6401);
#88=PLANE('',#6402);
#89=PLANE('',#6403);
#90=PLANE('',#6404);
#91=PLANE('',#6405);
#92=PLANE('',#6406);
#93=PLANE('',#6407);
#94=PLANE('',#6408);
#95=PLANE('',#6409);
#96=PLANE('',#6410);
#97=PLANE('',#6411);
#98=PLANE('',#6412);
#99=PLANE('',#6413);
#100=PLANE('',#6414);
#101=PLANE('',#6415);
#102=PLANE('',#6416);
#103=PLANE('',#6417);
#104=PLANE('',#6418);
#105=PLANE('',#6419);
#106=PLANE('',#6420);
#107=PLANE('',#6421);
#108=PLANE('',#6422);
#109=PLANE('',#6423);
#110=PLANE('',#6424);
#111=PLANE('',#6425);
#112=PLANE('',#6426);
#113=PLANE('',#6427);
#114=PLANE('',#6428);
#115=PLANE('',#6429);
#116=PLANE('',#6430);
#117=PLANE('',#6431);
#118=PLANE('',#6432);
#119=PLANE('',#6433);
#120=PLANE('',#6434);
#121=PLANE('',#6435);
#122=PLANE('',#6436);
#123=PLANE('',#6437);
#124=PLANE('',#6438);
#125=PLANE('',#6439);
#126=PLANE('',#6440);
#127=PLANE('',#6441);
#128=PLANE('',#6442);
#129=PLANE('',#6443);
#130=PLANE('',#6444);
#131=PLANE('',#6445);
#132=PLANE('',#6446);
#133=PLANE('',#6447);
#134=PLANE('',#6448);
#135=PLANE('',#6449);
#136=PLANE('',#6450);
#137=PLANE('',#6451);
#138=PLANE('',#6452);
#139=PLANE('',#6453);
#140=PLANE('',#6454);
#141=PLANE('',#6455);
#142=PLANE('',#6456);
#143=PLANE('',#6457);
#144=PLANE('',#6458);
#145=PLANE('',#6459);
#146=PLANE('',#6460);
#147=PLANE('',#6461);
#148=PLANE('',#6462);
#149=PLANE('',#6463);
#150=PLANE('',#6464);
#151=PLANE('',#6465);
#152=PLANE('',#6466);
#153=PLANE('',#6467);
#154=PLANE('',#6468);
#155=PLANE('',#6469);
#156=PLANE('',#6470);
#157=PLANE('',#6471);
#158=PLANE('',#6472);
#159=PLANE('',#6473);
#160=PLANE('',#6474);
#161=PLANE('',#6475);
#162=PLANE('',#6476);
#163=PLANE('',#6477);
#164=PLANE('',#6478);
#165=PLANE('',#6479);
#166=PLANE('',#6480);
#167=PLANE('',#6481);
#168=PLANE('',#6482);
#169=PLANE('',#6483);
#170=PLANE('',#6484);
#171=PLANE('',#6485);
#172=PLANE('',#6486);
#173=PLANE('',#6487);
#174=PLANE('',#6488);
#175=PLANE('',#6489);
#176=PLANE('',#6490);
#177=PLANE('',#6491);
#178=PLANE('',#6492);
#179=PLANE('',#6493);
#180=PLANE('',#6494);
#181=PLANE('',#6495);
#182=PLANE('',#6496);
#183=PLANE('',#6497);
#184=PLANE('',#6498);
#185=PLANE('',#6499);
#186=PLANE('',#6500);
#187=PLANE('',#6501);
#188=PLANE('',#6502);
#189=PLANE('',#6503);
#190=PLANE('',#6504);
#191=PLANE('',#6505);
#192=PLANE('',#6506);
#193=PLANE('',#6507);
#194=PLANE('',#6508);
#195=PLANE('',#6509);
#196=PLANE('',#6510);
#197=PLANE('',#6511);
#198=PLANE('',#6512);
#199=PLANE('',#6513);
#200=PLANE('',#6514);
#201=PLANE('',#6515);
#202=PLANE('',#6516);
#203=PLANE('',#6517);
#204=PLANE('',#6518);
#205=PLANE('',#6519);
#206=PLANE('',#6520);
#207=PLANE('',#6521);
#208=PLANE('',#6522);
#209=PLANE('',#6523);
#210=PLANE('',#6524);
#211=PLANE('',#6525);
#212=PLANE('',#6526);
#213=PLANE('',#6527);
#214=PLANE('',#6528);
#215=PLANE('',#6529);
#216=PLANE('',#6530);
#217=PLANE('',#6531);
#218=PLANE('',#6532);
#219=PLANE('',#6533);
#220=PLANE('',#6534);
#221=PLANE('',#6535);
#222=PLANE('',#6536);
#223=PLANE('',#6537);
#224=PLANE('',#6538);
#225=PLANE('',#6539);
#226=PLANE('',#6540);
#227=PLANE('',#6541);
#228=PLANE('',#6542);
#229=PLANE('',#6543);
#230=PLANE('',#6544);
#231=PLANE('',#6545);
#232=PLANE('',#6546);
#233=PLANE('',#6547);
#234=PLANE('',#6548);
#235=PLANE('',#6549);
#236=PLANE('',#6550);
#237=PLANE('',#6551);
#238=PLANE('',#6552);
#239=PLANE('',#6553);
#240=PLANE('',#6554);
#241=PLANE('',#6555);
#242=PLANE('',#6556);
#243=PLANE('',#6557);
#244=PLANE('',#6558);
#245=PLANE('',#6559);
#246=PLANE('',#6560);
#247=PLANE('',#6561);
#248=PLANE('',#6562);
#249=PLANE('',#6563);
#250=PLANE('',#6564);
#251=PLANE('',#6565);
#252=PLANE('',#6566);
#253=PLANE('',#6567);
#254=PLANE('',#6568);
#255=PLANE('',#6569);
#256=PLANE('',#6570);
#257=PLANE('',#6571);
#258=PLANE('',#6572);
#259=PLANE('',#6573);
#260=PLANE('',#6574);
#261=PLANE('',#6575);
#262=PLANE('',#6576);
#263=PLANE('',#6577);
#264=PLANE('',#6578);
#265=PLANE('',#6579);
#266=PLANE('',#6580);
#267=PLANE('',#6581);
#268=PLANE('',#6582);
#269=PLANE('',#6583);
#270=PLANE('',#6584);
#271=PLANE('',#6585);
#272=PLANE('',#6586);
#273=PLANE('',#6587);
#274=PLANE('',#6588);
#275=PLANE('',#6589);
#276=PLANE('',#6590);
#277=PLANE('',#6591);
#278=PLANE('',#6592);
#279=PLANE('',#6593);
#280=PLANE('',#6594);
#281=PLANE('',#6595);
#282=PLANE('',#6596);
#283=PLANE('',#6597);
#284=PLANE('',#6598);
#285=PLANE('',#6599);
#286=PLANE('',#6600);
#287=PLANE('',#6601);
#288=PLANE('',#6602);
#289=PLANE('',#6603);
#290=PLANE('',#6604);
#291=PLANE('',#6605);
#292=PLANE('',#6606);
#293=PLANE('',#6607);
#294=PLANE('',#6608);
#295=PLANE('',#6609);
#296=PLANE('',#6610);
#297=PLANE('',#6611);
#298=PLANE('',#6612);
#299=PLANE('',#6613);
#300=PLANE('',#6614);
#301=PLANE('',#6615);
#302=PLANE('',#6616);
#303=PLANE('',#6617);
#304=PLANE('',#6618);
#305=PLANE('',#6619);
#306=PLANE('',#6620);
#307=PLANE('',#6621);
#308=PLANE('',#6622);
#309=PLANE('',#6623);
#310=PLANE('',#6624);
#311=PLANE('',#6625);
#312=PLANE('',#6626);
#313=PLANE('',#6627);
#314=PLANE('',#6628);
#315=PLANE('',#6629);
#316=PLANE('',#6630);
#317=PLANE('',#6631);
#318=PLANE('',#6632);
#319=PLANE('',#6633);
#320=PLANE('',#6634);
#321=FACE_OUTER_BOUND('',#624,.T.);
#322=FACE_OUTER_BOUND('',#625,.T.);
#323=FACE_OUTER_BOUND('',#627,.T.);
#324=FACE_OUTER_BOUND('',#628,.T.);
#325=FACE_OUTER_BOUND('',#629,.T.);
#326=FACE_OUTER_BOUND('',#630,.T.);
#327=FACE_OUTER_BOUND('',#631,.T.);
#328=FACE_OUTER_BOUND('',#632,.T.);
#329=FACE_OUTER_BOUND('',#633,.T.);
#330=FACE_OUTER_BOUND('',#634,.T.);
#331=FACE_OUTER_BOUND('',#635,.T.);
#332=FACE_OUTER_BOUND('',#637,.T.);
#333=FACE_OUTER_BOUND('',#639,.T.);
#334=FACE_OUTER_BOUND('',#640,.T.);
#335=FACE_OUTER_BOUND('',#641,.T.);
#336=FACE_OUTER_BOUND('',#642,.T.);
#337=FACE_OUTER_BOUND('',#643,.T.);
#338=FACE_OUTER_BOUND('',#644,.T.);
#339=FACE_OUTER_BOUND('',#645,.T.);
#340=FACE_OUTER_BOUND('',#646,.T.);
#341=FACE_OUTER_BOUND('',#647,.T.);
#342=FACE_OUTER_BOUND('',#648,.T.);
#343=FACE_OUTER_BOUND('',#649,.T.);
#344=FACE_OUTER_BOUND('',#650,.T.);
#345=FACE_OUTER_BOUND('',#651,.T.);
#346=FACE_OUTER_BOUND('',#652,.T.);
#347=FACE_OUTER_BOUND('',#653,.T.);
#348=FACE_OUTER_BOUND('',#654,.T.);
#349=FACE_OUTER_BOUND('',#655,.T.);
#350=FACE_OUTER_BOUND('',#656,.T.);
#351=FACE_OUTER_BOUND('',#657,.T.);
#352=FACE_OUTER_BOUND('',#658,.T.);
#353=FACE_OUTER_BOUND('',#659,.T.);
#354=FACE_OUTER_BOUND('',#660,.T.);
#355=FACE_OUTER_BOUND('',#661,.T.);
#356=FACE_OUTER_BOUND('',#662,.T.);
#357=FACE_OUTER_BOUND('',#663,.T.);
#358=FACE_OUTER_BOUND('',#664,.T.);
#359=FACE_OUTER_BOUND('',#665,.T.);
#360=FACE_OUTER_BOUND('',#666,.T.);
#361=FACE_OUTER_BOUND('',#667,.T.);
#362=FACE_OUTER_BOUND('',#668,.T.);
#363=FACE_OUTER_BOUND('',#669,.T.);
#364=FACE_OUTER_BOUND('',#670,.T.);
#365=FACE_OUTER_BOUND('',#671,.T.);
#366=FACE_OUTER_BOUND('',#672,.T.);
#367=FACE_OUTER_BOUND('',#673,.T.);
#368=FACE_OUTER_BOUND('',#674,.T.);
#369=FACE_OUTER_BOUND('',#675,.T.);
#370=FACE_OUTER_BOUND('',#676,.T.);
#371=FACE_OUTER_BOUND('',#677,.T.);
#372=FACE_OUTER_BOUND('',#678,.T.);
#373=FACE_OUTER_BOUND('',#679,.T.);
#374=FACE_OUTER_BOUND('',#680,.T.);
#375=FACE_OUTER_BOUND('',#681,.T.);
#376=FACE_OUTER_BOUND('',#682,.T.);
#377=FACE_OUTER_BOUND('',#683,.T.);
#378=FACE_OUTER_BOUND('',#684,.T.);
#379=FACE_OUTER_BOUND('',#685,.T.);
#380=FACE_OUTER_BOUND('',#686,.T.);
#381=FACE_OUTER_BOUND('',#687,.T.);
#382=FACE_OUTER_BOUND('',#688,.T.);
#383=FACE_OUTER_BOUND('',#689,.T.);
#384=FACE_OUTER_BOUND('',#690,.T.);
#385=FACE_OUTER_BOUND('',#691,.T.);
#386=FACE_OUTER_BOUND('',#692,.T.);
#387=FACE_OUTER_BOUND('',#693,.T.);
#388=FACE_OUTER_BOUND('',#694,.T.);
#389=FACE_OUTER_BOUND('',#695,.T.);
#390=FACE_OUTER_BOUND('',#696,.T.);
#391=FACE_OUTER_BOUND('',#697,.T.);
#392=FACE_OUTER_BOUND('',#698,.T.);
#393=FACE_OUTER_BOUND('',#699,.T.);
#394=FACE_OUTER_BOUND('',#700,.T.);
#395=FACE_OUTER_BOUND('',#701,.T.);
#396=FACE_OUTER_BOUND('',#702,.T.);
#397=FACE_OUTER_BOUND('',#703,.T.);
#398=FACE_OUTER_BOUND('',#704,.T.);
#399=FACE_OUTER_BOUND('',#705,.T.);
#400=FACE_OUTER_BOUND('',#706,.T.);
#401=FACE_OUTER_BOUND('',#707,.T.);
#402=FACE_OUTER_BOUND('',#708,.T.);
#403=FACE_OUTER_BOUND('',#709,.T.);
#404=FACE_OUTER_BOUND('',#710,.T.);
#405=FACE_OUTER_BOUND('',#711,.T.);
#406=FACE_OUTER_BOUND('',#712,.T.);
#407=FACE_OUTER_BOUND('',#713,.T.);
#408=FACE_OUTER_BOUND('',#714,.T.);
#409=FACE_OUTER_BOUND('',#715,.T.);
#410=FACE_OUTER_BOUND('',#716,.T.);
#411=FACE_OUTER_BOUND('',#717,.T.);
#412=FACE_OUTER_BOUND('',#718,.T.);
#413=FACE_OUTER_BOUND('',#719,.T.);
#414=FACE_OUTER_BOUND('',#720,.T.);
#415=FACE_OUTER_BOUND('',#721,.T.);
#416=FACE_OUTER_BOUND('',#722,.T.);
#417=FACE_OUTER_BOUND('',#723,.T.);
#418=FACE_OUTER_BOUND('',#724,.T.);
#419=FACE_OUTER_BOUND('',#725,.T.);
#420=FACE_OUTER_BOUND('',#726,.T.);
#421=FACE_OUTER_BOUND('',#727,.T.);
#422=FACE_OUTER_BOUND('',#728,.T.);
#423=FACE_OUTER_BOUND('',#729,.T.);
#424=FACE_OUTER_BOUND('',#730,.T.);
#425=FACE_OUTER_BOUND('',#731,.T.);
#426=FACE_OUTER_BOUND('',#732,.T.);
#427=FACE_OUTER_BOUND('',#733,.T.);
#428=FACE_OUTER_BOUND('',#734,.T.);
#429=FACE_OUTER_BOUND('',#735,.T.);
#430=FACE_OUTER_BOUND('',#736,.T.);
#431=FACE_OUTER_BOUND('',#737,.T.);
#432=FACE_OUTER_BOUND('',#738,.T.);
#433=FACE_OUTER_BOUND('',#739,.T.);
#434=FACE_OUTER_BOUND('',#740,.T.);
#435=FACE_OUTER_BOUND('',#741,.T.);
#436=FACE_OUTER_BOUND('',#742,.T.);
#437=FACE_OUTER_BOUND('',#743,.T.);
#438=FACE_OUTER_BOUND('',#744,.T.);
#439=FACE_OUTER_BOUND('',#745,.T.);
#440=FACE_OUTER_BOUND('',#746,.T.);
#441=FACE_OUTER_BOUND('',#747,.T.);
#442=FACE_OUTER_BOUND('',#748,.T.);
#443=FACE_OUTER_BOUND('',#749,.T.);
#444=FACE_OUTER_BOUND('',#750,.T.);
#445=FACE_OUTER_BOUND('',#751,.T.);
#446=FACE_OUTER_BOUND('',#752,.T.);
#447=FACE_OUTER_BOUND('',#753,.T.);
#448=FACE_OUTER_BOUND('',#754,.T.);
#449=FACE_OUTER_BOUND('',#755,.T.);
#450=FACE_OUTER_BOUND('',#756,.T.);
#451=FACE_OUTER_BOUND('',#757,.T.);
#452=FACE_OUTER_BOUND('',#758,.T.);
#453=FACE_OUTER_BOUND('',#759,.T.);
#454=FACE_OUTER_BOUND('',#760,.T.);
#455=FACE_OUTER_BOUND('',#761,.T.);
#456=FACE_OUTER_BOUND('',#762,.T.);
#457=FACE_OUTER_BOUND('',#763,.T.);
#458=FACE_OUTER_BOUND('',#764,.T.);
#459=FACE_OUTER_BOUND('',#765,.T.);
#460=FACE_OUTER_BOUND('',#766,.T.);
#461=FACE_OUTER_BOUND('',#767,.T.);
#462=FACE_OUTER_BOUND('',#768,.T.);
#463=FACE_OUTER_BOUND('',#769,.T.);
#464=FACE_OUTER_BOUND('',#770,.T.);
#465=FACE_OUTER_BOUND('',#771,.T.);
#466=FACE_OUTER_BOUND('',#772,.T.);
#467=FACE_OUTER_BOUND('',#773,.T.);
#468=FACE_OUTER_BOUND('',#774,.T.);
#469=FACE_OUTER_BOUND('',#775,.T.);
#470=FACE_OUTER_BOUND('',#776,.T.);
#471=FACE_OUTER_BOUND('',#777,.T.);
#472=FACE_OUTER_BOUND('',#778,.T.);
#473=FACE_OUTER_BOUND('',#779,.T.);
#474=FACE_OUTER_BOUND('',#780,.T.);
#475=FACE_OUTER_BOUND('',#781,.T.);
#476=FACE_OUTER_BOUND('',#782,.T.);
#477=FACE_OUTER_BOUND('',#783,.T.);
#478=FACE_OUTER_BOUND('',#784,.T.);
#479=FACE_OUTER_BOUND('',#785,.T.);
#480=FACE_OUTER_BOUND('',#786,.T.);
#481=FACE_OUTER_BOUND('',#787,.T.);
#482=FACE_OUTER_BOUND('',#788,.T.);
#483=FACE_OUTER_BOUND('',#789,.T.);
#484=FACE_OUTER_BOUND('',#790,.T.);
#485=FACE_OUTER_BOUND('',#791,.T.);
#486=FACE_OUTER_BOUND('',#792,.T.);
#487=FACE_OUTER_BOUND('',#793,.T.);
#488=FACE_OUTER_BOUND('',#794,.T.);
#489=FACE_OUTER_BOUND('',#795,.T.);
#490=FACE_OUTER_BOUND('',#796,.T.);
#491=FACE_OUTER_BOUND('',#797,.T.);
#492=FACE_OUTER_BOUND('',#798,.T.);
#493=FACE_OUTER_BOUND('',#799,.T.);
#494=FACE_OUTER_BOUND('',#800,.T.);
#495=FACE_OUTER_BOUND('',#801,.T.);
#496=FACE_OUTER_BOUND('',#802,.T.);
#497=FACE_OUTER_BOUND('',#803,.T.);
#498=FACE_OUTER_BOUND('',#804,.T.);
#499=FACE_OUTER_BOUND('',#805,.T.);
#500=FACE_OUTER_BOUND('',#806,.T.);
#501=FACE_OUTER_BOUND('',#807,.T.);
#502=FACE_OUTER_BOUND('',#808,.T.);
#503=FACE_OUTER_BOUND('',#809,.T.);
#504=FACE_OUTER_BOUND('',#810,.T.);
#505=FACE_OUTER_BOUND('',#811,.T.);
#506=FACE_OUTER_BOUND('',#812,.T.);
#507=FACE_OUTER_BOUND('',#813,.T.);
#508=FACE_OUTER_BOUND('',#814,.T.);
#509=FACE_OUTER_BOUND('',#815,.T.);
#510=FACE_OUTER_BOUND('',#816,.T.);
#511=FACE_OUTER_BOUND('',#817,.T.);
#512=FACE_OUTER_BOUND('',#818,.T.);
#513=FACE_OUTER_BOUND('',#819,.T.);
#514=FACE_OUTER_BOUND('',#820,.T.);
#515=FACE_OUTER_BOUND('',#821,.T.);
#516=FACE_OUTER_BOUND('',#822,.T.);
#517=FACE_OUTER_BOUND('',#823,.T.);
#518=FACE_OUTER_BOUND('',#824,.T.);
#519=FACE_OUTER_BOUND('',#825,.T.);
#520=FACE_OUTER_BOUND('',#826,.T.);
#521=FACE_OUTER_BOUND('',#827,.T.);
#522=FACE_OUTER_BOUND('',#828,.T.);
#523=FACE_OUTER_BOUND('',#829,.T.);
#524=FACE_OUTER_BOUND('',#830,.T.);
#525=FACE_OUTER_BOUND('',#831,.T.);
#526=FACE_OUTER_BOUND('',#832,.T.);
#527=FACE_OUTER_BOUND('',#833,.T.);
#528=FACE_OUTER_BOUND('',#834,.T.);
#529=FACE_OUTER_BOUND('',#835,.T.);
#530=FACE_OUTER_BOUND('',#836,.T.);
#531=FACE_OUTER_BOUND('',#837,.T.);
#532=FACE_OUTER_BOUND('',#838,.T.);
#533=FACE_OUTER_BOUND('',#839,.T.);
#534=FACE_OUTER_BOUND('',#840,.T.);
#535=FACE_OUTER_BOUND('',#841,.T.);
#536=FACE_OUTER_BOUND('',#842,.T.);
#537=FACE_OUTER_BOUND('',#843,.T.);
#538=FACE_OUTER_BOUND('',#844,.T.);
#539=FACE_OUTER_BOUND('',#845,.T.);
#540=FACE_OUTER_BOUND('',#846,.T.);
#541=FACE_OUTER_BOUND('',#847,.T.);
#542=FACE_OUTER_BOUND('',#848,.T.);
#543=FACE_OUTER_BOUND('',#849,.T.);
#544=FACE_OUTER_BOUND('',#850,.T.);
#545=FACE_OUTER_BOUND('',#851,.T.);
#546=FACE_OUTER_BOUND('',#852,.T.);
#547=FACE_OUTER_BOUND('',#853,.T.);
#548=FACE_OUTER_BOUND('',#854,.T.);
#549=FACE_OUTER_BOUND('',#855,.T.);
#550=FACE_OUTER_BOUND('',#856,.T.);
#551=FACE_OUTER_BOUND('',#857,.T.);
#552=FACE_OUTER_BOUND('',#858,.T.);
#553=FACE_OUTER_BOUND('',#859,.T.);
#554=FACE_OUTER_BOUND('',#860,.T.);
#555=FACE_OUTER_BOUND('',#861,.T.);
#556=FACE_OUTER_BOUND('',#862,.T.);
#557=FACE_OUTER_BOUND('',#863,.T.);
#558=FACE_OUTER_BOUND('',#864,.T.);
#559=FACE_OUTER_BOUND('',#865,.T.);
#560=FACE_OUTER_BOUND('',#866,.T.);
#561=FACE_OUTER_BOUND('',#867,.T.);
#562=FACE_OUTER_BOUND('',#868,.T.);
#563=FACE_OUTER_BOUND('',#869,.T.);
#564=FACE_OUTER_BOUND('',#870,.T.);
#565=FACE_OUTER_BOUND('',#871,.T.);
#566=FACE_OUTER_BOUND('',#872,.T.);
#567=FACE_OUTER_BOUND('',#873,.T.);
#568=FACE_OUTER_BOUND('',#874,.T.);
#569=FACE_OUTER_BOUND('',#875,.T.);
#570=FACE_OUTER_BOUND('',#876,.T.);
#571=FACE_OUTER_BOUND('',#877,.T.);
#572=FACE_OUTER_BOUND('',#878,.T.);
#573=FACE_OUTER_BOUND('',#879,.T.);
#574=FACE_OUTER_BOUND('',#880,.T.);
#575=FACE_OUTER_BOUND('',#881,.T.);
#576=FACE_OUTER_BOUND('',#882,.T.);
#577=FACE_OUTER_BOUND('',#883,.T.);
#578=FACE_OUTER_BOUND('',#884,.T.);
#579=FACE_OUTER_BOUND('',#885,.T.);
#580=FACE_OUTER_BOUND('',#886,.T.);
#581=FACE_OUTER_BOUND('',#887,.T.);
#582=FACE_OUTER_BOUND('',#888,.T.);
#583=FACE_OUTER_BOUND('',#889,.T.);
#584=FACE_OUTER_BOUND('',#890,.T.);
#585=FACE_OUTER_BOUND('',#891,.T.);
#586=FACE_OUTER_BOUND('',#892,.T.);
#587=FACE_OUTER_BOUND('',#893,.T.);
#588=FACE_OUTER_BOUND('',#894,.T.);
#589=FACE_OUTER_BOUND('',#895,.T.);
#590=FACE_OUTER_BOUND('',#896,.T.);
#591=FACE_OUTER_BOUND('',#897,.T.);
#592=FACE_OUTER_BOUND('',#898,.T.);
#593=FACE_OUTER_BOUND('',#899,.T.);
#594=FACE_OUTER_BOUND('',#900,.T.);
#595=FACE_OUTER_BOUND('',#901,.T.);
#596=FACE_OUTER_BOUND('',#902,.T.);
#597=FACE_OUTER_BOUND('',#903,.T.);
#598=FACE_OUTER_BOUND('',#904,.T.);
#599=FACE_OUTER_BOUND('',#905,.T.);
#600=FACE_OUTER_BOUND('',#906,.T.);
#601=FACE_OUTER_BOUND('',#907,.T.);
#602=FACE_OUTER_BOUND('',#908,.T.);
#603=FACE_OUTER_BOUND('',#909,.T.);
#604=FACE_OUTER_BOUND('',#910,.T.);
#605=FACE_OUTER_BOUND('',#911,.T.);
#606=FACE_OUTER_BOUND('',#912,.T.);
#607=FACE_OUTER_BOUND('',#913,.T.);
#608=FACE_OUTER_BOUND('',#914,.T.);
#609=FACE_OUTER_BOUND('',#915,.T.);
#610=FACE_OUTER_BOUND('',#916,.T.);
#611=FACE_OUTER_BOUND('',#917,.T.);
#612=FACE_OUTER_BOUND('',#918,.T.);
#613=FACE_OUTER_BOUND('',#919,.T.);
#614=FACE_OUTER_BOUND('',#920,.T.);
#615=FACE_OUTER_BOUND('',#921,.T.);
#616=FACE_OUTER_BOUND('',#922,.T.);
#617=FACE_OUTER_BOUND('',#923,.T.);
#618=FACE_OUTER_BOUND('',#924,.T.);
#619=FACE_OUTER_BOUND('',#925,.T.);
#620=FACE_OUTER_BOUND('',#926,.T.);
#621=FACE_OUTER_BOUND('',#927,.T.);
#622=FACE_OUTER_BOUND('',#928,.T.);
#623=FACE_OUTER_BOUND('',#929,.T.);
#624=EDGE_LOOP('',(#4218,#4219,#4220,#4221));
#625=EDGE_LOOP('',(#4222,#4223,#4224,#4225));
#626=EDGE_LOOP('',(#4226));
#627=EDGE_LOOP('',(#4227,#4228,#4229,#4230));
#628=EDGE_LOOP('',(#4231,#4232,#4233,#4234));
#629=EDGE_LOOP('',(#4235,#4236,#4237,#4238));
#630=EDGE_LOOP('',(#4239,#4240,#4241,#4242));
#631=EDGE_LOOP('',(#4243,#4244,#4245,#4246));
#632=EDGE_LOOP('',(#4247,#4248,#4249,#4250));
#633=EDGE_LOOP('',(#4251,#4252,#4253,#4254));
#634=EDGE_LOOP('',(#4255,#4256,#4257,#4258));
#635=EDGE_LOOP('',(#4259,#4260,#4261,#4262));
#636=EDGE_LOOP('',(#4263));
#637=EDGE_LOOP('',(#4264,#4265,#4266,#4267,#4268,#4269,#4270,#4271,#4272,
#4273,#4274,#4275,#4276,#4277,#4278,#4279,#4280,#4281,#4282,#4283,#4284,
#4285,#4286,#4287,#4288,#4289,#4290,#4291,#4292,#4293,#4294,#4295,#4296,
#4297,#4298,#4299,#4300,#4301,#4302,#4303,#4304,#4305,#4306,#4307,#4308,
#4309,#4310,#4311,#4312,#4313,#4314,#4315,#4316,#4317,#4318,#4319,#4320,
#4321,#4322,#4323,#4324,#4325,#4326,#4327,#4328,#4329,#4330,#4331,#4332,
#4333,#4334,#4335,#4336,#4337,#4338,#4339,#4340,#4341,#4342,#4343,#4344,
#4345,#4346,#4347,#4348,#4349,#4350,#4351,#4352,#4353,#4354,#4355,#4356,
#4357,#4358,#4359,#4360,#4361,#4362,#4363,#4364,#4365,#4366,#4367,#4368,
#4369,#4370,#4371,#4372,#4373,#4374,#4375,#4376,#4377,#4378,#4379,#4380,
#4381,#4382,#4383,#4384,#4385,#4386,#4387,#4388,#4389,#4390,#4391,#4392,
#4393,#4394,#4395,#4396,#4397,#4398,#4399,#4400,#4401,#4402,#4403,#4404,
#4405,#4406,#4407,#4408,#4409,#4410,#4411,#4412,#4413,#4414,#4415,#4416,
#4417,#4418,#4419,#4420,#4421,#4422,#4423,#4424,#4425,#4426,#4427,#4428,
#4429,#4430,#4431,#4432,#4433,#4434,#4435,#4436,#4437,#4438,#4439,#4440,
#4441,#4442,#4443,#4444,#4445,#4446,#4447,#4448,#4449,#4450,#4451,#4452,
#4453,#4454,#4455,#4456,#4457,#4458,#4459,#4460,#4461,#4462,#4463,#4464,
#4465,#4466,#4467,#4468,#4469,#4470,#4471,#4472,#4473,#4474,#4475,#4476,
#4477,#4478,#4479,#4480,#4481,#4482,#4483,#4484,#4485,#4486,#4487,#4488,
#4489,#4490,#4491,#4492,#4493,#4494,#4495,#4496,#4497,#4498,#4499,#4500,
#4501,#4502,#4503,#4504,#4505,#4506,#4507,#4508,#4509,#4510,#4511,#4512,
#4513,#4514,#4515,#4516,#4517,#4518,#4519,#4520,#4521,#4522,#4523,#4524,
#4525,#4526,#4527,#4528,#4529,#4530,#4531,#4532,#4533,#4534,#4535,#4536,
#4537,#4538,#4539,#4540,#4541,#4542,#4543,#4544,#4545,#4546,#4547,#4548,
#4549,#4550,#4551,#4552,#4553));
#638=EDGE_LOOP('',(#4554,#4555,#4556,#4557));
#639=EDGE_LOOP('',(#4558,#4559,#4560,#4561));
#640=EDGE_LOOP('',(#4562,#4563,#4564,#4565));
#641=EDGE_LOOP('',(#4566,#4567,#4568,#4569));
#642=EDGE_LOOP('',(#4570,#4571,#4572,#4573));
#643=EDGE_LOOP('',(#4574,#4575,#4576,#4577));
#644=EDGE_LOOP('',(#4578,#4579,#4580,#4581));
#645=EDGE_LOOP('',(#4582,#4583,#4584,#4585));
#646=EDGE_LOOP('',(#4586,#4587,#4588,#4589));
#647=EDGE_LOOP('',(#4590,#4591,#4592,#4593));
#648=EDGE_LOOP('',(#4594,#4595,#4596,#4597));
#649=EDGE_LOOP('',(#4598,#4599,#4600,#4601));
#650=EDGE_LOOP('',(#4602,#4603,#4604,#4605));
#651=EDGE_LOOP('',(#4606,#4607,#4608,#4609));
#652=EDGE_LOOP('',(#4610,#4611,#4612,#4613));
#653=EDGE_LOOP('',(#4614,#4615,#4616,#4617));
#654=EDGE_LOOP('',(#4618,#4619,#4620,#4621));
#655=EDGE_LOOP('',(#4622,#4623,#4624,#4625));
#656=EDGE_LOOP('',(#4626,#4627,#4628,#4629));
#657=EDGE_LOOP('',(#4630,#4631,#4632,#4633));
#658=EDGE_LOOP('',(#4634,#4635,#4636,#4637));
#659=EDGE_LOOP('',(#4638,#4639,#4640,#4641));
#660=EDGE_LOOP('',(#4642,#4643,#4644,#4645));
#661=EDGE_LOOP('',(#4646,#4647,#4648,#4649));
#662=EDGE_LOOP('',(#4650,#4651,#4652,#4653));
#663=EDGE_LOOP('',(#4654,#4655,#4656,#4657));
#664=EDGE_LOOP('',(#4658,#4659,#4660,#4661));
#665=EDGE_LOOP('',(#4662,#4663,#4664,#4665));
#666=EDGE_LOOP('',(#4666,#4667,#4668,#4669));
#667=EDGE_LOOP('',(#4670,#4671,#4672,#4673));
#668=EDGE_LOOP('',(#4674,#4675,#4676,#4677));
#669=EDGE_LOOP('',(#4678,#4679,#4680,#4681));
#670=EDGE_LOOP('',(#4682,#4683,#4684,#4685));
#671=EDGE_LOOP('',(#4686,#4687,#4688,#4689));
#672=EDGE_LOOP('',(#4690,#4691,#4692,#4693));
#673=EDGE_LOOP('',(#4694,#4695,#4696,#4697));
#674=EDGE_LOOP('',(#4698,#4699,#4700,#4701));
#675=EDGE_LOOP('',(#4702,#4703,#4704,#4705));
#676=EDGE_LOOP('',(#4706,#4707,#4708,#4709));
#677=EDGE_LOOP('',(#4710,#4711,#4712,#4713));
#678=EDGE_LOOP('',(#4714,#4715,#4716,#4717));
#679=EDGE_LOOP('',(#4718,#4719,#4720,#4721));
#680=EDGE_LOOP('',(#4722,#4723,#4724,#4725));
#681=EDGE_LOOP('',(#4726,#4727,#4728,#4729));
#682=EDGE_LOOP('',(#4730,#4731,#4732,#4733));
#683=EDGE_LOOP('',(#4734,#4735,#4736,#4737));
#684=EDGE_LOOP('',(#4738,#4739,#4740,#4741));
#685=EDGE_LOOP('',(#4742,#4743,#4744,#4745));
#686=EDGE_LOOP('',(#4746,#4747,#4748,#4749));
#687=EDGE_LOOP('',(#4750,#4751,#4752,#4753));
#688=EDGE_LOOP('',(#4754,#4755,#4756,#4757));
#689=EDGE_LOOP('',(#4758,#4759,#4760,#4761));
#690=EDGE_LOOP('',(#4762,#4763,#4764,#4765));
#691=EDGE_LOOP('',(#4766,#4767,#4768,#4769));
#692=EDGE_LOOP('',(#4770,#4771,#4772,#4773));
#693=EDGE_LOOP('',(#4774,#4775,#4776,#4777));
#694=EDGE_LOOP('',(#4778,#4779,#4780,#4781));
#695=EDGE_LOOP('',(#4782,#4783,#4784,#4785));
#696=EDGE_LOOP('',(#4786,#4787,#4788,#4789));
#697=EDGE_LOOP('',(#4790,#4791,#4792,#4793));
#698=EDGE_LOOP('',(#4794,#4795,#4796,#4797));
#699=EDGE_LOOP('',(#4798,#4799,#4800,#4801));
#700=EDGE_LOOP('',(#4802,#4803,#4804,#4805));
#701=EDGE_LOOP('',(#4806,#4807,#4808,#4809));
#702=EDGE_LOOP('',(#4810,#4811,#4812,#4813));
#703=EDGE_LOOP('',(#4814,#4815,#4816,#4817));
#704=EDGE_LOOP('',(#4818,#4819,#4820,#4821));
#705=EDGE_LOOP('',(#4822,#4823,#4824,#4825));
#706=EDGE_LOOP('',(#4826,#4827,#4828,#4829));
#707=EDGE_LOOP('',(#4830,#4831,#4832,#4833));
#708=EDGE_LOOP('',(#4834,#4835,#4836,#4837));
#709=EDGE_LOOP('',(#4838,#4839,#4840,#4841));
#710=EDGE_LOOP('',(#4842,#4843,#4844,#4845));
#711=EDGE_LOOP('',(#4846,#4847,#4848,#4849));
#712=EDGE_LOOP('',(#4850,#4851,#4852,#4853));
#713=EDGE_LOOP('',(#4854,#4855,#4856,#4857));
#714=EDGE_LOOP('',(#4858,#4859,#4860,#4861));
#715=EDGE_LOOP('',(#4862,#4863,#4864,#4865));
#716=EDGE_LOOP('',(#4866,#4867,#4868,#4869));
#717=EDGE_LOOP('',(#4870,#4871,#4872,#4873));
#718=EDGE_LOOP('',(#4874,#4875,#4876,#4877));
#719=EDGE_LOOP('',(#4878,#4879,#4880,#4881));
#720=EDGE_LOOP('',(#4882,#4883,#4884,#4885));
#721=EDGE_LOOP('',(#4886,#4887,#4888,#4889));
#722=EDGE_LOOP('',(#4890,#4891,#4892,#4893));
#723=EDGE_LOOP('',(#4894,#4895,#4896,#4897));
#724=EDGE_LOOP('',(#4898,#4899,#4900,#4901));
#725=EDGE_LOOP('',(#4902,#4903,#4904,#4905));
#726=EDGE_LOOP('',(#4906,#4907,#4908,#4909));
#727=EDGE_LOOP('',(#4910,#4911,#4912,#4913));
#728=EDGE_LOOP('',(#4914,#4915,#4916,#4917));
#729=EDGE_LOOP('',(#4918,#4919,#4920,#4921));
#730=EDGE_LOOP('',(#4922,#4923,#4924,#4925));
#731=EDGE_LOOP('',(#4926,#4927,#4928,#4929));
#732=EDGE_LOOP('',(#4930,#4931,#4932,#4933));
#733=EDGE_LOOP('',(#4934,#4935,#4936,#4937));
#734=EDGE_LOOP('',(#4938,#4939,#4940,#4941));
#735=EDGE_LOOP('',(#4942,#4943,#4944,#4945));
#736=EDGE_LOOP('',(#4946,#4947,#4948,#4949));
#737=EDGE_LOOP('',(#4950,#4951,#4952,#4953));
#738=EDGE_LOOP('',(#4954,#4955,#4956,#4957));
#739=EDGE_LOOP('',(#4958,#4959,#4960,#4961));
#740=EDGE_LOOP('',(#4962,#4963,#4964,#4965));
#741=EDGE_LOOP('',(#4966,#4967,#4968,#4969));
#742=EDGE_LOOP('',(#4970,#4971,#4972,#4973));
#743=EDGE_LOOP('',(#4974,#4975,#4976,#4977));
#744=EDGE_LOOP('',(#4978,#4979,#4980,#4981));
#745=EDGE_LOOP('',(#4982,#4983,#4984,#4985));
#746=EDGE_LOOP('',(#4986,#4987,#4988,#4989));
#747=EDGE_LOOP('',(#4990,#4991,#4992,#4993));
#748=EDGE_LOOP('',(#4994,#4995,#4996,#4997));
#749=EDGE_LOOP('',(#4998,#4999,#5000,#5001));
#750=EDGE_LOOP('',(#5002,#5003,#5004,#5005));
#751=EDGE_LOOP('',(#5006,#5007,#5008,#5009));
#752=EDGE_LOOP('',(#5010,#5011,#5012,#5013));
#753=EDGE_LOOP('',(#5014,#5015,#5016,#5017));
#754=EDGE_LOOP('',(#5018,#5019,#5020,#5021));
#755=EDGE_LOOP('',(#5022,#5023,#5024,#5025));
#756=EDGE_LOOP('',(#5026,#5027,#5028,#5029));
#757=EDGE_LOOP('',(#5030,#5031,#5032,#5033));
#758=EDGE_LOOP('',(#5034,#5035,#5036,#5037));
#759=EDGE_LOOP('',(#5038,#5039,#5040,#5041));
#760=EDGE_LOOP('',(#5042,#5043,#5044,#5045));
#761=EDGE_LOOP('',(#5046,#5047,#5048,#5049));
#762=EDGE_LOOP('',(#5050,#5051,#5052,#5053));
#763=EDGE_LOOP('',(#5054,#5055,#5056,#5057));
#764=EDGE_LOOP('',(#5058,#5059,#5060,#5061));
#765=EDGE_LOOP('',(#5062,#5063,#5064,#5065));
#766=EDGE_LOOP('',(#5066,#5067,#5068,#5069));
#767=EDGE_LOOP('',(#5070,#5071,#5072,#5073));
#768=EDGE_LOOP('',(#5074,#5075,#5076,#5077));
#769=EDGE_LOOP('',(#5078,#5079,#5080,#5081));
#770=EDGE_LOOP('',(#5082,#5083,#5084,#5085));
#771=EDGE_LOOP('',(#5086,#5087,#5088,#5089));
#772=EDGE_LOOP('',(#5090,#5091,#5092,#5093));
#773=EDGE_LOOP('',(#5094,#5095,#5096,#5097));
#774=EDGE_LOOP('',(#5098,#5099,#5100,#5101));
#775=EDGE_LOOP('',(#5102,#5103,#5104,#5105));
#776=EDGE_LOOP('',(#5106,#5107,#5108,#5109));
#777=EDGE_LOOP('',(#5110,#5111,#5112,#5113));
#778=EDGE_LOOP('',(#5114,#5115,#5116,#5117));
#779=EDGE_LOOP('',(#5118,#5119,#5120,#5121));
#780=EDGE_LOOP('',(#5122,#5123,#5124,#5125));
#781=EDGE_LOOP('',(#5126,#5127,#5128,#5129));
#782=EDGE_LOOP('',(#5130,#5131,#5132,#5133));
#783=EDGE_LOOP('',(#5134,#5135,#5136,#5137));
#784=EDGE_LOOP('',(#5138,#5139,#5140,#5141));
#785=EDGE_LOOP('',(#5142,#5143,#5144,#5145));
#786=EDGE_LOOP('',(#5146,#5147,#5148,#5149));
#787=EDGE_LOOP('',(#5150,#5151,#5152,#5153));
#788=EDGE_LOOP('',(#5154,#5155,#5156,#5157));
#789=EDGE_LOOP('',(#5158,#5159,#5160,#5161));
#790=EDGE_LOOP('',(#5162,#5163,#5164,#5165));
#791=EDGE_LOOP('',(#5166,#5167,#5168,#5169));
#792=EDGE_LOOP('',(#5170,#5171,#5172,#5173));
#793=EDGE_LOOP('',(#5174,#5175,#5176,#5177));
#794=EDGE_LOOP('',(#5178,#5179,#5180,#5181));
#795=EDGE_LOOP('',(#5182,#5183,#5184,#5185));
#796=EDGE_LOOP('',(#5186,#5187,#5188,#5189));
#797=EDGE_LOOP('',(#5190,#5191,#5192,#5193));
#798=EDGE_LOOP('',(#5194,#5195,#5196,#5197));
#799=EDGE_LOOP('',(#5198,#5199,#5200,#5201));
#800=EDGE_LOOP('',(#5202,#5203,#5204,#5205));
#801=EDGE_LOOP('',(#5206,#5207,#5208,#5209));
#802=EDGE_LOOP('',(#5210,#5211,#5212,#5213));
#803=EDGE_LOOP('',(#5214,#5215,#5216,#5217));
#804=EDGE_LOOP('',(#5218,#5219,#5220,#5221));
#805=EDGE_LOOP('',(#5222,#5223,#5224,#5225));
#806=EDGE_LOOP('',(#5226,#5227,#5228,#5229));
#807=EDGE_LOOP('',(#5230,#5231,#5232,#5233));
#808=EDGE_LOOP('',(#5234,#5235,#5236,#5237));
#809=EDGE_LOOP('',(#5238,#5239,#5240,#5241));
#810=EDGE_LOOP('',(#5242,#5243,#5244,#5245));
#811=EDGE_LOOP('',(#5246,#5247,#5248,#5249));
#812=EDGE_LOOP('',(#5250,#5251,#5252,#5253));
#813=EDGE_LOOP('',(#5254,#5255,#5256,#5257));
#814=EDGE_LOOP('',(#5258,#5259,#5260,#5261));
#815=EDGE_LOOP('',(#5262,#5263,#5264,#5265));
#816=EDGE_LOOP('',(#5266,#5267,#5268,#5269));
#817=EDGE_LOOP('',(#5270,#5271,#5272,#5273));
#818=EDGE_LOOP('',(#5274,#5275,#5276,#5277));
#819=EDGE_LOOP('',(#5278,#5279,#5280,#5281));
#820=EDGE_LOOP('',(#5282,#5283,#5284,#5285));
#821=EDGE_LOOP('',(#5286,#5287,#5288,#5289));
#822=EDGE_LOOP('',(#5290,#5291,#5292,#5293));
#823=EDGE_LOOP('',(#5294,#5295,#5296,#5297));
#824=EDGE_LOOP('',(#5298,#5299,#5300,#5301));
#825=EDGE_LOOP('',(#5302,#5303,#5304,#5305));
#826=EDGE_LOOP('',(#5306,#5307,#5308,#5309));
#827=EDGE_LOOP('',(#5310,#5311,#5312,#5313));
#828=EDGE_LOOP('',(#5314,#5315,#5316,#5317));
#829=EDGE_LOOP('',(#5318,#5319,#5320,#5321));
#830=EDGE_LOOP('',(#5322,#5323,#5324,#5325));
#831=EDGE_LOOP('',(#5326,#5327,#5328,#5329));
#832=EDGE_LOOP('',(#5330,#5331,#5332,#5333));
#833=EDGE_LOOP('',(#5334,#5335,#5336,#5337));
#834=EDGE_LOOP('',(#5338,#5339,#5340,#5341));
#835=EDGE_LOOP('',(#5342,#5343,#5344,#5345));
#836=EDGE_LOOP('',(#5346,#5347,#5348,#5349));
#837=EDGE_LOOP('',(#5350,#5351,#5352,#5353));
#838=EDGE_LOOP('',(#5354,#5355,#5356,#5357));
#839=EDGE_LOOP('',(#5358,#5359,#5360,#5361));
#840=EDGE_LOOP('',(#5362,#5363,#5364,#5365));
#841=EDGE_LOOP('',(#5366,#5367,#5368,#5369));
#842=EDGE_LOOP('',(#5370,#5371,#5372,#5373));
#843=EDGE_LOOP('',(#5374,#5375,#5376,#5377));
#844=EDGE_LOOP('',(#5378,#5379,#5380,#5381));
#845=EDGE_LOOP('',(#5382,#5383,#5384,#5385));
#846=EDGE_LOOP('',(#5386,#5387,#5388,#5389));
#847=EDGE_LOOP('',(#5390,#5391,#5392,#5393));
#848=EDGE_LOOP('',(#5394,#5395,#5396,#5397));
#849=EDGE_LOOP('',(#5398,#5399,#5400,#5401));
#850=EDGE_LOOP('',(#5402,#5403,#5404,#5405));
#851=EDGE_LOOP('',(#5406,#5407,#5408,#5409));
#852=EDGE_LOOP('',(#5410,#5411,#5412,#5413));
#853=EDGE_LOOP('',(#5414,#5415,#5416,#5417));
#854=EDGE_LOOP('',(#5418,#5419,#5420,#5421));
#855=EDGE_LOOP('',(#5422,#5423,#5424,#5425));
#856=EDGE_LOOP('',(#5426,#5427,#5428,#5429));
#857=EDGE_LOOP('',(#5430,#5431,#5432,#5433));
#858=EDGE_LOOP('',(#5434,#5435,#5436,#5437));
#859=EDGE_LOOP('',(#5438,#5439,#5440,#5441));
#860=EDGE_LOOP('',(#5442,#5443,#5444,#5445));
#861=EDGE_LOOP('',(#5446,#5447,#5448,#5449));
#862=EDGE_LOOP('',(#5450,#5451,#5452,#5453));
#863=EDGE_LOOP('',(#5454,#5455,#5456,#5457));
#864=EDGE_LOOP('',(#5458,#5459,#5460,#5461));
#865=EDGE_LOOP('',(#5462,#5463,#5464,#5465));
#866=EDGE_LOOP('',(#5466,#5467,#5468,#5469));
#867=EDGE_LOOP('',(#5470,#5471,#5472,#5473));
#868=EDGE_LOOP('',(#5474,#5475,#5476,#5477));
#869=EDGE_LOOP('',(#5478,#5479,#5480,#5481));
#870=EDGE_LOOP('',(#5482,#5483,#5484,#5485));
#871=EDGE_LOOP('',(#5486,#5487,#5488,#5489));
#872=EDGE_LOOP('',(#5490,#5491,#5492,#5493));
#873=EDGE_LOOP('',(#5494,#5495,#5496,#5497));
#874=EDGE_LOOP('',(#5498,#5499,#5500,#5501));
#875=EDGE_LOOP('',(#5502,#5503,#5504,#5505));
#876=EDGE_LOOP('',(#5506,#5507,#5508,#5509));
#877=EDGE_LOOP('',(#5510,#5511,#5512,#5513));
#878=EDGE_LOOP('',(#5514,#5515,#5516,#5517));
#879=EDGE_LOOP('',(#5518,#5519,#5520,#5521));
#880=EDGE_LOOP('',(#5522,#5523,#5524,#5525));
#881=EDGE_LOOP('',(#5526,#5527,#5528,#5529));
#882=EDGE_LOOP('',(#5530,#5531,#5532,#5533));
#883=EDGE_LOOP('',(#5534,#5535,#5536,#5537));
#884=EDGE_LOOP('',(#5538,#5539,#5540,#5541));
#885=EDGE_LOOP('',(#5542,#5543,#5544,#5545));
#886=EDGE_LOOP('',(#5546,#5547,#5548,#5549));
#887=EDGE_LOOP('',(#5550,#5551,#5552,#5553));
#888=EDGE_LOOP('',(#5554,#5555,#5556,#5557));
#889=EDGE_LOOP('',(#5558,#5559,#5560,#5561));
#890=EDGE_LOOP('',(#5562,#5563,#5564,#5565));
#891=EDGE_LOOP('',(#5566,#5567,#5568,#5569));
#892=EDGE_LOOP('',(#5570,#5571,#5572,#5573));
#893=EDGE_LOOP('',(#5574,#5575,#5576,#5577));
#894=EDGE_LOOP('',(#5578,#5579,#5580,#5581));
#895=EDGE_LOOP('',(#5582,#5583,#5584,#5585));
#896=EDGE_LOOP('',(#5586,#5587,#5588,#5589));
#897=EDGE_LOOP('',(#5590,#5591,#5592,#5593));
#898=EDGE_LOOP('',(#5594,#5595,#5596,#5597));
#899=EDGE_LOOP('',(#5598,#5599,#5600,#5601));
#900=EDGE_LOOP('',(#5602,#5603,#5604,#5605));
#901=EDGE_LOOP('',(#5606,#5607,#5608,#5609));
#902=EDGE_LOOP('',(#5610,#5611,#5612,#5613));
#903=EDGE_LOOP('',(#5614,#5615,#5616,#5617));
#904=EDGE_LOOP('',(#5618,#5619,#5620,#5621));
#905=EDGE_LOOP('',(#5622,#5623,#5624,#5625));
#906=EDGE_LOOP('',(#5626,#5627,#5628,#5629));
#907=EDGE_LOOP('',(#5630,#5631,#5632,#5633));
#908=EDGE_LOOP('',(#5634,#5635,#5636,#5637));
#909=EDGE_LOOP('',(#5638,#5639,#5640,#5641));
#910=EDGE_LOOP('',(#5642,#5643,#5644,#5645));
#911=EDGE_LOOP('',(#5646,#5647,#5648,#5649));
#912=EDGE_LOOP('',(#5650,#5651,#5652,#5653));
#913=EDGE_LOOP('',(#5654,#5655,#5656,#5657));
#914=EDGE_LOOP('',(#5658,#5659,#5660,#5661));
#915=EDGE_LOOP('',(#5662,#5663,#5664,#5665));
#916=EDGE_LOOP('',(#5666,#5667,#5668,#5669));
#917=EDGE_LOOP('',(#5670,#5671,#5672,#5673));
#918=EDGE_LOOP('',(#5674,#5675,#5676,#5677));
#919=EDGE_LOOP('',(#5678,#5679,#5680,#5681));
#920=EDGE_LOOP('',(#5682,#5683,#5684,#5685));
#921=EDGE_LOOP('',(#5686,#5687,#5688,#5689));
#922=EDGE_LOOP('',(#5690,#5691,#5692,#5693));
#923=EDGE_LOOP('',(#5694,#5695,#5696,#5697));
#924=EDGE_LOOP('',(#5698,#5699,#5700,#5701));
#925=EDGE_LOOP('',(#5702,#5703,#5704,#5705));
#926=EDGE_LOOP('',(#5706,#5707,#5708,#5709));
#927=EDGE_LOOP('',(#5710,#5711,#5712,#5713));
#928=EDGE_LOOP('',(#5714,#5715,#5716,#5717));
#929=EDGE_LOOP('',(#5718,#5719,#5720,#5721,#5722,#5723,#5724,#5725,#5726,
#5727,#5728,#5729,#5730,#5731,#5732,#5733,#5734,#5735,#5736,#5737,#5738,
#5739,#5740,#5741,#5742,#5743,#5744,#5745,#5746,#5747,#5748,#5749,#5750,
#5751,#5752,#5753,#5754,#5755,#5756,#5757,#5758,#5759,#5760,#5761,#5762,
#5763,#5764,#5765,#5766,#5767,#5768,#5769,#5770,#5771,#5772,#5773,#5774,
#5775,#5776,#5777,#5778,#5779,#5780,#5781,#5782,#5783,#5784,#5785,#5786,
#5787,#5788,#5789,#5790,#5791,#5792,#5793,#5794,#5795,#5796,#5797,#5798,
#5799,#5800,#5801,#5802,#5803,#5804,#5805,#5806,#5807,#5808,#5809,#5810,
#5811,#5812,#5813,#5814,#5815,#5816,#5817,#5818,#5819,#5820,#5821,#5822,
#5823,#5824,#5825,#5826,#5827,#5828,#5829,#5830,#5831,#5832,#5833,#5834,
#5835,#5836,#5837,#5838,#5839,#5840,#5841,#5842,#5843,#5844,#5845,#5846,
#5847,#5848,#5849,#5850,#5851,#5852,#5853,#5854,#5855,#5856,#5857,#5858,
#5859,#5860,#5861,#5862,#5863,#5864,#5865,#5866,#5867,#5868,#5869,#5870,
#5871,#5872,#5873,#5874,#5875,#5876,#5877,#5878,#5879,#5880,#5881,#5882,
#5883,#5884,#5885,#5886,#5887,#5888,#5889,#5890,#5891,#5892,#5893,#5894,
#5895,#5896,#5897,#5898,#5899,#5900,#5901,#5902,#5903,#5904,#5905,#5906,
#5907,#5908,#5909,#5910,#5911,#5912,#5913,#5914,#5915,#5916,#5917,#5918,
#5919,#5920,#5921,#5922,#5923,#5924,#5925,#5926,#5927,#5928,#5929,#5930,
#5931,#5932,#5933,#5934,#5935,#5936,#5937,#5938,#5939,#5940,#5941,#5942,
#5943,#5944,#5945,#5946,#5947,#5948,#5949,#5950,#5951,#5952,#5953,#5954,
#5955,#5956,#5957,#5958,#5959,#5960,#5961,#5962,#5963,#5964,#5965,#5966,
#5967,#5968,#5969,#5970,#5971,#5972,#5973,#5974,#5975,#5976,#5977,#5978,
#5979,#5980,#5981,#5982,#5983,#5984,#5985,#5986,#5987,#5988,#5989,#5990,
#5991,#5992,#5993,#5994,#5995,#5996,#5997,#5998,#5999,#6000,#6001,#6002,
#6003,#6004,#6005,#6006,#6007));
#930=EDGE_LOOP('',(#6008,#6009,#6010,#6011));
#931=LINE('',#8147,#1826);
#932=LINE('',#8152,#1827);
#933=LINE('',#8154,#1828);
#934=LINE('',#8156,#1829);
#935=LINE('',#8157,#1830);
#936=LINE('',#8160,#1831);
#937=LINE('',#8162,#1832);
#938=LINE('',#8163,#1833);
#939=LINE('',#8166,#1834);
#940=LINE('',#8167,#1835);
#941=LINE('',#8171,#1836);
#942=LINE('',#8173,#1837);
#943=LINE('',#8175,#1838);
#944=LINE('',#8176,#1839);
#945=LINE('',#8179,#1840);
#946=LINE('',#8181,#1841);
#947=LINE('',#8182,#1842);
#948=LINE('',#8185,#1843);
#949=LINE('',#8187,#1844);
#950=LINE('',#8188,#1845);
#951=LINE('',#8191,#1846);
#952=LINE('',#8192,#1847);
#953=LINE('',#8194,#1848);
#954=LINE('',#8195,#1849);
#955=LINE('',#8197,#1850);
#956=LINE('',#8202,#1851);
#957=LINE('',#8204,#1852);
#958=LINE('',#8206,#1853);
#959=LINE('',#8208,#1854);
#960=LINE('',#8210,#1855);
#961=LINE('',#8212,#1856);
#962=LINE('',#8214,#1857);
#963=LINE('',#8216,#1858);
#964=LINE('',#8218,#1859);
#965=LINE('',#8220,#1860);
#966=LINE('',#8222,#1861);
#967=LINE('',#8224,#1862);
#968=LINE('',#8226,#1863);
#969=LINE('',#8228,#1864);
#970=LINE('',#8230,#1865);
#971=LINE('',#8232,#1866);
#972=LINE('',#8234,#1867);
#973=LINE('',#8236,#1868);
#974=LINE('',#8238,#1869);
#975=LINE('',#8240,#1870);
#976=LINE('',#8242,#1871);
#977=LINE('',#8244,#1872);
#978=LINE('',#8246,#1873);
#979=LINE('',#8248,#1874);
#980=LINE('',#8250,#1875);
#981=LINE('',#8252,#1876);
#982=LINE('',#8254,#1877);
#983=LINE('',#8256,#1878);
#984=LINE('',#8258,#1879);
#985=LINE('',#8260,#1880);
#986=LINE('',#8262,#1881);
#987=LINE('',#8264,#1882);
#988=LINE('',#8266,#1883);
#989=LINE('',#8268,#1884);
#990=LINE('',#8270,#1885);
#991=LINE('',#8272,#1886);
#992=LINE('',#8274,#1887);
#993=LINE('',#8276,#1888);
#994=LINE('',#8278,#1889);
#995=LINE('',#8280,#1890);
#996=LINE('',#8282,#1891);
#997=LINE('',#8284,#1892);
#998=LINE('',#8286,#1893);
#999=LINE('',#8288,#1894);
#1000=LINE('',#8290,#1895);
#1001=LINE('',#8292,#1896);
#1002=LINE('',#8294,#1897);
#1003=LINE('',#8296,#1898);
#1004=LINE('',#8298,#1899);
#1005=LINE('',#8300,#1900);
#1006=LINE('',#8302,#1901);
#1007=LINE('',#8304,#1902);
#1008=LINE('',#8306,#1903);
#1009=LINE('',#8308,#1904);
#1010=LINE('',#8310,#1905);
#1011=LINE('',#8312,#1906);
#1012=LINE('',#8314,#1907);
#1013=LINE('',#8316,#1908);
#1014=LINE('',#8318,#1909);
#1015=LINE('',#8320,#1910);
#1016=LINE('',#8322,#1911);
#1017=LINE('',#8324,#1912);
#1018=LINE('',#8326,#1913);
#1019=LINE('',#8328,#1914);
#1020=LINE('',#8330,#1915);
#1021=LINE('',#8332,#1916);
#1022=LINE('',#8334,#1917);
#1023=LINE('',#8336,#1918);
#1024=LINE('',#8338,#1919);
#1025=LINE('',#8340,#1920);
#1026=LINE('',#8342,#1921);
#1027=LINE('',#8344,#1922);
#1028=LINE('',#8346,#1923);
#1029=LINE('',#8348,#1924);
#1030=LINE('',#8350,#1925);
#1031=LINE('',#8352,#1926);
#1032=LINE('',#8354,#1927);
#1033=LINE('',#8356,#1928);
#1034=LINE('',#8358,#1929);
#1035=LINE('',#8360,#1930);
#1036=LINE('',#8362,#1931);
#1037=LINE('',#8364,#1932);
#1038=LINE('',#8366,#1933);
#1039=LINE('',#8368,#1934);
#1040=LINE('',#8370,#1935);
#1041=LINE('',#8372,#1936);
#1042=LINE('',#8374,#1937);
#1043=LINE('',#8376,#1938);
#1044=LINE('',#8378,#1939);
#1045=LINE('',#8380,#1940);
#1046=LINE('',#8382,#1941);
#1047=LINE('',#8384,#1942);
#1048=LINE('',#8386,#1943);
#1049=LINE('',#8388,#1944);
#1050=LINE('',#8390,#1945);
#1051=LINE('',#8392,#1946);
#1052=LINE('',#8394,#1947);
#1053=LINE('',#8396,#1948);
#1054=LINE('',#8398,#1949);
#1055=LINE('',#8400,#1950);
#1056=LINE('',#8402,#1951);
#1057=LINE('',#8404,#1952);
#1058=LINE('',#8406,#1953);
#1059=LINE('',#8408,#1954);
#1060=LINE('',#8410,#1955);
#1061=LINE('',#8412,#1956);
#1062=LINE('',#8414,#1957);
#1063=LINE('',#8416,#1958);
#1064=LINE('',#8418,#1959);
#1065=LINE('',#8420,#1960);
#1066=LINE('',#8422,#1961);
#1067=LINE('',#8424,#1962);
#1068=LINE('',#8426,#1963);
#1069=LINE('',#8428,#1964);
#1070=LINE('',#8430,#1965);
#1071=LINE('',#8432,#1966);
#1072=LINE('',#8434,#1967);
#1073=LINE('',#8436,#1968);
#1074=LINE('',#8438,#1969);
#1075=LINE('',#8440,#1970);
#1076=LINE('',#8442,#1971);
#1077=LINE('',#8444,#1972);
#1078=LINE('',#8446,#1973);
#1079=LINE('',#8448,#1974);
#1080=LINE('',#8450,#1975);
#1081=LINE('',#8452,#1976);
#1082=LINE('',#8454,#1977);
#1083=LINE('',#8456,#1978);
#1084=LINE('',#8458,#1979);
#1085=LINE('',#8460,#1980);
#1086=LINE('',#8462,#1981);
#1087=LINE('',#8464,#1982);
#1088=LINE('',#8466,#1983);
#1089=LINE('',#8468,#1984);
#1090=LINE('',#8470,#1985);
#1091=LINE('',#8472,#1986);
#1092=LINE('',#8474,#1987);
#1093=LINE('',#8476,#1988);
#1094=LINE('',#8478,#1989);
#1095=LINE('',#8480,#1990);
#1096=LINE('',#8482,#1991);
#1097=LINE('',#8484,#1992);
#1098=LINE('',#8486,#1993);
#1099=LINE('',#8488,#1994);
#1100=LINE('',#8490,#1995);
#1101=LINE('',#8492,#1996);
#1102=LINE('',#8494,#1997);
#1103=LINE('',#8496,#1998);
#1104=LINE('',#8498,#1999);
#1105=LINE('',#8500,#2000);
#1106=LINE('',#8502,#2001);
#1107=LINE('',#8504,#2002);
#1108=LINE('',#8506,#2003);
#1109=LINE('',#8508,#2004);
#1110=LINE('',#8510,#2005);
#1111=LINE('',#8512,#2006);
#1112=LINE('',#8514,#2007);
#1113=LINE('',#8516,#2008);
#1114=LINE('',#8518,#2009);
#1115=LINE('',#8520,#2010);
#1116=LINE('',#8522,#2011);
#1117=LINE('',#8524,#2012);
#1118=LINE('',#8526,#2013);
#1119=LINE('',#8528,#2014);
#1120=LINE('',#8530,#2015);
#1121=LINE('',#8532,#2016);
#1122=LINE('',#8534,#2017);
#1123=LINE('',#8536,#2018);
#1124=LINE('',#8538,#2019);
#1125=LINE('',#8540,#2020);
#1126=LINE('',#8542,#2021);
#1127=LINE('',#8544,#2022);
#1128=LINE('',#8546,#2023);
#1129=LINE('',#8548,#2024);
#1130=LINE('',#8550,#2025);
#1131=LINE('',#8552,#2026);
#1132=LINE('',#8554,#2027);
#1133=LINE('',#8556,#2028);
#1134=LINE('',#8558,#2029);
#1135=LINE('',#8560,#2030);
#1136=LINE('',#8562,#2031);
#1137=LINE('',#8564,#2032);
#1138=LINE('',#8566,#2033);
#1139=LINE('',#8568,#2034);
#1140=LINE('',#8570,#2035);
#1141=LINE('',#8572,#2036);
#1142=LINE('',#8574,#2037);
#1143=LINE('',#8576,#2038);
#1144=LINE('',#8578,#2039);
#1145=LINE('',#8580,#2040);
#1146=LINE('',#8582,#2041);
#1147=LINE('',#8584,#2042);
#1148=LINE('',#8586,#2043);
#1149=LINE('',#8588,#2044);
#1150=LINE('',#8590,#2045);
#1151=LINE('',#8592,#2046);
#1152=LINE('',#8594,#2047);
#1153=LINE('',#8596,#2048);
#1154=LINE('',#8598,#2049);
#1155=LINE('',#8600,#2050);
#1156=LINE('',#8602,#2051);
#1157=LINE('',#8604,#2052);
#1158=LINE('',#8606,#2053);
#1159=LINE('',#8608,#2054);
#1160=LINE('',#8610,#2055);
#1161=LINE('',#8612,#2056);
#1162=LINE('',#8614,#2057);
#1163=LINE('',#8616,#2058);
#1164=LINE('',#8618,#2059);
#1165=LINE('',#8620,#2060);
#1166=LINE('',#8622,#2061);
#1167=LINE('',#8624,#2062);
#1168=LINE('',#8626,#2063);
#1169=LINE('',#8628,#2064);
#1170=LINE('',#8630,#2065);
#1171=LINE('',#8632,#2066);
#1172=LINE('',#8634,#2067);
#1173=LINE('',#8636,#2068);
#1174=LINE('',#8638,#2069);
#1175=LINE('',#8640,#2070);
#1176=LINE('',#8642,#2071);
#1177=LINE('',#8644,#2072);
#1178=LINE('',#8646,#2073);
#1179=LINE('',#8648,#2074);
#1180=LINE('',#8650,#2075);
#1181=LINE('',#8652,#2076);
#1182=LINE('',#8654,#2077);
#1183=LINE('',#8656,#2078);
#1184=LINE('',#8658,#2079);
#1185=LINE('',#8660,#2080);
#1186=LINE('',#8662,#2081);
#1187=LINE('',#8664,#2082);
#1188=LINE('',#8666,#2083);
#1189=LINE('',#8668,#2084);
#1190=LINE('',#8670,#2085);
#1191=LINE('',#8672,#2086);
#1192=LINE('',#8674,#2087);
#1193=LINE('',#8676,#2088);
#1194=LINE('',#8678,#2089);
#1195=LINE('',#8680,#2090);
#1196=LINE('',#8682,#2091);
#1197=LINE('',#8684,#2092);
#1198=LINE('',#8686,#2093);
#1199=LINE('',#8688,#2094);
#1200=LINE('',#8690,#2095);
#1201=LINE('',#8692,#2096);
#1202=LINE('',#8694,#2097);
#1203=LINE('',#8696,#2098);
#1204=LINE('',#8698,#2099);
#1205=LINE('',#8700,#2100);
#1206=LINE('',#8702,#2101);
#1207=LINE('',#8704,#2102);
#1208=LINE('',#8706,#2103);
#1209=LINE('',#8708,#2104);
#1210=LINE('',#8710,#2105);
#1211=LINE('',#8712,#2106);
#1212=LINE('',#8714,#2107);
#1213=LINE('',#8716,#2108);
#1214=LINE('',#8718,#2109);
#1215=LINE('',#8720,#2110);
#1216=LINE('',#8722,#2111);
#1217=LINE('',#8724,#2112);
#1218=LINE('',#8726,#2113);
#1219=LINE('',#8728,#2114);
#1220=LINE('',#8730,#2115);
#1221=LINE('',#8732,#2116);
#1222=LINE('',#8734,#2117);
#1223=LINE('',#8736,#2118);
#1224=LINE('',#8738,#2119);
#1225=LINE('',#8740,#2120);
#1226=LINE('',#8742,#2121);
#1227=LINE('',#8744,#2122);
#1228=LINE('',#8746,#2123);
#1229=LINE('',#8748,#2124);
#1230=LINE('',#8750,#2125);
#1231=LINE('',#8752,#2126);
#1232=LINE('',#8754,#2127);
#1233=LINE('',#8756,#2128);
#1234=LINE('',#8758,#2129);
#1235=LINE('',#8760,#2130);
#1236=LINE('',#8762,#2131);
#1237=LINE('',#8764,#2132);
#1238=LINE('',#8766,#2133);
#1239=LINE('',#8768,#2134);
#1240=LINE('',#8770,#2135);
#1241=LINE('',#8772,#2136);
#1242=LINE('',#8774,#2137);
#1243=LINE('',#8776,#2138);
#1244=LINE('',#8778,#2139);
#1245=LINE('',#8779,#2140);
#1246=LINE('',#8782,#2141);
#1247=LINE('',#8784,#2142);
#1248=LINE('',#8785,#2143);
#1249=LINE('',#8788,#2144);
#1250=LINE('',#8789,#2145);
#1251=LINE('',#8792,#2146);
#1252=LINE('',#8793,#2147);
#1253=LINE('',#8796,#2148);
#1254=LINE('',#8797,#2149);
#1255=LINE('',#8800,#2150);
#1256=LINE('',#8801,#2151);
#1257=LINE('',#8804,#2152);
#1258=LINE('',#8805,#2153);
#1259=LINE('',#8808,#2154);
#1260=LINE('',#8809,#2155);
#1261=LINE('',#8812,#2156);
#1262=LINE('',#8813,#2157);
#1263=LINE('',#8816,#2158);
#1264=LINE('',#8817,#2159);
#1265=LINE('',#8820,#2160);
#1266=LINE('',#8821,#2161);
#1267=LINE('',#8824,#2162);
#1268=LINE('',#8825,#2163);
#1269=LINE('',#8828,#2164);
#1270=LINE('',#8829,#2165);
#1271=LINE('',#8832,#2166);
#1272=LINE('',#8833,#2167);
#1273=LINE('',#8836,#2168);
#1274=LINE('',#8837,#2169);
#1275=LINE('',#8840,#2170);
#1276=LINE('',#8841,#2171);
#1277=LINE('',#8844,#2172);
#1278=LINE('',#8845,#2173);
#1279=LINE('',#8848,#2174);
#1280=LINE('',#8849,#2175);
#1281=LINE('',#8852,#2176);
#1282=LINE('',#8853,#2177);
#1283=LINE('',#8856,#2178);
#1284=LINE('',#8857,#2179);
#1285=LINE('',#8860,#2180);
#1286=LINE('',#8861,#2181);
#1287=LINE('',#8864,#2182);
#1288=LINE('',#8865,#2183);
#1289=LINE('',#8868,#2184);
#1290=LINE('',#8869,#2185);
#1291=LINE('',#8872,#2186);
#1292=LINE('',#8873,#2187);
#1293=LINE('',#8876,#2188);
#1294=LINE('',#8877,#2189);
#1295=LINE('',#8880,#2190);
#1296=LINE('',#8881,#2191);
#1297=LINE('',#8884,#2192);
#1298=LINE('',#8885,#2193);
#1299=LINE('',#8888,#2194);
#1300=LINE('',#8889,#2195);
#1301=LINE('',#8892,#2196);
#1302=LINE('',#8893,#2197);
#1303=LINE('',#8896,#2198);
#1304=LINE('',#8897,#2199);
#1305=LINE('',#8900,#2200);
#1306=LINE('',#8901,#2201);
#1307=LINE('',#8904,#2202);
#1308=LINE('',#8905,#2203);
#1309=LINE('',#8908,#2204);
#1310=LINE('',#8909,#2205);
#1311=LINE('',#8912,#2206);
#1312=LINE('',#8913,#2207);
#1313=LINE('',#8916,#2208);
#1314=LINE('',#8917,#2209);
#1315=LINE('',#8920,#2210);
#1316=LINE('',#8921,#2211);
#1317=LINE('',#8924,#2212);
#1318=LINE('',#8925,#2213);
#1319=LINE('',#8928,#2214);
#1320=LINE('',#8929,#2215);
#1321=LINE('',#8932,#2216);
#1322=LINE('',#8933,#2217);
#1323=LINE('',#8936,#2218);
#1324=LINE('',#8937,#2219);
#1325=LINE('',#8940,#2220);
#1326=LINE('',#8941,#2221);
#1327=LINE('',#8944,#2222);
#1328=LINE('',#8945,#2223);
#1329=LINE('',#8948,#2224);
#1330=LINE('',#8949,#2225);
#1331=LINE('',#8952,#2226);
#1332=LINE('',#8953,#2227);
#1333=LINE('',#8956,#2228);
#1334=LINE('',#8957,#2229);
#1335=LINE('',#8960,#2230);
#1336=LINE('',#8961,#2231);
#1337=LINE('',#8964,#2232);
#1338=LINE('',#8965,#2233);
#1339=LINE('',#8968,#2234);
#1340=LINE('',#8969,#2235);
#1341=LINE('',#8972,#2236);
#1342=LINE('',#8973,#2237);
#1343=LINE('',#8976,#2238);
#1344=LINE('',#8977,#2239);
#1345=LINE('',#8980,#2240);
#1346=LINE('',#8981,#2241);
#1347=LINE('',#8984,#2242);
#1348=LINE('',#8985,#2243);
#1349=LINE('',#8988,#2244);
#1350=LINE('',#8989,#2245);
#1351=LINE('',#8992,#2246);
#1352=LINE('',#8993,#2247);
#1353=LINE('',#8996,#2248);
#1354=LINE('',#8997,#2249);
#1355=LINE('',#9000,#2250);
#1356=LINE('',#9001,#2251);
#1357=LINE('',#9004,#2252);
#1358=LINE('',#9005,#2253);
#1359=LINE('',#9008,#2254);
#1360=LINE('',#9009,#2255);
#1361=LINE('',#9012,#2256);
#1362=LINE('',#9013,#2257);
#1363=LINE('',#9016,#2258);
#1364=LINE('',#9017,#2259);
#1365=LINE('',#9020,#2260);
#1366=LINE('',#9021,#2261);
#1367=LINE('',#9024,#2262);
#1368=LINE('',#9025,#2263);
#1369=LINE('',#9028,#2264);
#1370=LINE('',#9029,#2265);
#1371=LINE('',#9032,#2266);
#1372=LINE('',#9033,#2267);
#1373=LINE('',#9036,#2268);
#1374=LINE('',#9037,#2269);
#1375=LINE('',#9040,#2270);
#1376=LINE('',#9041,#2271);
#1377=LINE('',#9044,#2272);
#1378=LINE('',#9045,#2273);
#1379=LINE('',#9048,#2274);
#1380=LINE('',#9049,#2275);
#1381=LINE('',#9052,#2276);
#1382=LINE('',#9053,#2277);
#1383=LINE('',#9056,#2278);
#1384=LINE('',#9057,#2279);
#1385=LINE('',#9060,#2280);
#1386=LINE('',#9061,#2281);
#1387=LINE('',#9064,#2282);
#1388=LINE('',#9065,#2283);
#1389=LINE('',#9068,#2284);
#1390=LINE('',#9069,#2285);
#1391=LINE('',#9072,#2286);
#1392=LINE('',#9073,#2287);
#1393=LINE('',#9076,#2288);
#1394=LINE('',#9077,#2289);
#1395=LINE('',#9080,#2290);
#1396=LINE('',#9081,#2291);
#1397=LINE('',#9084,#2292);
#1398=LINE('',#9085,#2293);
#1399=LINE('',#9088,#2294);
#1400=LINE('',#9089,#2295);
#1401=LINE('',#9092,#2296);
#1402=LINE('',#9093,#2297);
#1403=LINE('',#9096,#2298);
#1404=LINE('',#9097,#2299);
#1405=LINE('',#9100,#2300);
#1406=LINE('',#9101,#2301);
#1407=LINE('',#9104,#2302);
#1408=LINE('',#9105,#2303);
#1409=LINE('',#9108,#2304);
#1410=LINE('',#9109,#2305);
#1411=LINE('',#9112,#2306);
#1412=LINE('',#9113,#2307);
#1413=LINE('',#9116,#2308);
#1414=LINE('',#9117,#2309);
#1415=LINE('',#9120,#2310);
#1416=LINE('',#9121,#2311);
#1417=LINE('',#9124,#2312);
#1418=LINE('',#9125,#2313);
#1419=LINE('',#9128,#2314);
#1420=LINE('',#9129,#2315);
#1421=LINE('',#9132,#2316);
#1422=LINE('',#9133,#2317);
#1423=LINE('',#9136,#2318);
#1424=LINE('',#9137,#2319);
#1425=LINE('',#9140,#2320);
#1426=LINE('',#9141,#2321);
#1427=LINE('',#9144,#2322);
#1428=LINE('',#9145,#2323);
#1429=LINE('',#9148,#2324);
#1430=LINE('',#9149,#2325);
#1431=LINE('',#9152,#2326);
#1432=LINE('',#9153,#2327);
#1433=LINE('',#9156,#2328);
#1434=LINE('',#9157,#2329);
#1435=LINE('',#9160,#2330);
#1436=LINE('',#9161,#2331);
#1437=LINE('',#9164,#2332);
#1438=LINE('',#9165,#2333);
#1439=LINE('',#9168,#2334);
#1440=LINE('',#9169,#2335);
#1441=LINE('',#9172,#2336);
#1442=LINE('',#9173,#2337);
#1443=LINE('',#9176,#2338);
#1444=LINE('',#9177,#2339);
#1445=LINE('',#9180,#2340);
#1446=LINE('',#9181,#2341);
#1447=LINE('',#9184,#2342);
#1448=LINE('',#9185,#2343);
#1449=LINE('',#9188,#2344);
#1450=LINE('',#9189,#2345);
#1451=LINE('',#9192,#2346);
#1452=LINE('',#9193,#2347);
#1453=LINE('',#9196,#2348);
#1454=LINE('',#9197,#2349);
#1455=LINE('',#9200,#2350);
#1456=LINE('',#9201,#2351);
#1457=LINE('',#9204,#2352);
#1458=LINE('',#9205,#2353);
#1459=LINE('',#9208,#2354);
#1460=LINE('',#9209,#2355);
#1461=LINE('',#9212,#2356);
#1462=LINE('',#9213,#2357);
#1463=LINE('',#9216,#2358);
#1464=LINE('',#9217,#2359);
#1465=LINE('',#9220,#2360);
#1466=LINE('',#9221,#2361);
#1467=LINE('',#9224,#2362);
#1468=LINE('',#9225,#2363);
#1469=LINE('',#9228,#2364);
#1470=LINE('',#9229,#2365);
#1471=LINE('',#9232,#2366);
#1472=LINE('',#9233,#2367);
#1473=LINE('',#9236,#2368);
#1474=LINE('',#9237,#2369);
#1475=LINE('',#9240,#2370);
#1476=LINE('',#9241,#2371);
#1477=LINE('',#9244,#2372);
#1478=LINE('',#9245,#2373);
#1479=LINE('',#9248,#2374);
#1480=LINE('',#9249,#2375);
#1481=LINE('',#9252,#2376);
#1482=LINE('',#9253,#2377);
#1483=LINE('',#9256,#2378);
#1484=LINE('',#9257,#2379);
#1485=LINE('',#9260,#2380);
#1486=LINE('',#9261,#2381);
#1487=LINE('',#9264,#2382);
#1488=LINE('',#9265,#2383);
#1489=LINE('',#9268,#2384);
#1490=LINE('',#9269,#2385);
#1491=LINE('',#9272,#2386);
#1492=LINE('',#9273,#2387);
#1493=LINE('',#9276,#2388);
#1494=LINE('',#9277,#2389);
#1495=LINE('',#9280,#2390);
#1496=LINE('',#9281,#2391);
#1497=LINE('',#9284,#2392);
#1498=LINE('',#9285,#2393);
#1499=LINE('',#9288,#2394);
#1500=LINE('',#9289,#2395);
#1501=LINE('',#9292,#2396);
#1502=LINE('',#9293,#2397);
#1503=LINE('',#9296,#2398);
#1504=LINE('',#9297,#2399);
#1505=LINE('',#9300,#2400);
#1506=LINE('',#9301,#2401);
#1507=LINE('',#9304,#2402);
#1508=LINE('',#9305,#2403);
#1509=LINE('',#9308,#2404);
#1510=LINE('',#9309,#2405);
#1511=LINE('',#9312,#2406);
#1512=LINE('',#9313,#2407);
#1513=LINE('',#9316,#2408);
#1514=LINE('',#9317,#2409);
#1515=LINE('',#9320,#2410);
#1516=LINE('',#9321,#2411);
#1517=LINE('',#9324,#2412);
#1518=LINE('',#9325,#2413);
#1519=LINE('',#9328,#2414);
#1520=LINE('',#9329,#2415);
#1521=LINE('',#9332,#2416);
#1522=LINE('',#9333,#2417);
#1523=LINE('',#9336,#2418);
#1524=LINE('',#9337,#2419);
#1525=LINE('',#9340,#2420);
#1526=LINE('',#9341,#2421);
#1527=LINE('',#9344,#2422);
#1528=LINE('',#9345,#2423);
#1529=LINE('',#9348,#2424);
#1530=LINE('',#9349,#2425);
#1531=LINE('',#9352,#2426);
#1532=LINE('',#9353,#2427);
#1533=LINE('',#9356,#2428);
#1534=LINE('',#9357,#2429);
#1535=LINE('',#9360,#2430);
#1536=LINE('',#9361,#2431);
#1537=LINE('',#9364,#2432);
#1538=LINE('',#9365,#2433);
#1539=LINE('',#9368,#2434);
#1540=LINE('',#9369,#2435);
#1541=LINE('',#9372,#2436);
#1542=LINE('',#9373,#2437);
#1543=LINE('',#9376,#2438);
#1544=LINE('',#9377,#2439);
#1545=LINE('',#9380,#2440);
#1546=LINE('',#9381,#2441);
#1547=LINE('',#9384,#2442);
#1548=LINE('',#9385,#2443);
#1549=LINE('',#9388,#2444);
#1550=LINE('',#9389,#2445);
#1551=LINE('',#9392,#2446);
#1552=LINE('',#9393,#2447);
#1553=LINE('',#9396,#2448);
#1554=LINE('',#9397,#2449);
#1555=LINE('',#9400,#2450);
#1556=LINE('',#9401,#2451);
#1557=LINE('',#9404,#2452);
#1558=LINE('',#9405,#2453);
#1559=LINE('',#9408,#2454);
#1560=LINE('',#9409,#2455);
#1561=LINE('',#9412,#2456);
#1562=LINE('',#9413,#2457);
#1563=LINE('',#9416,#2458);
#1564=LINE('',#9417,#2459);
#1565=LINE('',#9420,#2460);
#1566=LINE('',#9421,#2461);
#1567=LINE('',#9424,#2462);
#1568=LINE('',#9425,#2463);
#1569=LINE('',#9428,#2464);
#1570=LINE('',#9429,#2465);
#1571=LINE('',#9432,#2466);
#1572=LINE('',#9433,#2467);
#1573=LINE('',#9436,#2468);
#1574=LINE('',#9437,#2469);
#1575=LINE('',#9440,#2470);
#1576=LINE('',#9441,#2471);
#1577=LINE('',#9444,#2472);
#1578=LINE('',#9445,#2473);
#1579=LINE('',#9448,#2474);
#1580=LINE('',#9449,#2475);
#1581=LINE('',#9452,#2476);
#1582=LINE('',#9453,#2477);
#1583=LINE('',#9456,#2478);
#1584=LINE('',#9457,#2479);
#1585=LINE('',#9460,#2480);
#1586=LINE('',#9461,#2481);
#1587=LINE('',#9464,#2482);
#1588=LINE('',#9465,#2483);
#1589=LINE('',#9468,#2484);
#1590=LINE('',#9469,#2485);
#1591=LINE('',#9472,#2486);
#1592=LINE('',#9473,#2487);
#1593=LINE('',#9476,#2488);
#1594=LINE('',#9477,#2489);
#1595=LINE('',#9480,#2490);
#1596=LINE('',#9481,#2491);
#1597=LINE('',#9484,#2492);
#1598=LINE('',#9485,#2493);
#1599=LINE('',#9488,#2494);
#1600=LINE('',#9489,#2495);
#1601=LINE('',#9492,#2496);
#1602=LINE('',#9493,#2497);
#1603=LINE('',#9496,#2498);
#1604=LINE('',#9497,#2499);
#1605=LINE('',#9500,#2500);
#1606=LINE('',#9501,#2501);
#1607=LINE('',#9504,#2502);
#1608=LINE('',#9505,#2503);
#1609=LINE('',#9508,#2504);
#1610=LINE('',#9509,#2505);
#1611=LINE('',#9512,#2506);
#1612=LINE('',#9513,#2507);
#1613=LINE('',#9516,#2508);
#1614=LINE('',#9517,#2509);
#1615=LINE('',#9520,#2510);
#1616=LINE('',#9521,#2511);
#1617=LINE('',#9524,#2512);
#1618=LINE('',#9525,#2513);
#1619=LINE('',#9528,#2514);
#1620=LINE('',#9529,#2515);
#1621=LINE('',#9532,#2516);
#1622=LINE('',#9533,#2517);
#1623=LINE('',#9536,#2518);
#1624=LINE('',#9537,#2519);
#1625=LINE('',#9540,#2520);
#1626=LINE('',#9541,#2521);
#1627=LINE('',#9544,#2522);
#1628=LINE('',#9545,#2523);
#1629=LINE('',#9548,#2524);
#1630=LINE('',#9549,#2525);
#1631=LINE('',#9552,#2526);
#1632=LINE('',#9553,#2527);
#1633=LINE('',#9556,#2528);
#1634=LINE('',#9557,#2529);
#1635=LINE('',#9560,#2530);
#1636=LINE('',#9561,#2531);
#1637=LINE('',#9564,#2532);
#1638=LINE('',#9565,#2533);
#1639=LINE('',#9568,#2534);
#1640=LINE('',#9569,#2535);
#1641=LINE('',#9572,#2536);
#1642=LINE('',#9573,#2537);
#1643=LINE('',#9576,#2538);
#1644=LINE('',#9577,#2539);
#1645=LINE('',#9580,#2540);
#1646=LINE('',#9581,#2541);
#1647=LINE('',#9584,#2542);
#1648=LINE('',#9585,#2543);
#1649=LINE('',#9588,#2544);
#1650=LINE('',#9589,#2545);
#1651=LINE('',#9592,#2546);
#1652=LINE('',#9593,#2547);
#1653=LINE('',#9596,#2548);
#1654=LINE('',#9597,#2549);
#1655=LINE('',#9600,#2550);
#1656=LINE('',#9601,#2551);
#1657=LINE('',#9604,#2552);
#1658=LINE('',#9605,#2553);
#1659=LINE('',#9608,#2554);
#1660=LINE('',#9609,#2555);
#1661=LINE('',#9612,#2556);
#1662=LINE('',#9613,#2557);
#1663=LINE('',#9616,#2558);
#1664=LINE('',#9617,#2559);
#1665=LINE('',#9620,#2560);
#1666=LINE('',#9621,#2561);
#1667=LINE('',#9624,#2562);
#1668=LINE('',#9625,#2563);
#1669=LINE('',#9628,#2564);
#1670=LINE('',#9629,#2565);
#1671=LINE('',#9632,#2566);
#1672=LINE('',#9633,#2567);
#1673=LINE('',#9636,#2568);
#1674=LINE('',#9637,#2569);
#1675=LINE('',#9640,#2570);
#1676=LINE('',#9641,#2571);
#1677=LINE('',#9644,#2572);
#1678=LINE('',#9645,#2573);
#1679=LINE('',#9648,#2574);
#1680=LINE('',#9649,#2575);
#1681=LINE('',#9652,#2576);
#1682=LINE('',#9653,#2577);
#1683=LINE('',#9656,#2578);
#1684=LINE('',#9657,#2579);
#1685=LINE('',#9660,#2580);
#1686=LINE('',#9661,#2581);
#1687=LINE('',#9664,#2582);
#1688=LINE('',#9665,#2583);
#1689=LINE('',#9668,#2584);
#1690=LINE('',#9669,#2585);
#1691=LINE('',#9672,#2586);
#1692=LINE('',#9673,#2587);
#1693=LINE('',#9676,#2588);
#1694=LINE('',#9677,#2589);
#1695=LINE('',#9680,#2590);
#1696=LINE('',#9681,#2591);
#1697=LINE('',#9684,#2592);
#1698=LINE('',#9685,#2593);
#1699=LINE('',#9688,#2594);
#1700=LINE('',#9689,#2595);
#1701=LINE('',#9692,#2596);
#1702=LINE('',#9693,#2597);
#1703=LINE('',#9696,#2598);
#1704=LINE('',#9697,#2599);
#1705=LINE('',#9700,#2600);
#1706=LINE('',#9701,#2601);
#1707=LINE('',#9704,#2602);
#1708=LINE('',#9705,#2603);
#1709=LINE('',#9708,#2604);
#1710=LINE('',#9709,#2605);
#1711=LINE('',#9712,#2606);
#1712=LINE('',#9713,#2607);
#1713=LINE('',#9716,#2608);
#1714=LINE('',#9717,#2609);
#1715=LINE('',#9720,#2610);
#1716=LINE('',#9721,#2611);
#1717=LINE('',#9724,#2612);
#1718=LINE('',#9725,#2613);
#1719=LINE('',#9728,#2614);
#1720=LINE('',#9729,#2615);
#1721=LINE('',#9732,#2616);
#1722=LINE('',#9733,#2617);
#1723=LINE('',#9736,#2618);
#1724=LINE('',#9737,#2619);
#1725=LINE('',#9740,#2620);
#1726=LINE('',#9741,#2621);
#1727=LINE('',#9744,#2622);
#1728=LINE('',#9745,#2623);
#1729=LINE('',#9748,#2624);
#1730=LINE('',#9749,#2625);
#1731=LINE('',#9752,#2626);
#1732=LINE('',#9753,#2627);
#1733=LINE('',#9756,#2628);
#1734=LINE('',#9757,#2629);
#1735=LINE('',#9760,#2630);
#1736=LINE('',#9761,#2631);
#1737=LINE('',#9764,#2632);
#1738=LINE('',#9765,#2633);
#1739=LINE('',#9768,#2634);
#1740=LINE('',#9769,#2635);
#1741=LINE('',#9772,#2636);
#1742=LINE('',#9773,#2637);
#1743=LINE('',#9776,#2638);
#1744=LINE('',#9777,#2639);
#1745=LINE('',#9780,#2640);
#1746=LINE('',#9781,#2641);
#1747=LINE('',#9784,#2642);
#1748=LINE('',#9785,#2643);
#1749=LINE('',#9788,#2644);
#1750=LINE('',#9789,#2645);
#1751=LINE('',#9792,#2646);
#1752=LINE('',#9793,#2647);
#1753=LINE('',#9796,#2648);
#1754=LINE('',#9797,#2649);
#1755=LINE('',#9800,#2650);
#1756=LINE('',#9801,#2651);
#1757=LINE('',#9804,#2652);
#1758=LINE('',#9805,#2653);
#1759=LINE('',#9808,#2654);
#1760=LINE('',#9809,#2655);
#1761=LINE('',#9812,#2656);
#1762=LINE('',#9813,#2657);
#1763=LINE('',#9816,#2658);
#1764=LINE('',#9817,#2659);
#1765=LINE('',#9820,#2660);
#1766=LINE('',#9821,#2661);
#1767=LINE('',#9824,#2662);
#1768=LINE('',#9825,#2663);
#1769=LINE('',#9828,#2664);
#1770=LINE('',#9829,#2665);
#1771=LINE('',#9832,#2666);
#1772=LINE('',#9833,#2667);
#1773=LINE('',#9836,#2668);
#1774=LINE('',#9837,#2669);
#1775=LINE('',#9840,#2670);
#1776=LINE('',#9841,#2671);
#1777=LINE('',#9844,#2672);
#1778=LINE('',#9845,#2673);
#1779=LINE('',#9848,#2674);
#1780=LINE('',#9849,#2675);
#1781=LINE('',#9852,#2676);
#1782=LINE('',#9853,#2677);
#1783=LINE('',#9856,#2678);
#1784=LINE('',#9857,#2679);
#1785=LINE('',#9860,#2680);
#1786=LINE('',#9861,#2681);
#1787=LINE('',#9864,#2682);
#1788=LINE('',#9865,#2683);
#1789=LINE('',#9868,#2684);
#1790=LINE('',#9869,#2685);
#1791=LINE('',#9872,#2686);
#1792=LINE('',#9873,#2687);
#1793=LINE('',#9876,#2688);
#1794=LINE('',#9877,#2689);
#1795=LINE('',#9880,#2690);
#1796=LINE('',#9881,#2691);
#1797=LINE('',#9884,#2692);
#1798=LINE('',#9885,#2693);
#1799=LINE('',#9888,#2694);
#1800=LINE('',#9889,#2695);
#1801=LINE('',#9892,#2696);
#1802=LINE('',#9893,#2697);
#1803=LINE('',#9896,#2698);
#1804=LINE('',#9897,#2699);
#1805=LINE('',#9900,#2700);
#1806=LINE('',#9901,#2701);
#1807=LINE('',#9904,#2702);
#1808=LINE('',#9905,#2703);
#1809=LINE('',#9908,#2704);
#1810=LINE('',#9909,#2705);
#1811=LINE('',#9912,#2706);
#1812=LINE('',#9913,#2707);
#1813=LINE('',#9916,#2708);
#1814=LINE('',#9917,#2709);
#1815=LINE('',#9920,#2710);
#1816=LINE('',#9921,#2711);
#1817=LINE('',#9924,#2712);
#1818=LINE('',#9925,#2713);
#1819=LINE('',#9928,#2714);
#1820=LINE('',#9929,#2715);
#1821=LINE('',#9932,#2716);
#1822=LINE('',#9933,#2717);
#1823=LINE('',#9936,#2718);
#1824=LINE('',#9937,#2719);
#1825=LINE('',#9939,#2720);
#1826=VECTOR('',#6641,0.3);
#1827=VECTOR('',#6646,1.);
#1828=VECTOR('',#6647,1.);
#1829=VECTOR('',#6648,1.);
#1830=VECTOR('',#6649,1.);
#1831=VECTOR('',#6652,1.);
#1832=VECTOR('',#6653,1.);
#1833=VECTOR('',#6654,1.);
#1834=VECTOR('',#6657,1.);
#1835=VECTOR('',#6658,1.);
#1836=VECTOR('',#6661,1.);
#1837=VECTOR('',#6662,1.);
#1838=VECTOR('',#6663,1.);
#1839=VECTOR('',#6664,1.);
#1840=VECTOR('',#6667,1.);
#1841=VECTOR('',#6668,1.);
#1842=VECTOR('',#6669,1.);
#1843=VECTOR('',#6672,1.);
#1844=VECTOR('',#6673,1.);
#1845=VECTOR('',#6674,1.);
#1846=VECTOR('',#6677,1.);
#1847=VECTOR('',#6678,1.);
#1848=VECTOR('',#6681,1.);
#1849=VECTOR('',#6682,1.);
#1850=VECTOR('',#6685,1.);
#1851=VECTOR('',#6690,1.);
#1852=VECTOR('',#6691,1.);
#1853=VECTOR('',#6692,1.);
#1854=VECTOR('',#6693,1.);
#1855=VECTOR('',#6694,1.);
#1856=VECTOR('',#6695,1.);
#1857=VECTOR('',#6696,1.);
#1858=VECTOR('',#6697,1.);
#1859=VECTOR('',#6698,1.);
#1860=VECTOR('',#6699,1.);
#1861=VECTOR('',#6700,1.);
#1862=VECTOR('',#6701,1.);
#1863=VECTOR('',#6702,1.);
#1864=VECTOR('',#6703,1.);
#1865=VECTOR('',#6704,1.);
#1866=VECTOR('',#6705,1.);
#1867=VECTOR('',#6706,1.);
#1868=VECTOR('',#6707,1.);
#1869=VECTOR('',#6708,1.);
#1870=VECTOR('',#6709,1.);
#1871=VECTOR('',#6710,1.);
#1872=VECTOR('',#6711,1.);
#1873=VECTOR('',#6712,1.);
#1874=VECTOR('',#6713,1.);
#1875=VECTOR('',#6714,1.);
#1876=VECTOR('',#6715,1.);
#1877=VECTOR('',#6716,1.);
#1878=VECTOR('',#6717,1.);
#1879=VECTOR('',#6718,1.);
#1880=VECTOR('',#6719,1.);
#1881=VECTOR('',#6720,1.);
#1882=VECTOR('',#6721,1.);
#1883=VECTOR('',#6722,1.);
#1884=VECTOR('',#6723,1.);
#1885=VECTOR('',#6724,1.);
#1886=VECTOR('',#6725,1.);
#1887=VECTOR('',#6726,1.);
#1888=VECTOR('',#6727,1.);
#1889=VECTOR('',#6728,1.);
#1890=VECTOR('',#6729,1.);
#1891=VECTOR('',#6730,1.);
#1892=VECTOR('',#6731,1.);
#1893=VECTOR('',#6732,1.);
#1894=VECTOR('',#6733,1.);
#1895=VECTOR('',#6734,1.);
#1896=VECTOR('',#6735,1.);
#1897=VECTOR('',#6736,1.);
#1898=VECTOR('',#6737,1.);
#1899=VECTOR('',#6738,1.);
#1900=VECTOR('',#6739,1.);
#1901=VECTOR('',#6740,1.);
#1902=VECTOR('',#6741,1.);
#1903=VECTOR('',#6742,1.);
#1904=VECTOR('',#6743,1.);
#1905=VECTOR('',#6744,1.);
#1906=VECTOR('',#6745,1.);
#1907=VECTOR('',#6746,1.);
#1908=VECTOR('',#6747,1.);
#1909=VECTOR('',#6748,1.);
#1910=VECTOR('',#6749,1.);
#1911=VECTOR('',#6750,1.);
#1912=VECTOR('',#6751,1.);
#1913=VECTOR('',#6752,1.);
#1914=VECTOR('',#6753,1.);
#1915=VECTOR('',#6754,1.);
#1916=VECTOR('',#6755,1.);
#1917=VECTOR('',#6756,1.);
#1918=VECTOR('',#6757,1.);
#1919=VECTOR('',#6758,1.);
#1920=VECTOR('',#6759,1.);
#1921=VECTOR('',#6760,1.);
#1922=VECTOR('',#6761,1.);
#1923=VECTOR('',#6762,1.);
#1924=VECTOR('',#6763,1.);
#1925=VECTOR('',#6764,1.);
#1926=VECTOR('',#6765,1.);
#1927=VECTOR('',#6766,1.);
#1928=VECTOR('',#6767,1.);
#1929=VECTOR('',#6768,1.);
#1930=VECTOR('',#6769,1.);
#1931=VECTOR('',#6770,1.);
#1932=VECTOR('',#6771,1.);
#1933=VECTOR('',#6772,1.);
#1934=VECTOR('',#6773,1.);
#1935=VECTOR('',#6774,1.);
#1936=VECTOR('',#6775,1.);
#1937=VECTOR('',#6776,1.);
#1938=VECTOR('',#6777,1.);
#1939=VECTOR('',#6778,1.);
#1940=VECTOR('',#6779,1.);
#1941=VECTOR('',#6780,1.);
#1942=VECTOR('',#6781,1.);
#1943=VECTOR('',#6782,1.);
#1944=VECTOR('',#6783,1.);
#1945=VECTOR('',#6784,1.);
#1946=VECTOR('',#6785,1.);
#1947=VECTOR('',#6786,1.);
#1948=VECTOR('',#6787,1.);
#1949=VECTOR('',#6788,1.);
#1950=VECTOR('',#6789,1.);
#1951=VECTOR('',#6790,1.);
#1952=VECTOR('',#6791,1.);
#1953=VECTOR('',#6792,1.);
#1954=VECTOR('',#6793,1.);
#1955=VECTOR('',#6794,1.);
#1956=VECTOR('',#6795,1.);
#1957=VECTOR('',#6796,1.);
#1958=VECTOR('',#6797,1.);
#1959=VECTOR('',#6798,1.);
#1960=VECTOR('',#6799,1.);
#1961=VECTOR('',#6800,1.);
#1962=VECTOR('',#6801,1.);
#1963=VECTOR('',#6802,1.);
#1964=VECTOR('',#6803,1.);
#1965=VECTOR('',#6804,1.);
#1966=VECTOR('',#6805,1.);
#1967=VECTOR('',#6806,1.);
#1968=VECTOR('',#6807,1.);
#1969=VECTOR('',#6808,1.);
#1970=VECTOR('',#6809,1.);
#1971=VECTOR('',#6810,1.);
#1972=VECTOR('',#6811,1.);
#1973=VECTOR('',#6812,1.);
#1974=VECTOR('',#6813,1.);
#1975=VECTOR('',#6814,1.);
#1976=VECTOR('',#6815,1.);
#1977=VECTOR('',#6816,1.);
#1978=VECTOR('',#6817,1.);
#1979=VECTOR('',#6818,1.);
#1980=VECTOR('',#6819,1.);
#1981=VECTOR('',#6820,1.);
#1982=VECTOR('',#6821,1.);
#1983=VECTOR('',#6822,1.);
#1984=VECTOR('',#6823,1.);
#1985=VECTOR('',#6824,1.);
#1986=VECTOR('',#6825,1.);
#1987=VECTOR('',#6826,1.);
#1988=VECTOR('',#6827,1.);
#1989=VECTOR('',#6828,1.);
#1990=VECTOR('',#6829,1.);
#1991=VECTOR('',#6830,1.);
#1992=VECTOR('',#6831,1.);
#1993=VECTOR('',#6832,1.);
#1994=VECTOR('',#6833,1.);
#1995=VECTOR('',#6834,1.);
#1996=VECTOR('',#6835,1.);
#1997=VECTOR('',#6836,1.);
#1998=VECTOR('',#6837,1.);
#1999=VECTOR('',#6838,1.);
#2000=VECTOR('',#6839,1.);
#2001=VECTOR('',#6840,1.);
#2002=VECTOR('',#6841,1.);
#2003=VECTOR('',#6842,1.);
#2004=VECTOR('',#6843,1.);
#2005=VECTOR('',#6844,1.);
#2006=VECTOR('',#6845,1.);
#2007=VECTOR('',#6846,1.);
#2008=VECTOR('',#6847,1.);
#2009=VECTOR('',#6848,1.);
#2010=VECTOR('',#6849,1.);
#2011=VECTOR('',#6850,1.);
#2012=VECTOR('',#6851,1.);
#2013=VECTOR('',#6852,1.);
#2014=VECTOR('',#6853,1.);
#2015=VECTOR('',#6854,1.);
#2016=VECTOR('',#6855,1.);
#2017=VECTOR('',#6856,1.);
#2018=VECTOR('',#6857,1.);
#2019=VECTOR('',#6858,1.);
#2020=VECTOR('',#6859,1.);
#2021=VECTOR('',#6860,1.);
#2022=VECTOR('',#6861,1.);
#2023=VECTOR('',#6862,1.);
#2024=VECTOR('',#6863,1.);
#2025=VECTOR('',#6864,1.);
#2026=VECTOR('',#6865,1.);
#2027=VECTOR('',#6866,1.);
#2028=VECTOR('',#6867,1.);
#2029=VECTOR('',#6868,1.);
#2030=VECTOR('',#6869,1.);
#2031=VECTOR('',#6870,1.);
#2032=VECTOR('',#6871,1.);
#2033=VECTOR('',#6872,1.);
#2034=VECTOR('',#6873,1.);
#2035=VECTOR('',#6874,1.);
#2036=VECTOR('',#6875,1.);
#2037=VECTOR('',#6876,1.);
#2038=VECTOR('',#6877,1.);
#2039=VECTOR('',#6878,1.);
#2040=VECTOR('',#6879,1.);
#2041=VECTOR('',#6880,1.);
#2042=VECTOR('',#6881,1.);
#2043=VECTOR('',#6882,1.);
#2044=VECTOR('',#6883,1.);
#2045=VECTOR('',#6884,1.);
#2046=VECTOR('',#6885,1.);
#2047=VECTOR('',#6886,1.);
#2048=VECTOR('',#6887,1.);
#2049=VECTOR('',#6888,1.);
#2050=VECTOR('',#6889,1.);
#2051=VECTOR('',#6890,1.);
#2052=VECTOR('',#6891,1.);
#2053=VECTOR('',#6892,1.);
#2054=VECTOR('',#6893,1.);
#2055=VECTOR('',#6894,1.);
#2056=VECTOR('',#6895,1.);
#2057=VECTOR('',#6896,1.);
#2058=VECTOR('',#6897,1.);
#2059=VECTOR('',#6898,1.);
#2060=VECTOR('',#6899,1.);
#2061=VECTOR('',#6900,1.);
#2062=VECTOR('',#6901,1.);
#2063=VECTOR('',#6902,1.);
#2064=VECTOR('',#6903,1.);
#2065=VECTOR('',#6904,1.);
#2066=VECTOR('',#6905,1.);
#2067=VECTOR('',#6906,1.);
#2068=VECTOR('',#6907,1.);
#2069=VECTOR('',#6908,1.);
#2070=VECTOR('',#6909,1.);
#2071=VECTOR('',#6910,1.);
#2072=VECTOR('',#6911,1.);
#2073=VECTOR('',#6912,1.);
#2074=VECTOR('',#6913,1.);
#2075=VECTOR('',#6914,1.);
#2076=VECTOR('',#6915,1.);
#2077=VECTOR('',#6916,1.);
#2078=VECTOR('',#6917,1.);
#2079=VECTOR('',#6918,1.);
#2080=VECTOR('',#6919,1.);
#2081=VECTOR('',#6920,1.);
#2082=VECTOR('',#6921,1.);
#2083=VECTOR('',#6922,1.);
#2084=VECTOR('',#6923,1.);
#2085=VECTOR('',#6924,1.);
#2086=VECTOR('',#6925,1.);
#2087=VECTOR('',#6926,1.);
#2088=VECTOR('',#6927,1.);
#2089=VECTOR('',#6928,1.);
#2090=VECTOR('',#6929,1.);
#2091=VECTOR('',#6930,1.);
#2092=VECTOR('',#6931,1.);
#2093=VECTOR('',#6932,1.);
#2094=VECTOR('',#6933,1.);
#2095=VECTOR('',#6934,1.);
#2096=VECTOR('',#6935,1.);
#2097=VECTOR('',#6936,1.);
#2098=VECTOR('',#6937,1.);
#2099=VECTOR('',#6938,1.);
#2100=VECTOR('',#6939,1.);
#2101=VECTOR('',#6940,1.);
#2102=VECTOR('',#6941,1.);
#2103=VECTOR('',#6942,1.);
#2104=VECTOR('',#6943,1.);
#2105=VECTOR('',#6944,1.);
#2106=VECTOR('',#6945,1.);
#2107=VECTOR('',#6946,1.);
#2108=VECTOR('',#6947,1.);
#2109=VECTOR('',#6948,1.);
#2110=VECTOR('',#6949,1.);
#2111=VECTOR('',#6950,1.);
#2112=VECTOR('',#6951,1.);
#2113=VECTOR('',#6952,1.);
#2114=VECTOR('',#6953,1.);
#2115=VECTOR('',#6954,1.);
#2116=VECTOR('',#6955,1.);
#2117=VECTOR('',#6956,1.);
#2118=VECTOR('',#6957,1.);
#2119=VECTOR('',#6958,1.);
#2120=VECTOR('',#6959,1.);
#2121=VECTOR('',#6960,1.);
#2122=VECTOR('',#6961,1.);
#2123=VECTOR('',#6962,1.);
#2124=VECTOR('',#6963,1.);
#2125=VECTOR('',#6964,1.);
#2126=VECTOR('',#6965,1.);
#2127=VECTOR('',#6966,1.);
#2128=VECTOR('',#6967,1.);
#2129=VECTOR('',#6968,1.);
#2130=VECTOR('',#6969,1.);
#2131=VECTOR('',#6970,1.);
#2132=VECTOR('',#6971,1.);
#2133=VECTOR('',#6972,1.);
#2134=VECTOR('',#6973,1.);
#2135=VECTOR('',#6974,1.);
#2136=VECTOR('',#6975,1.);
#2137=VECTOR('',#6976,1.);
#2138=VECTOR('',#6977,1.);
#2139=VECTOR('',#6978,1.);
#2140=VECTOR('',#6979,1.);
#2141=VECTOR('',#6982,1.);
#2142=VECTOR('',#6983,1.);
#2143=VECTOR('',#6984,1.);
#2144=VECTOR('',#6987,1.);
#2145=VECTOR('',#6988,1.);
#2146=VECTOR('',#6991,1.);
#2147=VECTOR('',#6992,1.);
#2148=VECTOR('',#6995,1.);
#2149=VECTOR('',#6996,1.);
#2150=VECTOR('',#6999,1.);
#2151=VECTOR('',#7000,1.);
#2152=VECTOR('',#7003,1.);
#2153=VECTOR('',#7004,1.);
#2154=VECTOR('',#7007,1.);
#2155=VECTOR('',#7008,1.);
#2156=VECTOR('',#7011,1.);
#2157=VECTOR('',#7012,1.);
#2158=VECTOR('',#7015,1.);
#2159=VECTOR('',#7016,1.);
#2160=VECTOR('',#7019,1.);
#2161=VECTOR('',#7020,1.);
#2162=VECTOR('',#7023,1.);
#2163=VECTOR('',#7024,1.);
#2164=VECTOR('',#7027,1.);
#2165=VECTOR('',#7028,1.);
#2166=VECTOR('',#7031,1.);
#2167=VECTOR('',#7032,1.);
#2168=VECTOR('',#7035,1.);
#2169=VECTOR('',#7036,1.);
#2170=VECTOR('',#7039,1.);
#2171=VECTOR('',#7040,1.);
#2172=VECTOR('',#7043,1.);
#2173=VECTOR('',#7044,1.);
#2174=VECTOR('',#7047,1.);
#2175=VECTOR('',#7048,1.);
#2176=VECTOR('',#7051,1.);
#2177=VECTOR('',#7052,1.);
#2178=VECTOR('',#7055,1.);
#2179=VECTOR('',#7056,1.);
#2180=VECTOR('',#7059,1.);
#2181=VECTOR('',#7060,1.);
#2182=VECTOR('',#7063,1.);
#2183=VECTOR('',#7064,1.);
#2184=VECTOR('',#7067,1.);
#2185=VECTOR('',#7068,1.);
#2186=VECTOR('',#7071,1.);
#2187=VECTOR('',#7072,1.);
#2188=VECTOR('',#7075,1.);
#2189=VECTOR('',#7076,1.);
#2190=VECTOR('',#7079,1.);
#2191=VECTOR('',#7080,1.);
#2192=VECTOR('',#7083,1.);
#2193=VECTOR('',#7084,1.);
#2194=VECTOR('',#7087,1.);
#2195=VECTOR('',#7088,1.);
#2196=VECTOR('',#7091,1.);
#2197=VECTOR('',#7092,1.);
#2198=VECTOR('',#7095,1.);
#2199=VECTOR('',#7096,1.);
#2200=VECTOR('',#7099,1.);
#2201=VECTOR('',#7100,1.);
#2202=VECTOR('',#7103,1.);
#2203=VECTOR('',#7104,1.);
#2204=VECTOR('',#7107,1.);
#2205=VECTOR('',#7108,1.);
#2206=VECTOR('',#7111,1.);
#2207=VECTOR('',#7112,1.);
#2208=VECTOR('',#7115,1.);
#2209=VECTOR('',#7116,1.);
#2210=VECTOR('',#7119,1.);
#2211=VECTOR('',#7120,1.);
#2212=VECTOR('',#7123,1.);
#2213=VECTOR('',#7124,1.);
#2214=VECTOR('',#7127,1.);
#2215=VECTOR('',#7128,1.);
#2216=VECTOR('',#7131,1.);
#2217=VECTOR('',#7132,1.);
#2218=VECTOR('',#7135,1.);
#2219=VECTOR('',#7136,1.);
#2220=VECTOR('',#7139,1.);
#2221=VECTOR('',#7140,1.);
#2222=VECTOR('',#7143,1.);
#2223=VECTOR('',#7144,1.);
#2224=VECTOR('',#7147,1.);
#2225=VECTOR('',#7148,1.);
#2226=VECTOR('',#7151,1.);
#2227=VECTOR('',#7152,1.);
#2228=VECTOR('',#7155,1.);
#2229=VECTOR('',#7156,1.);
#2230=VECTOR('',#7159,1.);
#2231=VECTOR('',#7160,1.);
#2232=VECTOR('',#7163,1.);
#2233=VECTOR('',#7164,1.);
#2234=VECTOR('',#7167,1.);
#2235=VECTOR('',#7168,1.);
#2236=VECTOR('',#7171,1.);
#2237=VECTOR('',#7172,1.);
#2238=VECTOR('',#7175,1.);
#2239=VECTOR('',#7176,1.);
#2240=VECTOR('',#7179,1.);
#2241=VECTOR('',#7180,1.);
#2242=VECTOR('',#7183,1.);
#2243=VECTOR('',#7184,1.);
#2244=VECTOR('',#7187,1.);
#2245=VECTOR('',#7188,1.);
#2246=VECTOR('',#7191,1.);
#2247=VECTOR('',#7192,1.);
#2248=VECTOR('',#7195,1.);
#2249=VECTOR('',#7196,1.);
#2250=VECTOR('',#7199,1.);
#2251=VECTOR('',#7200,1.);
#2252=VECTOR('',#7203,1.);
#2253=VECTOR('',#7204,1.);
#2254=VECTOR('',#7207,1.);
#2255=VECTOR('',#7208,1.);
#2256=VECTOR('',#7211,1.);
#2257=VECTOR('',#7212,1.);
#2258=VECTOR('',#7215,1.);
#2259=VECTOR('',#7216,1.);
#2260=VECTOR('',#7219,1.);
#2261=VECTOR('',#7220,1.);
#2262=VECTOR('',#7223,1.);
#2263=VECTOR('',#7224,1.);
#2264=VECTOR('',#7227,1.);
#2265=VECTOR('',#7228,1.);
#2266=VECTOR('',#7231,1.);
#2267=VECTOR('',#7232,1.);
#2268=VECTOR('',#7235,1.);
#2269=VECTOR('',#7236,1.);
#2270=VECTOR('',#7239,1.);
#2271=VECTOR('',#7240,1.);
#2272=VECTOR('',#7243,1.);
#2273=VECTOR('',#7244,1.);
#2274=VECTOR('',#7247,1.);
#2275=VECTOR('',#7248,1.);
#2276=VECTOR('',#7251,1.);
#2277=VECTOR('',#7252,1.);
#2278=VECTOR('',#7255,1.);
#2279=VECTOR('',#7256,1.);
#2280=VECTOR('',#7259,1.);
#2281=VECTOR('',#7260,1.);
#2282=VECTOR('',#7263,1.);
#2283=VECTOR('',#7264,1.);
#2284=VECTOR('',#7267,1.);
#2285=VECTOR('',#7268,1.);
#2286=VECTOR('',#7271,1.);
#2287=VECTOR('',#7272,1.);
#2288=VECTOR('',#7275,1.);
#2289=VECTOR('',#7276,1.);
#2290=VECTOR('',#7279,1.);
#2291=VECTOR('',#7280,1.);
#2292=VECTOR('',#7283,1.);
#2293=VECTOR('',#7284,1.);
#2294=VECTOR('',#7287,1.);
#2295=VECTOR('',#7288,1.);
#2296=VECTOR('',#7291,1.);
#2297=VECTOR('',#7292,1.);
#2298=VECTOR('',#7295,1.);
#2299=VECTOR('',#7296,1.);
#2300=VECTOR('',#7299,1.);
#2301=VECTOR('',#7300,1.);
#2302=VECTOR('',#7303,1.);
#2303=VECTOR('',#7304,1.);
#2304=VECTOR('',#7307,1.);
#2305=VECTOR('',#7308,1.);
#2306=VECTOR('',#7311,1.);
#2307=VECTOR('',#7312,1.);
#2308=VECTOR('',#7315,1.);
#2309=VECTOR('',#7316,1.);
#2310=VECTOR('',#7319,1.);
#2311=VECTOR('',#7320,1.);
#2312=VECTOR('',#7323,1.);
#2313=VECTOR('',#7324,1.);
#2314=VECTOR('',#7327,1.);
#2315=VECTOR('',#7328,1.);
#2316=VECTOR('',#7331,1.);
#2317=VECTOR('',#7332,1.);
#2318=VECTOR('',#7335,1.);
#2319=VECTOR('',#7336,1.);
#2320=VECTOR('',#7339,1.);
#2321=VECTOR('',#7340,1.);
#2322=VECTOR('',#7343,1.);
#2323=VECTOR('',#7344,1.);
#2324=VECTOR('',#7347,1.);
#2325=VECTOR('',#7348,1.);
#2326=VECTOR('',#7351,1.);
#2327=VECTOR('',#7352,1.);
#2328=VECTOR('',#7355,1.);
#2329=VECTOR('',#7356,1.);
#2330=VECTOR('',#7359,1.);
#2331=VECTOR('',#7360,1.);
#2332=VECTOR('',#7363,1.);
#2333=VECTOR('',#7364,1.);
#2334=VECTOR('',#7367,1.);
#2335=VECTOR('',#7368,1.);
#2336=VECTOR('',#7371,1.);
#2337=VECTOR('',#7372,1.);
#2338=VECTOR('',#7375,1.);
#2339=VECTOR('',#7376,1.);
#2340=VECTOR('',#7379,1.);
#2341=VECTOR('',#7380,1.);
#2342=VECTOR('',#7383,1.);
#2343=VECTOR('',#7384,1.);
#2344=VECTOR('',#7387,1.);
#2345=VECTOR('',#7388,1.);
#2346=VECTOR('',#7391,1.);
#2347=VECTOR('',#7392,1.);
#2348=VECTOR('',#7395,1.);
#2349=VECTOR('',#7396,1.);
#2350=VECTOR('',#7399,1.);
#2351=VECTOR('',#7400,1.);
#2352=VECTOR('',#7403,1.);
#2353=VECTOR('',#7404,1.);
#2354=VECTOR('',#7407,1.);
#2355=VECTOR('',#7408,1.);
#2356=VECTOR('',#7411,1.);
#2357=VECTOR('',#7412,1.);
#2358=VECTOR('',#7415,1.);
#2359=VECTOR('',#7416,1.);
#2360=VECTOR('',#7419,1.);
#2361=VECTOR('',#7420,1.);
#2362=VECTOR('',#7423,1.);
#2363=VECTOR('',#7424,1.);
#2364=VECTOR('',#7427,1.);
#2365=VECTOR('',#7428,1.);
#2366=VECTOR('',#7431,1.);
#2367=VECTOR('',#7432,1.);
#2368=VECTOR('',#7435,1.);
#2369=VECTOR('',#7436,1.);
#2370=VECTOR('',#7439,1.);
#2371=VECTOR('',#7440,1.);
#2372=VECTOR('',#7443,1.);
#2373=VECTOR('',#7444,1.);
#2374=VECTOR('',#7447,1.);
#2375=VECTOR('',#7448,1.);
#2376=VECTOR('',#7451,1.);
#2377=VECTOR('',#7452,1.);
#2378=VECTOR('',#7455,1.);
#2379=VECTOR('',#7456,1.);
#2380=VECTOR('',#7459,1.);
#2381=VECTOR('',#7460,1.);
#2382=VECTOR('',#7463,1.);
#2383=VECTOR('',#7464,1.);
#2384=VECTOR('',#7467,1.);
#2385=VECTOR('',#7468,1.);
#2386=VECTOR('',#7471,1.);
#2387=VECTOR('',#7472,1.);
#2388=VECTOR('',#7475,1.);
#2389=VECTOR('',#7476,1.);
#2390=VECTOR('',#7479,1.);
#2391=VECTOR('',#7480,1.);
#2392=VECTOR('',#7483,1.);
#2393=VECTOR('',#7484,1.);
#2394=VECTOR('',#7487,1.);
#2395=VECTOR('',#7488,1.);
#2396=VECTOR('',#7491,1.);
#2397=VECTOR('',#7492,1.);
#2398=VECTOR('',#7495,1.);
#2399=VECTOR('',#7496,1.);
#2400=VECTOR('',#7499,1.);
#2401=VECTOR('',#7500,1.);
#2402=VECTOR('',#7503,1.);
#2403=VECTOR('',#7504,1.);
#2404=VECTOR('',#7507,1.);
#2405=VECTOR('',#7508,1.);
#2406=VECTOR('',#7511,1.);
#2407=VECTOR('',#7512,1.);
#2408=VECTOR('',#7515,1.);
#2409=VECTOR('',#7516,1.);
#2410=VECTOR('',#7519,1.);
#2411=VECTOR('',#7520,1.);
#2412=VECTOR('',#7523,1.);
#2413=VECTOR('',#7524,1.);
#2414=VECTOR('',#7527,1.);
#2415=VECTOR('',#7528,1.);
#2416=VECTOR('',#7531,1.);
#2417=VECTOR('',#7532,1.);
#2418=VECTOR('',#7535,1.);
#2419=VECTOR('',#7536,1.);
#2420=VECTOR('',#7539,1.);
#2421=VECTOR('',#7540,1.);
#2422=VECTOR('',#7543,1.);
#2423=VECTOR('',#7544,1.);
#2424=VECTOR('',#7547,1.);
#2425=VECTOR('',#7548,1.);
#2426=VECTOR('',#7551,1.);
#2427=VECTOR('',#7552,1.);
#2428=VECTOR('',#7555,1.);
#2429=VECTOR('',#7556,1.);
#2430=VECTOR('',#7559,1.);
#2431=VECTOR('',#7560,1.);
#2432=VECTOR('',#7563,1.);
#2433=VECTOR('',#7564,1.);
#2434=VECTOR('',#7567,1.);
#2435=VECTOR('',#7568,1.);
#2436=VECTOR('',#7571,1.);
#2437=VECTOR('',#7572,1.);
#2438=VECTOR('',#7575,1.);
#2439=VECTOR('',#7576,1.);
#2440=VECTOR('',#7579,1.);
#2441=VECTOR('',#7580,1.);
#2442=VECTOR('',#7583,1.);
#2443=VECTOR('',#7584,1.);
#2444=VECTOR('',#7587,1.);
#2445=VECTOR('',#7588,1.);
#2446=VECTOR('',#7591,1.);
#2447=VECTOR('',#7592,1.);
#2448=VECTOR('',#7595,1.);
#2449=VECTOR('',#7596,1.);
#2450=VECTOR('',#7599,1.);
#2451=VECTOR('',#7600,1.);
#2452=VECTOR('',#7603,1.);
#2453=VECTOR('',#7604,1.);
#2454=VECTOR('',#7607,1.);
#2455=VECTOR('',#7608,1.);
#2456=VECTOR('',#7611,1.);
#2457=VECTOR('',#7612,1.);
#2458=VECTOR('',#7615,1.);
#2459=VECTOR('',#7616,1.);
#2460=VECTOR('',#7619,1.);
#2461=VECTOR('',#7620,1.);
#2462=VECTOR('',#7623,1.);
#2463=VECTOR('',#7624,1.);
#2464=VECTOR('',#7627,1.);
#2465=VECTOR('',#7628,1.);
#2466=VECTOR('',#7631,1.);
#2467=VECTOR('',#7632,1.);
#2468=VECTOR('',#7635,1.);
#2469=VECTOR('',#7636,1.);
#2470=VECTOR('',#7639,1.);
#2471=VECTOR('',#7640,1.);
#2472=VECTOR('',#7643,1.);
#2473=VECTOR('',#7644,1.);
#2474=VECTOR('',#7647,1.);
#2475=VECTOR('',#7648,1.);
#2476=VECTOR('',#7651,1.);
#2477=VECTOR('',#7652,1.);
#2478=VECTOR('',#7655,1.);
#2479=VECTOR('',#7656,1.);
#2480=VECTOR('',#7659,1.);
#2481=VECTOR('',#7660,1.);
#2482=VECTOR('',#7663,1.);
#2483=VECTOR('',#7664,1.);
#2484=VECTOR('',#7667,1.);
#2485=VECTOR('',#7668,1.);
#2486=VECTOR('',#7671,1.);
#2487=VECTOR('',#7672,1.);
#2488=VECTOR('',#7675,1.);
#2489=VECTOR('',#7676,1.);
#2490=VECTOR('',#7679,1.);
#2491=VECTOR('',#7680,1.);
#2492=VECTOR('',#7683,1.);
#2493=VECTOR('',#7684,1.);
#2494=VECTOR('',#7687,1.);
#2495=VECTOR('',#7688,1.);
#2496=VECTOR('',#7691,1.);
#2497=VECTOR('',#7692,1.);
#2498=VECTOR('',#7695,1.);
#2499=VECTOR('',#7696,1.);
#2500=VECTOR('',#7699,1.);
#2501=VECTOR('',#7700,1.);
#2502=VECTOR('',#7703,1.);
#2503=VECTOR('',#7704,1.);
#2504=VECTOR('',#7707,1.);
#2505=VECTOR('',#7708,1.);
#2506=VECTOR('',#7711,1.);
#2507=VECTOR('',#7712,1.);
#2508=VECTOR('',#7715,1.);
#2509=VECTOR('',#7716,1.);
#2510=VECTOR('',#7719,1.);
#2511=VECTOR('',#7720,1.);
#2512=VECTOR('',#7723,1.);
#2513=VECTOR('',#7724,1.);
#2514=VECTOR('',#7727,1.);
#2515=VECTOR('',#7728,1.);
#2516=VECTOR('',#7731,1.);
#2517=VECTOR('',#7732,1.);
#2518=VECTOR('',#7735,1.);
#2519=VECTOR('',#7736,1.);
#2520=VECTOR('',#7739,1.);
#2521=VECTOR('',#7740,1.);
#2522=VECTOR('',#7743,1.);
#2523=VECTOR('',#7744,1.);
#2524=VECTOR('',#7747,1.);
#2525=VECTOR('',#7748,1.);
#2526=VECTOR('',#7751,1.);
#2527=VECTOR('',#7752,1.);
#2528=VECTOR('',#7755,1.);
#2529=VECTOR('',#7756,1.);
#2530=VECTOR('',#7759,1.);
#2531=VECTOR('',#7760,1.);
#2532=VECTOR('',#7763,1.);
#2533=VECTOR('',#7764,1.);
#2534=VECTOR('',#7767,1.);
#2535=VECTOR('',#7768,1.);
#2536=VECTOR('',#7771,1.);
#2537=VECTOR('',#7772,1.);
#2538=VECTOR('',#7775,1.);
#2539=VECTOR('',#7776,1.);
#2540=VECTOR('',#7779,1.);
#2541=VECTOR('',#7780,1.);
#2542=VECTOR('',#7783,1.);
#2543=VECTOR('',#7784,1.);
#2544=VECTOR('',#7787,1.);
#2545=VECTOR('',#7788,1.);
#2546=VECTOR('',#7791,1.);
#2547=VECTOR('',#7792,1.);
#2548=VECTOR('',#7795,1.);
#2549=VECTOR('',#7796,1.);
#2550=VECTOR('',#7799,1.);
#2551=VECTOR('',#7800,1.);
#2552=VECTOR('',#7803,1.);
#2553=VECTOR('',#7804,1.);
#2554=VECTOR('',#7807,1.);
#2555=VECTOR('',#7808,1.);
#2556=VECTOR('',#7811,1.);
#2557=VECTOR('',#7812,1.);
#2558=VECTOR('',#7815,1.);
#2559=VECTOR('',#7816,1.);
#2560=VECTOR('',#7819,1.);
#2561=VECTOR('',#7820,1.);
#2562=VECTOR('',#7823,1.);
#2563=VECTOR('',#7824,1.);
#2564=VECTOR('',#7827,1.);
#2565=VECTOR('',#7828,1.);
#2566=VECTOR('',#7831,1.);
#2567=VECTOR('',#7832,1.);
#2568=VECTOR('',#7835,1.);
#2569=VECTOR('',#7836,1.);
#2570=VECTOR('',#7839,1.);
#2571=VECTOR('',#7840,1.);
#2572=VECTOR('',#7843,1.);
#2573=VECTOR('',#7844,1.);
#2574=VECTOR('',#7847,1.);
#2575=VECTOR('',#7848,1.);
#2576=VECTOR('',#7851,1.);
#2577=VECTOR('',#7852,1.);
#2578=VECTOR('',#7855,1.);
#2579=VECTOR('',#7856,1.);
#2580=VECTOR('',#7859,1.);
#2581=VECTOR('',#7860,1.);
#2582=VECTOR('',#7863,1.);
#2583=VECTOR('',#7864,1.);
#2584=VECTOR('',#7867,1.);
#2585=VECTOR('',#7868,1.);
#2586=VECTOR('',#7871,1.);
#2587=VECTOR('',#7872,1.);
#2588=VECTOR('',#7875,1.);
#2589=VECTOR('',#7876,1.);
#2590=VECTOR('',#7879,1.);
#2591=VECTOR('',#7880,1.);
#2592=VECTOR('',#7883,1.);
#2593=VECTOR('',#7884,1.);
#2594=VECTOR('',#7887,1.);
#2595=VECTOR('',#7888,1.);
#2596=VECTOR('',#7891,1.);
#2597=VECTOR('',#7892,1.);
#2598=VECTOR('',#7895,1.);
#2599=VECTOR('',#7896,1.);
#2600=VECTOR('',#7899,1.);
#2601=VECTOR('',#7900,1.);
#2602=VECTOR('',#7903,1.);
#2603=VECTOR('',#7904,1.);
#2604=VECTOR('',#7907,1.);
#2605=VECTOR('',#7908,1.);
#2606=VECTOR('',#7911,1.);
#2607=VECTOR('',#7912,1.);
#2608=VECTOR('',#7915,1.);
#2609=VECTOR('',#7916,1.);
#2610=VECTOR('',#7919,1.);
#2611=VECTOR('',#7920,1.);
#2612=VECTOR('',#7923,1.);
#2613=VECTOR('',#7924,1.);
#2614=VECTOR('',#7927,1.);
#2615=VECTOR('',#7928,1.);
#2616=VECTOR('',#7931,1.);
#2617=VECTOR('',#7932,1.);
#2618=VECTOR('',#7935,1.);
#2619=VECTOR('',#7936,1.);
#2620=VECTOR('',#7939,1.);
#2621=VECTOR('',#7940,1.);
#2622=VECTOR('',#7943,1.);
#2623=VECTOR('',#7944,1.);
#2624=VECTOR('',#7947,1.);
#2625=VECTOR('',#7948,1.);
#2626=VECTOR('',#7951,1.);
#2627=VECTOR('',#7952,1.);
#2628=VECTOR('',#7955,1.);
#2629=VECTOR('',#7956,1.);
#2630=VECTOR('',#7959,1.);
#2631=VECTOR('',#7960,1.);
#2632=VECTOR('',#7963,1.);
#2633=VECTOR('',#7964,1.);
#2634=VECTOR('',#7967,1.);
#2635=VECTOR('',#7968,1.);
#2636=VECTOR('',#7971,1.);
#2637=VECTOR('',#7972,1.);
#2638=VECTOR('',#7975,1.);
#2639=VECTOR('',#7976,1.);
#2640=VECTOR('',#7979,1.);
#2641=VECTOR('',#7980,1.);
#2642=VECTOR('',#7983,1.);
#2643=VECTOR('',#7984,1.);
#2644=VECTOR('',#7987,1.);
#2645=VECTOR('',#7988,1.);
#2646=VECTOR('',#7991,1.);
#2647=VECTOR('',#7992,1.);
#2648=VECTOR('',#7995,1.);
#2649=VECTOR('',#7996,1.);
#2650=VECTOR('',#7999,1.);
#2651=VECTOR('',#8000,1.);
#2652=VECTOR('',#8003,1.);
#2653=VECTOR('',#8004,1.);
#2654=VECTOR('',#8007,1.);
#2655=VECTOR('',#8008,1.);
#2656=VECTOR('',#8011,1.);
#2657=VECTOR('',#8012,1.);
#2658=VECTOR('',#8015,1.);
#2659=VECTOR('',#8016,1.);
#2660=VECTOR('',#8019,1.);
#2661=VECTOR('',#8020,1.);
#2662=VECTOR('',#8023,1.);
#2663=VECTOR('',#8024,1.);
#2664=VECTOR('',#8027,1.);
#2665=VECTOR('',#8028,1.);
#2666=VECTOR('',#8031,1.);
#2667=VECTOR('',#8032,1.);
#2668=VECTOR('',#8035,1.);
#2669=VECTOR('',#8036,1.);
#2670=VECTOR('',#8039,1.);
#2671=VECTOR('',#8040,1.);
#2672=VECTOR('',#8043,1.);
#2673=VECTOR('',#8044,1.);
#2674=VECTOR('',#8047,1.);
#2675=VECTOR('',#8048,1.);
#2676=VECTOR('',#8051,1.);
#2677=VECTOR('',#8052,1.);
#2678=VECTOR('',#8055,1.);
#2679=VECTOR('',#8056,1.);
#2680=VECTOR('',#8059,1.);
#2681=VECTOR('',#8060,1.);
#2682=VECTOR('',#8063,1.);
#2683=VECTOR('',#8064,1.);
#2684=VECTOR('',#8067,1.);
#2685=VECTOR('',#8068,1.);
#2686=VECTOR('',#8071,1.);
#2687=VECTOR('',#8072,1.);
#2688=VECTOR('',#8075,1.);
#2689=VECTOR('',#8076,1.);
#2690=VECTOR('',#8079,1.);
#2691=VECTOR('',#8080,1.);
#2692=VECTOR('',#8083,1.);
#2693=VECTOR('',#8084,1.);
#2694=VECTOR('',#8087,1.);
#2695=VECTOR('',#8088,1.);
#2696=VECTOR('',#8091,1.);
#2697=VECTOR('',#8092,1.);
#2698=VECTOR('',#8095,1.);
#2699=VECTOR('',#8096,1.);
#2700=VECTOR('',#8099,1.);
#2701=VECTOR('',#8100,1.);
#2702=VECTOR('',#8103,1.);
#2703=VECTOR('',#8104,1.);
#2704=VECTOR('',#8107,1.);
#2705=VECTOR('',#8108,1.);
#2706=VECTOR('',#8111,1.);
#2707=VECTOR('',#8112,1.);
#2708=VECTOR('',#8115,1.);
#2709=VECTOR('',#8116,1.);
#2710=VECTOR('',#8119,1.);
#2711=VECTOR('',#8120,1.);
#2712=VECTOR('',#8123,1.);
#2713=VECTOR('',#8124,1.);
#2714=VECTOR('',#8127,1.);
#2715=VECTOR('',#8128,1.);
#2716=VECTOR('',#8131,1.);
#2717=VECTOR('',#8132,1.);
#2718=VECTOR('',#8135,1.);
#2719=VECTOR('',#8136,1.);
#2720=VECTOR('',#8139,1.);
#2721=CIRCLE('',#6331,0.3);
#2722=CIRCLE('',#6332,0.3);
#2723=VERTEX_POINT('',#8144);
#2724=VERTEX_POINT('',#8146);
#2725=VERTEX_POINT('',#8150);
#2726=VERTEX_POINT('',#8151);
#2727=VERTEX_POINT('',#8153);
#2728=VERTEX_POINT('',#8155);
#2729=VERTEX_POINT('',#8159);
#2730=VERTEX_POINT('',#8161);
#2731=VERTEX_POINT('',#8165);
#2732=VERTEX_POINT('',#8169);
#2733=VERTEX_POINT('',#8170);
#2734=VERTEX_POINT('',#8172);
#2735=VERTEX_POINT('',#8174);
#2736=VERTEX_POINT('',#8178);
#2737=VERTEX_POINT('',#8180);
#2738=VERTEX_POINT('',#8184);
#2739=VERTEX_POINT('',#8186);
#2740=VERTEX_POINT('',#8190);
#2741=VERTEX_POINT('',#8200);
#2742=VERTEX_POINT('',#8201);
#2743=VERTEX_POINT('',#8203);
#2744=VERTEX_POINT('',#8205);
#2745=VERTEX_POINT('',#8207);
#2746=VERTEX_POINT('',#8209);
#2747=VERTEX_POINT('',#8211);
#2748=VERTEX_POINT('',#8213);
#2749=VERTEX_POINT('',#8215);
#2750=VERTEX_POINT('',#8217);
#2751=VERTEX_POINT('',#8219);
#2752=VERTEX_POINT('',#8221);
#2753=VERTEX_POINT('',#8223);
#2754=VERTEX_POINT('',#8225);
#2755=VERTEX_POINT('',#8227);
#2756=VERTEX_POINT('',#8229);
#2757=VERTEX_POINT('',#8231);
#2758=VERTEX_POINT('',#8233);
#2759=VERTEX_POINT('',#8235);
#2760=VERTEX_POINT('',#8237);
#2761=VERTEX_POINT('',#8239);
#2762=VERTEX_POINT('',#8241);
#2763=VERTEX_POINT('',#8243);
#2764=VERTEX_POINT('',#8245);
#2765=VERTEX_POINT('',#8247);
#2766=VERTEX_POINT('',#8249);
#2767=VERTEX_POINT('',#8251);
#2768=VERTEX_POINT('',#8253);
#2769=VERTEX_POINT('',#8255);
#2770=VERTEX_POINT('',#8257);
#2771=VERTEX_POINT('',#8259);
#2772=VERTEX_POINT('',#8261);
#2773=VERTEX_POINT('',#8263);
#2774=VERTEX_POINT('',#8265);
#2775=VERTEX_POINT('',#8267);
#2776=VERTEX_POINT('',#8269);
#2777=VERTEX_POINT('',#8271);
#2778=VERTEX_POINT('',#8273);
#2779=VERTEX_POINT('',#8275);
#2780=VERTEX_POINT('',#8277);
#2781=VERTEX_POINT('',#8279);
#2782=VERTEX_POINT('',#8281);
#2783=VERTEX_POINT('',#8283);
#2784=VERTEX_POINT('',#8285);
#2785=VERTEX_POINT('',#8287);
#2786=VERTEX_POINT('',#8289);
#2787=VERTEX_POINT('',#8291);
#2788=VERTEX_POINT('',#8293);
#2789=VERTEX_POINT('',#8295);
#2790=VERTEX_POINT('',#8297);
#2791=VERTEX_POINT('',#8299);
#2792=VERTEX_POINT('',#8301);
#2793=VERTEX_POINT('',#8303);
#2794=VERTEX_POINT('',#8305);
#2795=VERTEX_POINT('',#8307);
#2796=VERTEX_POINT('',#8309);
#2797=VERTEX_POINT('',#8311);
#2798=VERTEX_POINT('',#8313);
#2799=VERTEX_POINT('',#8315);
#2800=VERTEX_POINT('',#8317);
#2801=VERTEX_POINT('',#8319);
#2802=VERTEX_POINT('',#8321);
#2803=VERTEX_POINT('',#8323);
#2804=VERTEX_POINT('',#8325);
#2805=VERTEX_POINT('',#8327);
#2806=VERTEX_POINT('',#8329);
#2807=VERTEX_POINT('',#8331);
#2808=VERTEX_POINT('',#8333);
#2809=VERTEX_POINT('',#8335);
#2810=VERTEX_POINT('',#8337);
#2811=VERTEX_POINT('',#8339);
#2812=VERTEX_POINT('',#8341);
#2813=VERTEX_POINT('',#8343);
#2814=VERTEX_POINT('',#8345);
#2815=VERTEX_POINT('',#8347);
#2816=VERTEX_POINT('',#8349);
#2817=VERTEX_POINT('',#8351);
#2818=VERTEX_POINT('',#8353);
#2819=VERTEX_POINT('',#8355);
#2820=VERTEX_POINT('',#8357);
#2821=VERTEX_POINT('',#8359);
#2822=VERTEX_POINT('',#8361);
#2823=VERTEX_POINT('',#8363);
#2824=VERTEX_POINT('',#8365);
#2825=VERTEX_POINT('',#8367);
#2826=VERTEX_POINT('',#8369);
#2827=VERTEX_POINT('',#8371);
#2828=VERTEX_POINT('',#8373);
#2829=VERTEX_POINT('',#8375);
#2830=VERTEX_POINT('',#8377);
#2831=VERTEX_POINT('',#8379);
#2832=VERTEX_POINT('',#8381);
#2833=VERTEX_POINT('',#8383);
#2834=VERTEX_POINT('',#8385);
#2835=VERTEX_POINT('',#8387);
#2836=VERTEX_POINT('',#8389);
#2837=VERTEX_POINT('',#8391);
#2838=VERTEX_POINT('',#8393);
#2839=VERTEX_POINT('',#8395);
#2840=VERTEX_POINT('',#8397);
#2841=VERTEX_POINT('',#8399);
#2842=VERTEX_POINT('',#8401);
#2843=VERTEX_POINT('',#8403);
#2844=VERTEX_POINT('',#8405);
#2845=VERTEX_POINT('',#8407);
#2846=VERTEX_POINT('',#8409);
#2847=VERTEX_POINT('',#8411);
#2848=VERTEX_POINT('',#8413);
#2849=VERTEX_POINT('',#8415);
#2850=VERTEX_POINT('',#8417);
#2851=VERTEX_POINT('',#8419);
#2852=VERTEX_POINT('',#8421);
#2853=VERTEX_POINT('',#8423);
#2854=VERTEX_POINT('',#8425);
#2855=VERTEX_POINT('',#8427);
#2856=VERTEX_POINT('',#8429);
#2857=VERTEX_POINT('',#8431);
#2858=VERTEX_POINT('',#8433);
#2859=VERTEX_POINT('',#8435);
#2860=VERTEX_POINT('',#8437);
#2861=VERTEX_POINT('',#8439);
#2862=VERTEX_POINT('',#8441);
#2863=VERTEX_POINT('',#8443);
#2864=VERTEX_POINT('',#8445);
#2865=VERTEX_POINT('',#8447);
#2866=VERTEX_POINT('',#8449);
#2867=VERTEX_POINT('',#8451);
#2868=VERTEX_POINT('',#8453);
#2869=VERTEX_POINT('',#8455);
#2870=VERTEX_POINT('',#8457);
#2871=VERTEX_POINT('',#8459);
#2872=VERTEX_POINT('',#8461);
#2873=VERTEX_POINT('',#8463);
#2874=VERTEX_POINT('',#8465);
#2875=VERTEX_POINT('',#8467);
#2876=VERTEX_POINT('',#8469);
#2877=VERTEX_POINT('',#8471);
#2878=VERTEX_POINT('',#8473);
#2879=VERTEX_POINT('',#8475);
#2880=VERTEX_POINT('',#8477);
#2881=VERTEX_POINT('',#8479);
#2882=VERTEX_POINT('',#8481);
#2883=VERTEX_POINT('',#8483);
#2884=VERTEX_POINT('',#8485);
#2885=VERTEX_POINT('',#8487);
#2886=VERTEX_POINT('',#8489);
#2887=VERTEX_POINT('',#8491);
#2888=VERTEX_POINT('',#8493);
#2889=VERTEX_POINT('',#8495);
#2890=VERTEX_POINT('',#8497);
#2891=VERTEX_POINT('',#8499);
#2892=VERTEX_POINT('',#8501);
#2893=VERTEX_POINT('',#8503);
#2894=VERTEX_POINT('',#8505);
#2895=VERTEX_POINT('',#8507);
#2896=VERTEX_POINT('',#8509);
#2897=VERTEX_POINT('',#8511);
#2898=VERTEX_POINT('',#8513);
#2899=VERTEX_POINT('',#8515);
#2900=VERTEX_POINT('',#8517);
#2901=VERTEX_POINT('',#8519);
#2902=VERTEX_POINT('',#8521);
#2903=VERTEX_POINT('',#8523);
#2904=VERTEX_POINT('',#8525);
#2905=VERTEX_POINT('',#8527);
#2906=VERTEX_POINT('',#8529);
#2907=VERTEX_POINT('',#8531);
#2908=VERTEX_POINT('',#8533);
#2909=VERTEX_POINT('',#8535);
#2910=VERTEX_POINT('',#8537);
#2911=VERTEX_POINT('',#8539);
#2912=VERTEX_POINT('',#8541);
#2913=VERTEX_POINT('',#8543);
#2914=VERTEX_POINT('',#8545);
#2915=VERTEX_POINT('',#8547);
#2916=VERTEX_POINT('',#8549);
#2917=VERTEX_POINT('',#8551);
#2918=VERTEX_POINT('',#8553);
#2919=VERTEX_POINT('',#8555);
#2920=VERTEX_POINT('',#8557);
#2921=VERTEX_POINT('',#8559);
#2922=VERTEX_POINT('',#8561);
#2923=VERTEX_POINT('',#8563);
#2924=VERTEX_POINT('',#8565);
#2925=VERTEX_POINT('',#8567);
#2926=VERTEX_POINT('',#8569);
#2927=VERTEX_POINT('',#8571);
#2928=VERTEX_POINT('',#8573);
#2929=VERTEX_POINT('',#8575);
#2930=VERTEX_POINT('',#8577);
#2931=VERTEX_POINT('',#8579);
#2932=VERTEX_POINT('',#8581);
#2933=VERTEX_POINT('',#8583);
#2934=VERTEX_POINT('',#8585);
#2935=VERTEX_POINT('',#8587);
#2936=VERTEX_POINT('',#8589);
#2937=VERTEX_POINT('',#8591);
#2938=VERTEX_POINT('',#8593);
#2939=VERTEX_POINT('',#8595);
#2940=VERTEX_POINT('',#8597);
#2941=VERTEX_POINT('',#8599);
#2942=VERTEX_POINT('',#8601);
#2943=VERTEX_POINT('',#8603);
#2944=VERTEX_POINT('',#8605);
#2945=VERTEX_POINT('',#8607);
#2946=VERTEX_POINT('',#8609);
#2947=VERTEX_POINT('',#8611);
#2948=VERTEX_POINT('',#8613);
#2949=VERTEX_POINT('',#8615);
#2950=VERTEX_POINT('',#8617);
#2951=VERTEX_POINT('',#8619);
#2952=VERTEX_POINT('',#8621);
#2953=VERTEX_POINT('',#8623);
#2954=VERTEX_POINT('',#8625);
#2955=VERTEX_POINT('',#8627);
#2956=VERTEX_POINT('',#8629);
#2957=VERTEX_POINT('',#8631);
#2958=VERTEX_POINT('',#8633);
#2959=VERTEX_POINT('',#8635);
#2960=VERTEX_POINT('',#8637);
#2961=VERTEX_POINT('',#8639);
#2962=VERTEX_POINT('',#8641);
#2963=VERTEX_POINT('',#8643);
#2964=VERTEX_POINT('',#8645);
#2965=VERTEX_POINT('',#8647);
#2966=VERTEX_POINT('',#8649);
#2967=VERTEX_POINT('',#8651);
#2968=VERTEX_POINT('',#8653);
#2969=VERTEX_POINT('',#8655);
#2970=VERTEX_POINT('',#8657);
#2971=VERTEX_POINT('',#8659);
#2972=VERTEX_POINT('',#8661);
#2973=VERTEX_POINT('',#8663);
#2974=VERTEX_POINT('',#8665);
#2975=VERTEX_POINT('',#8667);
#2976=VERTEX_POINT('',#8669);
#2977=VERTEX_POINT('',#8671);
#2978=VERTEX_POINT('',#8673);
#2979=VERTEX_POINT('',#8675);
#2980=VERTEX_POINT('',#8677);
#2981=VERTEX_POINT('',#8679);
#2982=VERTEX_POINT('',#8681);
#2983=VERTEX_POINT('',#8683);
#2984=VERTEX_POINT('',#8685);
#2985=VERTEX_POINT('',#8687);
#2986=VERTEX_POINT('',#8689);
#2987=VERTEX_POINT('',#8691);
#2988=VERTEX_POINT('',#8693);
#2989=VERTEX_POINT('',#8695);
#2990=VERTEX_POINT('',#8697);
#2991=VERTEX_POINT('',#8699);
#2992=VERTEX_POINT('',#8701);
#2993=VERTEX_POINT('',#8703);
#2994=VERTEX_POINT('',#8705);
#2995=VERTEX_POINT('',#8707);
#2996=VERTEX_POINT('',#8709);
#2997=VERTEX_POINT('',#8711);
#2998=VERTEX_POINT('',#8713);
#2999=VERTEX_POINT('',#8715);
#3000=VERTEX_POINT('',#8717);
#3001=VERTEX_POINT('',#8719);
#3002=VERTEX_POINT('',#8721);
#3003=VERTEX_POINT('',#8723);
#3004=VERTEX_POINT('',#8725);
#3005=VERTEX_POINT('',#8727);
#3006=VERTEX_POINT('',#8729);
#3007=VERTEX_POINT('',#8731);
#3008=VERTEX_POINT('',#8733);
#3009=VERTEX_POINT('',#8735);
#3010=VERTEX_POINT('',#8737);
#3011=VERTEX_POINT('',#8739);
#3012=VERTEX_POINT('',#8741);
#3013=VERTEX_POINT('',#8743);
#3014=VERTEX_POINT('',#8745);
#3015=VERTEX_POINT('',#8747);
#3016=VERTEX_POINT('',#8749);
#3017=VERTEX_POINT('',#8751);
#3018=VERTEX_POINT('',#8753);
#3019=VERTEX_POINT('',#8755);
#3020=VERTEX_POINT('',#8757);
#3021=VERTEX_POINT('',#8759);
#3022=VERTEX_POINT('',#8761);
#3023=VERTEX_POINT('',#8763);
#3024=VERTEX_POINT('',#8765);
#3025=VERTEX_POINT('',#8767);
#3026=VERTEX_POINT('',#8769);
#3027=VERTEX_POINT('',#8771);
#3028=VERTEX_POINT('',#8773);
#3029=VERTEX_POINT('',#8775);
#3030=VERTEX_POINT('',#8777);
#3031=VERTEX_POINT('',#8781);
#3032=VERTEX_POINT('',#8783);
#3033=VERTEX_POINT('',#8787);
#3034=VERTEX_POINT('',#8791);
#3035=VERTEX_POINT('',#8795);
#3036=VERTEX_POINT('',#8799);
#3037=VERTEX_POINT('',#8803);
#3038=VERTEX_POINT('',#8807);
#3039=VERTEX_POINT('',#8811);
#3040=VERTEX_POINT('',#8815);
#3041=VERTEX_POINT('',#8819);
#3042=VERTEX_POINT('',#8823);
#3043=VERTEX_POINT('',#8827);
#3044=VERTEX_POINT('',#8831);
#3045=VERTEX_POINT('',#8835);
#3046=VERTEX_POINT('',#8839);
#3047=VERTEX_POINT('',#8843);
#3048=VERTEX_POINT('',#8847);
#3049=VERTEX_POINT('',#8851);
#3050=VERTEX_POINT('',#8855);
#3051=VERTEX_POINT('',#8859);
#3052=VERTEX_POINT('',#8863);
#3053=VERTEX_POINT('',#8867);
#3054=VERTEX_POINT('',#8871);
#3055=VERTEX_POINT('',#8875);
#3056=VERTEX_POINT('',#8879);
#3057=VERTEX_POINT('',#8883);
#3058=VERTEX_POINT('',#8887);
#3059=VERTEX_POINT('',#8891);
#3060=VERTEX_POINT('',#8895);
#3061=VERTEX_POINT('',#8899);
#3062=VERTEX_POINT('',#8903);
#3063=VERTEX_POINT('',#8907);
#3064=VERTEX_POINT('',#8911);
#3065=VERTEX_POINT('',#8915);
#3066=VERTEX_POINT('',#8919);
#3067=VERTEX_POINT('',#8923);
#3068=VERTEX_POINT('',#8927);
#3069=VERTEX_POINT('',#8931);
#3070=VERTEX_POINT('',#8935);
#3071=VERTEX_POINT('',#8939);
#3072=VERTEX_POINT('',#8943);
#3073=VERTEX_POINT('',#8947);
#3074=VERTEX_POINT('',#8951);
#3075=VERTEX_POINT('',#8955);
#3076=VERTEX_POINT('',#8959);
#3077=VERTEX_POINT('',#8963);
#3078=VERTEX_POINT('',#8967);
#3079=VERTEX_POINT('',#8971);
#3080=VERTEX_POINT('',#8975);
#3081=VERTEX_POINT('',#8979);
#3082=VERTEX_POINT('',#8983);
#3083=VERTEX_POINT('',#8987);
#3084=VERTEX_POINT('',#8991);
#3085=VERTEX_POINT('',#8995);
#3086=VERTEX_POINT('',#8999);
#3087=VERTEX_POINT('',#9003);
#3088=VERTEX_POINT('',#9007);
#3089=VERTEX_POINT('',#9011);
#3090=VERTEX_POINT('',#9015);
#3091=VERTEX_POINT('',#9019);
#3092=VERTEX_POINT('',#9023);
#3093=VERTEX_POINT('',#9027);
#3094=VERTEX_POINT('',#9031);
#3095=VERTEX_POINT('',#9035);
#3096=VERTEX_POINT('',#9039);
#3097=VERTEX_POINT('',#9043);
#3098=VERTEX_POINT('',#9047);
#3099=VERTEX_POINT('',#9051);
#3100=VERTEX_POINT('',#9055);
#3101=VERTEX_POINT('',#9059);
#3102=VERTEX_POINT('',#9063);
#3103=VERTEX_POINT('',#9067);
#3104=VERTEX_POINT('',#9071);
#3105=VERTEX_POINT('',#9075);
#3106=VERTEX_POINT('',#9079);
#3107=VERTEX_POINT('',#9083);
#3108=VERTEX_POINT('',#9087);
#3109=VERTEX_POINT('',#9091);
#3110=VERTEX_POINT('',#9095);
#3111=VERTEX_POINT('',#9099);
#3112=VERTEX_POINT('',#9103);
#3113=VERTEX_POINT('',#9107);
#3114=VERTEX_POINT('',#9111);
#3115=VERTEX_POINT('',#9115);
#3116=VERTEX_POINT('',#9119);
#3117=VERTEX_POINT('',#9123);
#3118=VERTEX_POINT('',#9127);
#3119=VERTEX_POINT('',#9131);
#3120=VERTEX_POINT('',#9135);
#3121=VERTEX_POINT('',#9139);
#3122=VERTEX_POINT('',#9143);
#3123=VERTEX_POINT('',#9147);
#3124=VERTEX_POINT('',#9151);
#3125=VERTEX_POINT('',#9155);
#3126=VERTEX_POINT('',#9159);
#3127=VERTEX_POINT('',#9163);
#3128=VERTEX_POINT('',#9167);
#3129=VERTEX_POINT('',#9171);
#3130=VERTEX_POINT('',#9175);
#3131=VERTEX_POINT('',#9179);
#3132=VERTEX_POINT('',#9183);
#3133=VERTEX_POINT('',#9187);
#3134=VERTEX_POINT('',#9191);
#3135=VERTEX_POINT('',#9195);
#3136=VERTEX_POINT('',#9199);
#3137=VERTEX_POINT('',#9203);
#3138=VERTEX_POINT('',#9207);
#3139=VERTEX_POINT('',#9211);
#3140=VERTEX_POINT('',#9215);
#3141=VERTEX_POINT('',#9219);
#3142=VERTEX_POINT('',#9223);
#3143=VERTEX_POINT('',#9227);
#3144=VERTEX_POINT('',#9231);
#3145=VERTEX_POINT('',#9235);
#3146=VERTEX_POINT('',#9239);
#3147=VERTEX_POINT('',#9243);
#3148=VERTEX_POINT('',#9247);
#3149=VERTEX_POINT('',#9251);
#3150=VERTEX_POINT('',#9255);
#3151=VERTEX_POINT('',#9259);
#3152=VERTEX_POINT('',#9263);
#3153=VERTEX_POINT('',#9267);
#3154=VERTEX_POINT('',#9271);
#3155=VERTEX_POINT('',#9275);
#3156=VERTEX_POINT('',#9279);
#3157=VERTEX_POINT('',#9283);
#3158=VERTEX_POINT('',#9287);
#3159=VERTEX_POINT('',#9291);
#3160=VERTEX_POINT('',#9295);
#3161=VERTEX_POINT('',#9299);
#3162=VERTEX_POINT('',#9303);
#3163=VERTEX_POINT('',#9307);
#3164=VERTEX_POINT('',#9311);
#3165=VERTEX_POINT('',#9315);
#3166=VERTEX_POINT('',#9319);
#3167=VERTEX_POINT('',#9323);
#3168=VERTEX_POINT('',#9327);
#3169=VERTEX_POINT('',#9331);
#3170=VERTEX_POINT('',#9335);
#3171=VERTEX_POINT('',#9339);
#3172=VERTEX_POINT('',#9343);
#3173=VERTEX_POINT('',#9347);
#3174=VERTEX_POINT('',#9351);
#3175=VERTEX_POINT('',#9355);
#3176=VERTEX_POINT('',#9359);
#3177=VERTEX_POINT('',#9363);
#3178=VERTEX_POINT('',#9367);
#3179=VERTEX_POINT('',#9371);
#3180=VERTEX_POINT('',#9375);
#3181=VERTEX_POINT('',#9379);
#3182=VERTEX_POINT('',#9383);
#3183=VERTEX_POINT('',#9387);
#3184=VERTEX_POINT('',#9391);
#3185=VERTEX_POINT('',#9395);
#3186=VERTEX_POINT('',#9399);
#3187=VERTEX_POINT('',#9403);
#3188=VERTEX_POINT('',#9407);
#3189=VERTEX_POINT('',#9411);
#3190=VERTEX_POINT('',#9415);
#3191=VERTEX_POINT('',#9419);
#3192=VERTEX_POINT('',#9423);
#3193=VERTEX_POINT('',#9427);
#3194=VERTEX_POINT('',#9431);
#3195=VERTEX_POINT('',#9435);
#3196=VERTEX_POINT('',#9439);
#3197=VERTEX_POINT('',#9443);
#3198=VERTEX_POINT('',#9447);
#3199=VERTEX_POINT('',#9451);
#3200=VERTEX_POINT('',#9455);
#3201=VERTEX_POINT('',#9459);
#3202=VERTEX_POINT('',#9463);
#3203=VERTEX_POINT('',#9467);
#3204=VERTEX_POINT('',#9471);
#3205=VERTEX_POINT('',#9475);
#3206=VERTEX_POINT('',#9479);
#3207=VERTEX_POINT('',#9483);
#3208=VERTEX_POINT('',#9487);
#3209=VERTEX_POINT('',#9491);
#3210=VERTEX_POINT('',#9495);
#3211=VERTEX_POINT('',#9499);
#3212=VERTEX_POINT('',#9503);
#3213=VERTEX_POINT('',#9507);
#3214=VERTEX_POINT('',#9511);
#3215=VERTEX_POINT('',#9515);
#3216=VERTEX_POINT('',#9519);
#3217=VERTEX_POINT('',#9523);
#3218=VERTEX_POINT('',#9527);
#3219=VERTEX_POINT('',#9531);
#3220=VERTEX_POINT('',#9535);
#3221=VERTEX_POINT('',#9539);
#3222=VERTEX_POINT('',#9543);
#3223=VERTEX_POINT('',#9547);
#3224=VERTEX_POINT('',#9551);
#3225=VERTEX_POINT('',#9555);
#3226=VERTEX_POINT('',#9559);
#3227=VERTEX_POINT('',#9563);
#3228=VERTEX_POINT('',#9567);
#3229=VERTEX_POINT('',#9571);
#3230=VERTEX_POINT('',#9575);
#3231=VERTEX_POINT('',#9579);
#3232=VERTEX_POINT('',#9583);
#3233=VERTEX_POINT('',#9587);
#3234=VERTEX_POINT('',#9591);
#3235=VERTEX_POINT('',#9595);
#3236=VERTEX_POINT('',#9599);
#3237=VERTEX_POINT('',#9603);
#3238=VERTEX_POINT('',#9607);
#3239=VERTEX_POINT('',#9611);
#3240=VERTEX_POINT('',#9615);
#3241=VERTEX_POINT('',#9619);
#3242=VERTEX_POINT('',#9623);
#3243=VERTEX_POINT('',#9627);
#3244=VERTEX_POINT('',#9631);
#3245=VERTEX_POINT('',#9635);
#3246=VERTEX_POINT('',#9639);
#3247=VERTEX_POINT('',#9643);
#3248=VERTEX_POINT('',#9647);
#3249=VERTEX_POINT('',#9651);
#3250=VERTEX_POINT('',#9655);
#3251=VERTEX_POINT('',#9659);
#3252=VERTEX_POINT('',#9663);
#3253=VERTEX_POINT('',#9667);
#3254=VERTEX_POINT('',#9671);
#3255=VERTEX_POINT('',#9675);
#3256=VERTEX_POINT('',#9679);
#3257=VERTEX_POINT('',#9683);
#3258=VERTEX_POINT('',#9687);
#3259=VERTEX_POINT('',#9691);
#3260=VERTEX_POINT('',#9695);
#3261=VERTEX_POINT('',#9699);
#3262=VERTEX_POINT('',#9703);
#3263=VERTEX_POINT('',#9707);
#3264=VERTEX_POINT('',#9711);
#3265=VERTEX_POINT('',#9715);
#3266=VERTEX_POINT('',#9719);
#3267=VERTEX_POINT('',#9723);
#3268=VERTEX_POINT('',#9727);
#3269=VERTEX_POINT('',#9731);
#3270=VERTEX_POINT('',#9735);
#3271=VERTEX_POINT('',#9739);
#3272=VERTEX_POINT('',#9743);
#3273=VERTEX_POINT('',#9747);
#3274=VERTEX_POINT('',#9751);
#3275=VERTEX_POINT('',#9755);
#3276=VERTEX_POINT('',#9759);
#3277=VERTEX_POINT('',#9763);
#3278=VERTEX_POINT('',#9767);
#3279=VERTEX_POINT('',#9771);
#3280=VERTEX_POINT('',#9775);
#3281=VERTEX_POINT('',#9779);
#3282=VERTEX_POINT('',#9783);
#3283=VERTEX_POINT('',#9787);
#3284=VERTEX_POINT('',#9791);
#3285=VERTEX_POINT('',#9795);
#3286=VERTEX_POINT('',#9799);
#3287=VERTEX_POINT('',#9803);
#3288=VERTEX_POINT('',#9807);
#3289=VERTEX_POINT('',#9811);
#3290=VERTEX_POINT('',#9815);
#3291=VERTEX_POINT('',#9819);
#3292=VERTEX_POINT('',#9823);
#3293=VERTEX_POINT('',#9827);
#3294=VERTEX_POINT('',#9831);
#3295=VERTEX_POINT('',#9835);
#3296=VERTEX_POINT('',#9839);
#3297=VERTEX_POINT('',#9843);
#3298=VERTEX_POINT('',#9847);
#3299=VERTEX_POINT('',#9851);
#3300=VERTEX_POINT('',#9855);
#3301=VERTEX_POINT('',#9859);
#3302=VERTEX_POINT('',#9863);
#3303=VERTEX_POINT('',#9867);
#3304=VERTEX_POINT('',#9871);
#3305=VERTEX_POINT('',#9875);
#3306=VERTEX_POINT('',#9879);
#3307=VERTEX_POINT('',#9883);
#3308=VERTEX_POINT('',#9887);
#3309=VERTEX_POINT('',#9891);
#3310=VERTEX_POINT('',#9895);
#3311=VERTEX_POINT('',#9899);
#3312=VERTEX_POINT('',#9903);
#3313=VERTEX_POINT('',#9907);
#3314=VERTEX_POINT('',#9911);
#3315=VERTEX_POINT('',#9915);
#3316=VERTEX_POINT('',#9919);
#3317=VERTEX_POINT('',#9923);
#3318=VERTEX_POINT('',#9927);
#3319=VERTEX_POINT('',#9931);
#3320=VERTEX_POINT('',#9935);
#3321=EDGE_CURVE('',#2723,#2723,#2721,.T.);
#3322=EDGE_CURVE('',#2723,#2724,#931,.T.);
#3323=EDGE_CURVE('',#2724,#2724,#2722,.T.);
#3324=EDGE_CURVE('',#2725,#2726,#932,.T.);
#3325=EDGE_CURVE('',#2727,#2725,#933,.T.);
#3326=EDGE_CURVE('',#2728,#2727,#934,.T.);
#3327=EDGE_CURVE('',#2726,#2728,#935,.T.);
#3328=EDGE_CURVE('',#2727,#2729,#936,.T.);
#3329=EDGE_CURVE('',#2730,#2729,#937,.T.);
#3330=EDGE_CURVE('',#2728,#2730,#938,.T.);
#3331=EDGE_CURVE('',#2725,#2731,#939,.T.);
#3332=EDGE_CURVE('',#2729,#2731,#940,.T.);
#3333=EDGE_CURVE('',#2732,#2733,#941,.T.);
#3334=EDGE_CURVE('',#2732,#2734,#942,.T.);
#3335=EDGE_CURVE('',#2735,#2734,#943,.T.);
#3336=EDGE_CURVE('',#2733,#2735,#944,.T.);
#3337=EDGE_CURVE('',#2736,#2732,#945,.T.);
#3338=EDGE_CURVE('',#2736,#2737,#946,.T.);
#3339=EDGE_CURVE('',#2734,#2737,#947,.T.);
#3340=EDGE_CURVE('',#2733,#2738,#948,.T.);
#3341=EDGE_CURVE('',#2739,#2735,#949,.T.);
#3342=EDGE_CURVE('',#2738,#2739,#950,.T.);
#3343=EDGE_CURVE('',#2726,#2740,#951,.T.);
#3344=EDGE_CURVE('',#2731,#2740,#952,.T.);
#3345=EDGE_CURVE('',#2738,#2736,#953,.T.);
#3346=EDGE_CURVE('',#2737,#2739,#954,.T.);
#3347=EDGE_CURVE('',#2740,#2730,#955,.T.);
#3348=EDGE_CURVE('',#2741,#2742,#956,.T.);
#3349=EDGE_CURVE('',#2743,#2741,#957,.T.);
#3350=EDGE_CURVE('',#2744,#2743,#958,.T.);
#3351=EDGE_CURVE('',#2745,#2744,#959,.T.);
#3352=EDGE_CURVE('',#2746,#2745,#960,.T.);
#3353=EDGE_CURVE('',#2747,#2746,#961,.T.);
#3354=EDGE_CURVE('',#2748,#2747,#962,.T.);
#3355=EDGE_CURVE('',#2749,#2748,#963,.T.);
#3356=EDGE_CURVE('',#2750,#2749,#964,.T.);
#3357=EDGE_CURVE('',#2751,#2750,#965,.T.);
#3358=EDGE_CURVE('',#2752,#2751,#966,.T.);
#3359=EDGE_CURVE('',#2753,#2752,#967,.T.);
#3360=EDGE_CURVE('',#2754,#2753,#968,.T.);
#3361=EDGE_CURVE('',#2755,#2754,#969,.T.);
#3362=EDGE_CURVE('',#2756,#2755,#970,.T.);
#3363=EDGE_CURVE('',#2757,#2756,#971,.T.);
#3364=EDGE_CURVE('',#2758,#2757,#972,.T.);
#3365=EDGE_CURVE('',#2759,#2758,#973,.T.);
#3366=EDGE_CURVE('',#2760,#2759,#974,.T.);
#3367=EDGE_CURVE('',#2761,#2760,#975,.T.);
#3368=EDGE_CURVE('',#2762,#2761,#976,.T.);
#3369=EDGE_CURVE('',#2763,#2762,#977,.T.);
#3370=EDGE_CURVE('',#2764,#2763,#978,.T.);
#3371=EDGE_CURVE('',#2765,#2764,#979,.T.);
#3372=EDGE_CURVE('',#2766,#2765,#980,.T.);
#3373=EDGE_CURVE('',#2767,#2766,#981,.T.);
#3374=EDGE_CURVE('',#2768,#2767,#982,.T.);
#3375=EDGE_CURVE('',#2769,#2768,#983,.T.);
#3376=EDGE_CURVE('',#2770,#2769,#984,.T.);
#3377=EDGE_CURVE('',#2771,#2770,#985,.T.);
#3378=EDGE_CURVE('',#2772,#2771,#986,.T.);
#3379=EDGE_CURVE('',#2773,#2772,#987,.T.);
#3380=EDGE_CURVE('',#2774,#2773,#988,.T.);
#3381=EDGE_CURVE('',#2775,#2774,#989,.T.);
#3382=EDGE_CURVE('',#2776,#2775,#990,.T.);
#3383=EDGE_CURVE('',#2777,#2776,#991,.T.);
#3384=EDGE_CURVE('',#2778,#2777,#992,.T.);
#3385=EDGE_CURVE('',#2779,#2778,#993,.T.);
#3386=EDGE_CURVE('',#2780,#2779,#994,.T.);
#3387=EDGE_CURVE('',#2781,#2780,#995,.T.);
#3388=EDGE_CURVE('',#2782,#2781,#996,.T.);
#3389=EDGE_CURVE('',#2783,#2782,#997,.T.);
#3390=EDGE_CURVE('',#2784,#2783,#998,.T.);
#3391=EDGE_CURVE('',#2785,#2784,#999,.T.);
#3392=EDGE_CURVE('',#2786,#2785,#1000,.T.);
#3393=EDGE_CURVE('',#2787,#2786,#1001,.T.);
#3394=EDGE_CURVE('',#2788,#2787,#1002,.T.);
#3395=EDGE_CURVE('',#2789,#2788,#1003,.T.);
#3396=EDGE_CURVE('',#2790,#2789,#1004,.T.);
#3397=EDGE_CURVE('',#2791,#2790,#1005,.T.);
#3398=EDGE_CURVE('',#2792,#2791,#1006,.T.);
#3399=EDGE_CURVE('',#2793,#2792,#1007,.T.);
#3400=EDGE_CURVE('',#2794,#2793,#1008,.T.);
#3401=EDGE_CURVE('',#2795,#2794,#1009,.T.);
#3402=EDGE_CURVE('',#2796,#2795,#1010,.T.);
#3403=EDGE_CURVE('',#2797,#2796,#1011,.T.);
#3404=EDGE_CURVE('',#2798,#2797,#1012,.T.);
#3405=EDGE_CURVE('',#2799,#2798,#1013,.T.);
#3406=EDGE_CURVE('',#2800,#2799,#1014,.T.);
#3407=EDGE_CURVE('',#2801,#2800,#1015,.T.);
#3408=EDGE_CURVE('',#2802,#2801,#1016,.T.);
#3409=EDGE_CURVE('',#2803,#2802,#1017,.T.);
#3410=EDGE_CURVE('',#2804,#2803,#1018,.T.);
#3411=EDGE_CURVE('',#2805,#2804,#1019,.T.);
#3412=EDGE_CURVE('',#2806,#2805,#1020,.T.);
#3413=EDGE_CURVE('',#2807,#2806,#1021,.T.);
#3414=EDGE_CURVE('',#2808,#2807,#1022,.T.);
#3415=EDGE_CURVE('',#2809,#2808,#1023,.T.);
#3416=EDGE_CURVE('',#2810,#2809,#1024,.T.);
#3417=EDGE_CURVE('',#2811,#2810,#1025,.T.);
#3418=EDGE_CURVE('',#2812,#2811,#1026,.T.);
#3419=EDGE_CURVE('',#2813,#2812,#1027,.T.);
#3420=EDGE_CURVE('',#2814,#2813,#1028,.T.);
#3421=EDGE_CURVE('',#2815,#2814,#1029,.T.);
#3422=EDGE_CURVE('',#2816,#2815,#1030,.T.);
#3423=EDGE_CURVE('',#2817,#2816,#1031,.T.);
#3424=EDGE_CURVE('',#2818,#2817,#1032,.T.);
#3425=EDGE_CURVE('',#2819,#2818,#1033,.T.);
#3426=EDGE_CURVE('',#2820,#2819,#1034,.T.);
#3427=EDGE_CURVE('',#2821,#2820,#1035,.T.);
#3428=EDGE_CURVE('',#2822,#2821,#1036,.T.);
#3429=EDGE_CURVE('',#2823,#2822,#1037,.T.);
#3430=EDGE_CURVE('',#2824,#2823,#1038,.T.);
#3431=EDGE_CURVE('',#2825,#2824,#1039,.T.);
#3432=EDGE_CURVE('',#2826,#2825,#1040,.T.);
#3433=EDGE_CURVE('',#2827,#2826,#1041,.T.);
#3434=EDGE_CURVE('',#2828,#2827,#1042,.T.);
#3435=EDGE_CURVE('',#2829,#2828,#1043,.T.);
#3436=EDGE_CURVE('',#2830,#2829,#1044,.T.);
#3437=EDGE_CURVE('',#2831,#2830,#1045,.T.);
#3438=EDGE_CURVE('',#2832,#2831,#1046,.T.);
#3439=EDGE_CURVE('',#2833,#2832,#1047,.T.);
#3440=EDGE_CURVE('',#2834,#2833,#1048,.T.);
#3441=EDGE_CURVE('',#2835,#2834,#1049,.T.);
#3442=EDGE_CURVE('',#2836,#2835,#1050,.T.);
#3443=EDGE_CURVE('',#2837,#2836,#1051,.T.);
#3444=EDGE_CURVE('',#2838,#2837,#1052,.T.);
#3445=EDGE_CURVE('',#2839,#2838,#1053,.T.);
#3446=EDGE_CURVE('',#2840,#2839,#1054,.T.);
#3447=EDGE_CURVE('',#2841,#2840,#1055,.T.);
#3448=EDGE_CURVE('',#2842,#2841,#1056,.T.);
#3449=EDGE_CURVE('',#2843,#2842,#1057,.T.);
#3450=EDGE_CURVE('',#2844,#2843,#1058,.T.);
#3451=EDGE_CURVE('',#2845,#2844,#1059,.T.);
#3452=EDGE_CURVE('',#2846,#2845,#1060,.T.);
#3453=EDGE_CURVE('',#2847,#2846,#1061,.T.);
#3454=EDGE_CURVE('',#2848,#2847,#1062,.T.);
#3455=EDGE_CURVE('',#2849,#2848,#1063,.T.);
#3456=EDGE_CURVE('',#2850,#2849,#1064,.T.);
#3457=EDGE_CURVE('',#2851,#2850,#1065,.T.);
#3458=EDGE_CURVE('',#2852,#2851,#1066,.T.);
#3459=EDGE_CURVE('',#2853,#2852,#1067,.T.);
#3460=EDGE_CURVE('',#2854,#2853,#1068,.T.);
#3461=EDGE_CURVE('',#2855,#2854,#1069,.T.);
#3462=EDGE_CURVE('',#2856,#2855,#1070,.T.);
#3463=EDGE_CURVE('',#2857,#2856,#1071,.T.);
#3464=EDGE_CURVE('',#2858,#2857,#1072,.T.);
#3465=EDGE_CURVE('',#2859,#2858,#1073,.T.);
#3466=EDGE_CURVE('',#2860,#2859,#1074,.T.);
#3467=EDGE_CURVE('',#2861,#2860,#1075,.T.);
#3468=EDGE_CURVE('',#2862,#2861,#1076,.T.);
#3469=EDGE_CURVE('',#2863,#2862,#1077,.T.);
#3470=EDGE_CURVE('',#2864,#2863,#1078,.T.);
#3471=EDGE_CURVE('',#2865,#2864,#1079,.T.);
#3472=EDGE_CURVE('',#2866,#2865,#1080,.T.);
#3473=EDGE_CURVE('',#2867,#2866,#1081,.T.);
#3474=EDGE_CURVE('',#2868,#2867,#1082,.T.);
#3475=EDGE_CURVE('',#2869,#2868,#1083,.T.);
#3476=EDGE_CURVE('',#2870,#2869,#1084,.T.);
#3477=EDGE_CURVE('',#2871,#2870,#1085,.T.);
#3478=EDGE_CURVE('',#2872,#2871,#1086,.T.);
#3479=EDGE_CURVE('',#2873,#2872,#1087,.T.);
#3480=EDGE_CURVE('',#2874,#2873,#1088,.T.);
#3481=EDGE_CURVE('',#2875,#2874,#1089,.T.);
#3482=EDGE_CURVE('',#2876,#2875,#1090,.T.);
#3483=EDGE_CURVE('',#2877,#2876,#1091,.T.);
#3484=EDGE_CURVE('',#2878,#2877,#1092,.T.);
#3485=EDGE_CURVE('',#2879,#2878,#1093,.T.);
#3486=EDGE_CURVE('',#2880,#2879,#1094,.T.);
#3487=EDGE_CURVE('',#2881,#2880,#1095,.T.);
#3488=EDGE_CURVE('',#2882,#2881,#1096,.T.);
#3489=EDGE_CURVE('',#2883,#2882,#1097,.T.);
#3490=EDGE_CURVE('',#2884,#2883,#1098,.T.);
#3491=EDGE_CURVE('',#2885,#2884,#1099,.T.);
#3492=EDGE_CURVE('',#2886,#2885,#1100,.T.);
#3493=EDGE_CURVE('',#2887,#2886,#1101,.T.);
#3494=EDGE_CURVE('',#2888,#2887,#1102,.T.);
#3495=EDGE_CURVE('',#2889,#2888,#1103,.T.);
#3496=EDGE_CURVE('',#2890,#2889,#1104,.T.);
#3497=EDGE_CURVE('',#2891,#2890,#1105,.T.);
#3498=EDGE_CURVE('',#2892,#2891,#1106,.T.);
#3499=EDGE_CURVE('',#2893,#2892,#1107,.T.);
#3500=EDGE_CURVE('',#2894,#2893,#1108,.T.);
#3501=EDGE_CURVE('',#2895,#2894,#1109,.T.);
#3502=EDGE_CURVE('',#2896,#2895,#1110,.T.);
#3503=EDGE_CURVE('',#2897,#2896,#1111,.T.);
#3504=EDGE_CURVE('',#2898,#2897,#1112,.T.);
#3505=EDGE_CURVE('',#2899,#2898,#1113,.T.);
#3506=EDGE_CURVE('',#2900,#2899,#1114,.T.);
#3507=EDGE_CURVE('',#2901,#2900,#1115,.T.);
#3508=EDGE_CURVE('',#2902,#2901,#1116,.T.);
#3509=EDGE_CURVE('',#2903,#2902,#1117,.T.);
#3510=EDGE_CURVE('',#2904,#2903,#1118,.T.);
#3511=EDGE_CURVE('',#2905,#2904,#1119,.T.);
#3512=EDGE_CURVE('',#2906,#2905,#1120,.T.);
#3513=EDGE_CURVE('',#2907,#2906,#1121,.T.);
#3514=EDGE_CURVE('',#2908,#2907,#1122,.T.);
#3515=EDGE_CURVE('',#2909,#2908,#1123,.T.);
#3516=EDGE_CURVE('',#2910,#2909,#1124,.T.);
#3517=EDGE_CURVE('',#2911,#2910,#1125,.T.);
#3518=EDGE_CURVE('',#2912,#2911,#1126,.T.);
#3519=EDGE_CURVE('',#2913,#2912,#1127,.T.);
#3520=EDGE_CURVE('',#2914,#2913,#1128,.T.);
#3521=EDGE_CURVE('',#2915,#2914,#1129,.T.);
#3522=EDGE_CURVE('',#2916,#2915,#1130,.T.);
#3523=EDGE_CURVE('',#2917,#2916,#1131,.T.);
#3524=EDGE_CURVE('',#2918,#2917,#1132,.T.);
#3525=EDGE_CURVE('',#2919,#2918,#1133,.T.);
#3526=EDGE_CURVE('',#2920,#2919,#1134,.T.);
#3527=EDGE_CURVE('',#2921,#2920,#1135,.T.);
#3528=EDGE_CURVE('',#2922,#2921,#1136,.T.);
#3529=EDGE_CURVE('',#2923,#2922,#1137,.T.);
#3530=EDGE_CURVE('',#2924,#2923,#1138,.T.);
#3531=EDGE_CURVE('',#2925,#2924,#1139,.T.);
#3532=EDGE_CURVE('',#2926,#2925,#1140,.T.);
#3533=EDGE_CURVE('',#2927,#2926,#1141,.T.);
#3534=EDGE_CURVE('',#2928,#2927,#1142,.T.);
#3535=EDGE_CURVE('',#2929,#2928,#1143,.T.);
#3536=EDGE_CURVE('',#2930,#2929,#1144,.T.);
#3537=EDGE_CURVE('',#2931,#2930,#1145,.T.);
#3538=EDGE_CURVE('',#2932,#2931,#1146,.T.);
#3539=EDGE_CURVE('',#2933,#2932,#1147,.T.);
#3540=EDGE_CURVE('',#2934,#2933,#1148,.T.);
#3541=EDGE_CURVE('',#2935,#2934,#1149,.T.);
#3542=EDGE_CURVE('',#2936,#2935,#1150,.T.);
#3543=EDGE_CURVE('',#2937,#2936,#1151,.T.);
#3544=EDGE_CURVE('',#2938,#2937,#1152,.T.);
#3545=EDGE_CURVE('',#2939,#2938,#1153,.T.);
#3546=EDGE_CURVE('',#2940,#2939,#1154,.T.);
#3547=EDGE_CURVE('',#2941,#2940,#1155,.T.);
#3548=EDGE_CURVE('',#2942,#2941,#1156,.T.);
#3549=EDGE_CURVE('',#2943,#2942,#1157,.T.);
#3550=EDGE_CURVE('',#2944,#2943,#1158,.T.);
#3551=EDGE_CURVE('',#2945,#2944,#1159,.T.);
#3552=EDGE_CURVE('',#2946,#2945,#1160,.T.);
#3553=EDGE_CURVE('',#2947,#2946,#1161,.T.);
#3554=EDGE_CURVE('',#2948,#2947,#1162,.T.);
#3555=EDGE_CURVE('',#2949,#2948,#1163,.T.);
#3556=EDGE_CURVE('',#2950,#2949,#1164,.T.);
#3557=EDGE_CURVE('',#2951,#2950,#1165,.T.);
#3558=EDGE_CURVE('',#2952,#2951,#1166,.T.);
#3559=EDGE_CURVE('',#2953,#2952,#1167,.T.);
#3560=EDGE_CURVE('',#2954,#2953,#1168,.T.);
#3561=EDGE_CURVE('',#2955,#2954,#1169,.T.);
#3562=EDGE_CURVE('',#2956,#2955,#1170,.T.);
#3563=EDGE_CURVE('',#2957,#2956,#1171,.T.);
#3564=EDGE_CURVE('',#2958,#2957,#1172,.T.);
#3565=EDGE_CURVE('',#2959,#2958,#1173,.T.);
#3566=EDGE_CURVE('',#2960,#2959,#1174,.T.);
#3567=EDGE_CURVE('',#2961,#2960,#1175,.T.);
#3568=EDGE_CURVE('',#2962,#2961,#1176,.T.);
#3569=EDGE_CURVE('',#2963,#2962,#1177,.T.);
#3570=EDGE_CURVE('',#2964,#2963,#1178,.T.);
#3571=EDGE_CURVE('',#2965,#2964,#1179,.T.);
#3572=EDGE_CURVE('',#2966,#2965,#1180,.T.);
#3573=EDGE_CURVE('',#2967,#2966,#1181,.T.);
#3574=EDGE_CURVE('',#2968,#2967,#1182,.T.);
#3575=EDGE_CURVE('',#2969,#2968,#1183,.T.);
#3576=EDGE_CURVE('',#2970,#2969,#1184,.T.);
#3577=EDGE_CURVE('',#2971,#2970,#1185,.T.);
#3578=EDGE_CURVE('',#2972,#2971,#1186,.T.);
#3579=EDGE_CURVE('',#2973,#2972,#1187,.T.);
#3580=EDGE_CURVE('',#2974,#2973,#1188,.T.);
#3581=EDGE_CURVE('',#2975,#2974,#1189,.T.);
#3582=EDGE_CURVE('',#2976,#2975,#1190,.T.);
#3583=EDGE_CURVE('',#2977,#2976,#1191,.T.);
#3584=EDGE_CURVE('',#2978,#2977,#1192,.T.);
#3585=EDGE_CURVE('',#2979,#2978,#1193,.T.);
#3586=EDGE_CURVE('',#2980,#2979,#1194,.T.);
#3587=EDGE_CURVE('',#2981,#2980,#1195,.T.);
#3588=EDGE_CURVE('',#2982,#2981,#1196,.T.);
#3589=EDGE_CURVE('',#2983,#2982,#1197,.T.);
#3590=EDGE_CURVE('',#2984,#2983,#1198,.T.);
#3591=EDGE_CURVE('',#2985,#2984,#1199,.T.);
#3592=EDGE_CURVE('',#2986,#2985,#1200,.T.);
#3593=EDGE_CURVE('',#2987,#2986,#1201,.T.);
#3594=EDGE_CURVE('',#2988,#2987,#1202,.T.);
#3595=EDGE_CURVE('',#2989,#2988,#1203,.T.);
#3596=EDGE_CURVE('',#2990,#2989,#1204,.T.);
#3597=EDGE_CURVE('',#2991,#2990,#1205,.T.);
#3598=EDGE_CURVE('',#2992,#2991,#1206,.T.);
#3599=EDGE_CURVE('',#2993,#2992,#1207,.T.);
#3600=EDGE_CURVE('',#2994,#2993,#1208,.T.);
#3601=EDGE_CURVE('',#2995,#2994,#1209,.T.);
#3602=EDGE_CURVE('',#2996,#2995,#1210,.T.);
#3603=EDGE_CURVE('',#2997,#2996,#1211,.T.);
#3604=EDGE_CURVE('',#2998,#2997,#1212,.T.);
#3605=EDGE_CURVE('',#2999,#2998,#1213,.T.);
#3606=EDGE_CURVE('',#3000,#2999,#1214,.T.);
#3607=EDGE_CURVE('',#3001,#3000,#1215,.T.);
#3608=EDGE_CURVE('',#3002,#3001,#1216,.T.);
#3609=EDGE_CURVE('',#3003,#3002,#1217,.T.);
#3610=EDGE_CURVE('',#3004,#3003,#1218,.T.);
#3611=EDGE_CURVE('',#3005,#3004,#1219,.T.);
#3612=EDGE_CURVE('',#3006,#3005,#1220,.T.);
#3613=EDGE_CURVE('',#3007,#3006,#1221,.T.);
#3614=EDGE_CURVE('',#3008,#3007,#1222,.T.);
#3615=EDGE_CURVE('',#3009,#3008,#1223,.T.);
#3616=EDGE_CURVE('',#3010,#3009,#1224,.T.);
#3617=EDGE_CURVE('',#3011,#3010,#1225,.T.);
#3618=EDGE_CURVE('',#3012,#3011,#1226,.T.);
#3619=EDGE_CURVE('',#3013,#3012,#1227,.T.);
#3620=EDGE_CURVE('',#3014,#3013,#1228,.T.);
#3621=EDGE_CURVE('',#3015,#3014,#1229,.T.);
#3622=EDGE_CURVE('',#3016,#3015,#1230,.T.);
#3623=EDGE_CURVE('',#3017,#3016,#1231,.T.);
#3624=EDGE_CURVE('',#3018,#3017,#1232,.T.);
#3625=EDGE_CURVE('',#3019,#3018,#1233,.T.);
#3626=EDGE_CURVE('',#3020,#3019,#1234,.T.);
#3627=EDGE_CURVE('',#3021,#3020,#1235,.T.);
#3628=EDGE_CURVE('',#3022,#3021,#1236,.T.);
#3629=EDGE_CURVE('',#3023,#3022,#1237,.T.);
#3630=EDGE_CURVE('',#3024,#3023,#1238,.T.);
#3631=EDGE_CURVE('',#3025,#3024,#1239,.T.);
#3632=EDGE_CURVE('',#3026,#3025,#1240,.T.);
#3633=EDGE_CURVE('',#3027,#3026,#1241,.T.);
#3634=EDGE_CURVE('',#3028,#3027,#1242,.T.);
#3635=EDGE_CURVE('',#3029,#3028,#1243,.T.);
#3636=EDGE_CURVE('',#3030,#3029,#1244,.T.);
#3637=EDGE_CURVE('',#2742,#3030,#1245,.T.);
#3638=EDGE_CURVE('',#2886,#3031,#1246,.T.);
#3639=EDGE_CURVE('',#3032,#3031,#1247,.T.);
#3640=EDGE_CURVE('',#2887,#3032,#1248,.T.);
#3641=EDGE_CURVE('',#2885,#3033,#1249,.T.);
#3642=EDGE_CURVE('',#3031,#3033,#1250,.T.);
#3643=EDGE_CURVE('',#2884,#3034,#1251,.T.);
#3644=EDGE_CURVE('',#3033,#3034,#1252,.T.);
#3645=EDGE_CURVE('',#2883,#3035,#1253,.T.);
#3646=EDGE_CURVE('',#3034,#3035,#1254,.T.);
#3647=EDGE_CURVE('',#2882,#3036,#1255,.T.);
#3648=EDGE_CURVE('',#3035,#3036,#1256,.T.);
#3649=EDGE_CURVE('',#2881,#3037,#1257,.T.);
#3650=EDGE_CURVE('',#3036,#3037,#1258,.T.);
#3651=EDGE_CURVE('',#2880,#3038,#1259,.T.);
#3652=EDGE_CURVE('',#3037,#3038,#1260,.T.);
#3653=EDGE_CURVE('',#2879,#3039,#1261,.T.);
#3654=EDGE_CURVE('',#3038,#3039,#1262,.T.);
#3655=EDGE_CURVE('',#2878,#3040,#1263,.T.);
#3656=EDGE_CURVE('',#3039,#3040,#1264,.T.);
#3657=EDGE_CURVE('',#2877,#3041,#1265,.T.);
#3658=EDGE_CURVE('',#3040,#3041,#1266,.T.);
#3659=EDGE_CURVE('',#2876,#3042,#1267,.T.);
#3660=EDGE_CURVE('',#3041,#3042,#1268,.T.);
#3661=EDGE_CURVE('',#2875,#3043,#1269,.T.);
#3662=EDGE_CURVE('',#3042,#3043,#1270,.T.);
#3663=EDGE_CURVE('',#2874,#3044,#1271,.T.);
#3664=EDGE_CURVE('',#3043,#3044,#1272,.T.);
#3665=EDGE_CURVE('',#2873,#3045,#1273,.T.);
#3666=EDGE_CURVE('',#3044,#3045,#1274,.T.);
#3667=EDGE_CURVE('',#2872,#3046,#1275,.T.);
#3668=EDGE_CURVE('',#3045,#3046,#1276,.T.);
#3669=EDGE_CURVE('',#2871,#3047,#1277,.T.);
#3670=EDGE_CURVE('',#3046,#3047,#1278,.T.);
#3671=EDGE_CURVE('',#2870,#3048,#1279,.T.);
#3672=EDGE_CURVE('',#3047,#3048,#1280,.T.);
#3673=EDGE_CURVE('',#2869,#3049,#1281,.T.);
#3674=EDGE_CURVE('',#3048,#3049,#1282,.T.);
#3675=EDGE_CURVE('',#2868,#3050,#1283,.T.);
#3676=EDGE_CURVE('',#3049,#3050,#1284,.T.);
#3677=EDGE_CURVE('',#2867,#3051,#1285,.T.);
#3678=EDGE_CURVE('',#3050,#3051,#1286,.T.);
#3679=EDGE_CURVE('',#2866,#3052,#1287,.T.);
#3680=EDGE_CURVE('',#3051,#3052,#1288,.T.);
#3681=EDGE_CURVE('',#2865,#3053,#1289,.T.);
#3682=EDGE_CURVE('',#3052,#3053,#1290,.T.);
#3683=EDGE_CURVE('',#2864,#3054,#1291,.T.);
#3684=EDGE_CURVE('',#3053,#3054,#1292,.T.);
#3685=EDGE_CURVE('',#2863,#3055,#1293,.T.);
#3686=EDGE_CURVE('',#3054,#3055,#1294,.T.);
#3687=EDGE_CURVE('',#2862,#3056,#1295,.T.);
#3688=EDGE_CURVE('',#3055,#3056,#1296,.T.);
#3689=EDGE_CURVE('',#2861,#3057,#1297,.T.);
#3690=EDGE_CURVE('',#3056,#3057,#1298,.T.);
#3691=EDGE_CURVE('',#2860,#3058,#1299,.T.);
#3692=EDGE_CURVE('',#3057,#3058,#1300,.T.);
#3693=EDGE_CURVE('',#2859,#3059,#1301,.T.);
#3694=EDGE_CURVE('',#3058,#3059,#1302,.T.);
#3695=EDGE_CURVE('',#2858,#3060,#1303,.T.);
#3696=EDGE_CURVE('',#3059,#3060,#1304,.T.);
#3697=EDGE_CURVE('',#2857,#3061,#1305,.T.);
#3698=EDGE_CURVE('',#3060,#3061,#1306,.T.);
#3699=EDGE_CURVE('',#2856,#3062,#1307,.T.);
#3700=EDGE_CURVE('',#3061,#3062,#1308,.T.);
#3701=EDGE_CURVE('',#2855,#3063,#1309,.T.);
#3702=EDGE_CURVE('',#3062,#3063,#1310,.T.);
#3703=EDGE_CURVE('',#2854,#3064,#1311,.T.);
#3704=EDGE_CURVE('',#3063,#3064,#1312,.T.);
#3705=EDGE_CURVE('',#2853,#3065,#1313,.T.);
#3706=EDGE_CURVE('',#3064,#3065,#1314,.T.);
#3707=EDGE_CURVE('',#2852,#3066,#1315,.T.);
#3708=EDGE_CURVE('',#3065,#3066,#1316,.T.);
#3709=EDGE_CURVE('',#2851,#3067,#1317,.T.);
#3710=EDGE_CURVE('',#3066,#3067,#1318,.T.);
#3711=EDGE_CURVE('',#2850,#3068,#1319,.T.);
#3712=EDGE_CURVE('',#3067,#3068,#1320,.T.);
#3713=EDGE_CURVE('',#2849,#3069,#1321,.T.);
#3714=EDGE_CURVE('',#3068,#3069,#1322,.T.);
#3715=EDGE_CURVE('',#2848,#3070,#1323,.T.);
#3716=EDGE_CURVE('',#3069,#3070,#1324,.T.);
#3717=EDGE_CURVE('',#2847,#3071,#1325,.T.);
#3718=EDGE_CURVE('',#3070,#3071,#1326,.T.);
#3719=EDGE_CURVE('',#2846,#3072,#1327,.T.);
#3720=EDGE_CURVE('',#3071,#3072,#1328,.T.);
#3721=EDGE_CURVE('',#2845,#3073,#1329,.T.);
#3722=EDGE_CURVE('',#3072,#3073,#1330,.T.);
#3723=EDGE_CURVE('',#2844,#3074,#1331,.T.);
#3724=EDGE_CURVE('',#3073,#3074,#1332,.T.);
#3725=EDGE_CURVE('',#2843,#3075,#1333,.T.);
#3726=EDGE_CURVE('',#3074,#3075,#1334,.T.);
#3727=EDGE_CURVE('',#2842,#3076,#1335,.T.);
#3728=EDGE_CURVE('',#3075,#3076,#1336,.T.);
#3729=EDGE_CURVE('',#2841,#3077,#1337,.T.);
#3730=EDGE_CURVE('',#3076,#3077,#1338,.T.);
#3731=EDGE_CURVE('',#2840,#3078,#1339,.T.);
#3732=EDGE_CURVE('',#3077,#3078,#1340,.T.);
#3733=EDGE_CURVE('',#2839,#3079,#1341,.T.);
#3734=EDGE_CURVE('',#3078,#3079,#1342,.T.);
#3735=EDGE_CURVE('',#2838,#3080,#1343,.T.);
#3736=EDGE_CURVE('',#3079,#3080,#1344,.T.);
#3737=EDGE_CURVE('',#2837,#3081,#1345,.T.);
#3738=EDGE_CURVE('',#3080,#3081,#1346,.T.);
#3739=EDGE_CURVE('',#2836,#3082,#1347,.T.);
#3740=EDGE_CURVE('',#3081,#3082,#1348,.T.);
#3741=EDGE_CURVE('',#2835,#3083,#1349,.T.);
#3742=EDGE_CURVE('',#3082,#3083,#1350,.T.);
#3743=EDGE_CURVE('',#2834,#3084,#1351,.T.);
#3744=EDGE_CURVE('',#3083,#3084,#1352,.T.);
#3745=EDGE_CURVE('',#2833,#3085,#1353,.T.);
#3746=EDGE_CURVE('',#3084,#3085,#1354,.T.);
#3747=EDGE_CURVE('',#2832,#3086,#1355,.T.);
#3748=EDGE_CURVE('',#3085,#3086,#1356,.T.);
#3749=EDGE_CURVE('',#2831,#3087,#1357,.T.);
#3750=EDGE_CURVE('',#3086,#3087,#1358,.T.);
#3751=EDGE_CURVE('',#2830,#3088,#1359,.T.);
#3752=EDGE_CURVE('',#3087,#3088,#1360,.T.);
#3753=EDGE_CURVE('',#2829,#3089,#1361,.T.);
#3754=EDGE_CURVE('',#3088,#3089,#1362,.T.);
#3755=EDGE_CURVE('',#2828,#3090,#1363,.T.);
#3756=EDGE_CURVE('',#3089,#3090,#1364,.T.);
#3757=EDGE_CURVE('',#2827,#3091,#1365,.T.);
#3758=EDGE_CURVE('',#3090,#3091,#1366,.T.);
#3759=EDGE_CURVE('',#2826,#3092,#1367,.T.);
#3760=EDGE_CURVE('',#3091,#3092,#1368,.T.);
#3761=EDGE_CURVE('',#2825,#3093,#1369,.T.);
#3762=EDGE_CURVE('',#3092,#3093,#1370,.T.);
#3763=EDGE_CURVE('',#2824,#3094,#1371,.T.);
#3764=EDGE_CURVE('',#3093,#3094,#1372,.T.);
#3765=EDGE_CURVE('',#2823,#3095,#1373,.T.);
#3766=EDGE_CURVE('',#3094,#3095,#1374,.T.);
#3767=EDGE_CURVE('',#2822,#3096,#1375,.T.);
#3768=EDGE_CURVE('',#3095,#3096,#1376,.T.);
#3769=EDGE_CURVE('',#2821,#3097,#1377,.T.);
#3770=EDGE_CURVE('',#3096,#3097,#1378,.T.);
#3771=EDGE_CURVE('',#2820,#3098,#1379,.T.);
#3772=EDGE_CURVE('',#3097,#3098,#1380,.T.);
#3773=EDGE_CURVE('',#2819,#3099,#1381,.T.);
#3774=EDGE_CURVE('',#3098,#3099,#1382,.T.);
#3775=EDGE_CURVE('',#2818,#3100,#1383,.T.);
#3776=EDGE_CURVE('',#3099,#3100,#1384,.T.);
#3777=EDGE_CURVE('',#2817,#3101,#1385,.T.);
#3778=EDGE_CURVE('',#3100,#3101,#1386,.T.);
#3779=EDGE_CURVE('',#2816,#3102,#1387,.T.);
#3780=EDGE_CURVE('',#3101,#3102,#1388,.T.);
#3781=EDGE_CURVE('',#2815,#3103,#1389,.T.);
#3782=EDGE_CURVE('',#3102,#3103,#1390,.T.);
#3783=EDGE_CURVE('',#2814,#3104,#1391,.T.);
#3784=EDGE_CURVE('',#3103,#3104,#1392,.T.);
#3785=EDGE_CURVE('',#2813,#3105,#1393,.T.);
#3786=EDGE_CURVE('',#3104,#3105,#1394,.T.);
#3787=EDGE_CURVE('',#2812,#3106,#1395,.T.);
#3788=EDGE_CURVE('',#3105,#3106,#1396,.T.);
#3789=EDGE_CURVE('',#2811,#3107,#1397,.T.);
#3790=EDGE_CURVE('',#3106,#3107,#1398,.T.);
#3791=EDGE_CURVE('',#2810,#3108,#1399,.T.);
#3792=EDGE_CURVE('',#3107,#3108,#1400,.T.);
#3793=EDGE_CURVE('',#2809,#3109,#1401,.T.);
#3794=EDGE_CURVE('',#3108,#3109,#1402,.T.);
#3795=EDGE_CURVE('',#2808,#3110,#1403,.T.);
#3796=EDGE_CURVE('',#3109,#3110,#1404,.T.);
#3797=EDGE_CURVE('',#2807,#3111,#1405,.T.);
#3798=EDGE_CURVE('',#3110,#3111,#1406,.T.);
#3799=EDGE_CURVE('',#2806,#3112,#1407,.T.);
#3800=EDGE_CURVE('',#3111,#3112,#1408,.T.);
#3801=EDGE_CURVE('',#2805,#3113,#1409,.T.);
#3802=EDGE_CURVE('',#3112,#3113,#1410,.T.);
#3803=EDGE_CURVE('',#2804,#3114,#1411,.T.);
#3804=EDGE_CURVE('',#3113,#3114,#1412,.T.);
#3805=EDGE_CURVE('',#2803,#3115,#1413,.T.);
#3806=EDGE_CURVE('',#3114,#3115,#1414,.T.);
#3807=EDGE_CURVE('',#2802,#3116,#1415,.T.);
#3808=EDGE_CURVE('',#3115,#3116,#1416,.T.);
#3809=EDGE_CURVE('',#2801,#3117,#1417,.T.);
#3810=EDGE_CURVE('',#3116,#3117,#1418,.T.);
#3811=EDGE_CURVE('',#2800,#3118,#1419,.T.);
#3812=EDGE_CURVE('',#3117,#3118,#1420,.T.);
#3813=EDGE_CURVE('',#2799,#3119,#1421,.T.);
#3814=EDGE_CURVE('',#3118,#3119,#1422,.T.);
#3815=EDGE_CURVE('',#2798,#3120,#1423,.T.);
#3816=EDGE_CURVE('',#3119,#3120,#1424,.T.);
#3817=EDGE_CURVE('',#2797,#3121,#1425,.T.);
#3818=EDGE_CURVE('',#3120,#3121,#1426,.T.);
#3819=EDGE_CURVE('',#2796,#3122,#1427,.T.);
#3820=EDGE_CURVE('',#3121,#3122,#1428,.T.);
#3821=EDGE_CURVE('',#2795,#3123,#1429,.T.);
#3822=EDGE_CURVE('',#3122,#3123,#1430,.T.);
#3823=EDGE_CURVE('',#2794,#3124,#1431,.T.);
#3824=EDGE_CURVE('',#3123,#3124,#1432,.T.);
#3825=EDGE_CURVE('',#2793,#3125,#1433,.T.);
#3826=EDGE_CURVE('',#3124,#3125,#1434,.T.);
#3827=EDGE_CURVE('',#2792,#3126,#1435,.T.);
#3828=EDGE_CURVE('',#3125,#3126,#1436,.T.);
#3829=EDGE_CURVE('',#2791,#3127,#1437,.T.);
#3830=EDGE_CURVE('',#3126,#3127,#1438,.T.);
#3831=EDGE_CURVE('',#2790,#3128,#1439,.T.);
#3832=EDGE_CURVE('',#3127,#3128,#1440,.T.);
#3833=EDGE_CURVE('',#2789,#3129,#1441,.T.);
#3834=EDGE_CURVE('',#3128,#3129,#1442,.T.);
#3835=EDGE_CURVE('',#2788,#3130,#1443,.T.);
#3836=EDGE_CURVE('',#3129,#3130,#1444,.T.);
#3837=EDGE_CURVE('',#2787,#3131,#1445,.T.);
#3838=EDGE_CURVE('',#3130,#3131,#1446,.T.);
#3839=EDGE_CURVE('',#2786,#3132,#1447,.T.);
#3840=EDGE_CURVE('',#3131,#3132,#1448,.T.);
#3841=EDGE_CURVE('',#2785,#3133,#1449,.T.);
#3842=EDGE_CURVE('',#3132,#3133,#1450,.T.);
#3843=EDGE_CURVE('',#2784,#3134,#1451,.T.);
#3844=EDGE_CURVE('',#3133,#3134,#1452,.T.);
#3845=EDGE_CURVE('',#2783,#3135,#1453,.T.);
#3846=EDGE_CURVE('',#3134,#3135,#1454,.T.);
#3847=EDGE_CURVE('',#2782,#3136,#1455,.T.);
#3848=EDGE_CURVE('',#3135,#3136,#1456,.T.);
#3849=EDGE_CURVE('',#2781,#3137,#1457,.T.);
#3850=EDGE_CURVE('',#3136,#3137,#1458,.T.);
#3851=EDGE_CURVE('',#2780,#3138,#1459,.T.);
#3852=EDGE_CURVE('',#3137,#3138,#1460,.T.);
#3853=EDGE_CURVE('',#2779,#3139,#1461,.T.);
#3854=EDGE_CURVE('',#3138,#3139,#1462,.T.);
#3855=EDGE_CURVE('',#2778,#3140,#1463,.T.);
#3856=EDGE_CURVE('',#3139,#3140,#1464,.T.);
#3857=EDGE_CURVE('',#2777,#3141,#1465,.T.);
#3858=EDGE_CURVE('',#3140,#3141,#1466,.T.);
#3859=EDGE_CURVE('',#2776,#3142,#1467,.T.);
#3860=EDGE_CURVE('',#3141,#3142,#1468,.T.);
#3861=EDGE_CURVE('',#2775,#3143,#1469,.T.);
#3862=EDGE_CURVE('',#3142,#3143,#1470,.T.);
#3863=EDGE_CURVE('',#2774,#3144,#1471,.T.);
#3864=EDGE_CURVE('',#3143,#3144,#1472,.T.);
#3865=EDGE_CURVE('',#2773,#3145,#1473,.T.);
#3866=EDGE_CURVE('',#3144,#3145,#1474,.T.);
#3867=EDGE_CURVE('',#2772,#3146,#1475,.T.);
#3868=EDGE_CURVE('',#3145,#3146,#1476,.T.);
#3869=EDGE_CURVE('',#2771,#3147,#1477,.T.);
#3870=EDGE_CURVE('',#3146,#3147,#1478,.T.);
#3871=EDGE_CURVE('',#2770,#3148,#1479,.T.);
#3872=EDGE_CURVE('',#3147,#3148,#1480,.T.);
#3873=EDGE_CURVE('',#2769,#3149,#1481,.T.);
#3874=EDGE_CURVE('',#3148,#3149,#1482,.T.);
#3875=EDGE_CURVE('',#2768,#3150,#1483,.T.);
#3876=EDGE_CURVE('',#3149,#3150,#1484,.T.);
#3877=EDGE_CURVE('',#2767,#3151,#1485,.T.);
#3878=EDGE_CURVE('',#3150,#3151,#1486,.T.);
#3879=EDGE_CURVE('',#2766,#3152,#1487,.T.);
#3880=EDGE_CURVE('',#3151,#3152,#1488,.T.);
#3881=EDGE_CURVE('',#2765,#3153,#1489,.T.);
#3882=EDGE_CURVE('',#3152,#3153,#1490,.T.);
#3883=EDGE_CURVE('',#2764,#3154,#1491,.T.);
#3884=EDGE_CURVE('',#3153,#3154,#1492,.T.);
#3885=EDGE_CURVE('',#2763,#3155,#1493,.T.);
#3886=EDGE_CURVE('',#3154,#3155,#1494,.T.);
#3887=EDGE_CURVE('',#2762,#3156,#1495,.T.);
#3888=EDGE_CURVE('',#3155,#3156,#1496,.T.);
#3889=EDGE_CURVE('',#2761,#3157,#1497,.T.);
#3890=EDGE_CURVE('',#3156,#3157,#1498,.T.);
#3891=EDGE_CURVE('',#2760,#3158,#1499,.T.);
#3892=EDGE_CURVE('',#3157,#3158,#1500,.T.);
#3893=EDGE_CURVE('',#2759,#3159,#1501,.T.);
#3894=EDGE_CURVE('',#3158,#3159,#1502,.T.);
#3895=EDGE_CURVE('',#2758,#3160,#1503,.T.);
#3896=EDGE_CURVE('',#3159,#3160,#1504,.T.);
#3897=EDGE_CURVE('',#2757,#3161,#1505,.T.);
#3898=EDGE_CURVE('',#3160,#3161,#1506,.T.);
#3899=EDGE_CURVE('',#2756,#3162,#1507,.T.);
#3900=EDGE_CURVE('',#3161,#3162,#1508,.T.);
#3901=EDGE_CURVE('',#2755,#3163,#1509,.T.);
#3902=EDGE_CURVE('',#3162,#3163,#1510,.T.);
#3903=EDGE_CURVE('',#2754,#3164,#1511,.T.);
#3904=EDGE_CURVE('',#3163,#3164,#1512,.T.);
#3905=EDGE_CURVE('',#2753,#3165,#1513,.T.);
#3906=EDGE_CURVE('',#3164,#3165,#1514,.T.);
#3907=EDGE_CURVE('',#2752,#3166,#1515,.T.);
#3908=EDGE_CURVE('',#3165,#3166,#1516,.T.);
#3909=EDGE_CURVE('',#2751,#3167,#1517,.T.);
#3910=EDGE_CURVE('',#3166,#3167,#1518,.T.);
#3911=EDGE_CURVE('',#2750,#3168,#1519,.T.);
#3912=EDGE_CURVE('',#3167,#3168,#1520,.T.);
#3913=EDGE_CURVE('',#2749,#3169,#1521,.T.);
#3914=EDGE_CURVE('',#3168,#3169,#1522,.T.);
#3915=EDGE_CURVE('',#2748,#3170,#1523,.T.);
#3916=EDGE_CURVE('',#3169,#3170,#1524,.T.);
#3917=EDGE_CURVE('',#2747,#3171,#1525,.T.);
#3918=EDGE_CURVE('',#3170,#3171,#1526,.T.);
#3919=EDGE_CURVE('',#2746,#3172,#1527,.T.);
#3920=EDGE_CURVE('',#3171,#3172,#1528,.T.);
#3921=EDGE_CURVE('',#2745,#3173,#1529,.T.);
#3922=EDGE_CURVE('',#3172,#3173,#1530,.T.);
#3923=EDGE_CURVE('',#2744,#3174,#1531,.T.);
#3924=EDGE_CURVE('',#3173,#3174,#1532,.T.);
#3925=EDGE_CURVE('',#2743,#3175,#1533,.T.);
#3926=EDGE_CURVE('',#3174,#3175,#1534,.T.);
#3927=EDGE_CURVE('',#2741,#3176,#1535,.T.);
#3928=EDGE_CURVE('',#3175,#3176,#1536,.T.);
#3929=EDGE_CURVE('',#2742,#3177,#1537,.T.);
#3930=EDGE_CURVE('',#3176,#3177,#1538,.T.);
#3931=EDGE_CURVE('',#3178,#3032,#1539,.T.);
#3932=EDGE_CURVE('',#2888,#3178,#1540,.T.);
#3933=EDGE_CURVE('',#3179,#3178,#1541,.T.);
#3934=EDGE_CURVE('',#2889,#3179,#1542,.T.);
#3935=EDGE_CURVE('',#3180,#3179,#1543,.T.);
#3936=EDGE_CURVE('',#2890,#3180,#1544,.T.);
#3937=EDGE_CURVE('',#3181,#3180,#1545,.T.);
#3938=EDGE_CURVE('',#2891,#3181,#1546,.T.);
#3939=EDGE_CURVE('',#3182,#3181,#1547,.T.);
#3940=EDGE_CURVE('',#2892,#3182,#1548,.T.);
#3941=EDGE_CURVE('',#3183,#3182,#1549,.T.);
#3942=EDGE_CURVE('',#2893,#3183,#1550,.T.);
#3943=EDGE_CURVE('',#3184,#3183,#1551,.T.);
#3944=EDGE_CURVE('',#2894,#3184,#1552,.T.);
#3945=EDGE_CURVE('',#3185,#3184,#1553,.T.);
#3946=EDGE_CURVE('',#2895,#3185,#1554,.T.);
#3947=EDGE_CURVE('',#3186,#3185,#1555,.T.);
#3948=EDGE_CURVE('',#2896,#3186,#1556,.T.);
#3949=EDGE_CURVE('',#3187,#3186,#1557,.T.);
#3950=EDGE_CURVE('',#2897,#3187,#1558,.T.);
#3951=EDGE_CURVE('',#3188,#3187,#1559,.T.);
#3952=EDGE_CURVE('',#2898,#3188,#1560,.T.);
#3953=EDGE_CURVE('',#3189,#3188,#1561,.T.);
#3954=EDGE_CURVE('',#2899,#3189,#1562,.T.);
#3955=EDGE_CURVE('',#3190,#3189,#1563,.T.);
#3956=EDGE_CURVE('',#2900,#3190,#1564,.T.);
#3957=EDGE_CURVE('',#3191,#3190,#1565,.T.);
#3958=EDGE_CURVE('',#2901,#3191,#1566,.T.);
#3959=EDGE_CURVE('',#3192,#3191,#1567,.T.);
#3960=EDGE_CURVE('',#2902,#3192,#1568,.T.);
#3961=EDGE_CURVE('',#3193,#3192,#1569,.T.);
#3962=EDGE_CURVE('',#2903,#3193,#1570,.T.);
#3963=EDGE_CURVE('',#3194,#3193,#1571,.T.);
#3964=EDGE_CURVE('',#2904,#3194,#1572,.T.);
#3965=EDGE_CURVE('',#3195,#3194,#1573,.T.);
#3966=EDGE_CURVE('',#2905,#3195,#1574,.T.);
#3967=EDGE_CURVE('',#3196,#3195,#1575,.T.);
#3968=EDGE_CURVE('',#2906,#3196,#1576,.T.);
#3969=EDGE_CURVE('',#3197,#3196,#1577,.T.);
#3970=EDGE_CURVE('',#2907,#3197,#1578,.T.);
#3971=EDGE_CURVE('',#3198,#3197,#1579,.T.);
#3972=EDGE_CURVE('',#2908,#3198,#1580,.T.);
#3973=EDGE_CURVE('',#3199,#3198,#1581,.T.);
#3974=EDGE_CURVE('',#2909,#3199,#1582,.T.);
#3975=EDGE_CURVE('',#3200,#3199,#1583,.T.);
#3976=EDGE_CURVE('',#2910,#3200,#1584,.T.);
#3977=EDGE_CURVE('',#3201,#3200,#1585,.T.);
#3978=EDGE_CURVE('',#2911,#3201,#1586,.T.);
#3979=EDGE_CURVE('',#3202,#3201,#1587,.T.);
#3980=EDGE_CURVE('',#2912,#3202,#1588,.T.);
#3981=EDGE_CURVE('',#3203,#3202,#1589,.T.);
#3982=EDGE_CURVE('',#2913,#3203,#1590,.T.);
#3983=EDGE_CURVE('',#3204,#3203,#1591,.T.);
#3984=EDGE_CURVE('',#2914,#3204,#1592,.T.);
#3985=EDGE_CURVE('',#3205,#3204,#1593,.T.);
#3986=EDGE_CURVE('',#2915,#3205,#1594,.T.);
#3987=EDGE_CURVE('',#3206,#3205,#1595,.T.);
#3988=EDGE_CURVE('',#2916,#3206,#1596,.T.);
#3989=EDGE_CURVE('',#3207,#3206,#1597,.T.);
#3990=EDGE_CURVE('',#2917,#3207,#1598,.T.);
#3991=EDGE_CURVE('',#3208,#3207,#1599,.T.);
#3992=EDGE_CURVE('',#2918,#3208,#1600,.T.);
#3993=EDGE_CURVE('',#3209,#3208,#1601,.T.);
#3994=EDGE_CURVE('',#2919,#3209,#1602,.T.);
#3995=EDGE_CURVE('',#3210,#3209,#1603,.T.);
#3996=EDGE_CURVE('',#2920,#3210,#1604,.T.);
#3997=EDGE_CURVE('',#3211,#3210,#1605,.T.);
#3998=EDGE_CURVE('',#2921,#3211,#1606,.T.);
#3999=EDGE_CURVE('',#3212,#3211,#1607,.T.);
#4000=EDGE_CURVE('',#2922,#3212,#1608,.T.);
#4001=EDGE_CURVE('',#3213,#3212,#1609,.T.);
#4002=EDGE_CURVE('',#2923,#3213,#1610,.T.);
#4003=EDGE_CURVE('',#3214,#3213,#1611,.T.);
#4004=EDGE_CURVE('',#2924,#3214,#1612,.T.);
#4005=EDGE_CURVE('',#3215,#3214,#1613,.T.);
#4006=EDGE_CURVE('',#2925,#3215,#1614,.T.);
#4007=EDGE_CURVE('',#3216,#3215,#1615,.T.);
#4008=EDGE_CURVE('',#2926,#3216,#1616,.T.);
#4009=EDGE_CURVE('',#3217,#3216,#1617,.T.);
#4010=EDGE_CURVE('',#2927,#3217,#1618,.T.);
#4011=EDGE_CURVE('',#3218,#3217,#1619,.T.);
#4012=EDGE_CURVE('',#2928,#3218,#1620,.T.);
#4013=EDGE_CURVE('',#3219,#3218,#1621,.T.);
#4014=EDGE_CURVE('',#2929,#3219,#1622,.T.);
#4015=EDGE_CURVE('',#3220,#3219,#1623,.T.);
#4016=EDGE_CURVE('',#2930,#3220,#1624,.T.);
#4017=EDGE_CURVE('',#3221,#3220,#1625,.T.);
#4018=EDGE_CURVE('',#2931,#3221,#1626,.T.);
#4019=EDGE_CURVE('',#3222,#3221,#1627,.T.);
#4020=EDGE_CURVE('',#2932,#3222,#1628,.T.);
#4021=EDGE_CURVE('',#3223,#3222,#1629,.T.);
#4022=EDGE_CURVE('',#2933,#3223,#1630,.T.);
#4023=EDGE_CURVE('',#3224,#3223,#1631,.T.);
#4024=EDGE_CURVE('',#2934,#3224,#1632,.T.);
#4025=EDGE_CURVE('',#3225,#3224,#1633,.T.);
#4026=EDGE_CURVE('',#2935,#3225,#1634,.T.);
#4027=EDGE_CURVE('',#3226,#3225,#1635,.T.);
#4028=EDGE_CURVE('',#2936,#3226,#1636,.T.);
#4029=EDGE_CURVE('',#3227,#3226,#1637,.T.);
#4030=EDGE_CURVE('',#2937,#3227,#1638,.T.);
#4031=EDGE_CURVE('',#3228,#3227,#1639,.T.);
#4032=EDGE_CURVE('',#2938,#3228,#1640,.T.);
#4033=EDGE_CURVE('',#3229,#3228,#1641,.T.);
#4034=EDGE_CURVE('',#2939,#3229,#1642,.T.);
#4035=EDGE_CURVE('',#3230,#3229,#1643,.T.);
#4036=EDGE_CURVE('',#2940,#3230,#1644,.T.);
#4037=EDGE_CURVE('',#3231,#3230,#1645,.T.);
#4038=EDGE_CURVE('',#2941,#3231,#1646,.T.);
#4039=EDGE_CURVE('',#3232,#3231,#1647,.T.);
#4040=EDGE_CURVE('',#2942,#3232,#1648,.T.);
#4041=EDGE_CURVE('',#3233,#3232,#1649,.T.);
#4042=EDGE_CURVE('',#2943,#3233,#1650,.T.);
#4043=EDGE_CURVE('',#3234,#3233,#1651,.T.);
#4044=EDGE_CURVE('',#2944,#3234,#1652,.T.);
#4045=EDGE_CURVE('',#3235,#3234,#1653,.T.);
#4046=EDGE_CURVE('',#2945,#3235,#1654,.T.);
#4047=EDGE_CURVE('',#3236,#3235,#1655,.T.);
#4048=EDGE_CURVE('',#2946,#3236,#1656,.T.);
#4049=EDGE_CURVE('',#3237,#3236,#1657,.T.);
#4050=EDGE_CURVE('',#2947,#3237,#1658,.T.);
#4051=EDGE_CURVE('',#3238,#3237,#1659,.T.);
#4052=EDGE_CURVE('',#2948,#3238,#1660,.T.);
#4053=EDGE_CURVE('',#3239,#3238,#1661,.T.);
#4054=EDGE_CURVE('',#2949,#3239,#1662,.T.);
#4055=EDGE_CURVE('',#3240,#3239,#1663,.T.);
#4056=EDGE_CURVE('',#2950,#3240,#1664,.T.);
#4057=EDGE_CURVE('',#3241,#3240,#1665,.T.);
#4058=EDGE_CURVE('',#2951,#3241,#1666,.T.);
#4059=EDGE_CURVE('',#3242,#3241,#1667,.T.);
#4060=EDGE_CURVE('',#2952,#3242,#1668,.T.);
#4061=EDGE_CURVE('',#3243,#3242,#1669,.T.);
#4062=EDGE_CURVE('',#2953,#3243,#1670,.T.);
#4063=EDGE_CURVE('',#3244,#3243,#1671,.T.);
#4064=EDGE_CURVE('',#2954,#3244,#1672,.T.);
#4065=EDGE_CURVE('',#3245,#3244,#1673,.T.);
#4066=EDGE_CURVE('',#2955,#3245,#1674,.T.);
#4067=EDGE_CURVE('',#3246,#3245,#1675,.T.);
#4068=EDGE_CURVE('',#2956,#3246,#1676,.T.);
#4069=EDGE_CURVE('',#3247,#3246,#1677,.T.);
#4070=EDGE_CURVE('',#2957,#3247,#1678,.T.);
#4071=EDGE_CURVE('',#3248,#3247,#1679,.T.);
#4072=EDGE_CURVE('',#2958,#3248,#1680,.T.);
#4073=EDGE_CURVE('',#3249,#3248,#1681,.T.);
#4074=EDGE_CURVE('',#2959,#3249,#1682,.T.);
#4075=EDGE_CURVE('',#3250,#3249,#1683,.T.);
#4076=EDGE_CURVE('',#2960,#3250,#1684,.T.);
#4077=EDGE_CURVE('',#3251,#3250,#1685,.T.);
#4078=EDGE_CURVE('',#2961,#3251,#1686,.T.);
#4079=EDGE_CURVE('',#3252,#3251,#1687,.T.);
#4080=EDGE_CURVE('',#2962,#3252,#1688,.T.);
#4081=EDGE_CURVE('',#3253,#3252,#1689,.T.);
#4082=EDGE_CURVE('',#2963,#3253,#1690,.T.);
#4083=EDGE_CURVE('',#3254,#3253,#1691,.T.);
#4084=EDGE_CURVE('',#2964,#3254,#1692,.T.);
#4085=EDGE_CURVE('',#3255,#3254,#1693,.T.);
#4086=EDGE_CURVE('',#2965,#3255,#1694,.T.);
#4087=EDGE_CURVE('',#3256,#3255,#1695,.T.);
#4088=EDGE_CURVE('',#2966,#3256,#1696,.T.);
#4089=EDGE_CURVE('',#3257,#3256,#1697,.T.);
#4090=EDGE_CURVE('',#2967,#3257,#1698,.T.);
#4091=EDGE_CURVE('',#3258,#3257,#1699,.T.);
#4092=EDGE_CURVE('',#2968,#3258,#1700,.T.);
#4093=EDGE_CURVE('',#3259,#3258,#1701,.T.);
#4094=EDGE_CURVE('',#2969,#3259,#1702,.T.);
#4095=EDGE_CURVE('',#3260,#3259,#1703,.T.);
#4096=EDGE_CURVE('',#2970,#3260,#1704,.T.);
#4097=EDGE_CURVE('',#3261,#3260,#1705,.T.);
#4098=EDGE_CURVE('',#2971,#3261,#1706,.T.);
#4099=EDGE_CURVE('',#3262,#3261,#1707,.T.);
#4100=EDGE_CURVE('',#2972,#3262,#1708,.T.);
#4101=EDGE_CURVE('',#3263,#3262,#1709,.T.);
#4102=EDGE_CURVE('',#2973,#3263,#1710,.T.);
#4103=EDGE_CURVE('',#3264,#3263,#1711,.T.);
#4104=EDGE_CURVE('',#2974,#3264,#1712,.T.);
#4105=EDGE_CURVE('',#3265,#3264,#1713,.T.);
#4106=EDGE_CURVE('',#2975,#3265,#1714,.T.);
#4107=EDGE_CURVE('',#3266,#3265,#1715,.T.);
#4108=EDGE_CURVE('',#2976,#3266,#1716,.T.);
#4109=EDGE_CURVE('',#3267,#3266,#1717,.T.);
#4110=EDGE_CURVE('',#2977,#3267,#1718,.T.);
#4111=EDGE_CURVE('',#3268,#3267,#1719,.T.);
#4112=EDGE_CURVE('',#2978,#3268,#1720,.T.);
#4113=EDGE_CURVE('',#3269,#3268,#1721,.T.);
#4114=EDGE_CURVE('',#2979,#3269,#1722,.T.);
#4115=EDGE_CURVE('',#3270,#3269,#1723,.T.);
#4116=EDGE_CURVE('',#2980,#3270,#1724,.T.);
#4117=EDGE_CURVE('',#3271,#3270,#1725,.T.);
#4118=EDGE_CURVE('',#2981,#3271,#1726,.T.);
#4119=EDGE_CURVE('',#3272,#3271,#1727,.T.);
#4120=EDGE_CURVE('',#2982,#3272,#1728,.T.);
#4121=EDGE_CURVE('',#3273,#3272,#1729,.T.);
#4122=EDGE_CURVE('',#2983,#3273,#1730,.T.);
#4123=EDGE_CURVE('',#3274,#3273,#1731,.T.);
#4124=EDGE_CURVE('',#2984,#3274,#1732,.T.);
#4125=EDGE_CURVE('',#3275,#3274,#1733,.T.);
#4126=EDGE_CURVE('',#2985,#3275,#1734,.T.);
#4127=EDGE_CURVE('',#3276,#3275,#1735,.T.);
#4128=EDGE_CURVE('',#2986,#3276,#1736,.T.);
#4129=EDGE_CURVE('',#3277,#3276,#1737,.T.);
#4130=EDGE_CURVE('',#2987,#3277,#1738,.T.);
#4131=EDGE_CURVE('',#3278,#3277,#1739,.T.);
#4132=EDGE_CURVE('',#2988,#3278,#1740,.T.);
#4133=EDGE_CURVE('',#3279,#3278,#1741,.T.);
#4134=EDGE_CURVE('',#2989,#3279,#1742,.T.);
#4135=EDGE_CURVE('',#3280,#3279,#1743,.T.);
#4136=EDGE_CURVE('',#2990,#3280,#1744,.T.);
#4137=EDGE_CURVE('',#3281,#3280,#1745,.T.);
#4138=EDGE_CURVE('',#2991,#3281,#1746,.T.);
#4139=EDGE_CURVE('',#3282,#3281,#1747,.T.);
#4140=EDGE_CURVE('',#2992,#3282,#1748,.T.);
#4141=EDGE_CURVE('',#3283,#3282,#1749,.T.);
#4142=EDGE_CURVE('',#2993,#3283,#1750,.T.);
#4143=EDGE_CURVE('',#3284,#3283,#1751,.T.);
#4144=EDGE_CURVE('',#2994,#3284,#1752,.T.);
#4145=EDGE_CURVE('',#3285,#3284,#1753,.T.);
#4146=EDGE_CURVE('',#2995,#3285,#1754,.T.);
#4147=EDGE_CURVE('',#3286,#3285,#1755,.T.);
#4148=EDGE_CURVE('',#2996,#3286,#1756,.T.);
#4149=EDGE_CURVE('',#3287,#3286,#1757,.T.);
#4150=EDGE_CURVE('',#2997,#3287,#1758,.T.);
#4151=EDGE_CURVE('',#3288,#3287,#1759,.T.);
#4152=EDGE_CURVE('',#2998,#3288,#1760,.T.);
#4153=EDGE_CURVE('',#3289,#3288,#1761,.T.);
#4154=EDGE_CURVE('',#2999,#3289,#1762,.T.);
#4155=EDGE_CURVE('',#3290,#3289,#1763,.T.);
#4156=EDGE_CURVE('',#3000,#3290,#1764,.T.);
#4157=EDGE_CURVE('',#3291,#3290,#1765,.T.);
#4158=EDGE_CURVE('',#3001,#3291,#1766,.T.);
#4159=EDGE_CURVE('',#3292,#3291,#1767,.T.);
#4160=EDGE_CURVE('',#3002,#3292,#1768,.T.);
#4161=EDGE_CURVE('',#3293,#3292,#1769,.T.);
#4162=EDGE_CURVE('',#3003,#3293,#1770,.T.);
#4163=EDGE_CURVE('',#3294,#3293,#1771,.T.);
#4164=EDGE_CURVE('',#3004,#3294,#1772,.T.);
#4165=EDGE_CURVE('',#3295,#3294,#1773,.T.);
#4166=EDGE_CURVE('',#3005,#3295,#1774,.T.);
#4167=EDGE_CURVE('',#3296,#3295,#1775,.T.);
#4168=EDGE_CURVE('',#3006,#3296,#1776,.T.);
#4169=EDGE_CURVE('',#3297,#3296,#1777,.T.);
#4170=EDGE_CURVE('',#3007,#3297,#1778,.T.);
#4171=EDGE_CURVE('',#3298,#3297,#1779,.T.);
#4172=EDGE_CURVE('',#3008,#3298,#1780,.T.);
#4173=EDGE_CURVE('',#3299,#3298,#1781,.T.);
#4174=EDGE_CURVE('',#3009,#3299,#1782,.T.);
#4175=EDGE_CURVE('',#3300,#3299,#1783,.T.);
#4176=EDGE_CURVE('',#3010,#3300,#1784,.T.);
#4177=EDGE_CURVE('',#3301,#3300,#1785,.T.);
#4178=EDGE_CURVE('',#3011,#3301,#1786,.T.);
#4179=EDGE_CURVE('',#3302,#3301,#1787,.T.);
#4180=EDGE_CURVE('',#3012,#3302,#1788,.T.);
#4181=EDGE_CURVE('',#3303,#3302,#1789,.T.);
#4182=EDGE_CURVE('',#3013,#3303,#1790,.T.);
#4183=EDGE_CURVE('',#3304,#3303,#1791,.T.);
#4184=EDGE_CURVE('',#3014,#3304,#1792,.T.);
#4185=EDGE_CURVE('',#3305,#3304,#1793,.T.);
#4186=EDGE_CURVE('',#3015,#3305,#1794,.T.);
#4187=EDGE_CURVE('',#3306,#3305,#1795,.T.);
#4188=EDGE_CURVE('',#3016,#3306,#1796,.T.);
#4189=EDGE_CURVE('',#3307,#3306,#1797,.T.);
#4190=EDGE_CURVE('',#3017,#3307,#1798,.T.);
#4191=EDGE_CURVE('',#3308,#3307,#1799,.T.);
#4192=EDGE_CURVE('',#3018,#3308,#1800,.T.);
#4193=EDGE_CURVE('',#3309,#3308,#1801,.T.);
#4194=EDGE_CURVE('',#3019,#3309,#1802,.T.);
#4195=EDGE_CURVE('',#3310,#3309,#1803,.T.);
#4196=EDGE_CURVE('',#3020,#3310,#1804,.T.);
#4197=EDGE_CURVE('',#3311,#3310,#1805,.T.);
#4198=EDGE_CURVE('',#3021,#3311,#1806,.T.);
#4199=EDGE_CURVE('',#3312,#3311,#1807,.T.);
#4200=EDGE_CURVE('',#3022,#3312,#1808,.T.);
#4201=EDGE_CURVE('',#3313,#3312,#1809,.T.);
#4202=EDGE_CURVE('',#3023,#3313,#1810,.T.);
#4203=EDGE_CURVE('',#3314,#3313,#1811,.T.);
#4204=EDGE_CURVE('',#3024,#3314,#1812,.T.);
#4205=EDGE_CURVE('',#3315,#3314,#1813,.T.);
#4206=EDGE_CURVE('',#3025,#3315,#1814,.T.);
#4207=EDGE_CURVE('',#3316,#3315,#1815,.T.);
#4208=EDGE_CURVE('',#3026,#3316,#1816,.T.);
#4209=EDGE_CURVE('',#3317,#3316,#1817,.T.);
#4210=EDGE_CURVE('',#3027,#3317,#1818,.T.);
#4211=EDGE_CURVE('',#3318,#3317,#1819,.T.);
#4212=EDGE_CURVE('',#3028,#3318,#1820,.T.);
#4213=EDGE_CURVE('',#3319,#3318,#1821,.T.);
#4214=EDGE_CURVE('',#3029,#3319,#1822,.T.);
#4215=EDGE_CURVE('',#3320,#3319,#1823,.T.);
#4216=EDGE_CURVE('',#3030,#3320,#1824,.T.);
#4217=EDGE_CURVE('',#3177,#3320,#1825,.T.);
#4218=ORIENTED_EDGE('',*,*,#3321,.F.);
#4219=ORIENTED_EDGE('',*,*,#3322,.T.);
#4220=ORIENTED_EDGE('',*,*,#3323,.F.);
#4221=ORIENTED_EDGE('',*,*,#3322,.F.);
#4222=ORIENTED_EDGE('',*,*,#3324,.F.);
#4223=ORIENTED_EDGE('',*,*,#3325,.F.);
#4224=ORIENTED_EDGE('',*,*,#3326,.F.);
#4225=ORIENTED_EDGE('',*,*,#3327,.F.);
#4226=ORIENTED_EDGE('',*,*,#3321,.T.);
#4227=ORIENTED_EDGE('',*,*,#3326,.T.);
#4228=ORIENTED_EDGE('',*,*,#3328,.T.);
#4229=ORIENTED_EDGE('',*,*,#3329,.F.);
#4230=ORIENTED_EDGE('',*,*,#3330,.F.);
#4231=ORIENTED_EDGE('',*,*,#3325,.T.);
#4232=ORIENTED_EDGE('',*,*,#3331,.T.);
#4233=ORIENTED_EDGE('',*,*,#3332,.F.);
#4234=ORIENTED_EDGE('',*,*,#3328,.F.);
#4235=ORIENTED_EDGE('',*,*,#3333,.F.);
#4236=ORIENTED_EDGE('',*,*,#3334,.T.);
#4237=ORIENTED_EDGE('',*,*,#3335,.F.);
#4238=ORIENTED_EDGE('',*,*,#3336,.F.);
#4239=ORIENTED_EDGE('',*,*,#3337,.F.);
#4240=ORIENTED_EDGE('',*,*,#3338,.T.);
#4241=ORIENTED_EDGE('',*,*,#3339,.F.);
#4242=ORIENTED_EDGE('',*,*,#3334,.F.);
#4243=ORIENTED_EDGE('',*,*,#3340,.F.);
#4244=ORIENTED_EDGE('',*,*,#3336,.T.);
#4245=ORIENTED_EDGE('',*,*,#3341,.F.);
#4246=ORIENTED_EDGE('',*,*,#3342,.F.);
#4247=ORIENTED_EDGE('',*,*,#3324,.T.);
#4248=ORIENTED_EDGE('',*,*,#3343,.T.);
#4249=ORIENTED_EDGE('',*,*,#3344,.F.);
#4250=ORIENTED_EDGE('',*,*,#3331,.F.);
#4251=ORIENTED_EDGE('',*,*,#3345,.F.);
#4252=ORIENTED_EDGE('',*,*,#3342,.T.);
#4253=ORIENTED_EDGE('',*,*,#3346,.F.);
#4254=ORIENTED_EDGE('',*,*,#3338,.F.);
#4255=ORIENTED_EDGE('',*,*,#3327,.T.);
#4256=ORIENTED_EDGE('',*,*,#3330,.T.);
#4257=ORIENTED_EDGE('',*,*,#3347,.F.);
#4258=ORIENTED_EDGE('',*,*,#3343,.F.);
#4259=ORIENTED_EDGE('',*,*,#3341,.T.);
#4260=ORIENTED_EDGE('',*,*,#3335,.T.);
#4261=ORIENTED_EDGE('',*,*,#3339,.T.);
#4262=ORIENTED_EDGE('',*,*,#3346,.T.);
#4263=ORIENTED_EDGE('',*,*,#3323,.T.);
#4264=ORIENTED_EDGE('',*,*,#3348,.F.);
#4265=ORIENTED_EDGE('',*,*,#3349,.F.);
#4266=ORIENTED_EDGE('',*,*,#3350,.F.);
#4267=ORIENTED_EDGE('',*,*,#3351,.F.);
#4268=ORIENTED_EDGE('',*,*,#3352,.F.);
#4269=ORIENTED_EDGE('',*,*,#3353,.F.);
#4270=ORIENTED_EDGE('',*,*,#3354,.F.);
#4271=ORIENTED_EDGE('',*,*,#3355,.F.);
#4272=ORIENTED_EDGE('',*,*,#3356,.F.);
#4273=ORIENTED_EDGE('',*,*,#3357,.F.);
#4274=ORIENTED_EDGE('',*,*,#3358,.F.);
#4275=ORIENTED_EDGE('',*,*,#3359,.F.);
#4276=ORIENTED_EDGE('',*,*,#3360,.F.);
#4277=ORIENTED_EDGE('',*,*,#3361,.F.);
#4278=ORIENTED_EDGE('',*,*,#3362,.F.);
#4279=ORIENTED_EDGE('',*,*,#3363,.F.);
#4280=ORIENTED_EDGE('',*,*,#3364,.F.);
#4281=ORIENTED_EDGE('',*,*,#3365,.F.);
#4282=ORIENTED_EDGE('',*,*,#3366,.F.);
#4283=ORIENTED_EDGE('',*,*,#3367,.F.);
#4284=ORIENTED_EDGE('',*,*,#3368,.F.);
#4285=ORIENTED_EDGE('',*,*,#3369,.F.);
#4286=ORIENTED_EDGE('',*,*,#3370,.F.);
#4287=ORIENTED_EDGE('',*,*,#3371,.F.);
#4288=ORIENTED_EDGE('',*,*,#3372,.F.);
#4289=ORIENTED_EDGE('',*,*,#3373,.F.);
#4290=ORIENTED_EDGE('',*,*,#3374,.F.);
#4291=ORIENTED_EDGE('',*,*,#3375,.F.);
#4292=ORIENTED_EDGE('',*,*,#3376,.F.);
#4293=ORIENTED_EDGE('',*,*,#3377,.F.);
#4294=ORIENTED_EDGE('',*,*,#3378,.F.);
#4295=ORIENTED_EDGE('',*,*,#3379,.F.);
#4296=ORIENTED_EDGE('',*,*,#3380,.F.);
#4297=ORIENTED_EDGE('',*,*,#3381,.F.);
#4298=ORIENTED_EDGE('',*,*,#3382,.F.);
#4299=ORIENTED_EDGE('',*,*,#3383,.F.);
#4300=ORIENTED_EDGE('',*,*,#3384,.F.);
#4301=ORIENTED_EDGE('',*,*,#3385,.F.);
#4302=ORIENTED_EDGE('',*,*,#3386,.F.);
#4303=ORIENTED_EDGE('',*,*,#3387,.F.);
#4304=ORIENTED_EDGE('',*,*,#3388,.F.);
#4305=ORIENTED_EDGE('',*,*,#3389,.F.);
#4306=ORIENTED_EDGE('',*,*,#3390,.F.);
#4307=ORIENTED_EDGE('',*,*,#3391,.F.);
#4308=ORIENTED_EDGE('',*,*,#3392,.F.);
#4309=ORIENTED_EDGE('',*,*,#3393,.F.);
#4310=ORIENTED_EDGE('',*,*,#3394,.F.);
#4311=ORIENTED_EDGE('',*,*,#3395,.F.);
#4312=ORIENTED_EDGE('',*,*,#3396,.F.);
#4313=ORIENTED_EDGE('',*,*,#3397,.F.);
#4314=ORIENTED_EDGE('',*,*,#3398,.F.);
#4315=ORIENTED_EDGE('',*,*,#3399,.F.);
#4316=ORIENTED_EDGE('',*,*,#3400,.F.);
#4317=ORIENTED_EDGE('',*,*,#3401,.F.);
#4318=ORIENTED_EDGE('',*,*,#3402,.F.);
#4319=ORIENTED_EDGE('',*,*,#3403,.F.);
#4320=ORIENTED_EDGE('',*,*,#3404,.F.);
#4321=ORIENTED_EDGE('',*,*,#3405,.F.);
#4322=ORIENTED_EDGE('',*,*,#3406,.F.);
#4323=ORIENTED_EDGE('',*,*,#3407,.F.);
#4324=ORIENTED_EDGE('',*,*,#3408,.F.);
#4325=ORIENTED_EDGE('',*,*,#3409,.F.);
#4326=ORIENTED_EDGE('',*,*,#3410,.F.);
#4327=ORIENTED_EDGE('',*,*,#3411,.F.);
#4328=ORIENTED_EDGE('',*,*,#3412,.F.);
#4329=ORIENTED_EDGE('',*,*,#3413,.F.);
#4330=ORIENTED_EDGE('',*,*,#3414,.F.);
#4331=ORIENTED_EDGE('',*,*,#3415,.F.);
#4332=ORIENTED_EDGE('',*,*,#3416,.F.);
#4333=ORIENTED_EDGE('',*,*,#3417,.F.);
#4334=ORIENTED_EDGE('',*,*,#3418,.F.);
#4335=ORIENTED_EDGE('',*,*,#3419,.F.);
#4336=ORIENTED_EDGE('',*,*,#3420,.F.);
#4337=ORIENTED_EDGE('',*,*,#3421,.F.);
#4338=ORIENTED_EDGE('',*,*,#3422,.F.);
#4339=ORIENTED_EDGE('',*,*,#3423,.F.);
#4340=ORIENTED_EDGE('',*,*,#3424,.F.);
#4341=ORIENTED_EDGE('',*,*,#3425,.F.);
#4342=ORIENTED_EDGE('',*,*,#3426,.F.);
#4343=ORIENTED_EDGE('',*,*,#3427,.F.);
#4344=ORIENTED_EDGE('',*,*,#3428,.F.);
#4345=ORIENTED_EDGE('',*,*,#3429,.F.);
#4346=ORIENTED_EDGE('',*,*,#3430,.F.);
#4347=ORIENTED_EDGE('',*,*,#3431,.F.);
#4348=ORIENTED_EDGE('',*,*,#3432,.F.);
#4349=ORIENTED_EDGE('',*,*,#3433,.F.);
#4350=ORIENTED_EDGE('',*,*,#3434,.F.);
#4351=ORIENTED_EDGE('',*,*,#3435,.F.);
#4352=ORIENTED_EDGE('',*,*,#3436,.F.);
#4353=ORIENTED_EDGE('',*,*,#3437,.F.);
#4354=ORIENTED_EDGE('',*,*,#3438,.F.);
#4355=ORIENTED_EDGE('',*,*,#3439,.F.);
#4356=ORIENTED_EDGE('',*,*,#3440,.F.);
#4357=ORIENTED_EDGE('',*,*,#3441,.F.);
#4358=ORIENTED_EDGE('',*,*,#3442,.F.);
#4359=ORIENTED_EDGE('',*,*,#3443,.F.);
#4360=ORIENTED_EDGE('',*,*,#3444,.F.);
#4361=ORIENTED_EDGE('',*,*,#3445,.F.);
#4362=ORIENTED_EDGE('',*,*,#3446,.F.);
#4363=ORIENTED_EDGE('',*,*,#3447,.F.);
#4364=ORIENTED_EDGE('',*,*,#3448,.F.);
#4365=ORIENTED_EDGE('',*,*,#3449,.F.);
#4366=ORIENTED_EDGE('',*,*,#3450,.F.);
#4367=ORIENTED_EDGE('',*,*,#3451,.F.);
#4368=ORIENTED_EDGE('',*,*,#3452,.F.);
#4369=ORIENTED_EDGE('',*,*,#3453,.F.);
#4370=ORIENTED_EDGE('',*,*,#3454,.F.);
#4371=ORIENTED_EDGE('',*,*,#3455,.F.);
#4372=ORIENTED_EDGE('',*,*,#3456,.F.);
#4373=ORIENTED_EDGE('',*,*,#3457,.F.);
#4374=ORIENTED_EDGE('',*,*,#3458,.F.);
#4375=ORIENTED_EDGE('',*,*,#3459,.F.);
#4376=ORIENTED_EDGE('',*,*,#3460,.F.);
#4377=ORIENTED_EDGE('',*,*,#3461,.F.);
#4378=ORIENTED_EDGE('',*,*,#3462,.F.);
#4379=ORIENTED_EDGE('',*,*,#3463,.F.);
#4380=ORIENTED_EDGE('',*,*,#3464,.F.);
#4381=ORIENTED_EDGE('',*,*,#3465,.F.);
#4382=ORIENTED_EDGE('',*,*,#3466,.F.);
#4383=ORIENTED_EDGE('',*,*,#3467,.F.);
#4384=ORIENTED_EDGE('',*,*,#3468,.F.);
#4385=ORIENTED_EDGE('',*,*,#3469,.F.);
#4386=ORIENTED_EDGE('',*,*,#3470,.F.);
#4387=ORIENTED_EDGE('',*,*,#3471,.F.);
#4388=ORIENTED_EDGE('',*,*,#3472,.F.);
#4389=ORIENTED_EDGE('',*,*,#3473,.F.);
#4390=ORIENTED_EDGE('',*,*,#3474,.F.);
#4391=ORIENTED_EDGE('',*,*,#3475,.F.);
#4392=ORIENTED_EDGE('',*,*,#3476,.F.);
#4393=ORIENTED_EDGE('',*,*,#3477,.F.);
#4394=ORIENTED_EDGE('',*,*,#3478,.F.);
#4395=ORIENTED_EDGE('',*,*,#3479,.F.);
#4396=ORIENTED_EDGE('',*,*,#3480,.F.);
#4397=ORIENTED_EDGE('',*,*,#3481,.F.);
#4398=ORIENTED_EDGE('',*,*,#3482,.F.);
#4399=ORIENTED_EDGE('',*,*,#3483,.F.);
#4400=ORIENTED_EDGE('',*,*,#3484,.F.);
#4401=ORIENTED_EDGE('',*,*,#3485,.F.);
#4402=ORIENTED_EDGE('',*,*,#3486,.F.);
#4403=ORIENTED_EDGE('',*,*,#3487,.F.);
#4404=ORIENTED_EDGE('',*,*,#3488,.F.);
#4405=ORIENTED_EDGE('',*,*,#3489,.F.);
#4406=ORIENTED_EDGE('',*,*,#3490,.F.);
#4407=ORIENTED_EDGE('',*,*,#3491,.F.);
#4408=ORIENTED_EDGE('',*,*,#3492,.F.);
#4409=ORIENTED_EDGE('',*,*,#3493,.F.);
#4410=ORIENTED_EDGE('',*,*,#3494,.F.);
#4411=ORIENTED_EDGE('',*,*,#3495,.F.);
#4412=ORIENTED_EDGE('',*,*,#3496,.F.);
#4413=ORIENTED_EDGE('',*,*,#3497,.F.);
#4414=ORIENTED_EDGE('',*,*,#3498,.F.);
#4415=ORIENTED_EDGE('',*,*,#3499,.F.);
#4416=ORIENTED_EDGE('',*,*,#3500,.F.);
#4417=ORIENTED_EDGE('',*,*,#3501,.F.);
#4418=ORIENTED_EDGE('',*,*,#3502,.F.);
#4419=ORIENTED_EDGE('',*,*,#3503,.F.);
#4420=ORIENTED_EDGE('',*,*,#3504,.F.);
#4421=ORIENTED_EDGE('',*,*,#3505,.F.);
#4422=ORIENTED_EDGE('',*,*,#3506,.F.);
#4423=ORIENTED_EDGE('',*,*,#3507,.F.);
#4424=ORIENTED_EDGE('',*,*,#3508,.F.);
#4425=ORIENTED_EDGE('',*,*,#3509,.F.);
#4426=ORIENTED_EDGE('',*,*,#3510,.F.);
#4427=ORIENTED_EDGE('',*,*,#3511,.F.);
#4428=ORIENTED_EDGE('',*,*,#3512,.F.);
#4429=ORIENTED_EDGE('',*,*,#3513,.F.);
#4430=ORIENTED_EDGE('',*,*,#3514,.F.);
#4431=ORIENTED_EDGE('',*,*,#3515,.F.);
#4432=ORIENTED_EDGE('',*,*,#3516,.F.);
#4433=ORIENTED_EDGE('',*,*,#3517,.F.);
#4434=ORIENTED_EDGE('',*,*,#3518,.F.);
#4435=ORIENTED_EDGE('',*,*,#3519,.F.);
#4436=ORIENTED_EDGE('',*,*,#3520,.F.);
#4437=ORIENTED_EDGE('',*,*,#3521,.F.);
#4438=ORIENTED_EDGE('',*,*,#3522,.F.);
#4439=ORIENTED_EDGE('',*,*,#3523,.F.);
#4440=ORIENTED_EDGE('',*,*,#3524,.F.);
#4441=ORIENTED_EDGE('',*,*,#3525,.F.);
#4442=ORIENTED_EDGE('',*,*,#3526,.F.);
#4443=ORIENTED_EDGE('',*,*,#3527,.F.);
#4444=ORIENTED_EDGE('',*,*,#3528,.F.);
#4445=ORIENTED_EDGE('',*,*,#3529,.F.);
#4446=ORIENTED_EDGE('',*,*,#3530,.F.);
#4447=ORIENTED_EDGE('',*,*,#3531,.F.);
#4448=ORIENTED_EDGE('',*,*,#3532,.F.);
#4449=ORIENTED_EDGE('',*,*,#3533,.F.);
#4450=ORIENTED_EDGE('',*,*,#3534,.F.);
#4451=ORIENTED_EDGE('',*,*,#3535,.F.);
#4452=ORIENTED_EDGE('',*,*,#3536,.F.);
#4453=ORIENTED_EDGE('',*,*,#3537,.F.);
#4454=ORIENTED_EDGE('',*,*,#3538,.F.);
#4455=ORIENTED_EDGE('',*,*,#3539,.F.);
#4456=ORIENTED_EDGE('',*,*,#3540,.F.);
#4457=ORIENTED_EDGE('',*,*,#3541,.F.);
#4458=ORIENTED_EDGE('',*,*,#3542,.F.);
#4459=ORIENTED_EDGE('',*,*,#3543,.F.);
#4460=ORIENTED_EDGE('',*,*,#3544,.F.);
#4461=ORIENTED_EDGE('',*,*,#3545,.F.);
#4462=ORIENTED_EDGE('',*,*,#3546,.F.);
#4463=ORIENTED_EDGE('',*,*,#3547,.F.);
#4464=ORIENTED_EDGE('',*,*,#3548,.F.);
#4465=ORIENTED_EDGE('',*,*,#3549,.F.);
#4466=ORIENTED_EDGE('',*,*,#3550,.F.);
#4467=ORIENTED_EDGE('',*,*,#3551,.F.);
#4468=ORIENTED_EDGE('',*,*,#3552,.F.);
#4469=ORIENTED_EDGE('',*,*,#3553,.F.);
#4470=ORIENTED_EDGE('',*,*,#3554,.F.);
#4471=ORIENTED_EDGE('',*,*,#3555,.F.);
#4472=ORIENTED_EDGE('',*,*,#3556,.F.);
#4473=ORIENTED_EDGE('',*,*,#3557,.F.);
#4474=ORIENTED_EDGE('',*,*,#3558,.F.);
#4475=ORIENTED_EDGE('',*,*,#3559,.F.);
#4476=ORIENTED_EDGE('',*,*,#3560,.F.);
#4477=ORIENTED_EDGE('',*,*,#3561,.F.);
#4478=ORIENTED_EDGE('',*,*,#3562,.F.);
#4479=ORIENTED_EDGE('',*,*,#3563,.F.);
#4480=ORIENTED_EDGE('',*,*,#3564,.F.);
#4481=ORIENTED_EDGE('',*,*,#3565,.F.);
#4482=ORIENTED_EDGE('',*,*,#3566,.F.);
#4483=ORIENTED_EDGE('',*,*,#3567,.F.);
#4484=ORIENTED_EDGE('',*,*,#3568,.F.);
#4485=ORIENTED_EDGE('',*,*,#3569,.F.);
#4486=ORIENTED_EDGE('',*,*,#3570,.F.);
#4487=ORIENTED_EDGE('',*,*,#3571,.F.);
#4488=ORIENTED_EDGE('',*,*,#3572,.F.);
#4489=ORIENTED_EDGE('',*,*,#3573,.F.);
#4490=ORIENTED_EDGE('',*,*,#3574,.F.);
#4491=ORIENTED_EDGE('',*,*,#3575,.F.);
#4492=ORIENTED_EDGE('',*,*,#3576,.F.);
#4493=ORIENTED_EDGE('',*,*,#3577,.F.);
#4494=ORIENTED_EDGE('',*,*,#3578,.F.);
#4495=ORIENTED_EDGE('',*,*,#3579,.F.);
#4496=ORIENTED_EDGE('',*,*,#3580,.F.);
#4497=ORIENTED_EDGE('',*,*,#3581,.F.);
#4498=ORIENTED_EDGE('',*,*,#3582,.F.);
#4499=ORIENTED_EDGE('',*,*,#3583,.F.);
#4500=ORIENTED_EDGE('',*,*,#3584,.F.);
#4501=ORIENTED_EDGE('',*,*,#3585,.F.);
#4502=ORIENTED_EDGE('',*,*,#3586,.F.);
#4503=ORIENTED_EDGE('',*,*,#3587,.F.);
#4504=ORIENTED_EDGE('',*,*,#3588,.F.);
#4505=ORIENTED_EDGE('',*,*,#3589,.F.);
#4506=ORIENTED_EDGE('',*,*,#3590,.F.);
#4507=ORIENTED_EDGE('',*,*,#3591,.F.);
#4508=ORIENTED_EDGE('',*,*,#3592,.F.);
#4509=ORIENTED_EDGE('',*,*,#3593,.F.);
#4510=ORIENTED_EDGE('',*,*,#3594,.F.);
#4511=ORIENTED_EDGE('',*,*,#3595,.F.);
#4512=ORIENTED_EDGE('',*,*,#3596,.F.);
#4513=ORIENTED_EDGE('',*,*,#3597,.F.);
#4514=ORIENTED_EDGE('',*,*,#3598,.F.);
#4515=ORIENTED_EDGE('',*,*,#3599,.F.);
#4516=ORIENTED_EDGE('',*,*,#3600,.F.);
#4517=ORIENTED_EDGE('',*,*,#3601,.F.);
#4518=ORIENTED_EDGE('',*,*,#3602,.F.);
#4519=ORIENTED_EDGE('',*,*,#3603,.F.);
#4520=ORIENTED_EDGE('',*,*,#3604,.F.);
#4521=ORIENTED_EDGE('',*,*,#3605,.F.);
#4522=ORIENTED_EDGE('',*,*,#3606,.F.);
#4523=ORIENTED_EDGE('',*,*,#3607,.F.);
#4524=ORIENTED_EDGE('',*,*,#3608,.F.);
#4525=ORIENTED_EDGE('',*,*,#3609,.F.);
#4526=ORIENTED_EDGE('',*,*,#3610,.F.);
#4527=ORIENTED_EDGE('',*,*,#3611,.F.);
#4528=ORIENTED_EDGE('',*,*,#3612,.F.);
#4529=ORIENTED_EDGE('',*,*,#3613,.F.);
#4530=ORIENTED_EDGE('',*,*,#3614,.F.);
#4531=ORIENTED_EDGE('',*,*,#3615,.F.);
#4532=ORIENTED_EDGE('',*,*,#3616,.F.);
#4533=ORIENTED_EDGE('',*,*,#3617,.F.);
#4534=ORIENTED_EDGE('',*,*,#3618,.F.);
#4535=ORIENTED_EDGE('',*,*,#3619,.F.);
#4536=ORIENTED_EDGE('',*,*,#3620,.F.);
#4537=ORIENTED_EDGE('',*,*,#3621,.F.);
#4538=ORIENTED_EDGE('',*,*,#3622,.F.);
#4539=ORIENTED_EDGE('',*,*,#3623,.F.);
#4540=ORIENTED_EDGE('',*,*,#3624,.F.);
#4541=ORIENTED_EDGE('',*,*,#3625,.F.);
#4542=ORIENTED_EDGE('',*,*,#3626,.F.);
#4543=ORIENTED_EDGE('',*,*,#3627,.F.);
#4544=ORIENTED_EDGE('',*,*,#3628,.F.);
#4545=ORIENTED_EDGE('',*,*,#3629,.F.);
#4546=ORIENTED_EDGE('',*,*,#3630,.F.);
#4547=ORIENTED_EDGE('',*,*,#3631,.F.);
#4548=ORIENTED_EDGE('',*,*,#3632,.F.);
#4549=ORIENTED_EDGE('',*,*,#3633,.F.);
#4550=ORIENTED_EDGE('',*,*,#3634,.F.);
#4551=ORIENTED_EDGE('',*,*,#3635,.F.);
#4552=ORIENTED_EDGE('',*,*,#3636,.F.);
#4553=ORIENTED_EDGE('',*,*,#3637,.F.);
#4554=ORIENTED_EDGE('',*,*,#3332,.T.);
#4555=ORIENTED_EDGE('',*,*,#3344,.T.);
#4556=ORIENTED_EDGE('',*,*,#3347,.T.);
#4557=ORIENTED_EDGE('',*,*,#3329,.T.);
#4558=ORIENTED_EDGE('',*,*,#3493,.T.);
#4559=ORIENTED_EDGE('',*,*,#3638,.T.);
#4560=ORIENTED_EDGE('',*,*,#3639,.F.);
#4561=ORIENTED_EDGE('',*,*,#3640,.F.);
#4562=ORIENTED_EDGE('',*,*,#3492,.T.);
#4563=ORIENTED_EDGE('',*,*,#3641,.T.);
#4564=ORIENTED_EDGE('',*,*,#3642,.F.);
#4565=ORIENTED_EDGE('',*,*,#3638,.F.);
#4566=ORIENTED_EDGE('',*,*,#3491,.T.);
#4567=ORIENTED_EDGE('',*,*,#3643,.T.);
#4568=ORIENTED_EDGE('',*,*,#3644,.F.);
#4569=ORIENTED_EDGE('',*,*,#3641,.F.);
#4570=ORIENTED_EDGE('',*,*,#3490,.T.);
#4571=ORIENTED_EDGE('',*,*,#3645,.T.);
#4572=ORIENTED_EDGE('',*,*,#3646,.F.);
#4573=ORIENTED_EDGE('',*,*,#3643,.F.);
#4574=ORIENTED_EDGE('',*,*,#3489,.T.);
#4575=ORIENTED_EDGE('',*,*,#3647,.T.);
#4576=ORIENTED_EDGE('',*,*,#3648,.F.);
#4577=ORIENTED_EDGE('',*,*,#3645,.F.);
#4578=ORIENTED_EDGE('',*,*,#3488,.T.);
#4579=ORIENTED_EDGE('',*,*,#3649,.T.);
#4580=ORIENTED_EDGE('',*,*,#3650,.F.);
#4581=ORIENTED_EDGE('',*,*,#3647,.F.);
#4582=ORIENTED_EDGE('',*,*,#3487,.T.);
#4583=ORIENTED_EDGE('',*,*,#3651,.T.);
#4584=ORIENTED_EDGE('',*,*,#3652,.F.);
#4585=ORIENTED_EDGE('',*,*,#3649,.F.);
#4586=ORIENTED_EDGE('',*,*,#3486,.T.);
#4587=ORIENTED_EDGE('',*,*,#3653,.T.);
#4588=ORIENTED_EDGE('',*,*,#3654,.F.);
#4589=ORIENTED_EDGE('',*,*,#3651,.F.);
#4590=ORIENTED_EDGE('',*,*,#3485,.T.);
#4591=ORIENTED_EDGE('',*,*,#3655,.T.);
#4592=ORIENTED_EDGE('',*,*,#3656,.F.);
#4593=ORIENTED_EDGE('',*,*,#3653,.F.);
#4594=ORIENTED_EDGE('',*,*,#3484,.T.);
#4595=ORIENTED_EDGE('',*,*,#3657,.T.);
#4596=ORIENTED_EDGE('',*,*,#3658,.F.);
#4597=ORIENTED_EDGE('',*,*,#3655,.F.);
#4598=ORIENTED_EDGE('',*,*,#3483,.T.);
#4599=ORIENTED_EDGE('',*,*,#3659,.T.);
#4600=ORIENTED_EDGE('',*,*,#3660,.F.);
#4601=ORIENTED_EDGE('',*,*,#3657,.F.);
#4602=ORIENTED_EDGE('',*,*,#3482,.T.);
#4603=ORIENTED_EDGE('',*,*,#3661,.T.);
#4604=ORIENTED_EDGE('',*,*,#3662,.F.);
#4605=ORIENTED_EDGE('',*,*,#3659,.F.);
#4606=ORIENTED_EDGE('',*,*,#3481,.T.);
#4607=ORIENTED_EDGE('',*,*,#3663,.T.);
#4608=ORIENTED_EDGE('',*,*,#3664,.F.);
#4609=ORIENTED_EDGE('',*,*,#3661,.F.);
#4610=ORIENTED_EDGE('',*,*,#3480,.T.);
#4611=ORIENTED_EDGE('',*,*,#3665,.T.);
#4612=ORIENTED_EDGE('',*,*,#3666,.F.);
#4613=ORIENTED_EDGE('',*,*,#3663,.F.);
#4614=ORIENTED_EDGE('',*,*,#3479,.T.);
#4615=ORIENTED_EDGE('',*,*,#3667,.T.);
#4616=ORIENTED_EDGE('',*,*,#3668,.F.);
#4617=ORIENTED_EDGE('',*,*,#3665,.F.);
#4618=ORIENTED_EDGE('',*,*,#3478,.T.);
#4619=ORIENTED_EDGE('',*,*,#3669,.T.);
#4620=ORIENTED_EDGE('',*,*,#3670,.F.);
#4621=ORIENTED_EDGE('',*,*,#3667,.F.);
#4622=ORIENTED_EDGE('',*,*,#3477,.T.);
#4623=ORIENTED_EDGE('',*,*,#3671,.T.);
#4624=ORIENTED_EDGE('',*,*,#3672,.F.);
#4625=ORIENTED_EDGE('',*,*,#3669,.F.);
#4626=ORIENTED_EDGE('',*,*,#3476,.T.);
#4627=ORIENTED_EDGE('',*,*,#3673,.T.);
#4628=ORIENTED_EDGE('',*,*,#3674,.F.);
#4629=ORIENTED_EDGE('',*,*,#3671,.F.);
#4630=ORIENTED_EDGE('',*,*,#3475,.T.);
#4631=ORIENTED_EDGE('',*,*,#3675,.T.);
#4632=ORIENTED_EDGE('',*,*,#3676,.F.);
#4633=ORIENTED_EDGE('',*,*,#3673,.F.);
#4634=ORIENTED_EDGE('',*,*,#3474,.T.);
#4635=ORIENTED_EDGE('',*,*,#3677,.T.);
#4636=ORIENTED_EDGE('',*,*,#3678,.F.);
#4637=ORIENTED_EDGE('',*,*,#3675,.F.);
#4638=ORIENTED_EDGE('',*,*,#3473,.T.);
#4639=ORIENTED_EDGE('',*,*,#3679,.T.);
#4640=ORIENTED_EDGE('',*,*,#3680,.F.);
#4641=ORIENTED_EDGE('',*,*,#3677,.F.);
#4642=ORIENTED_EDGE('',*,*,#3472,.T.);
#4643=ORIENTED_EDGE('',*,*,#3681,.T.);
#4644=ORIENTED_EDGE('',*,*,#3682,.F.);
#4645=ORIENTED_EDGE('',*,*,#3679,.F.);
#4646=ORIENTED_EDGE('',*,*,#3471,.T.);
#4647=ORIENTED_EDGE('',*,*,#3683,.T.);
#4648=ORIENTED_EDGE('',*,*,#3684,.F.);
#4649=ORIENTED_EDGE('',*,*,#3681,.F.);
#4650=ORIENTED_EDGE('',*,*,#3470,.T.);
#4651=ORIENTED_EDGE('',*,*,#3685,.T.);
#4652=ORIENTED_EDGE('',*,*,#3686,.F.);
#4653=ORIENTED_EDGE('',*,*,#3683,.F.);
#4654=ORIENTED_EDGE('',*,*,#3469,.T.);
#4655=ORIENTED_EDGE('',*,*,#3687,.T.);
#4656=ORIENTED_EDGE('',*,*,#3688,.F.);
#4657=ORIENTED_EDGE('',*,*,#3685,.F.);
#4658=ORIENTED_EDGE('',*,*,#3468,.T.);
#4659=ORIENTED_EDGE('',*,*,#3689,.T.);
#4660=ORIENTED_EDGE('',*,*,#3690,.F.);
#4661=ORIENTED_EDGE('',*,*,#3687,.F.);
#4662=ORIENTED_EDGE('',*,*,#3467,.T.);
#4663=ORIENTED_EDGE('',*,*,#3691,.T.);
#4664=ORIENTED_EDGE('',*,*,#3692,.F.);
#4665=ORIENTED_EDGE('',*,*,#3689,.F.);
#4666=ORIENTED_EDGE('',*,*,#3466,.T.);
#4667=ORIENTED_EDGE('',*,*,#3693,.T.);
#4668=ORIENTED_EDGE('',*,*,#3694,.F.);
#4669=ORIENTED_EDGE('',*,*,#3691,.F.);
#4670=ORIENTED_EDGE('',*,*,#3465,.T.);
#4671=ORIENTED_EDGE('',*,*,#3695,.T.);
#4672=ORIENTED_EDGE('',*,*,#3696,.F.);
#4673=ORIENTED_EDGE('',*,*,#3693,.F.);
#4674=ORIENTED_EDGE('',*,*,#3464,.T.);
#4675=ORIENTED_EDGE('',*,*,#3697,.T.);
#4676=ORIENTED_EDGE('',*,*,#3698,.F.);
#4677=ORIENTED_EDGE('',*,*,#3695,.F.);
#4678=ORIENTED_EDGE('',*,*,#3463,.T.);
#4679=ORIENTED_EDGE('',*,*,#3699,.T.);
#4680=ORIENTED_EDGE('',*,*,#3700,.F.);
#4681=ORIENTED_EDGE('',*,*,#3697,.F.);
#4682=ORIENTED_EDGE('',*,*,#3462,.T.);
#4683=ORIENTED_EDGE('',*,*,#3701,.T.);
#4684=ORIENTED_EDGE('',*,*,#3702,.F.);
#4685=ORIENTED_EDGE('',*,*,#3699,.F.);
#4686=ORIENTED_EDGE('',*,*,#3461,.T.);
#4687=ORIENTED_EDGE('',*,*,#3703,.T.);
#4688=ORIENTED_EDGE('',*,*,#3704,.F.);
#4689=ORIENTED_EDGE('',*,*,#3701,.F.);
#4690=ORIENTED_EDGE('',*,*,#3460,.T.);
#4691=ORIENTED_EDGE('',*,*,#3705,.T.);
#4692=ORIENTED_EDGE('',*,*,#3706,.F.);
#4693=ORIENTED_EDGE('',*,*,#3703,.F.);
#4694=ORIENTED_EDGE('',*,*,#3459,.T.);
#4695=ORIENTED_EDGE('',*,*,#3707,.T.);
#4696=ORIENTED_EDGE('',*,*,#3708,.F.);
#4697=ORIENTED_EDGE('',*,*,#3705,.F.);
#4698=ORIENTED_EDGE('',*,*,#3458,.T.);
#4699=ORIENTED_EDGE('',*,*,#3709,.T.);
#4700=ORIENTED_EDGE('',*,*,#3710,.F.);
#4701=ORIENTED_EDGE('',*,*,#3707,.F.);
#4702=ORIENTED_EDGE('',*,*,#3457,.T.);
#4703=ORIENTED_EDGE('',*,*,#3711,.T.);
#4704=ORIENTED_EDGE('',*,*,#3712,.F.);
#4705=ORIENTED_EDGE('',*,*,#3709,.F.);
#4706=ORIENTED_EDGE('',*,*,#3456,.T.);
#4707=ORIENTED_EDGE('',*,*,#3713,.T.);
#4708=ORIENTED_EDGE('',*,*,#3714,.F.);
#4709=ORIENTED_EDGE('',*,*,#3711,.F.);
#4710=ORIENTED_EDGE('',*,*,#3455,.T.);
#4711=ORIENTED_EDGE('',*,*,#3715,.T.);
#4712=ORIENTED_EDGE('',*,*,#3716,.F.);
#4713=ORIENTED_EDGE('',*,*,#3713,.F.);
#4714=ORIENTED_EDGE('',*,*,#3454,.T.);
#4715=ORIENTED_EDGE('',*,*,#3717,.T.);
#4716=ORIENTED_EDGE('',*,*,#3718,.F.);
#4717=ORIENTED_EDGE('',*,*,#3715,.F.);
#4718=ORIENTED_EDGE('',*,*,#3453,.T.);
#4719=ORIENTED_EDGE('',*,*,#3719,.T.);
#4720=ORIENTED_EDGE('',*,*,#3720,.F.);
#4721=ORIENTED_EDGE('',*,*,#3717,.F.);
#4722=ORIENTED_EDGE('',*,*,#3452,.T.);
#4723=ORIENTED_EDGE('',*,*,#3721,.T.);
#4724=ORIENTED_EDGE('',*,*,#3722,.F.);
#4725=ORIENTED_EDGE('',*,*,#3719,.F.);
#4726=ORIENTED_EDGE('',*,*,#3451,.T.);
#4727=ORIENTED_EDGE('',*,*,#3723,.T.);
#4728=ORIENTED_EDGE('',*,*,#3724,.F.);
#4729=ORIENTED_EDGE('',*,*,#3721,.F.);
#4730=ORIENTED_EDGE('',*,*,#3450,.T.);
#4731=ORIENTED_EDGE('',*,*,#3725,.T.);
#4732=ORIENTED_EDGE('',*,*,#3726,.F.);
#4733=ORIENTED_EDGE('',*,*,#3723,.F.);
#4734=ORIENTED_EDGE('',*,*,#3449,.T.);
#4735=ORIENTED_EDGE('',*,*,#3727,.T.);
#4736=ORIENTED_EDGE('',*,*,#3728,.F.);
#4737=ORIENTED_EDGE('',*,*,#3725,.F.);
#4738=ORIENTED_EDGE('',*,*,#3448,.T.);
#4739=ORIENTED_EDGE('',*,*,#3729,.T.);
#4740=ORIENTED_EDGE('',*,*,#3730,.F.);
#4741=ORIENTED_EDGE('',*,*,#3727,.F.);
#4742=ORIENTED_EDGE('',*,*,#3447,.T.);
#4743=ORIENTED_EDGE('',*,*,#3731,.T.);
#4744=ORIENTED_EDGE('',*,*,#3732,.F.);
#4745=ORIENTED_EDGE('',*,*,#3729,.F.);
#4746=ORIENTED_EDGE('',*,*,#3446,.T.);
#4747=ORIENTED_EDGE('',*,*,#3733,.T.);
#4748=ORIENTED_EDGE('',*,*,#3734,.F.);
#4749=ORIENTED_EDGE('',*,*,#3731,.F.);
#4750=ORIENTED_EDGE('',*,*,#3445,.T.);
#4751=ORIENTED_EDGE('',*,*,#3735,.T.);
#4752=ORIENTED_EDGE('',*,*,#3736,.F.);
#4753=ORIENTED_EDGE('',*,*,#3733,.F.);
#4754=ORIENTED_EDGE('',*,*,#3444,.T.);
#4755=ORIENTED_EDGE('',*,*,#3737,.T.);
#4756=ORIENTED_EDGE('',*,*,#3738,.F.);
#4757=ORIENTED_EDGE('',*,*,#3735,.F.);
#4758=ORIENTED_EDGE('',*,*,#3443,.T.);
#4759=ORIENTED_EDGE('',*,*,#3739,.T.);
#4760=ORIENTED_EDGE('',*,*,#3740,.F.);
#4761=ORIENTED_EDGE('',*,*,#3737,.F.);
#4762=ORIENTED_EDGE('',*,*,#3442,.T.);
#4763=ORIENTED_EDGE('',*,*,#3741,.T.);
#4764=ORIENTED_EDGE('',*,*,#3742,.F.);
#4765=ORIENTED_EDGE('',*,*,#3739,.F.);
#4766=ORIENTED_EDGE('',*,*,#3441,.T.);
#4767=ORIENTED_EDGE('',*,*,#3743,.T.);
#4768=ORIENTED_EDGE('',*,*,#3744,.F.);
#4769=ORIENTED_EDGE('',*,*,#3741,.F.);
#4770=ORIENTED_EDGE('',*,*,#3440,.T.);
#4771=ORIENTED_EDGE('',*,*,#3745,.T.);
#4772=ORIENTED_EDGE('',*,*,#3746,.F.);
#4773=ORIENTED_EDGE('',*,*,#3743,.F.);
#4774=ORIENTED_EDGE('',*,*,#3439,.T.);
#4775=ORIENTED_EDGE('',*,*,#3747,.T.);
#4776=ORIENTED_EDGE('',*,*,#3748,.F.);
#4777=ORIENTED_EDGE('',*,*,#3745,.F.);
#4778=ORIENTED_EDGE('',*,*,#3438,.T.);
#4779=ORIENTED_EDGE('',*,*,#3749,.T.);
#4780=ORIENTED_EDGE('',*,*,#3750,.F.);
#4781=ORIENTED_EDGE('',*,*,#3747,.F.);
#4782=ORIENTED_EDGE('',*,*,#3437,.T.);
#4783=ORIENTED_EDGE('',*,*,#3751,.T.);
#4784=ORIENTED_EDGE('',*,*,#3752,.F.);
#4785=ORIENTED_EDGE('',*,*,#3749,.F.);
#4786=ORIENTED_EDGE('',*,*,#3436,.T.);
#4787=ORIENTED_EDGE('',*,*,#3753,.T.);
#4788=ORIENTED_EDGE('',*,*,#3754,.F.);
#4789=ORIENTED_EDGE('',*,*,#3751,.F.);
#4790=ORIENTED_EDGE('',*,*,#3435,.T.);
#4791=ORIENTED_EDGE('',*,*,#3755,.T.);
#4792=ORIENTED_EDGE('',*,*,#3756,.F.);
#4793=ORIENTED_EDGE('',*,*,#3753,.F.);
#4794=ORIENTED_EDGE('',*,*,#3434,.T.);
#4795=ORIENTED_EDGE('',*,*,#3757,.T.);
#4796=ORIENTED_EDGE('',*,*,#3758,.F.);
#4797=ORIENTED_EDGE('',*,*,#3755,.F.);
#4798=ORIENTED_EDGE('',*,*,#3433,.T.);
#4799=ORIENTED_EDGE('',*,*,#3759,.T.);
#4800=ORIENTED_EDGE('',*,*,#3760,.F.);
#4801=ORIENTED_EDGE('',*,*,#3757,.F.);
#4802=ORIENTED_EDGE('',*,*,#3432,.T.);
#4803=ORIENTED_EDGE('',*,*,#3761,.T.);
#4804=ORIENTED_EDGE('',*,*,#3762,.F.);
#4805=ORIENTED_EDGE('',*,*,#3759,.F.);
#4806=ORIENTED_EDGE('',*,*,#3431,.T.);
#4807=ORIENTED_EDGE('',*,*,#3763,.T.);
#4808=ORIENTED_EDGE('',*,*,#3764,.F.);
#4809=ORIENTED_EDGE('',*,*,#3761,.F.);
#4810=ORIENTED_EDGE('',*,*,#3430,.T.);
#4811=ORIENTED_EDGE('',*,*,#3765,.T.);
#4812=ORIENTED_EDGE('',*,*,#3766,.F.);
#4813=ORIENTED_EDGE('',*,*,#3763,.F.);
#4814=ORIENTED_EDGE('',*,*,#3429,.T.);
#4815=ORIENTED_EDGE('',*,*,#3767,.T.);
#4816=ORIENTED_EDGE('',*,*,#3768,.F.);
#4817=ORIENTED_EDGE('',*,*,#3765,.F.);
#4818=ORIENTED_EDGE('',*,*,#3428,.T.);
#4819=ORIENTED_EDGE('',*,*,#3769,.T.);
#4820=ORIENTED_EDGE('',*,*,#3770,.F.);
#4821=ORIENTED_EDGE('',*,*,#3767,.F.);
#4822=ORIENTED_EDGE('',*,*,#3427,.T.);
#4823=ORIENTED_EDGE('',*,*,#3771,.T.);
#4824=ORIENTED_EDGE('',*,*,#3772,.F.);
#4825=ORIENTED_EDGE('',*,*,#3769,.F.);
#4826=ORIENTED_EDGE('',*,*,#3426,.T.);
#4827=ORIENTED_EDGE('',*,*,#3773,.T.);
#4828=ORIENTED_EDGE('',*,*,#3774,.F.);
#4829=ORIENTED_EDGE('',*,*,#3771,.F.);
#4830=ORIENTED_EDGE('',*,*,#3425,.T.);
#4831=ORIENTED_EDGE('',*,*,#3775,.T.);
#4832=ORIENTED_EDGE('',*,*,#3776,.F.);
#4833=ORIENTED_EDGE('',*,*,#3773,.F.);
#4834=ORIENTED_EDGE('',*,*,#3424,.T.);
#4835=ORIENTED_EDGE('',*,*,#3777,.T.);
#4836=ORIENTED_EDGE('',*,*,#3778,.F.);
#4837=ORIENTED_EDGE('',*,*,#3775,.F.);
#4838=ORIENTED_EDGE('',*,*,#3423,.T.);
#4839=ORIENTED_EDGE('',*,*,#3779,.T.);
#4840=ORIENTED_EDGE('',*,*,#3780,.F.);
#4841=ORIENTED_EDGE('',*,*,#3777,.F.);
#4842=ORIENTED_EDGE('',*,*,#3422,.T.);
#4843=ORIENTED_EDGE('',*,*,#3781,.T.);
#4844=ORIENTED_EDGE('',*,*,#3782,.F.);
#4845=ORIENTED_EDGE('',*,*,#3779,.F.);
#4846=ORIENTED_EDGE('',*,*,#3421,.T.);
#4847=ORIENTED_EDGE('',*,*,#3783,.T.);
#4848=ORIENTED_EDGE('',*,*,#3784,.F.);
#4849=ORIENTED_EDGE('',*,*,#3781,.F.);
#4850=ORIENTED_EDGE('',*,*,#3420,.T.);
#4851=ORIENTED_EDGE('',*,*,#3785,.T.);
#4852=ORIENTED_EDGE('',*,*,#3786,.F.);
#4853=ORIENTED_EDGE('',*,*,#3783,.F.);
#4854=ORIENTED_EDGE('',*,*,#3419,.T.);
#4855=ORIENTED_EDGE('',*,*,#3787,.T.);
#4856=ORIENTED_EDGE('',*,*,#3788,.F.);
#4857=ORIENTED_EDGE('',*,*,#3785,.F.);
#4858=ORIENTED_EDGE('',*,*,#3418,.T.);
#4859=ORIENTED_EDGE('',*,*,#3789,.T.);
#4860=ORIENTED_EDGE('',*,*,#3790,.F.);
#4861=ORIENTED_EDGE('',*,*,#3787,.F.);
#4862=ORIENTED_EDGE('',*,*,#3417,.T.);
#4863=ORIENTED_EDGE('',*,*,#3791,.T.);
#4864=ORIENTED_EDGE('',*,*,#3792,.F.);
#4865=ORIENTED_EDGE('',*,*,#3789,.F.);
#4866=ORIENTED_EDGE('',*,*,#3416,.T.);
#4867=ORIENTED_EDGE('',*,*,#3793,.T.);
#4868=ORIENTED_EDGE('',*,*,#3794,.F.);
#4869=ORIENTED_EDGE('',*,*,#3791,.F.);
#4870=ORIENTED_EDGE('',*,*,#3415,.T.);
#4871=ORIENTED_EDGE('',*,*,#3795,.T.);
#4872=ORIENTED_EDGE('',*,*,#3796,.F.);
#4873=ORIENTED_EDGE('',*,*,#3793,.F.);
#4874=ORIENTED_EDGE('',*,*,#3414,.T.);
#4875=ORIENTED_EDGE('',*,*,#3797,.T.);
#4876=ORIENTED_EDGE('',*,*,#3798,.F.);
#4877=ORIENTED_EDGE('',*,*,#3795,.F.);
#4878=ORIENTED_EDGE('',*,*,#3413,.T.);
#4879=ORIENTED_EDGE('',*,*,#3799,.T.);
#4880=ORIENTED_EDGE('',*,*,#3800,.F.);
#4881=ORIENTED_EDGE('',*,*,#3797,.F.);
#4882=ORIENTED_EDGE('',*,*,#3412,.T.);
#4883=ORIENTED_EDGE('',*,*,#3801,.T.);
#4884=ORIENTED_EDGE('',*,*,#3802,.F.);
#4885=ORIENTED_EDGE('',*,*,#3799,.F.);
#4886=ORIENTED_EDGE('',*,*,#3411,.T.);
#4887=ORIENTED_EDGE('',*,*,#3803,.T.);
#4888=ORIENTED_EDGE('',*,*,#3804,.F.);
#4889=ORIENTED_EDGE('',*,*,#3801,.F.);
#4890=ORIENTED_EDGE('',*,*,#3410,.T.);
#4891=ORIENTED_EDGE('',*,*,#3805,.T.);
#4892=ORIENTED_EDGE('',*,*,#3806,.F.);
#4893=ORIENTED_EDGE('',*,*,#3803,.F.);
#4894=ORIENTED_EDGE('',*,*,#3409,.T.);
#4895=ORIENTED_EDGE('',*,*,#3807,.T.);
#4896=ORIENTED_EDGE('',*,*,#3808,.F.);
#4897=ORIENTED_EDGE('',*,*,#3805,.F.);
#4898=ORIENTED_EDGE('',*,*,#3408,.T.);
#4899=ORIENTED_EDGE('',*,*,#3809,.T.);
#4900=ORIENTED_EDGE('',*,*,#3810,.F.);
#4901=ORIENTED_EDGE('',*,*,#3807,.F.);
#4902=ORIENTED_EDGE('',*,*,#3407,.T.);
#4903=ORIENTED_EDGE('',*,*,#3811,.T.);
#4904=ORIENTED_EDGE('',*,*,#3812,.F.);
#4905=ORIENTED_EDGE('',*,*,#3809,.F.);
#4906=ORIENTED_EDGE('',*,*,#3406,.T.);
#4907=ORIENTED_EDGE('',*,*,#3813,.T.);
#4908=ORIENTED_EDGE('',*,*,#3814,.F.);
#4909=ORIENTED_EDGE('',*,*,#3811,.F.);
#4910=ORIENTED_EDGE('',*,*,#3405,.T.);
#4911=ORIENTED_EDGE('',*,*,#3815,.T.);
#4912=ORIENTED_EDGE('',*,*,#3816,.F.);
#4913=ORIENTED_EDGE('',*,*,#3813,.F.);
#4914=ORIENTED_EDGE('',*,*,#3404,.T.);
#4915=ORIENTED_EDGE('',*,*,#3817,.T.);
#4916=ORIENTED_EDGE('',*,*,#3818,.F.);
#4917=ORIENTED_EDGE('',*,*,#3815,.F.);
#4918=ORIENTED_EDGE('',*,*,#3403,.T.);
#4919=ORIENTED_EDGE('',*,*,#3819,.T.);
#4920=ORIENTED_EDGE('',*,*,#3820,.F.);
#4921=ORIENTED_EDGE('',*,*,#3817,.F.);
#4922=ORIENTED_EDGE('',*,*,#3402,.T.);
#4923=ORIENTED_EDGE('',*,*,#3821,.T.);
#4924=ORIENTED_EDGE('',*,*,#3822,.F.);
#4925=ORIENTED_EDGE('',*,*,#3819,.F.);
#4926=ORIENTED_EDGE('',*,*,#3401,.T.);
#4927=ORIENTED_EDGE('',*,*,#3823,.T.);
#4928=ORIENTED_EDGE('',*,*,#3824,.F.);
#4929=ORIENTED_EDGE('',*,*,#3821,.F.);
#4930=ORIENTED_EDGE('',*,*,#3400,.T.);
#4931=ORIENTED_EDGE('',*,*,#3825,.T.);
#4932=ORIENTED_EDGE('',*,*,#3826,.F.);
#4933=ORIENTED_EDGE('',*,*,#3823,.F.);
#4934=ORIENTED_EDGE('',*,*,#3399,.T.);
#4935=ORIENTED_EDGE('',*,*,#3827,.T.);
#4936=ORIENTED_EDGE('',*,*,#3828,.F.);
#4937=ORIENTED_EDGE('',*,*,#3825,.F.);
#4938=ORIENTED_EDGE('',*,*,#3398,.T.);
#4939=ORIENTED_EDGE('',*,*,#3829,.T.);
#4940=ORIENTED_EDGE('',*,*,#3830,.F.);
#4941=ORIENTED_EDGE('',*,*,#3827,.F.);
#4942=ORIENTED_EDGE('',*,*,#3397,.T.);
#4943=ORIENTED_EDGE('',*,*,#3831,.T.);
#4944=ORIENTED_EDGE('',*,*,#3832,.F.);
#4945=ORIENTED_EDGE('',*,*,#3829,.F.);
#4946=ORIENTED_EDGE('',*,*,#3396,.T.);
#4947=ORIENTED_EDGE('',*,*,#3833,.T.);
#4948=ORIENTED_EDGE('',*,*,#3834,.F.);
#4949=ORIENTED_EDGE('',*,*,#3831,.F.);
#4950=ORIENTED_EDGE('',*,*,#3395,.T.);
#4951=ORIENTED_EDGE('',*,*,#3835,.T.);
#4952=ORIENTED_EDGE('',*,*,#3836,.F.);
#4953=ORIENTED_EDGE('',*,*,#3833,.F.);
#4954=ORIENTED_EDGE('',*,*,#3394,.T.);
#4955=ORIENTED_EDGE('',*,*,#3837,.T.);
#4956=ORIENTED_EDGE('',*,*,#3838,.F.);
#4957=ORIENTED_EDGE('',*,*,#3835,.F.);
#4958=ORIENTED_EDGE('',*,*,#3393,.T.);
#4959=ORIENTED_EDGE('',*,*,#3839,.T.);
#4960=ORIENTED_EDGE('',*,*,#3840,.F.);
#4961=ORIENTED_EDGE('',*,*,#3837,.F.);
#4962=ORIENTED_EDGE('',*,*,#3392,.T.);
#4963=ORIENTED_EDGE('',*,*,#3841,.T.);
#4964=ORIENTED_EDGE('',*,*,#3842,.F.);
#4965=ORIENTED_EDGE('',*,*,#3839,.F.);
#4966=ORIENTED_EDGE('',*,*,#3391,.T.);
#4967=ORIENTED_EDGE('',*,*,#3843,.T.);
#4968=ORIENTED_EDGE('',*,*,#3844,.F.);
#4969=ORIENTED_EDGE('',*,*,#3841,.F.);
#4970=ORIENTED_EDGE('',*,*,#3390,.T.);
#4971=ORIENTED_EDGE('',*,*,#3845,.T.);
#4972=ORIENTED_EDGE('',*,*,#3846,.F.);
#4973=ORIENTED_EDGE('',*,*,#3843,.F.);
#4974=ORIENTED_EDGE('',*,*,#3389,.T.);
#4975=ORIENTED_EDGE('',*,*,#3847,.T.);
#4976=ORIENTED_EDGE('',*,*,#3848,.F.);
#4977=ORIENTED_EDGE('',*,*,#3845,.F.);
#4978=ORIENTED_EDGE('',*,*,#3388,.T.);
#4979=ORIENTED_EDGE('',*,*,#3849,.T.);
#4980=ORIENTED_EDGE('',*,*,#3850,.F.);
#4981=ORIENTED_EDGE('',*,*,#3847,.F.);
#4982=ORIENTED_EDGE('',*,*,#3387,.T.);
#4983=ORIENTED_EDGE('',*,*,#3851,.T.);
#4984=ORIENTED_EDGE('',*,*,#3852,.F.);
#4985=ORIENTED_EDGE('',*,*,#3849,.F.);
#4986=ORIENTED_EDGE('',*,*,#3386,.T.);
#4987=ORIENTED_EDGE('',*,*,#3853,.T.);
#4988=ORIENTED_EDGE('',*,*,#3854,.F.);
#4989=ORIENTED_EDGE('',*,*,#3851,.F.);
#4990=ORIENTED_EDGE('',*,*,#3385,.T.);
#4991=ORIENTED_EDGE('',*,*,#3855,.T.);
#4992=ORIENTED_EDGE('',*,*,#3856,.F.);
#4993=ORIENTED_EDGE('',*,*,#3853,.F.);
#4994=ORIENTED_EDGE('',*,*,#3384,.T.);
#4995=ORIENTED_EDGE('',*,*,#3857,.T.);
#4996=ORIENTED_EDGE('',*,*,#3858,.F.);
#4997=ORIENTED_EDGE('',*,*,#3855,.F.);
#4998=ORIENTED_EDGE('',*,*,#3383,.T.);
#4999=ORIENTED_EDGE('',*,*,#3859,.T.);
#5000=ORIENTED_EDGE('',*,*,#3860,.F.);
#5001=ORIENTED_EDGE('',*,*,#3857,.F.);
#5002=ORIENTED_EDGE('',*,*,#3382,.T.);
#5003=ORIENTED_EDGE('',*,*,#3861,.T.);
#5004=ORIENTED_EDGE('',*,*,#3862,.F.);
#5005=ORIENTED_EDGE('',*,*,#3859,.F.);
#5006=ORIENTED_EDGE('',*,*,#3381,.T.);
#5007=ORIENTED_EDGE('',*,*,#3863,.T.);
#5008=ORIENTED_EDGE('',*,*,#3864,.F.);
#5009=ORIENTED_EDGE('',*,*,#3861,.F.);
#5010=ORIENTED_EDGE('',*,*,#3380,.T.);
#5011=ORIENTED_EDGE('',*,*,#3865,.T.);
#5012=ORIENTED_EDGE('',*,*,#3866,.F.);
#5013=ORIENTED_EDGE('',*,*,#3863,.F.);
#5014=ORIENTED_EDGE('',*,*,#3379,.T.);
#5015=ORIENTED_EDGE('',*,*,#3867,.T.);
#5016=ORIENTED_EDGE('',*,*,#3868,.F.);
#5017=ORIENTED_EDGE('',*,*,#3865,.F.);
#5018=ORIENTED_EDGE('',*,*,#3378,.T.);
#5019=ORIENTED_EDGE('',*,*,#3869,.T.);
#5020=ORIENTED_EDGE('',*,*,#3870,.F.);
#5021=ORIENTED_EDGE('',*,*,#3867,.F.);
#5022=ORIENTED_EDGE('',*,*,#3377,.T.);
#5023=ORIENTED_EDGE('',*,*,#3871,.T.);
#5024=ORIENTED_EDGE('',*,*,#3872,.F.);
#5025=ORIENTED_EDGE('',*,*,#3869,.F.);
#5026=ORIENTED_EDGE('',*,*,#3376,.T.);
#5027=ORIENTED_EDGE('',*,*,#3873,.T.);
#5028=ORIENTED_EDGE('',*,*,#3874,.F.);
#5029=ORIENTED_EDGE('',*,*,#3871,.F.);
#5030=ORIENTED_EDGE('',*,*,#3375,.T.);
#5031=ORIENTED_EDGE('',*,*,#3875,.T.);
#5032=ORIENTED_EDGE('',*,*,#3876,.F.);
#5033=ORIENTED_EDGE('',*,*,#3873,.F.);
#5034=ORIENTED_EDGE('',*,*,#3374,.T.);
#5035=ORIENTED_EDGE('',*,*,#3877,.T.);
#5036=ORIENTED_EDGE('',*,*,#3878,.F.);
#5037=ORIENTED_EDGE('',*,*,#3875,.F.);
#5038=ORIENTED_EDGE('',*,*,#3373,.T.);
#5039=ORIENTED_EDGE('',*,*,#3879,.T.);
#5040=ORIENTED_EDGE('',*,*,#3880,.F.);
#5041=ORIENTED_EDGE('',*,*,#3877,.F.);
#5042=ORIENTED_EDGE('',*,*,#3372,.T.);
#5043=ORIENTED_EDGE('',*,*,#3881,.T.);
#5044=ORIENTED_EDGE('',*,*,#3882,.F.);
#5045=ORIENTED_EDGE('',*,*,#3879,.F.);
#5046=ORIENTED_EDGE('',*,*,#3371,.T.);
#5047=ORIENTED_EDGE('',*,*,#3883,.T.);
#5048=ORIENTED_EDGE('',*,*,#3884,.F.);
#5049=ORIENTED_EDGE('',*,*,#3881,.F.);
#5050=ORIENTED_EDGE('',*,*,#3370,.T.);
#5051=ORIENTED_EDGE('',*,*,#3885,.T.);
#5052=ORIENTED_EDGE('',*,*,#3886,.F.);
#5053=ORIENTED_EDGE('',*,*,#3883,.F.);
#5054=ORIENTED_EDGE('',*,*,#3369,.T.);
#5055=ORIENTED_EDGE('',*,*,#3887,.T.);
#5056=ORIENTED_EDGE('',*,*,#3888,.F.);
#5057=ORIENTED_EDGE('',*,*,#3885,.F.);
#5058=ORIENTED_EDGE('',*,*,#3368,.T.);
#5059=ORIENTED_EDGE('',*,*,#3889,.T.);
#5060=ORIENTED_EDGE('',*,*,#3890,.F.);
#5061=ORIENTED_EDGE('',*,*,#3887,.F.);
#5062=ORIENTED_EDGE('',*,*,#3367,.T.);
#5063=ORIENTED_EDGE('',*,*,#3891,.T.);
#5064=ORIENTED_EDGE('',*,*,#3892,.F.);
#5065=ORIENTED_EDGE('',*,*,#3889,.F.);
#5066=ORIENTED_EDGE('',*,*,#3366,.T.);
#5067=ORIENTED_EDGE('',*,*,#3893,.T.);
#5068=ORIENTED_EDGE('',*,*,#3894,.F.);
#5069=ORIENTED_EDGE('',*,*,#3891,.F.);
#5070=ORIENTED_EDGE('',*,*,#3365,.T.);
#5071=ORIENTED_EDGE('',*,*,#3895,.T.);
#5072=ORIENTED_EDGE('',*,*,#3896,.F.);
#5073=ORIENTED_EDGE('',*,*,#3893,.F.);
#5074=ORIENTED_EDGE('',*,*,#3364,.T.);
#5075=ORIENTED_EDGE('',*,*,#3897,.T.);
#5076=ORIENTED_EDGE('',*,*,#3898,.F.);
#5077=ORIENTED_EDGE('',*,*,#3895,.F.);
#5078=ORIENTED_EDGE('',*,*,#3363,.T.);
#5079=ORIENTED_EDGE('',*,*,#3899,.T.);
#5080=ORIENTED_EDGE('',*,*,#3900,.F.);
#5081=ORIENTED_EDGE('',*,*,#3897,.F.);
#5082=ORIENTED_EDGE('',*,*,#3362,.T.);
#5083=ORIENTED_EDGE('',*,*,#3901,.T.);
#5084=ORIENTED_EDGE('',*,*,#3902,.F.);
#5085=ORIENTED_EDGE('',*,*,#3899,.F.);
#5086=ORIENTED_EDGE('',*,*,#3361,.T.);
#5087=ORIENTED_EDGE('',*,*,#3903,.T.);
#5088=ORIENTED_EDGE('',*,*,#3904,.F.);
#5089=ORIENTED_EDGE('',*,*,#3901,.F.);
#5090=ORIENTED_EDGE('',*,*,#3360,.T.);
#5091=ORIENTED_EDGE('',*,*,#3905,.T.);
#5092=ORIENTED_EDGE('',*,*,#3906,.F.);
#5093=ORIENTED_EDGE('',*,*,#3903,.F.);
#5094=ORIENTED_EDGE('',*,*,#3359,.T.);
#5095=ORIENTED_EDGE('',*,*,#3907,.T.);
#5096=ORIENTED_EDGE('',*,*,#3908,.F.);
#5097=ORIENTED_EDGE('',*,*,#3905,.F.);
#5098=ORIENTED_EDGE('',*,*,#3358,.T.);
#5099=ORIENTED_EDGE('',*,*,#3909,.T.);
#5100=ORIENTED_EDGE('',*,*,#3910,.F.);
#5101=ORIENTED_EDGE('',*,*,#3907,.F.);
#5102=ORIENTED_EDGE('',*,*,#3357,.T.);
#5103=ORIENTED_EDGE('',*,*,#3911,.T.);
#5104=ORIENTED_EDGE('',*,*,#3912,.F.);
#5105=ORIENTED_EDGE('',*,*,#3909,.F.);
#5106=ORIENTED_EDGE('',*,*,#3356,.T.);
#5107=ORIENTED_EDGE('',*,*,#3913,.T.);
#5108=ORIENTED_EDGE('',*,*,#3914,.F.);
#5109=ORIENTED_EDGE('',*,*,#3911,.F.);
#5110=ORIENTED_EDGE('',*,*,#3355,.T.);
#5111=ORIENTED_EDGE('',*,*,#3915,.T.);
#5112=ORIENTED_EDGE('',*,*,#3916,.F.);
#5113=ORIENTED_EDGE('',*,*,#3913,.F.);
#5114=ORIENTED_EDGE('',*,*,#3354,.T.);
#5115=ORIENTED_EDGE('',*,*,#3917,.T.);
#5116=ORIENTED_EDGE('',*,*,#3918,.F.);
#5117=ORIENTED_EDGE('',*,*,#3915,.F.);
#5118=ORIENTED_EDGE('',*,*,#3353,.T.);
#5119=ORIENTED_EDGE('',*,*,#3919,.T.);
#5120=ORIENTED_EDGE('',*,*,#3920,.F.);
#5121=ORIENTED_EDGE('',*,*,#3917,.F.);
#5122=ORIENTED_EDGE('',*,*,#3352,.T.);
#5123=ORIENTED_EDGE('',*,*,#3921,.T.);
#5124=ORIENTED_EDGE('',*,*,#3922,.F.);
#5125=ORIENTED_EDGE('',*,*,#3919,.F.);
#5126=ORIENTED_EDGE('',*,*,#3351,.T.);
#5127=ORIENTED_EDGE('',*,*,#3923,.T.);
#5128=ORIENTED_EDGE('',*,*,#3924,.F.);
#5129=ORIENTED_EDGE('',*,*,#3921,.F.);
#5130=ORIENTED_EDGE('',*,*,#3350,.T.);
#5131=ORIENTED_EDGE('',*,*,#3925,.T.);
#5132=ORIENTED_EDGE('',*,*,#3926,.F.);
#5133=ORIENTED_EDGE('',*,*,#3923,.F.);
#5134=ORIENTED_EDGE('',*,*,#3349,.T.);
#5135=ORIENTED_EDGE('',*,*,#3927,.T.);
#5136=ORIENTED_EDGE('',*,*,#3928,.F.);
#5137=ORIENTED_EDGE('',*,*,#3925,.F.);
#5138=ORIENTED_EDGE('',*,*,#3348,.T.);
#5139=ORIENTED_EDGE('',*,*,#3929,.T.);
#5140=ORIENTED_EDGE('',*,*,#3930,.F.);
#5141=ORIENTED_EDGE('',*,*,#3927,.F.);
#5142=ORIENTED_EDGE('',*,*,#3494,.T.);
#5143=ORIENTED_EDGE('',*,*,#3640,.T.);
#5144=ORIENTED_EDGE('',*,*,#3931,.F.);
#5145=ORIENTED_EDGE('',*,*,#3932,.F.);
#5146=ORIENTED_EDGE('',*,*,#3495,.T.);
#5147=ORIENTED_EDGE('',*,*,#3932,.T.);
#5148=ORIENTED_EDGE('',*,*,#3933,.F.);
#5149=ORIENTED_EDGE('',*,*,#3934,.F.);
#5150=ORIENTED_EDGE('',*,*,#3496,.T.);
#5151=ORIENTED_EDGE('',*,*,#3934,.T.);
#5152=ORIENTED_EDGE('',*,*,#3935,.F.);
#5153=ORIENTED_EDGE('',*,*,#3936,.F.);
#5154=ORIENTED_EDGE('',*,*,#3497,.T.);
#5155=ORIENTED_EDGE('',*,*,#3936,.T.);
#5156=ORIENTED_EDGE('',*,*,#3937,.F.);
#5157=ORIENTED_EDGE('',*,*,#3938,.F.);
#5158=ORIENTED_EDGE('',*,*,#3498,.T.);
#5159=ORIENTED_EDGE('',*,*,#3938,.T.);
#5160=ORIENTED_EDGE('',*,*,#3939,.F.);
#5161=ORIENTED_EDGE('',*,*,#3940,.F.);
#5162=ORIENTED_EDGE('',*,*,#3499,.T.);
#5163=ORIENTED_EDGE('',*,*,#3940,.T.);
#5164=ORIENTED_EDGE('',*,*,#3941,.F.);
#5165=ORIENTED_EDGE('',*,*,#3942,.F.);
#5166=ORIENTED_EDGE('',*,*,#3500,.T.);
#5167=ORIENTED_EDGE('',*,*,#3942,.T.);
#5168=ORIENTED_EDGE('',*,*,#3943,.F.);
#5169=ORIENTED_EDGE('',*,*,#3944,.F.);
#5170=ORIENTED_EDGE('',*,*,#3501,.T.);
#5171=ORIENTED_EDGE('',*,*,#3944,.T.);
#5172=ORIENTED_EDGE('',*,*,#3945,.F.);
#5173=ORIENTED_EDGE('',*,*,#3946,.F.);
#5174=ORIENTED_EDGE('',*,*,#3502,.T.);
#5175=ORIENTED_EDGE('',*,*,#3946,.T.);
#5176=ORIENTED_EDGE('',*,*,#3947,.F.);
#5177=ORIENTED_EDGE('',*,*,#3948,.F.);
#5178=ORIENTED_EDGE('',*,*,#3503,.T.);
#5179=ORIENTED_EDGE('',*,*,#3948,.T.);
#5180=ORIENTED_EDGE('',*,*,#3949,.F.);
#5181=ORIENTED_EDGE('',*,*,#3950,.F.);
#5182=ORIENTED_EDGE('',*,*,#3504,.T.);
#5183=ORIENTED_EDGE('',*,*,#3950,.T.);
#5184=ORIENTED_EDGE('',*,*,#3951,.F.);
#5185=ORIENTED_EDGE('',*,*,#3952,.F.);
#5186=ORIENTED_EDGE('',*,*,#3505,.T.);
#5187=ORIENTED_EDGE('',*,*,#3952,.T.);
#5188=ORIENTED_EDGE('',*,*,#3953,.F.);
#5189=ORIENTED_EDGE('',*,*,#3954,.F.);
#5190=ORIENTED_EDGE('',*,*,#3506,.T.);
#5191=ORIENTED_EDGE('',*,*,#3954,.T.);
#5192=ORIENTED_EDGE('',*,*,#3955,.F.);
#5193=ORIENTED_EDGE('',*,*,#3956,.F.);
#5194=ORIENTED_EDGE('',*,*,#3507,.T.);
#5195=ORIENTED_EDGE('',*,*,#3956,.T.);
#5196=ORIENTED_EDGE('',*,*,#3957,.F.);
#5197=ORIENTED_EDGE('',*,*,#3958,.F.);
#5198=ORIENTED_EDGE('',*,*,#3508,.T.);
#5199=ORIENTED_EDGE('',*,*,#3958,.T.);
#5200=ORIENTED_EDGE('',*,*,#3959,.F.);
#5201=ORIENTED_EDGE('',*,*,#3960,.F.);
#5202=ORIENTED_EDGE('',*,*,#3509,.T.);
#5203=ORIENTED_EDGE('',*,*,#3960,.T.);
#5204=ORIENTED_EDGE('',*,*,#3961,.F.);
#5205=ORIENTED_EDGE('',*,*,#3962,.F.);
#5206=ORIENTED_EDGE('',*,*,#3510,.T.);
#5207=ORIENTED_EDGE('',*,*,#3962,.T.);
#5208=ORIENTED_EDGE('',*,*,#3963,.F.);
#5209=ORIENTED_EDGE('',*,*,#3964,.F.);
#5210=ORIENTED_EDGE('',*,*,#3511,.T.);
#5211=ORIENTED_EDGE('',*,*,#3964,.T.);
#5212=ORIENTED_EDGE('',*,*,#3965,.F.);
#5213=ORIENTED_EDGE('',*,*,#3966,.F.);
#5214=ORIENTED_EDGE('',*,*,#3512,.T.);
#5215=ORIENTED_EDGE('',*,*,#3966,.T.);
#5216=ORIENTED_EDGE('',*,*,#3967,.F.);
#5217=ORIENTED_EDGE('',*,*,#3968,.F.);
#5218=ORIENTED_EDGE('',*,*,#3513,.T.);
#5219=ORIENTED_EDGE('',*,*,#3968,.T.);
#5220=ORIENTED_EDGE('',*,*,#3969,.F.);
#5221=ORIENTED_EDGE('',*,*,#3970,.F.);
#5222=ORIENTED_EDGE('',*,*,#3514,.T.);
#5223=ORIENTED_EDGE('',*,*,#3970,.T.);
#5224=ORIENTED_EDGE('',*,*,#3971,.F.);
#5225=ORIENTED_EDGE('',*,*,#3972,.F.);
#5226=ORIENTED_EDGE('',*,*,#3515,.T.);
#5227=ORIENTED_EDGE('',*,*,#3972,.T.);
#5228=ORIENTED_EDGE('',*,*,#3973,.F.);
#5229=ORIENTED_EDGE('',*,*,#3974,.F.);
#5230=ORIENTED_EDGE('',*,*,#3516,.T.);
#5231=ORIENTED_EDGE('',*,*,#3974,.T.);
#5232=ORIENTED_EDGE('',*,*,#3975,.F.);
#5233=ORIENTED_EDGE('',*,*,#3976,.F.);
#5234=ORIENTED_EDGE('',*,*,#3517,.T.);
#5235=ORIENTED_EDGE('',*,*,#3976,.T.);
#5236=ORIENTED_EDGE('',*,*,#3977,.F.);
#5237=ORIENTED_EDGE('',*,*,#3978,.F.);
#5238=ORIENTED_EDGE('',*,*,#3518,.T.);
#5239=ORIENTED_EDGE('',*,*,#3978,.T.);
#5240=ORIENTED_EDGE('',*,*,#3979,.F.);
#5241=ORIENTED_EDGE('',*,*,#3980,.F.);
#5242=ORIENTED_EDGE('',*,*,#3519,.T.);
#5243=ORIENTED_EDGE('',*,*,#3980,.T.);
#5244=ORIENTED_EDGE('',*,*,#3981,.F.);
#5245=ORIENTED_EDGE('',*,*,#3982,.F.);
#5246=ORIENTED_EDGE('',*,*,#3520,.T.);
#5247=ORIENTED_EDGE('',*,*,#3982,.T.);
#5248=ORIENTED_EDGE('',*,*,#3983,.F.);
#5249=ORIENTED_EDGE('',*,*,#3984,.F.);
#5250=ORIENTED_EDGE('',*,*,#3521,.T.);
#5251=ORIENTED_EDGE('',*,*,#3984,.T.);
#5252=ORIENTED_EDGE('',*,*,#3985,.F.);
#5253=ORIENTED_EDGE('',*,*,#3986,.F.);
#5254=ORIENTED_EDGE('',*,*,#3522,.T.);
#5255=ORIENTED_EDGE('',*,*,#3986,.T.);
#5256=ORIENTED_EDGE('',*,*,#3987,.F.);
#5257=ORIENTED_EDGE('',*,*,#3988,.F.);
#5258=ORIENTED_EDGE('',*,*,#3523,.T.);
#5259=ORIENTED_EDGE('',*,*,#3988,.T.);
#5260=ORIENTED_EDGE('',*,*,#3989,.F.);
#5261=ORIENTED_EDGE('',*,*,#3990,.F.);
#5262=ORIENTED_EDGE('',*,*,#3524,.T.);
#5263=ORIENTED_EDGE('',*,*,#3990,.T.);
#5264=ORIENTED_EDGE('',*,*,#3991,.F.);
#5265=ORIENTED_EDGE('',*,*,#3992,.F.);
#5266=ORIENTED_EDGE('',*,*,#3525,.T.);
#5267=ORIENTED_EDGE('',*,*,#3992,.T.);
#5268=ORIENTED_EDGE('',*,*,#3993,.F.);
#5269=ORIENTED_EDGE('',*,*,#3994,.F.);
#5270=ORIENTED_EDGE('',*,*,#3526,.T.);
#5271=ORIENTED_EDGE('',*,*,#3994,.T.);
#5272=ORIENTED_EDGE('',*,*,#3995,.F.);
#5273=ORIENTED_EDGE('',*,*,#3996,.F.);
#5274=ORIENTED_EDGE('',*,*,#3527,.T.);
#5275=ORIENTED_EDGE('',*,*,#3996,.T.);
#5276=ORIENTED_EDGE('',*,*,#3997,.F.);
#5277=ORIENTED_EDGE('',*,*,#3998,.F.);
#5278=ORIENTED_EDGE('',*,*,#3528,.T.);
#5279=ORIENTED_EDGE('',*,*,#3998,.T.);
#5280=ORIENTED_EDGE('',*,*,#3999,.F.);
#5281=ORIENTED_EDGE('',*,*,#4000,.F.);
#5282=ORIENTED_EDGE('',*,*,#3529,.T.);
#5283=ORIENTED_EDGE('',*,*,#4000,.T.);
#5284=ORIENTED_EDGE('',*,*,#4001,.F.);
#5285=ORIENTED_EDGE('',*,*,#4002,.F.);
#5286=ORIENTED_EDGE('',*,*,#3530,.T.);
#5287=ORIENTED_EDGE('',*,*,#4002,.T.);
#5288=ORIENTED_EDGE('',*,*,#4003,.F.);
#5289=ORIENTED_EDGE('',*,*,#4004,.F.);
#5290=ORIENTED_EDGE('',*,*,#3531,.T.);
#5291=ORIENTED_EDGE('',*,*,#4004,.T.);
#5292=ORIENTED_EDGE('',*,*,#4005,.F.);
#5293=ORIENTED_EDGE('',*,*,#4006,.F.);
#5294=ORIENTED_EDGE('',*,*,#3532,.T.);
#5295=ORIENTED_EDGE('',*,*,#4006,.T.);
#5296=ORIENTED_EDGE('',*,*,#4007,.F.);
#5297=ORIENTED_EDGE('',*,*,#4008,.F.);
#5298=ORIENTED_EDGE('',*,*,#3533,.T.);
#5299=ORIENTED_EDGE('',*,*,#4008,.T.);
#5300=ORIENTED_EDGE('',*,*,#4009,.F.);
#5301=ORIENTED_EDGE('',*,*,#4010,.F.);
#5302=ORIENTED_EDGE('',*,*,#3534,.T.);
#5303=ORIENTED_EDGE('',*,*,#4010,.T.);
#5304=ORIENTED_EDGE('',*,*,#4011,.F.);
#5305=ORIENTED_EDGE('',*,*,#4012,.F.);
#5306=ORIENTED_EDGE('',*,*,#3535,.T.);
#5307=ORIENTED_EDGE('',*,*,#4012,.T.);
#5308=ORIENTED_EDGE('',*,*,#4013,.F.);
#5309=ORIENTED_EDGE('',*,*,#4014,.F.);
#5310=ORIENTED_EDGE('',*,*,#3536,.T.);
#5311=ORIENTED_EDGE('',*,*,#4014,.T.);
#5312=ORIENTED_EDGE('',*,*,#4015,.F.);
#5313=ORIENTED_EDGE('',*,*,#4016,.F.);
#5314=ORIENTED_EDGE('',*,*,#3537,.T.);
#5315=ORIENTED_EDGE('',*,*,#4016,.T.);
#5316=ORIENTED_EDGE('',*,*,#4017,.F.);
#5317=ORIENTED_EDGE('',*,*,#4018,.F.);
#5318=ORIENTED_EDGE('',*,*,#3538,.T.);
#5319=ORIENTED_EDGE('',*,*,#4018,.T.);
#5320=ORIENTED_EDGE('',*,*,#4019,.F.);
#5321=ORIENTED_EDGE('',*,*,#4020,.F.);
#5322=ORIENTED_EDGE('',*,*,#3539,.T.);
#5323=ORIENTED_EDGE('',*,*,#4020,.T.);
#5324=ORIENTED_EDGE('',*,*,#4021,.F.);
#5325=ORIENTED_EDGE('',*,*,#4022,.F.);
#5326=ORIENTED_EDGE('',*,*,#3540,.T.);
#5327=ORIENTED_EDGE('',*,*,#4022,.T.);
#5328=ORIENTED_EDGE('',*,*,#4023,.F.);
#5329=ORIENTED_EDGE('',*,*,#4024,.F.);
#5330=ORIENTED_EDGE('',*,*,#3541,.T.);
#5331=ORIENTED_EDGE('',*,*,#4024,.T.);
#5332=ORIENTED_EDGE('',*,*,#4025,.F.);
#5333=ORIENTED_EDGE('',*,*,#4026,.F.);
#5334=ORIENTED_EDGE('',*,*,#3542,.T.);
#5335=ORIENTED_EDGE('',*,*,#4026,.T.);
#5336=ORIENTED_EDGE('',*,*,#4027,.F.);
#5337=ORIENTED_EDGE('',*,*,#4028,.F.);
#5338=ORIENTED_EDGE('',*,*,#3543,.T.);
#5339=ORIENTED_EDGE('',*,*,#4028,.T.);
#5340=ORIENTED_EDGE('',*,*,#4029,.F.);
#5341=ORIENTED_EDGE('',*,*,#4030,.F.);
#5342=ORIENTED_EDGE('',*,*,#3544,.T.);
#5343=ORIENTED_EDGE('',*,*,#4030,.T.);
#5344=ORIENTED_EDGE('',*,*,#4031,.F.);
#5345=ORIENTED_EDGE('',*,*,#4032,.F.);
#5346=ORIENTED_EDGE('',*,*,#3545,.T.);
#5347=ORIENTED_EDGE('',*,*,#4032,.T.);
#5348=ORIENTED_EDGE('',*,*,#4033,.F.);
#5349=ORIENTED_EDGE('',*,*,#4034,.F.);
#5350=ORIENTED_EDGE('',*,*,#3546,.T.);
#5351=ORIENTED_EDGE('',*,*,#4034,.T.);
#5352=ORIENTED_EDGE('',*,*,#4035,.F.);
#5353=ORIENTED_EDGE('',*,*,#4036,.F.);
#5354=ORIENTED_EDGE('',*,*,#3547,.T.);
#5355=ORIENTED_EDGE('',*,*,#4036,.T.);
#5356=ORIENTED_EDGE('',*,*,#4037,.F.);
#5357=ORIENTED_EDGE('',*,*,#4038,.F.);
#5358=ORIENTED_EDGE('',*,*,#3548,.T.);
#5359=ORIENTED_EDGE('',*,*,#4038,.T.);
#5360=ORIENTED_EDGE('',*,*,#4039,.F.);
#5361=ORIENTED_EDGE('',*,*,#4040,.F.);
#5362=ORIENTED_EDGE('',*,*,#3549,.T.);
#5363=ORIENTED_EDGE('',*,*,#4040,.T.);
#5364=ORIENTED_EDGE('',*,*,#4041,.F.);
#5365=ORIENTED_EDGE('',*,*,#4042,.F.);
#5366=ORIENTED_EDGE('',*,*,#3550,.T.);
#5367=ORIENTED_EDGE('',*,*,#4042,.T.);
#5368=ORIENTED_EDGE('',*,*,#4043,.F.);
#5369=ORIENTED_EDGE('',*,*,#4044,.F.);
#5370=ORIENTED_EDGE('',*,*,#3551,.T.);
#5371=ORIENTED_EDGE('',*,*,#4044,.T.);
#5372=ORIENTED_EDGE('',*,*,#4045,.F.);
#5373=ORIENTED_EDGE('',*,*,#4046,.F.);
#5374=ORIENTED_EDGE('',*,*,#3552,.T.);
#5375=ORIENTED_EDGE('',*,*,#4046,.T.);
#5376=ORIENTED_EDGE('',*,*,#4047,.F.);
#5377=ORIENTED_EDGE('',*,*,#4048,.F.);
#5378=ORIENTED_EDGE('',*,*,#3553,.T.);
#5379=ORIENTED_EDGE('',*,*,#4048,.T.);
#5380=ORIENTED_EDGE('',*,*,#4049,.F.);
#5381=ORIENTED_EDGE('',*,*,#4050,.F.);
#5382=ORIENTED_EDGE('',*,*,#3554,.T.);
#5383=ORIENTED_EDGE('',*,*,#4050,.T.);
#5384=ORIENTED_EDGE('',*,*,#4051,.F.);
#5385=ORIENTED_EDGE('',*,*,#4052,.F.);
#5386=ORIENTED_EDGE('',*,*,#3555,.T.);
#5387=ORIENTED_EDGE('',*,*,#4052,.T.);
#5388=ORIENTED_EDGE('',*,*,#4053,.F.);
#5389=ORIENTED_EDGE('',*,*,#4054,.F.);
#5390=ORIENTED_EDGE('',*,*,#3556,.T.);
#5391=ORIENTED_EDGE('',*,*,#4054,.T.);
#5392=ORIENTED_EDGE('',*,*,#4055,.F.);
#5393=ORIENTED_EDGE('',*,*,#4056,.F.);
#5394=ORIENTED_EDGE('',*,*,#3557,.T.);
#5395=ORIENTED_EDGE('',*,*,#4056,.T.);
#5396=ORIENTED_EDGE('',*,*,#4057,.F.);
#5397=ORIENTED_EDGE('',*,*,#4058,.F.);
#5398=ORIENTED_EDGE('',*,*,#3558,.T.);
#5399=ORIENTED_EDGE('',*,*,#4058,.T.);
#5400=ORIENTED_EDGE('',*,*,#4059,.F.);
#5401=ORIENTED_EDGE('',*,*,#4060,.F.);
#5402=ORIENTED_EDGE('',*,*,#3559,.T.);
#5403=ORIENTED_EDGE('',*,*,#4060,.T.);
#5404=ORIENTED_EDGE('',*,*,#4061,.F.);
#5405=ORIENTED_EDGE('',*,*,#4062,.F.);
#5406=ORIENTED_EDGE('',*,*,#3560,.T.);
#5407=ORIENTED_EDGE('',*,*,#4062,.T.);
#5408=ORIENTED_EDGE('',*,*,#4063,.F.);
#5409=ORIENTED_EDGE('',*,*,#4064,.F.);
#5410=ORIENTED_EDGE('',*,*,#3561,.T.);
#5411=ORIENTED_EDGE('',*,*,#4064,.T.);
#5412=ORIENTED_EDGE('',*,*,#4065,.F.);
#5413=ORIENTED_EDGE('',*,*,#4066,.F.);
#5414=ORIENTED_EDGE('',*,*,#3562,.T.);
#5415=ORIENTED_EDGE('',*,*,#4066,.T.);
#5416=ORIENTED_EDGE('',*,*,#4067,.F.);
#5417=ORIENTED_EDGE('',*,*,#4068,.F.);
#5418=ORIENTED_EDGE('',*,*,#3563,.T.);
#5419=ORIENTED_EDGE('',*,*,#4068,.T.);
#5420=ORIENTED_EDGE('',*,*,#4069,.F.);
#5421=ORIENTED_EDGE('',*,*,#4070,.F.);
#5422=ORIENTED_EDGE('',*,*,#3564,.T.);
#5423=ORIENTED_EDGE('',*,*,#4070,.T.);
#5424=ORIENTED_EDGE('',*,*,#4071,.F.);
#5425=ORIENTED_EDGE('',*,*,#4072,.F.);
#5426=ORIENTED_EDGE('',*,*,#3565,.T.);
#5427=ORIENTED_EDGE('',*,*,#4072,.T.);
#5428=ORIENTED_EDGE('',*,*,#4073,.F.);
#5429=ORIENTED_EDGE('',*,*,#4074,.F.);
#5430=ORIENTED_EDGE('',*,*,#3566,.T.);
#5431=ORIENTED_EDGE('',*,*,#4074,.T.);
#5432=ORIENTED_EDGE('',*,*,#4075,.F.);
#5433=ORIENTED_EDGE('',*,*,#4076,.F.);
#5434=ORIENTED_EDGE('',*,*,#3567,.T.);
#5435=ORIENTED_EDGE('',*,*,#4076,.T.);
#5436=ORIENTED_EDGE('',*,*,#4077,.F.);
#5437=ORIENTED_EDGE('',*,*,#4078,.F.);
#5438=ORIENTED_EDGE('',*,*,#3568,.T.);
#5439=ORIENTED_EDGE('',*,*,#4078,.T.);
#5440=ORIENTED_EDGE('',*,*,#4079,.F.);
#5441=ORIENTED_EDGE('',*,*,#4080,.F.);
#5442=ORIENTED_EDGE('',*,*,#3569,.T.);
#5443=ORIENTED_EDGE('',*,*,#4080,.T.);
#5444=ORIENTED_EDGE('',*,*,#4081,.F.);
#5445=ORIENTED_EDGE('',*,*,#4082,.F.);
#5446=ORIENTED_EDGE('',*,*,#3570,.T.);
#5447=ORIENTED_EDGE('',*,*,#4082,.T.);
#5448=ORIENTED_EDGE('',*,*,#4083,.F.);
#5449=ORIENTED_EDGE('',*,*,#4084,.F.);
#5450=ORIENTED_EDGE('',*,*,#3571,.T.);
#5451=ORIENTED_EDGE('',*,*,#4084,.T.);
#5452=ORIENTED_EDGE('',*,*,#4085,.F.);
#5453=ORIENTED_EDGE('',*,*,#4086,.F.);
#5454=ORIENTED_EDGE('',*,*,#3572,.T.);
#5455=ORIENTED_EDGE('',*,*,#4086,.T.);
#5456=ORIENTED_EDGE('',*,*,#4087,.F.);
#5457=ORIENTED_EDGE('',*,*,#4088,.F.);
#5458=ORIENTED_EDGE('',*,*,#3573,.T.);
#5459=ORIENTED_EDGE('',*,*,#4088,.T.);
#5460=ORIENTED_EDGE('',*,*,#4089,.F.);
#5461=ORIENTED_EDGE('',*,*,#4090,.F.);
#5462=ORIENTED_EDGE('',*,*,#3574,.T.);
#5463=ORIENTED_EDGE('',*,*,#4090,.T.);
#5464=ORIENTED_EDGE('',*,*,#4091,.F.);
#5465=ORIENTED_EDGE('',*,*,#4092,.F.);
#5466=ORIENTED_EDGE('',*,*,#3575,.T.);
#5467=ORIENTED_EDGE('',*,*,#4092,.T.);
#5468=ORIENTED_EDGE('',*,*,#4093,.F.);
#5469=ORIENTED_EDGE('',*,*,#4094,.F.);
#5470=ORIENTED_EDGE('',*,*,#3576,.T.);
#5471=ORIENTED_EDGE('',*,*,#4094,.T.);
#5472=ORIENTED_EDGE('',*,*,#4095,.F.);
#5473=ORIENTED_EDGE('',*,*,#4096,.F.);
#5474=ORIENTED_EDGE('',*,*,#3577,.T.);
#5475=ORIENTED_EDGE('',*,*,#4096,.T.);
#5476=ORIENTED_EDGE('',*,*,#4097,.F.);
#5477=ORIENTED_EDGE('',*,*,#4098,.F.);
#5478=ORIENTED_EDGE('',*,*,#3578,.T.);
#5479=ORIENTED_EDGE('',*,*,#4098,.T.);
#5480=ORIENTED_EDGE('',*,*,#4099,.F.);
#5481=ORIENTED_EDGE('',*,*,#4100,.F.);
#5482=ORIENTED_EDGE('',*,*,#3579,.T.);
#5483=ORIENTED_EDGE('',*,*,#4100,.T.);
#5484=ORIENTED_EDGE('',*,*,#4101,.F.);
#5485=ORIENTED_EDGE('',*,*,#4102,.F.);
#5486=ORIENTED_EDGE('',*,*,#3580,.T.);
#5487=ORIENTED_EDGE('',*,*,#4102,.T.);
#5488=ORIENTED_EDGE('',*,*,#4103,.F.);
#5489=ORIENTED_EDGE('',*,*,#4104,.F.);
#5490=ORIENTED_EDGE('',*,*,#3581,.T.);
#5491=ORIENTED_EDGE('',*,*,#4104,.T.);
#5492=ORIENTED_EDGE('',*,*,#4105,.F.);
#5493=ORIENTED_EDGE('',*,*,#4106,.F.);
#5494=ORIENTED_EDGE('',*,*,#3582,.T.);
#5495=ORIENTED_EDGE('',*,*,#4106,.T.);
#5496=ORIENTED_EDGE('',*,*,#4107,.F.);
#5497=ORIENTED_EDGE('',*,*,#4108,.F.);
#5498=ORIENTED_EDGE('',*,*,#3583,.T.);
#5499=ORIENTED_EDGE('',*,*,#4108,.T.);
#5500=ORIENTED_EDGE('',*,*,#4109,.F.);
#5501=ORIENTED_EDGE('',*,*,#4110,.F.);
#5502=ORIENTED_EDGE('',*,*,#3584,.T.);
#5503=ORIENTED_EDGE('',*,*,#4110,.T.);
#5504=ORIENTED_EDGE('',*,*,#4111,.F.);
#5505=ORIENTED_EDGE('',*,*,#4112,.F.);
#5506=ORIENTED_EDGE('',*,*,#3585,.T.);
#5507=ORIENTED_EDGE('',*,*,#4112,.T.);
#5508=ORIENTED_EDGE('',*,*,#4113,.F.);
#5509=ORIENTED_EDGE('',*,*,#4114,.F.);
#5510=ORIENTED_EDGE('',*,*,#3586,.T.);
#5511=ORIENTED_EDGE('',*,*,#4114,.T.);
#5512=ORIENTED_EDGE('',*,*,#4115,.F.);
#5513=ORIENTED_EDGE('',*,*,#4116,.F.);
#5514=ORIENTED_EDGE('',*,*,#3587,.T.);
#5515=ORIENTED_EDGE('',*,*,#4116,.T.);
#5516=ORIENTED_EDGE('',*,*,#4117,.F.);
#5517=ORIENTED_EDGE('',*,*,#4118,.F.);
#5518=ORIENTED_EDGE('',*,*,#3588,.T.);
#5519=ORIENTED_EDGE('',*,*,#4118,.T.);
#5520=ORIENTED_EDGE('',*,*,#4119,.F.);
#5521=ORIENTED_EDGE('',*,*,#4120,.F.);
#5522=ORIENTED_EDGE('',*,*,#3589,.T.);
#5523=ORIENTED_EDGE('',*,*,#4120,.T.);
#5524=ORIENTED_EDGE('',*,*,#4121,.F.);
#5525=ORIENTED_EDGE('',*,*,#4122,.F.);
#5526=ORIENTED_EDGE('',*,*,#3590,.T.);
#5527=ORIENTED_EDGE('',*,*,#4122,.T.);
#5528=ORIENTED_EDGE('',*,*,#4123,.F.);
#5529=ORIENTED_EDGE('',*,*,#4124,.F.);
#5530=ORIENTED_EDGE('',*,*,#3591,.T.);
#5531=ORIENTED_EDGE('',*,*,#4124,.T.);
#5532=ORIENTED_EDGE('',*,*,#4125,.F.);
#5533=ORIENTED_EDGE('',*,*,#4126,.F.);
#5534=ORIENTED_EDGE('',*,*,#3592,.T.);
#5535=ORIENTED_EDGE('',*,*,#4126,.T.);
#5536=ORIENTED_EDGE('',*,*,#4127,.F.);
#5537=ORIENTED_EDGE('',*,*,#4128,.F.);
#5538=ORIENTED_EDGE('',*,*,#3593,.T.);
#5539=ORIENTED_EDGE('',*,*,#4128,.T.);
#5540=ORIENTED_EDGE('',*,*,#4129,.F.);
#5541=ORIENTED_EDGE('',*,*,#4130,.F.);
#5542=ORIENTED_EDGE('',*,*,#3594,.T.);
#5543=ORIENTED_EDGE('',*,*,#4130,.T.);
#5544=ORIENTED_EDGE('',*,*,#4131,.F.);
#5545=ORIENTED_EDGE('',*,*,#4132,.F.);
#5546=ORIENTED_EDGE('',*,*,#3595,.T.);
#5547=ORIENTED_EDGE('',*,*,#4132,.T.);
#5548=ORIENTED_EDGE('',*,*,#4133,.F.);
#5549=ORIENTED_EDGE('',*,*,#4134,.F.);
#5550=ORIENTED_EDGE('',*,*,#3596,.T.);
#5551=ORIENTED_EDGE('',*,*,#4134,.T.);
#5552=ORIENTED_EDGE('',*,*,#4135,.F.);
#5553=ORIENTED_EDGE('',*,*,#4136,.F.);
#5554=ORIENTED_EDGE('',*,*,#3597,.T.);
#5555=ORIENTED_EDGE('',*,*,#4136,.T.);
#5556=ORIENTED_EDGE('',*,*,#4137,.F.);
#5557=ORIENTED_EDGE('',*,*,#4138,.F.);
#5558=ORIENTED_EDGE('',*,*,#3598,.T.);
#5559=ORIENTED_EDGE('',*,*,#4138,.T.);
#5560=ORIENTED_EDGE('',*,*,#4139,.F.);
#5561=ORIENTED_EDGE('',*,*,#4140,.F.);
#5562=ORIENTED_EDGE('',*,*,#3599,.T.);
#5563=ORIENTED_EDGE('',*,*,#4140,.T.);
#5564=ORIENTED_EDGE('',*,*,#4141,.F.);
#5565=ORIENTED_EDGE('',*,*,#4142,.F.);
#5566=ORIENTED_EDGE('',*,*,#3600,.T.);
#5567=ORIENTED_EDGE('',*,*,#4142,.T.);
#5568=ORIENTED_EDGE('',*,*,#4143,.F.);
#5569=ORIENTED_EDGE('',*,*,#4144,.F.);
#5570=ORIENTED_EDGE('',*,*,#3601,.T.);
#5571=ORIENTED_EDGE('',*,*,#4144,.T.);
#5572=ORIENTED_EDGE('',*,*,#4145,.F.);
#5573=ORIENTED_EDGE('',*,*,#4146,.F.);
#5574=ORIENTED_EDGE('',*,*,#3602,.T.);
#5575=ORIENTED_EDGE('',*,*,#4146,.T.);
#5576=ORIENTED_EDGE('',*,*,#4147,.F.);
#5577=ORIENTED_EDGE('',*,*,#4148,.F.);
#5578=ORIENTED_EDGE('',*,*,#3603,.T.);
#5579=ORIENTED_EDGE('',*,*,#4148,.T.);
#5580=ORIENTED_EDGE('',*,*,#4149,.F.);
#5581=ORIENTED_EDGE('',*,*,#4150,.F.);
#5582=ORIENTED_EDGE('',*,*,#3604,.T.);
#5583=ORIENTED_EDGE('',*,*,#4150,.T.);
#5584=ORIENTED_EDGE('',*,*,#4151,.F.);
#5585=ORIENTED_EDGE('',*,*,#4152,.F.);
#5586=ORIENTED_EDGE('',*,*,#3605,.T.);
#5587=ORIENTED_EDGE('',*,*,#4152,.T.);
#5588=ORIENTED_EDGE('',*,*,#4153,.F.);
#5589=ORIENTED_EDGE('',*,*,#4154,.F.);
#5590=ORIENTED_EDGE('',*,*,#3606,.T.);
#5591=ORIENTED_EDGE('',*,*,#4154,.T.);
#5592=ORIENTED_EDGE('',*,*,#4155,.F.);
#5593=ORIENTED_EDGE('',*,*,#4156,.F.);
#5594=ORIENTED_EDGE('',*,*,#3607,.T.);
#5595=ORIENTED_EDGE('',*,*,#4156,.T.);
#5596=ORIENTED_EDGE('',*,*,#4157,.F.);
#5597=ORIENTED_EDGE('',*,*,#4158,.F.);
#5598=ORIENTED_EDGE('',*,*,#3608,.T.);
#5599=ORIENTED_EDGE('',*,*,#4158,.T.);
#5600=ORIENTED_EDGE('',*,*,#4159,.F.);
#5601=ORIENTED_EDGE('',*,*,#4160,.F.);
#5602=ORIENTED_EDGE('',*,*,#3609,.T.);
#5603=ORIENTED_EDGE('',*,*,#4160,.T.);
#5604=ORIENTED_EDGE('',*,*,#4161,.F.);
#5605=ORIENTED_EDGE('',*,*,#4162,.F.);
#5606=ORIENTED_EDGE('',*,*,#3610,.T.);
#5607=ORIENTED_EDGE('',*,*,#4162,.T.);
#5608=ORIENTED_EDGE('',*,*,#4163,.F.);
#5609=ORIENTED_EDGE('',*,*,#4164,.F.);
#5610=ORIENTED_EDGE('',*,*,#3611,.T.);
#5611=ORIENTED_EDGE('',*,*,#4164,.T.);
#5612=ORIENTED_EDGE('',*,*,#4165,.F.);
#5613=ORIENTED_EDGE('',*,*,#4166,.F.);
#5614=ORIENTED_EDGE('',*,*,#3612,.T.);
#5615=ORIENTED_EDGE('',*,*,#4166,.T.);
#5616=ORIENTED_EDGE('',*,*,#4167,.F.);
#5617=ORIENTED_EDGE('',*,*,#4168,.F.);
#5618=ORIENTED_EDGE('',*,*,#3613,.T.);
#5619=ORIENTED_EDGE('',*,*,#4168,.T.);
#5620=ORIENTED_EDGE('',*,*,#4169,.F.);
#5621=ORIENTED_EDGE('',*,*,#4170,.F.);
#5622=ORIENTED_EDGE('',*,*,#3614,.T.);
#5623=ORIENTED_EDGE('',*,*,#4170,.T.);
#5624=ORIENTED_EDGE('',*,*,#4171,.F.);
#5625=ORIENTED_EDGE('',*,*,#4172,.F.);
#5626=ORIENTED_EDGE('',*,*,#3615,.T.);
#5627=ORIENTED_EDGE('',*,*,#4172,.T.);
#5628=ORIENTED_EDGE('',*,*,#4173,.F.);
#5629=ORIENTED_EDGE('',*,*,#4174,.F.);
#5630=ORIENTED_EDGE('',*,*,#3616,.T.);
#5631=ORIENTED_EDGE('',*,*,#4174,.T.);
#5632=ORIENTED_EDGE('',*,*,#4175,.F.);
#5633=ORIENTED_EDGE('',*,*,#4176,.F.);
#5634=ORIENTED_EDGE('',*,*,#3617,.T.);
#5635=ORIENTED_EDGE('',*,*,#4176,.T.);
#5636=ORIENTED_EDGE('',*,*,#4177,.F.);
#5637=ORIENTED_EDGE('',*,*,#4178,.F.);
#5638=ORIENTED_EDGE('',*,*,#3618,.T.);
#5639=ORIENTED_EDGE('',*,*,#4178,.T.);
#5640=ORIENTED_EDGE('',*,*,#4179,.F.);
#5641=ORIENTED_EDGE('',*,*,#4180,.F.);
#5642=ORIENTED_EDGE('',*,*,#3619,.T.);
#5643=ORIENTED_EDGE('',*,*,#4180,.T.);
#5644=ORIENTED_EDGE('',*,*,#4181,.F.);
#5645=ORIENTED_EDGE('',*,*,#4182,.F.);
#5646=ORIENTED_EDGE('',*,*,#3620,.T.);
#5647=ORIENTED_EDGE('',*,*,#4182,.T.);
#5648=ORIENTED_EDGE('',*,*,#4183,.F.);
#5649=ORIENTED_EDGE('',*,*,#4184,.F.);
#5650=ORIENTED_EDGE('',*,*,#3621,.T.);
#5651=ORIENTED_EDGE('',*,*,#4184,.T.);
#5652=ORIENTED_EDGE('',*,*,#4185,.F.);
#5653=ORIENTED_EDGE('',*,*,#4186,.F.);
#5654=ORIENTED_EDGE('',*,*,#3622,.T.);
#5655=ORIENTED_EDGE('',*,*,#4186,.T.);
#5656=ORIENTED_EDGE('',*,*,#4187,.F.);
#5657=ORIENTED_EDGE('',*,*,#4188,.F.);
#5658=ORIENTED_EDGE('',*,*,#3623,.T.);
#5659=ORIENTED_EDGE('',*,*,#4188,.T.);
#5660=ORIENTED_EDGE('',*,*,#4189,.F.);
#5661=ORIENTED_EDGE('',*,*,#4190,.F.);
#5662=ORIENTED_EDGE('',*,*,#3624,.T.);
#5663=ORIENTED_EDGE('',*,*,#4190,.T.);
#5664=ORIENTED_EDGE('',*,*,#4191,.F.);
#5665=ORIENTED_EDGE('',*,*,#4192,.F.);
#5666=ORIENTED_EDGE('',*,*,#3625,.T.);
#5667=ORIENTED_EDGE('',*,*,#4192,.T.);
#5668=ORIENTED_EDGE('',*,*,#4193,.F.);
#5669=ORIENTED_EDGE('',*,*,#4194,.F.);
#5670=ORIENTED_EDGE('',*,*,#3626,.T.);
#5671=ORIENTED_EDGE('',*,*,#4194,.T.);
#5672=ORIENTED_EDGE('',*,*,#4195,.F.);
#5673=ORIENTED_EDGE('',*,*,#4196,.F.);
#5674=ORIENTED_EDGE('',*,*,#3627,.T.);
#5675=ORIENTED_EDGE('',*,*,#4196,.T.);
#5676=ORIENTED_EDGE('',*,*,#4197,.F.);
#5677=ORIENTED_EDGE('',*,*,#4198,.F.);
#5678=ORIENTED_EDGE('',*,*,#3628,.T.);
#5679=ORIENTED_EDGE('',*,*,#4198,.T.);
#5680=ORIENTED_EDGE('',*,*,#4199,.F.);
#5681=ORIENTED_EDGE('',*,*,#4200,.F.);
#5682=ORIENTED_EDGE('',*,*,#3629,.T.);
#5683=ORIENTED_EDGE('',*,*,#4200,.T.);
#5684=ORIENTED_EDGE('',*,*,#4201,.F.);
#5685=ORIENTED_EDGE('',*,*,#4202,.F.);
#5686=ORIENTED_EDGE('',*,*,#3630,.T.);
#5687=ORIENTED_EDGE('',*,*,#4202,.T.);
#5688=ORIENTED_EDGE('',*,*,#4203,.F.);
#5689=ORIENTED_EDGE('',*,*,#4204,.F.);
#5690=ORIENTED_EDGE('',*,*,#3631,.T.);
#5691=ORIENTED_EDGE('',*,*,#4204,.T.);
#5692=ORIENTED_EDGE('',*,*,#4205,.F.);
#5693=ORIENTED_EDGE('',*,*,#4206,.F.);
#5694=ORIENTED_EDGE('',*,*,#3632,.T.);
#5695=ORIENTED_EDGE('',*,*,#4206,.T.);
#5696=ORIENTED_EDGE('',*,*,#4207,.F.);
#5697=ORIENTED_EDGE('',*,*,#4208,.F.);
#5698=ORIENTED_EDGE('',*,*,#3633,.T.);
#5699=ORIENTED_EDGE('',*,*,#4208,.T.);
#5700=ORIENTED_EDGE('',*,*,#4209,.F.);
#5701=ORIENTED_EDGE('',*,*,#4210,.F.);
#5702=ORIENTED_EDGE('',*,*,#3634,.T.);
#5703=ORIENTED_EDGE('',*,*,#4210,.T.);
#5704=ORIENTED_EDGE('',*,*,#4211,.F.);
#5705=ORIENTED_EDGE('',*,*,#4212,.F.);
#5706=ORIENTED_EDGE('',*,*,#3635,.T.);
#5707=ORIENTED_EDGE('',*,*,#4212,.T.);
#5708=ORIENTED_EDGE('',*,*,#4213,.F.);
#5709=ORIENTED_EDGE('',*,*,#4214,.F.);
#5710=ORIENTED_EDGE('',*,*,#3636,.T.);
#5711=ORIENTED_EDGE('',*,*,#4214,.T.);
#5712=ORIENTED_EDGE('',*,*,#4215,.F.);
#5713=ORIENTED_EDGE('',*,*,#4216,.F.);
#5714=ORIENTED_EDGE('',*,*,#3637,.T.);
#5715=ORIENTED_EDGE('',*,*,#4216,.T.);
#5716=ORIENTED_EDGE('',*,*,#4217,.F.);
#5717=ORIENTED_EDGE('',*,*,#3929,.F.);
#5718=ORIENTED_EDGE('',*,*,#4217,.T.);
#5719=ORIENTED_EDGE('',*,*,#4215,.T.);
#5720=ORIENTED_EDGE('',*,*,#4213,.T.);
#5721=ORIENTED_EDGE('',*,*,#4211,.T.);
#5722=ORIENTED_EDGE('',*,*,#4209,.T.);
#5723=ORIENTED_EDGE('',*,*,#4207,.T.);
#5724=ORIENTED_EDGE('',*,*,#4205,.T.);
#5725=ORIENTED_EDGE('',*,*,#4203,.T.);
#5726=ORIENTED_EDGE('',*,*,#4201,.T.);
#5727=ORIENTED_EDGE('',*,*,#4199,.T.);
#5728=ORIENTED_EDGE('',*,*,#4197,.T.);
#5729=ORIENTED_EDGE('',*,*,#4195,.T.);
#5730=ORIENTED_EDGE('',*,*,#4193,.T.);
#5731=ORIENTED_EDGE('',*,*,#4191,.T.);
#5732=ORIENTED_EDGE('',*,*,#4189,.T.);
#5733=ORIENTED_EDGE('',*,*,#4187,.T.);
#5734=ORIENTED_EDGE('',*,*,#4185,.T.);
#5735=ORIENTED_EDGE('',*,*,#4183,.T.);
#5736=ORIENTED_EDGE('',*,*,#4181,.T.);
#5737=ORIENTED_EDGE('',*,*,#4179,.T.);
#5738=ORIENTED_EDGE('',*,*,#4177,.T.);
#5739=ORIENTED_EDGE('',*,*,#4175,.T.);
#5740=ORIENTED_EDGE('',*,*,#4173,.T.);
#5741=ORIENTED_EDGE('',*,*,#4171,.T.);
#5742=ORIENTED_EDGE('',*,*,#4169,.T.);
#5743=ORIENTED_EDGE('',*,*,#4167,.T.);
#5744=ORIENTED_EDGE('',*,*,#4165,.T.);
#5745=ORIENTED_EDGE('',*,*,#4163,.T.);
#5746=ORIENTED_EDGE('',*,*,#4161,.T.);
#5747=ORIENTED_EDGE('',*,*,#4159,.T.);
#5748=ORIENTED_EDGE('',*,*,#4157,.T.);
#5749=ORIENTED_EDGE('',*,*,#4155,.T.);
#5750=ORIENTED_EDGE('',*,*,#4153,.T.);
#5751=ORIENTED_EDGE('',*,*,#4151,.T.);
#5752=ORIENTED_EDGE('',*,*,#4149,.T.);
#5753=ORIENTED_EDGE('',*,*,#4147,.T.);
#5754=ORIENTED_EDGE('',*,*,#4145,.T.);
#5755=ORIENTED_EDGE('',*,*,#4143,.T.);
#5756=ORIENTED_EDGE('',*,*,#4141,.T.);
#5757=ORIENTED_EDGE('',*,*,#4139,.T.);
#5758=ORIENTED_EDGE('',*,*,#4137,.T.);
#5759=ORIENTED_EDGE('',*,*,#4135,.T.);
#5760=ORIENTED_EDGE('',*,*,#4133,.T.);
#5761=ORIENTED_EDGE('',*,*,#4131,.T.);
#5762=ORIENTED_EDGE('',*,*,#4129,.T.);
#5763=ORIENTED_EDGE('',*,*,#4127,.T.);
#5764=ORIENTED_EDGE('',*,*,#4125,.T.);
#5765=ORIENTED_EDGE('',*,*,#4123,.T.);
#5766=ORIENTED_EDGE('',*,*,#4121,.T.);
#5767=ORIENTED_EDGE('',*,*,#4119,.T.);
#5768=ORIENTED_EDGE('',*,*,#4117,.T.);
#5769=ORIENTED_EDGE('',*,*,#4115,.T.);
#5770=ORIENTED_EDGE('',*,*,#4113,.T.);
#5771=ORIENTED_EDGE('',*,*,#4111,.T.);
#5772=ORIENTED_EDGE('',*,*,#4109,.T.);
#5773=ORIENTED_EDGE('',*,*,#4107,.T.);
#5774=ORIENTED_EDGE('',*,*,#4105,.T.);
#5775=ORIENTED_EDGE('',*,*,#4103,.T.);
#5776=ORIENTED_EDGE('',*,*,#4101,.T.);
#5777=ORIENTED_EDGE('',*,*,#4099,.T.);
#5778=ORIENTED_EDGE('',*,*,#4097,.T.);
#5779=ORIENTED_EDGE('',*,*,#4095,.T.);
#5780=ORIENTED_EDGE('',*,*,#4093,.T.);
#5781=ORIENTED_EDGE('',*,*,#4091,.T.);
#5782=ORIENTED_EDGE('',*,*,#4089,.T.);
#5783=ORIENTED_EDGE('',*,*,#4087,.T.);
#5784=ORIENTED_EDGE('',*,*,#4085,.T.);
#5785=ORIENTED_EDGE('',*,*,#4083,.T.);
#5786=ORIENTED_EDGE('',*,*,#4081,.T.);
#5787=ORIENTED_EDGE('',*,*,#4079,.T.);
#5788=ORIENTED_EDGE('',*,*,#4077,.T.);
#5789=ORIENTED_EDGE('',*,*,#4075,.T.);
#5790=ORIENTED_EDGE('',*,*,#4073,.T.);
#5791=ORIENTED_EDGE('',*,*,#4071,.T.);
#5792=ORIENTED_EDGE('',*,*,#4069,.T.);
#5793=ORIENTED_EDGE('',*,*,#4067,.T.);
#5794=ORIENTED_EDGE('',*,*,#4065,.T.);
#5795=ORIENTED_EDGE('',*,*,#4063,.T.);
#5796=ORIENTED_EDGE('',*,*,#4061,.T.);
#5797=ORIENTED_EDGE('',*,*,#4059,.T.);
#5798=ORIENTED_EDGE('',*,*,#4057,.T.);
#5799=ORIENTED_EDGE('',*,*,#4055,.T.);
#5800=ORIENTED_EDGE('',*,*,#4053,.T.);
#5801=ORIENTED_EDGE('',*,*,#4051,.T.);
#5802=ORIENTED_EDGE('',*,*,#4049,.T.);
#5803=ORIENTED_EDGE('',*,*,#4047,.T.);
#5804=ORIENTED_EDGE('',*,*,#4045,.T.);
#5805=ORIENTED_EDGE('',*,*,#4043,.T.);
#5806=ORIENTED_EDGE('',*,*,#4041,.T.);
#5807=ORIENTED_EDGE('',*,*,#4039,.T.);
#5808=ORIENTED_EDGE('',*,*,#4037,.T.);
#5809=ORIENTED_EDGE('',*,*,#4035,.T.);
#5810=ORIENTED_EDGE('',*,*,#4033,.T.);
#5811=ORIENTED_EDGE('',*,*,#4031,.T.);
#5812=ORIENTED_EDGE('',*,*,#4029,.T.);
#5813=ORIENTED_EDGE('',*,*,#4027,.T.);
#5814=ORIENTED_EDGE('',*,*,#4025,.T.);
#5815=ORIENTED_EDGE('',*,*,#4023,.T.);
#5816=ORIENTED_EDGE('',*,*,#4021,.T.);
#5817=ORIENTED_EDGE('',*,*,#4019,.T.);
#5818=ORIENTED_EDGE('',*,*,#4017,.T.);
#5819=ORIENTED_EDGE('',*,*,#4015,.T.);
#5820=ORIENTED_EDGE('',*,*,#4013,.T.);
#5821=ORIENTED_EDGE('',*,*,#4011,.T.);
#5822=ORIENTED_EDGE('',*,*,#4009,.T.);
#5823=ORIENTED_EDGE('',*,*,#4007,.T.);
#5824=ORIENTED_EDGE('',*,*,#4005,.T.);
#5825=ORIENTED_EDGE('',*,*,#4003,.T.);
#5826=ORIENTED_EDGE('',*,*,#4001,.T.);
#5827=ORIENTED_EDGE('',*,*,#3999,.T.);
#5828=ORIENTED_EDGE('',*,*,#3997,.T.);
#5829=ORIENTED_EDGE('',*,*,#3995,.T.);
#5830=ORIENTED_EDGE('',*,*,#3993,.T.);
#5831=ORIENTED_EDGE('',*,*,#3991,.T.);
#5832=ORIENTED_EDGE('',*,*,#3989,.T.);
#5833=ORIENTED_EDGE('',*,*,#3987,.T.);
#5834=ORIENTED_EDGE('',*,*,#3985,.T.);
#5835=ORIENTED_EDGE('',*,*,#3983,.T.);
#5836=ORIENTED_EDGE('',*,*,#3981,.T.);
#5837=ORIENTED_EDGE('',*,*,#3979,.T.);
#5838=ORIENTED_EDGE('',*,*,#3977,.T.);
#5839=ORIENTED_EDGE('',*,*,#3975,.T.);
#5840=ORIENTED_EDGE('',*,*,#3973,.T.);
#5841=ORIENTED_EDGE('',*,*,#3971,.T.);
#5842=ORIENTED_EDGE('',*,*,#3969,.T.);
#5843=ORIENTED_EDGE('',*,*,#3967,.T.);
#5844=ORIENTED_EDGE('',*,*,#3965,.T.);
#5845=ORIENTED_EDGE('',*,*,#3963,.T.);
#5846=ORIENTED_EDGE('',*,*,#3961,.T.);
#5847=ORIENTED_EDGE('',*,*,#3959,.T.);
#5848=ORIENTED_EDGE('',*,*,#3957,.T.);
#5849=ORIENTED_EDGE('',*,*,#3955,.T.);
#5850=ORIENTED_EDGE('',*,*,#3953,.T.);
#5851=ORIENTED_EDGE('',*,*,#3951,.T.);
#5852=ORIENTED_EDGE('',*,*,#3949,.T.);
#5853=ORIENTED_EDGE('',*,*,#3947,.T.);
#5854=ORIENTED_EDGE('',*,*,#3945,.T.);
#5855=ORIENTED_EDGE('',*,*,#3943,.T.);
#5856=ORIENTED_EDGE('',*,*,#3941,.T.);
#5857=ORIENTED_EDGE('',*,*,#3939,.T.);
#5858=ORIENTED_EDGE('',*,*,#3937,.T.);
#5859=ORIENTED_EDGE('',*,*,#3935,.T.);
#5860=ORIENTED_EDGE('',*,*,#3933,.T.);
#5861=ORIENTED_EDGE('',*,*,#3931,.T.);
#5862=ORIENTED_EDGE('',*,*,#3639,.T.);
#5863=ORIENTED_EDGE('',*,*,#3642,.T.);
#5864=ORIENTED_EDGE('',*,*,#3644,.T.);
#5865=ORIENTED_EDGE('',*,*,#3646,.T.);
#5866=ORIENTED_EDGE('',*,*,#3648,.T.);
#5867=ORIENTED_EDGE('',*,*,#3650,.T.);
#5868=ORIENTED_EDGE('',*,*,#3652,.T.);
#5869=ORIENTED_EDGE('',*,*,#3654,.T.);
#5870=ORIENTED_EDGE('',*,*,#3656,.T.);
#5871=ORIENTED_EDGE('',*,*,#3658,.T.);
#5872=ORIENTED_EDGE('',*,*,#3660,.T.);
#5873=ORIENTED_EDGE('',*,*,#3662,.T.);
#5874=ORIENTED_EDGE('',*,*,#3664,.T.);
#5875=ORIENTED_EDGE('',*,*,#3666,.T.);
#5876=ORIENTED_EDGE('',*,*,#3668,.T.);
#5877=ORIENTED_EDGE('',*,*,#3670,.T.);
#5878=ORIENTED_EDGE('',*,*,#3672,.T.);
#5879=ORIENTED_EDGE('',*,*,#3674,.T.);
#5880=ORIENTED_EDGE('',*,*,#3676,.T.);
#5881=ORIENTED_EDGE('',*,*,#3678,.T.);
#5882=ORIENTED_EDGE('',*,*,#3680,.T.);
#5883=ORIENTED_EDGE('',*,*,#3682,.T.);
#5884=ORIENTED_EDGE('',*,*,#3684,.T.);
#5885=ORIENTED_EDGE('',*,*,#3686,.T.);
#5886=ORIENTED_EDGE('',*,*,#3688,.T.);
#5887=ORIENTED_EDGE('',*,*,#3690,.T.);
#5888=ORIENTED_EDGE('',*,*,#3692,.T.);
#5889=ORIENTED_EDGE('',*,*,#3694,.T.);
#5890=ORIENTED_EDGE('',*,*,#3696,.T.);
#5891=ORIENTED_EDGE('',*,*,#3698,.T.);
#5892=ORIENTED_EDGE('',*,*,#3700,.T.);
#5893=ORIENTED_EDGE('',*,*,#3702,.T.);
#5894=ORIENTED_EDGE('',*,*,#3704,.T.);
#5895=ORIENTED_EDGE('',*,*,#3706,.T.);
#5896=ORIENTED_EDGE('',*,*,#3708,.T.);
#5897=ORIENTED_EDGE('',*,*,#3710,.T.);
#5898=ORIENTED_EDGE('',*,*,#3712,.T.);
#5899=ORIENTED_EDGE('',*,*,#3714,.T.);
#5900=ORIENTED_EDGE('',*,*,#3716,.T.);
#5901=ORIENTED_EDGE('',*,*,#3718,.T.);
#5902=ORIENTED_EDGE('',*,*,#3720,.T.);
#5903=ORIENTED_EDGE('',*,*,#3722,.T.);
#5904=ORIENTED_EDGE('',*,*,#3724,.T.);
#5905=ORIENTED_EDGE('',*,*,#3726,.T.);
#5906=ORIENTED_EDGE('',*,*,#3728,.T.);
#5907=ORIENTED_EDGE('',*,*,#3730,.T.);
#5908=ORIENTED_EDGE('',*,*,#3732,.T.);
#5909=ORIENTED_EDGE('',*,*,#3734,.T.);
#5910=ORIENTED_EDGE('',*,*,#3736,.T.);
#5911=ORIENTED_EDGE('',*,*,#3738,.T.);
#5912=ORIENTED_EDGE('',*,*,#3740,.T.);
#5913=ORIENTED_EDGE('',*,*,#3742,.T.);
#5914=ORIENTED_EDGE('',*,*,#3744,.T.);
#5915=ORIENTED_EDGE('',*,*,#3746,.T.);
#5916=ORIENTED_EDGE('',*,*,#3748,.T.);
#5917=ORIENTED_EDGE('',*,*,#3750,.T.);
#5918=ORIENTED_EDGE('',*,*,#3752,.T.);
#5919=ORIENTED_EDGE('',*,*,#3754,.T.);
#5920=ORIENTED_EDGE('',*,*,#3756,.T.);
#5921=ORIENTED_EDGE('',*,*,#3758,.T.);
#5922=ORIENTED_EDGE('',*,*,#3760,.T.);
#5923=ORIENTED_EDGE('',*,*,#3762,.T.);
#5924=ORIENTED_EDGE('',*,*,#3764,.T.);
#5925=ORIENTED_EDGE('',*,*,#3766,.T.);
#5926=ORIENTED_EDGE('',*,*,#3768,.T.);
#5927=ORIENTED_EDGE('',*,*,#3770,.T.);
#5928=ORIENTED_EDGE('',*,*,#3772,.T.);
#5929=ORIENTED_EDGE('',*,*,#3774,.T.);
#5930=ORIENTED_EDGE('',*,*,#3776,.T.);
#5931=ORIENTED_EDGE('',*,*,#3778,.T.);
#5932=ORIENTED_EDGE('',*,*,#3780,.T.);
#5933=ORIENTED_EDGE('',*,*,#3782,.T.);
#5934=ORIENTED_EDGE('',*,*,#3784,.T.);
#5935=ORIENTED_EDGE('',*,*,#3786,.T.);
#5936=ORIENTED_EDGE('',*,*,#3788,.T.);
#5937=ORIENTED_EDGE('',*,*,#3790,.T.);
#5938=ORIENTED_EDGE('',*,*,#3792,.T.);
#5939=ORIENTED_EDGE('',*,*,#3794,.T.);
#5940=ORIENTED_EDGE('',*,*,#3796,.T.);
#5941=ORIENTED_EDGE('',*,*,#3798,.T.);
#5942=ORIENTED_EDGE('',*,*,#3800,.T.);
#5943=ORIENTED_EDGE('',*,*,#3802,.T.);
#5944=ORIENTED_EDGE('',*,*,#3804,.T.);
#5945=ORIENTED_EDGE('',*,*,#3806,.T.);
#5946=ORIENTED_EDGE('',*,*,#3808,.T.);
#5947=ORIENTED_EDGE('',*,*,#3810,.T.);
#5948=ORIENTED_EDGE('',*,*,#3812,.T.);
#5949=ORIENTED_EDGE('',*,*,#3814,.T.);
#5950=ORIENTED_EDGE('',*,*,#3816,.T.);
#5951=ORIENTED_EDGE('',*,*,#3818,.T.);
#5952=ORIENTED_EDGE('',*,*,#3820,.T.);
#5953=ORIENTED_EDGE('',*,*,#3822,.T.);
#5954=ORIENTED_EDGE('',*,*,#3824,.T.);
#5955=ORIENTED_EDGE('',*,*,#3826,.T.);
#5956=ORIENTED_EDGE('',*,*,#3828,.T.);
#5957=ORIENTED_EDGE('',*,*,#3830,.T.);
#5958=ORIENTED_EDGE('',*,*,#3832,.T.);
#5959=ORIENTED_EDGE('',*,*,#3834,.T.);
#5960=ORIENTED_EDGE('',*,*,#3836,.T.);
#5961=ORIENTED_EDGE('',*,*,#3838,.T.);
#5962=ORIENTED_EDGE('',*,*,#3840,.T.);
#5963=ORIENTED_EDGE('',*,*,#3842,.T.);
#5964=ORIENTED_EDGE('',*,*,#3844,.T.);
#5965=ORIENTED_EDGE('',*,*,#3846,.T.);
#5966=ORIENTED_EDGE('',*,*,#3848,.T.);
#5967=ORIENTED_EDGE('',*,*,#3850,.T.);
#5968=ORIENTED_EDGE('',*,*,#3852,.T.);
#5969=ORIENTED_EDGE('',*,*,#3854,.T.);
#5970=ORIENTED_EDGE('',*,*,#3856,.T.);
#5971=ORIENTED_EDGE('',*,*,#3858,.T.);
#5972=ORIENTED_EDGE('',*,*,#3860,.T.);
#5973=ORIENTED_EDGE('',*,*,#3862,.T.);
#5974=ORIENTED_EDGE('',*,*,#3864,.T.);
#5975=ORIENTED_EDGE('',*,*,#3866,.T.);
#5976=ORIENTED_EDGE('',*,*,#3868,.T.);
#5977=ORIENTED_EDGE('',*,*,#3870,.T.);
#5978=ORIENTED_EDGE('',*,*,#3872,.T.);
#5979=ORIENTED_EDGE('',*,*,#3874,.T.);
#5980=ORIENTED_EDGE('',*,*,#3876,.T.);
#5981=ORIENTED_EDGE('',*,*,#3878,.T.);
#5982=ORIENTED_EDGE('',*,*,#3880,.T.);
#5983=ORIENTED_EDGE('',*,*,#3882,.T.);
#5984=ORIENTED_EDGE('',*,*,#3884,.T.);
#5985=ORIENTED_EDGE('',*,*,#3886,.T.);
#5986=ORIENTED_EDGE('',*,*,#3888,.T.);
#5987=ORIENTED_EDGE('',*,*,#3890,.T.);
#5988=ORIENTED_EDGE('',*,*,#3892,.T.);
#5989=ORIENTED_EDGE('',*,*,#3894,.T.);
#5990=ORIENTED_EDGE('',*,*,#3896,.T.);
#5991=ORIENTED_EDGE('',*,*,#3898,.T.);
#5992=ORIENTED_EDGE('',*,*,#3900,.T.);
#5993=ORIENTED_EDGE('',*,*,#3902,.T.);
#5994=ORIENTED_EDGE('',*,*,#3904,.T.);
#5995=ORIENTED_EDGE('',*,*,#3906,.T.);
#5996=ORIENTED_EDGE('',*,*,#3908,.T.);
#5997=ORIENTED_EDGE('',*,*,#3910,.T.);
#5998=ORIENTED_EDGE('',*,*,#3912,.T.);
#5999=ORIENTED_EDGE('',*,*,#3914,.T.);
#6000=ORIENTED_EDGE('',*,*,#3916,.T.);
#6001=ORIENTED_EDGE('',*,*,#3918,.T.);
#6002=ORIENTED_EDGE('',*,*,#3920,.T.);
#6003=ORIENTED_EDGE('',*,*,#3922,.T.);
#6004=ORIENTED_EDGE('',*,*,#3924,.T.);
#6005=ORIENTED_EDGE('',*,*,#3926,.T.);
#6006=ORIENTED_EDGE('',*,*,#3928,.T.);
#6007=ORIENTED_EDGE('',*,*,#3930,.T.);
#6008=ORIENTED_EDGE('',*,*,#3345,.T.);
#6009=ORIENTED_EDGE('',*,*,#3337,.T.);
#6010=ORIENTED_EDGE('',*,*,#3333,.T.);
#6011=ORIENTED_EDGE('',*,*,#3340,.T.);
#6012=CYLINDRICAL_SURFACE('',#6330,0.3);
#6013=ADVANCED_FACE('',(#321),#6012,.F.);
#6014=ADVANCED_FACE('',(#322,#15),#19,.F.);
#6015=ADVANCED_FACE('',(#323),#20,.T.);
#6016=ADVANCED_FACE('',(#324),#21,.T.);
#6017=ADVANCED_FACE('',(#325),#22,.T.);
#6018=ADVANCED_FACE('',(#326),#23,.T.);
#6019=ADVANCED_FACE('',(#327),#24,.T.);
#6020=ADVANCED_FACE('',(#328),#25,.T.);
#6021=ADVANCED_FACE('',(#329),#26,.T.);
#6022=ADVANCED_FACE('',(#330),#27,.T.);
#6023=ADVANCED_FACE('',(#331,#16),#28,.T.);
#6024=ADVANCED_FACE('',(#332,#17),#29,.F.);
#6025=ADVANCED_FACE('',(#333),#30,.T.);
#6026=ADVANCED_FACE('',(#334),#31,.T.);
#6027=ADVANCED_FACE('',(#335),#32,.T.);
#6028=ADVANCED_FACE('',(#336),#33,.T.);
#6029=ADVANCED_FACE('',(#337),#34,.T.);
#6030=ADVANCED_FACE('',(#338),#35,.T.);
#6031=ADVANCED_FACE('',(#339),#36,.T.);
#6032=ADVANCED_FACE('',(#340),#37,.T.);
#6033=ADVANCED_FACE('',(#341),#38,.T.);
#6034=ADVANCED_FACE('',(#342),#39,.T.);
#6035=ADVANCED_FACE('',(#343),#40,.T.);
#6036=ADVANCED_FACE('',(#344),#41,.T.);
#6037=ADVANCED_FACE('',(#345),#42,.T.);
#6038=ADVANCED_FACE('',(#346),#43,.T.);
#6039=ADVANCED_FACE('',(#347),#44,.T.);
#6040=ADVANCED_FACE('',(#348),#45,.T.);
#6041=ADVANCED_FACE('',(#349),#46,.T.);
#6042=ADVANCED_FACE('',(#350),#47,.T.);
#6043=ADVANCED_FACE('',(#351),#48,.T.);
#6044=ADVANCED_FACE('',(#352),#49,.T.);
#6045=ADVANCED_FACE('',(#353),#50,.T.);
#6046=ADVANCED_FACE('',(#354),#51,.T.);
#6047=ADVANCED_FACE('',(#355),#52,.T.);
#6048=ADVANCED_FACE('',(#356),#53,.T.);
#6049=ADVANCED_FACE('',(#357),#54,.T.);
#6050=ADVANCED_FACE('',(#358),#55,.T.);
#6051=ADVANCED_FACE('',(#359),#56,.T.);
#6052=ADVANCED_FACE('',(#360),#57,.T.);
#6053=ADVANCED_FACE('',(#361),#58,.T.);
#6054=ADVANCED_FACE('',(#362),#59,.T.);
#6055=ADVANCED_FACE('',(#363),#60,.T.);
#6056=ADVANCED_FACE('',(#364),#61,.T.);
#6057=ADVANCED_FACE('',(#365),#62,.T.);
#6058=ADVANCED_FACE('',(#366),#63,.T.);
#6059=ADVANCED_FACE('',(#367),#64,.T.);
#6060=ADVANCED_FACE('',(#368),#65,.T.);
#6061=ADVANCED_FACE('',(#369),#66,.T.);
#6062=ADVANCED_FACE('',(#370),#67,.T.);
#6063=ADVANCED_FACE('',(#371),#68,.T.);
#6064=ADVANCED_FACE('',(#372),#69,.T.);
#6065=ADVANCED_FACE('',(#373),#70,.T.);
#6066=ADVANCED_FACE('',(#374),#71,.T.);
#6067=ADVANCED_FACE('',(#375),#72,.T.);
#6068=ADVANCED_FACE('',(#376),#73,.T.);
#6069=ADVANCED_FACE('',(#377),#74,.T.);
#6070=ADVANCED_FACE('',(#378),#75,.T.);
#6071=ADVANCED_FACE('',(#379),#76,.T.);
#6072=ADVANCED_FACE('',(#380),#77,.T.);
#6073=ADVANCED_FACE('',(#381),#78,.T.);
#6074=ADVANCED_FACE('',(#382),#79,.T.);
#6075=ADVANCED_FACE('',(#383),#80,.T.);
#6076=ADVANCED_FACE('',(#384),#81,.T.);
#6077=ADVANCED_FACE('',(#385),#82,.T.);
#6078=ADVANCED_FACE('',(#386),#83,.T.);
#6079=ADVANCED_FACE('',(#387),#84,.T.);
#6080=ADVANCED_FACE('',(#388),#85,.T.);
#6081=ADVANCED_FACE('',(#389),#86,.T.);
#6082=ADVANCED_FACE('',(#390),#87,.T.);
#6083=ADVANCED_FACE('',(#391),#88,.T.);
#6084=ADVANCED_FACE('',(#392),#89,.T.);
#6085=ADVANCED_FACE('',(#393),#90,.T.);
#6086=ADVANCED_FACE('',(#394),#91,.T.);
#6087=ADVANCED_FACE('',(#395),#92,.T.);
#6088=ADVANCED_FACE('',(#396),#93,.T.);
#6089=ADVANCED_FACE('',(#397),#94,.T.);
#6090=ADVANCED_FACE('',(#398),#95,.T.);
#6091=ADVANCED_FACE('',(#399),#96,.T.);
#6092=ADVANCED_FACE('',(#400),#97,.T.);
#6093=ADVANCED_FACE('',(#401),#98,.T.);
#6094=ADVANCED_FACE('',(#402),#99,.T.);
#6095=ADVANCED_FACE('',(#403),#100,.T.);
#6096=ADVANCED_FACE('',(#404),#101,.T.);
#6097=ADVANCED_FACE('',(#405),#102,.T.);
#6098=ADVANCED_FACE('',(#406),#103,.T.);
#6099=ADVANCED_FACE('',(#407),#104,.T.);
#6100=ADVANCED_FACE('',(#408),#105,.T.);
#6101=ADVANCED_FACE('',(#409),#106,.T.);
#6102=ADVANCED_FACE('',(#410),#107,.T.);
#6103=ADVANCED_FACE('',(#411),#108,.T.);
#6104=ADVANCED_FACE('',(#412),#109,.T.);
#6105=ADVANCED_FACE('',(#413),#110,.T.);
#6106=ADVANCED_FACE('',(#414),#111,.T.);
#6107=ADVANCED_FACE('',(#415),#112,.T.);
#6108=ADVANCED_FACE('',(#416),#113,.T.);
#6109=ADVANCED_FACE('',(#417),#114,.T.);
#6110=ADVANCED_FACE('',(#418),#115,.T.);
#6111=ADVANCED_FACE('',(#419),#116,.T.);
#6112=ADVANCED_FACE('',(#420),#117,.T.);
#6113=ADVANCED_FACE('',(#421),#118,.T.);
#6114=ADVANCED_FACE('',(#422),#119,.T.);
#6115=ADVANCED_FACE('',(#423),#120,.T.);
#6116=ADVANCED_FACE('',(#424),#121,.T.);
#6117=ADVANCED_FACE('',(#425),#122,.T.);
#6118=ADVANCED_FACE('',(#426),#123,.T.);
#6119=ADVANCED_FACE('',(#427),#124,.T.);
#6120=ADVANCED_FACE('',(#428),#125,.T.);
#6121=ADVANCED_FACE('',(#429),#126,.T.);
#6122=ADVANCED_FACE('',(#430),#127,.T.);
#6123=ADVANCED_FACE('',(#431),#128,.T.);
#6124=ADVANCED_FACE('',(#432),#129,.T.);
#6125=ADVANCED_FACE('',(#433),#130,.T.);
#6126=ADVANCED_FACE('',(#434),#131,.T.);
#6127=ADVANCED_FACE('',(#435),#132,.T.);
#6128=ADVANCED_FACE('',(#436),#133,.T.);
#6129=ADVANCED_FACE('',(#437),#134,.T.);
#6130=ADVANCED_FACE('',(#438),#135,.T.);
#6131=ADVANCED_FACE('',(#439),#136,.T.);
#6132=ADVANCED_FACE('',(#440),#137,.T.);
#6133=ADVANCED_FACE('',(#441),#138,.T.);
#6134=ADVANCED_FACE('',(#442),#139,.T.);
#6135=ADVANCED_FACE('',(#443),#140,.T.);
#6136=ADVANCED_FACE('',(#444),#141,.T.);
#6137=ADVANCED_FACE('',(#445),#142,.T.);
#6138=ADVANCED_FACE('',(#446),#143,.T.);
#6139=ADVANCED_FACE('',(#447),#144,.T.);
#6140=ADVANCED_FACE('',(#448),#145,.T.);
#6141=ADVANCED_FACE('',(#449),#146,.T.);
#6142=ADVANCED_FACE('',(#450),#147,.T.);
#6143=ADVANCED_FACE('',(#451),#148,.T.);
#6144=ADVANCED_FACE('',(#452),#149,.T.);
#6145=ADVANCED_FACE('',(#453),#150,.T.);
#6146=ADVANCED_FACE('',(#454),#151,.T.);
#6147=ADVANCED_FACE('',(#455),#152,.T.);
#6148=ADVANCED_FACE('',(#456),#153,.T.);
#6149=ADVANCED_FACE('',(#457),#154,.T.);
#6150=ADVANCED_FACE('',(#458),#155,.T.);
#6151=ADVANCED_FACE('',(#459),#156,.T.);
#6152=ADVANCED_FACE('',(#460),#157,.T.);
#6153=ADVANCED_FACE('',(#461),#158,.T.);
#6154=ADVANCED_FACE('',(#462),#159,.T.);
#6155=ADVANCED_FACE('',(#463),#160,.T.);
#6156=ADVANCED_FACE('',(#464),#161,.T.);
#6157=ADVANCED_FACE('',(#465),#162,.T.);
#6158=ADVANCED_FACE('',(#466),#163,.T.);
#6159=ADVANCED_FACE('',(#467),#164,.T.);
#6160=ADVANCED_FACE('',(#468),#165,.T.);
#6161=ADVANCED_FACE('',(#469),#166,.T.);
#6162=ADVANCED_FACE('',(#470),#167,.T.);
#6163=ADVANCED_FACE('',(#471),#168,.T.);
#6164=ADVANCED_FACE('',(#472),#169,.T.);
#6165=ADVANCED_FACE('',(#473),#170,.T.);
#6166=ADVANCED_FACE('',(#474),#171,.T.);
#6167=ADVANCED_FACE('',(#475),#172,.T.);
#6168=ADVANCED_FACE('',(#476),#173,.T.);
#6169=ADVANCED_FACE('',(#477),#174,.T.);
#6170=ADVANCED_FACE('',(#478),#175,.T.);
#6171=ADVANCED_FACE('',(#479),#176,.T.);
#6172=ADVANCED_FACE('',(#480),#177,.T.);
#6173=ADVANCED_FACE('',(#481),#178,.T.);
#6174=ADVANCED_FACE('',(#482),#179,.T.);
#6175=ADVANCED_FACE('',(#483),#180,.T.);
#6176=ADVANCED_FACE('',(#484),#181,.T.);
#6177=ADVANCED_FACE('',(#485),#182,.T.);
#6178=ADVANCED_FACE('',(#486),#183,.T.);
#6179=ADVANCED_FACE('',(#487),#184,.T.);
#6180=ADVANCED_FACE('',(#488),#185,.T.);
#6181=ADVANCED_FACE('',(#489),#186,.T.);
#6182=ADVANCED_FACE('',(#490),#187,.T.);
#6183=ADVANCED_FACE('',(#491),#188,.T.);
#6184=ADVANCED_FACE('',(#492),#189,.T.);
#6185=ADVANCED_FACE('',(#493),#190,.T.);
#6186=ADVANCED_FACE('',(#494),#191,.T.);
#6187=ADVANCED_FACE('',(#495),#192,.T.);
#6188=ADVANCED_FACE('',(#496),#193,.T.);
#6189=ADVANCED_FACE('',(#497),#194,.T.);
#6190=ADVANCED_FACE('',(#498),#195,.T.);
#6191=ADVANCED_FACE('',(#499),#196,.T.);
#6192=ADVANCED_FACE('',(#500),#197,.T.);
#6193=ADVANCED_FACE('',(#501),#198,.T.);
#6194=ADVANCED_FACE('',(#502),#199,.T.);
#6195=ADVANCED_FACE('',(#503),#200,.T.);
#6196=ADVANCED_FACE('',(#504),#201,.T.);
#6197=ADVANCED_FACE('',(#505),#202,.T.);
#6198=ADVANCED_FACE('',(#506),#203,.T.);
#6199=ADVANCED_FACE('',(#507),#204,.T.);
#6200=ADVANCED_FACE('',(#508),#205,.T.);
#6201=ADVANCED_FACE('',(#509),#206,.T.);
#6202=ADVANCED_FACE('',(#510),#207,.T.);
#6203=ADVANCED_FACE('',(#511),#208,.T.);
#6204=ADVANCED_FACE('',(#512),#209,.T.);
#6205=ADVANCED_FACE('',(#513),#210,.T.);
#6206=ADVANCED_FACE('',(#514),#211,.T.);
#6207=ADVANCED_FACE('',(#515),#212,.T.);
#6208=ADVANCED_FACE('',(#516),#213,.T.);
#6209=ADVANCED_FACE('',(#517),#214,.T.);
#6210=ADVANCED_FACE('',(#518),#215,.T.);
#6211=ADVANCED_FACE('',(#519),#216,.T.);
#6212=ADVANCED_FACE('',(#520),#217,.T.);
#6213=ADVANCED_FACE('',(#521),#218,.T.);
#6214=ADVANCED_FACE('',(#522),#219,.T.);
#6215=ADVANCED_FACE('',(#523),#220,.T.);
#6216=ADVANCED_FACE('',(#524),#221,.T.);
#6217=ADVANCED_FACE('',(#525),#222,.T.);
#6218=ADVANCED_FACE('',(#526),#223,.T.);
#6219=ADVANCED_FACE('',(#527),#224,.T.);
#6220=ADVANCED_FACE('',(#528),#225,.T.);
#6221=ADVANCED_FACE('',(#529),#226,.T.);
#6222=ADVANCED_FACE('',(#530),#227,.T.);
#6223=ADVANCED_FACE('',(#531),#228,.T.);
#6224=ADVANCED_FACE('',(#532),#229,.T.);
#6225=ADVANCED_FACE('',(#533),#230,.T.);
#6226=ADVANCED_FACE('',(#534),#231,.T.);
#6227=ADVANCED_FACE('',(#535),#232,.T.);
#6228=ADVANCED_FACE('',(#536),#233,.T.);
#6229=ADVANCED_FACE('',(#537),#234,.T.);
#6230=ADVANCED_FACE('',(#538),#235,.T.);
#6231=ADVANCED_FACE('',(#539),#236,.T.);
#6232=ADVANCED_FACE('',(#540),#237,.T.);
#6233=ADVANCED_FACE('',(#541),#238,.T.);
#6234=ADVANCED_FACE('',(#542),#239,.T.);
#6235=ADVANCED_FACE('',(#543),#240,.T.);
#6236=ADVANCED_FACE('',(#544),#241,.T.);
#6237=ADVANCED_FACE('',(#545),#242,.T.);
#6238=ADVANCED_FACE('',(#546),#243,.T.);
#6239=ADVANCED_FACE('',(#547),#244,.T.);
#6240=ADVANCED_FACE('',(#548),#245,.T.);
#6241=ADVANCED_FACE('',(#549),#246,.T.);
#6242=ADVANCED_FACE('',(#550),#247,.T.);
#6243=ADVANCED_FACE('',(#551),#248,.T.);
#6244=ADVANCED_FACE('',(#552),#249,.T.);
#6245=ADVANCED_FACE('',(#553),#250,.T.);
#6246=ADVANCED_FACE('',(#554),#251,.T.);
#6247=ADVANCED_FACE('',(#555),#252,.T.);
#6248=ADVANCED_FACE('',(#556),#253,.T.);
#6249=ADVANCED_FACE('',(#557),#254,.T.);
#6250=ADVANCED_FACE('',(#558),#255,.T.);
#6251=ADVANCED_FACE('',(#559),#256,.T.);
#6252=ADVANCED_FACE('',(#560),#257,.T.);
#6253=ADVANCED_FACE('',(#561),#258,.T.);
#6254=ADVANCED_FACE('',(#562),#259,.T.);
#6255=ADVANCED_FACE('',(#563),#260,.T.);
#6256=ADVANCED_FACE('',(#564),#261,.T.);
#6257=ADVANCED_FACE('',(#565),#262,.T.);
#6258=ADVANCED_FACE('',(#566),#263,.T.);
#6259=ADVANCED_FACE('',(#567),#264,.T.);
#6260=ADVANCED_FACE('',(#568),#265,.T.);
#6261=ADVANCED_FACE('',(#569),#266,.T.);
#6262=ADVANCED_FACE('',(#570),#267,.T.);
#6263=ADVANCED_FACE('',(#571),#268,.T.);
#6264=ADVANCED_FACE('',(#572),#269,.T.);
#6265=ADVANCED_FACE('',(#573),#270,.T.);
#6266=ADVANCED_FACE('',(#574),#271,.T.);
#6267=ADVANCED_FACE('',(#575),#272,.T.);
#6268=ADVANCED_FACE('',(#576),#273,.T.);
#6269=ADVANCED_FACE('',(#577),#274,.T.);
#6270=ADVANCED_FACE('',(#578),#275,.T.);
#6271=ADVANCED_FACE('',(#579),#276,.T.);
#6272=ADVANCED_FACE('',(#580),#277,.T.);
#6273=ADVANCED_FACE('',(#581),#278,.T.);
#6274=ADVANCED_FACE('',(#582),#279,.T.);
#6275=ADVANCED_FACE('',(#583),#280,.T.);
#6276=ADVANCED_FACE('',(#584),#281,.T.);
#6277=ADVANCED_FACE('',(#585),#282,.T.);
#6278=ADVANCED_FACE('',(#586),#283,.T.);
#6279=ADVANCED_FACE('',(#587),#284,.T.);
#6280=ADVANCED_FACE('',(#588),#285,.T.);
#6281=ADVANCED_FACE('',(#589),#286,.T.);
#6282=ADVANCED_FACE('',(#590),#287,.T.);
#6283=ADVANCED_FACE('',(#591),#288,.T.);
#6284=ADVANCED_FACE('',(#592),#289,.T.);
#6285=ADVANCED_FACE('',(#593),#290,.T.);
#6286=ADVANCED_FACE('',(#594),#291,.T.);
#6287=ADVANCED_FACE('',(#595),#292,.T.);
#6288=ADVANCED_FACE('',(#596),#293,.T.);
#6289=ADVANCED_FACE('',(#597),#294,.T.);
#6290=ADVANCED_FACE('',(#598),#295,.T.);
#6291=ADVANCED_FACE('',(#599),#296,.T.);
#6292=ADVANCED_FACE('',(#600),#297,.T.);
#6293=ADVANCED_FACE('',(#601),#298,.T.);
#6294=ADVANCED_FACE('',(#602),#299,.T.);
#6295=ADVANCED_FACE('',(#603),#300,.T.);
#6296=ADVANCED_FACE('',(#604),#301,.T.);
#6297=ADVANCED_FACE('',(#605),#302,.T.);
#6298=ADVANCED_FACE('',(#606),#303,.T.);
#6299=ADVANCED_FACE('',(#607),#304,.T.);
#6300=ADVANCED_FACE('',(#608),#305,.T.);
#6301=ADVANCED_FACE('',(#609),#306,.T.);
#6302=ADVANCED_FACE('',(#610),#307,.T.);
#6303=ADVANCED_FACE('',(#611),#308,.T.);
#6304=ADVANCED_FACE('',(#612),#309,.T.);
#6305=ADVANCED_FACE('',(#613),#310,.T.);
#6306=ADVANCED_FACE('',(#614),#311,.T.);
#6307=ADVANCED_FACE('',(#615),#312,.T.);
#6308=ADVANCED_FACE('',(#616),#313,.T.);
#6309=ADVANCED_FACE('',(#617),#314,.T.);
#6310=ADVANCED_FACE('',(#618),#315,.T.);
#6311=ADVANCED_FACE('',(#619),#316,.T.);
#6312=ADVANCED_FACE('',(#620),#317,.T.);
#6313=ADVANCED_FACE('',(#621),#318,.T.);
#6314=ADVANCED_FACE('',(#622),#319,.T.);
#6315=ADVANCED_FACE('',(#623,#18),#320,.T.);
#6316=CLOSED_SHELL('',(#6013,#6014,#6015,#6016,#6017,#6018,#6019,#6020,
#6021,#6022,#6023,#6024,#6025,#6026,#6027,#6028,#6029,#6030,#6031,#6032,
#6033,#6034,#6035,#6036,#6037,#6038,#6039,#6040,#6041,#6042,#6043,#6044,
#6045,#6046,#6047,#6048,#6049,#6050,#6051,#6052,#6053,#6054,#6055,#6056,
#6057,#6058,#6059,#6060,#6061,#6062,#6063,#6064,#6065,#6066,#6067,#6068,
#6069,#6070,#6071,#6072,#6073,#6074,#6075,#6076,#6077,#6078,#6079,#6080,
#6081,#6082,#6083,#6084,#6085,#6086,#6087,#6088,#6089,#6090,#6091,#6092,
#6093,#6094,#6095,#6096,#6097,#6098,#6099,#6100,#6101,#6102,#6103,#6104,
#6105,#6106,#6107,#6108,#6109,#6110,#6111,#6112,#6113,#6114,#6115,#6116,
#6117,#6118,#6119,#6120,#6121,#6122,#6123,#6124,#6125,#6126,#6127,#6128,
#6129,#6130,#6131,#6132,#6133,#6134,#6135,#6136,#6137,#6138,#6139,#6140,
#6141,#6142,#6143,#6144,#6145,#6146,#6147,#6148,#6149,#6150,#6151,#6152,
#6153,#6154,#6155,#6156,#6157,#6158,#6159,#6160,#6161,#6162,#6163,#6164,
#6165,#6166,#6167,#6168,#6169,#6170,#6171,#6172,#6173,#6174,#6175,#6176,
#6177,#6178,#6179,#6180,#6181,#6182,#6183,#6184,#6185,#6186,#6187,#6188,
#6189,#6190,#6191,#6192,#6193,#6194,#6195,#6196,#6197,#6198,#6199,#6200,
#6201,#6202,#6203,#6204,#6205,#6206,#6207,#6208,#6209,#6210,#6211,#6212,
#6213,#6214,#6215,#6216,#6217,#6218,#6219,#6220,#6221,#6222,#6223,#6224,
#6225,#6226,#6227,#6228,#6229,#6230,#6231,#6232,#6233,#6234,#6235,#6236,
#6237,#6238,#6239,#6240,#6241,#6242,#6243,#6244,#6245,#6246,#6247,#6248,
#6249,#6250,#6251,#6252,#6253,#6254,#6255,#6256,#6257,#6258,#6259,#6260,
#6261,#6262,#6263,#6264,#6265,#6266,#6267,#6268,#6269,#6270,#6271,#6272,
#6273,#6274,#6275,#6276,#6277,#6278,#6279,#6280,#6281,#6282,#6283,#6284,
#6285,#6286,#6287,#6288,#6289,#6290,#6291,#6292,#6293,#6294,#6295,#6296,
#6297,#6298,#6299,#6300,#6301,#6302,#6303,#6304,#6305,#6306,#6307,#6308,
#6309,#6310,#6311,#6312,#6313,#6314,#6315));
#6317=DERIVED_UNIT_ELEMENT(#6319,1.);
#6318=DERIVED_UNIT_ELEMENT(#9946,-3.);
#6319=(
MASS_UNIT()
NAMED_UNIT(*)
SI_UNIT(.KILO.,.GRAM.)
);
#6320=DERIVED_UNIT((#6317,#6318));
#6321=MEASURE_REPRESENTATION_ITEM('density measure',
POSITIVE_RATIO_MEASURE(7850.),#6320);
#6322=PROPERTY_DEFINITION_REPRESENTATION(#6327,#6324);
#6323=PROPERTY_DEFINITION_REPRESENTATION(#6328,#6325);
#6324=REPRESENTATION('material name',(#6326),#9943);
#6325=REPRESENTATION('density',(#6321),#9943);
#6326=DESCRIPTIVE_REPRESENTATION_ITEM('\X2\94A2\X0\','\X2\94A2\X0\');
#6327=PROPERTY_DEFINITION('material property','material name',#9953);
#6328=PROPERTY_DEFINITION('material property','density of part',#9953);
#6329=AXIS2_PLACEMENT_3D('',#8142,#6635,#6636);
#6330=AXIS2_PLACEMENT_3D('',#8143,#6637,#6638);
#6331=AXIS2_PLACEMENT_3D('',#8145,#6639,#6640);
#6332=AXIS2_PLACEMENT_3D('',#8148,#6642,#6643);
#6333=AXIS2_PLACEMENT_3D('',#8149,#6644,#6645);
#6334=AXIS2_PLACEMENT_3D('',#8158,#6650,#6651);
#6335=AXIS2_PLACEMENT_3D('',#8164,#6655,#6656);
#6336=AXIS2_PLACEMENT_3D('',#8168,#6659,#6660);
#6337=AXIS2_PLACEMENT_3D('',#8177,#6665,#6666);
#6338=AXIS2_PLACEMENT_3D('',#8183,#6670,#6671);
#6339=AXIS2_PLACEMENT_3D('',#8189,#6675,#6676);
#6340=AXIS2_PLACEMENT_3D('',#8193,#6679,#6680);
#6341=AXIS2_PLACEMENT_3D('',#8196,#6683,#6684);
#6342=AXIS2_PLACEMENT_3D('',#8198,#6686,#6687);
#6343=AXIS2_PLACEMENT_3D('',#8199,#6688,#6689);
#6344=AXIS2_PLACEMENT_3D('',#8780,#6980,#6981);
#6345=AXIS2_PLACEMENT_3D('',#8786,#6985,#6986);
#6346=AXIS2_PLACEMENT_3D('',#8790,#6989,#6990);
#6347=AXIS2_PLACEMENT_3D('',#8794,#6993,#6994);
#6348=AXIS2_PLACEMENT_3D('',#8798,#6997,#6998);
#6349=AXIS2_PLACEMENT_3D('',#8802,#7001,#7002);
#6350=AXIS2_PLACEMENT_3D('',#8806,#7005,#7006);
#6351=AXIS2_PLACEMENT_3D('',#8810,#7009,#7010);
#6352=AXIS2_PLACEMENT_3D('',#8814,#7013,#7014);
#6353=AXIS2_PLACEMENT_3D('',#8818,#7017,#7018);
#6354=AXIS2_PLACEMENT_3D('',#8822,#7021,#7022);
#6355=AXIS2_PLACEMENT_3D('',#8826,#7025,#7026);
#6356=AXIS2_PLACEMENT_3D('',#8830,#7029,#7030);
#6357=AXIS2_PLACEMENT_3D('',#8834,#7033,#7034);
#6358=AXIS2_PLACEMENT_3D('',#8838,#7037,#7038);
#6359=AXIS2_PLACEMENT_3D('',#8842,#7041,#7042);
#6360=AXIS2_PLACEMENT_3D('',#8846,#7045,#7046);
#6361=AXIS2_PLACEMENT_3D('',#8850,#7049,#7050);
#6362=AXIS2_PLACEMENT_3D('',#8854,#7053,#7054);
#6363=AXIS2_PLACEMENT_3D('',#8858,#7057,#7058);
#6364=AXIS2_PLACEMENT_3D('',#8862,#7061,#7062);
#6365=AXIS2_PLACEMENT_3D('',#8866,#7065,#7066);
#6366=AXIS2_PLACEMENT_3D('',#8870,#7069,#7070);
#6367=AXIS2_PLACEMENT_3D('',#8874,#7073,#7074);
#6368=AXIS2_PLACEMENT_3D('',#8878,#7077,#7078);
#6369=AXIS2_PLACEMENT_3D('',#8882,#7081,#7082);
#6370=AXIS2_PLACEMENT_3D('',#8886,#7085,#7086);
#6371=AXIS2_PLACEMENT_3D('',#8890,#7089,#7090);
#6372=AXIS2_PLACEMENT_3D('',#8894,#7093,#7094);
#6373=AXIS2_PLACEMENT_3D('',#8898,#7097,#7098);
#6374=AXIS2_PLACEMENT_3D('',#8902,#7101,#7102);
#6375=AXIS2_PLACEMENT_3D('',#8906,#7105,#7106);
#6376=AXIS2_PLACEMENT_3D('',#8910,#7109,#7110);
#6377=AXIS2_PLACEMENT_3D('',#8914,#7113,#7114);
#6378=AXIS2_PLACEMENT_3D('',#8918,#7117,#7118);
#6379=AXIS2_PLACEMENT_3D('',#8922,#7121,#7122);
#6380=AXIS2_PLACEMENT_3D('',#8926,#7125,#7126);
#6381=AXIS2_PLACEMENT_3D('',#8930,#7129,#7130);
#6382=AXIS2_PLACEMENT_3D('',#8934,#7133,#7134);
#6383=AXIS2_PLACEMENT_3D('',#8938,#7137,#7138);
#6384=AXIS2_PLACEMENT_3D('',#8942,#7141,#7142);
#6385=AXIS2_PLACEMENT_3D('',#8946,#7145,#7146);
#6386=AXIS2_PLACEMENT_3D('',#8950,#7149,#7150);
#6387=AXIS2_PLACEMENT_3D('',#8954,#7153,#7154);
#6388=AXIS2_PLACEMENT_3D('',#8958,#7157,#7158);
#6389=AXIS2_PLACEMENT_3D('',#8962,#7161,#7162);
#6390=AXIS2_PLACEMENT_3D('',#8966,#7165,#7166);
#6391=AXIS2_PLACEMENT_3D('',#8970,#7169,#7170);
#6392=AXIS2_PLACEMENT_3D('',#8974,#7173,#7174);
#6393=AXIS2_PLACEMENT_3D('',#8978,#7177,#7178);
#6394=AXIS2_PLACEMENT_3D('',#8982,#7181,#7182);
#6395=AXIS2_PLACEMENT_3D('',#8986,#7185,#7186);
#6396=AXIS2_PLACEMENT_3D('',#8990,#7189,#7190);
#6397=AXIS2_PLACEMENT_3D('',#8994,#7193,#7194);
#6398=AXIS2_PLACEMENT_3D('',#8998,#7197,#7198);
#6399=AXIS2_PLACEMENT_3D('',#9002,#7201,#7202);
#6400=AXIS2_PLACEMENT_3D('',#9006,#7205,#7206);
#6401=AXIS2_PLACEMENT_3D('',#9010,#7209,#7210);
#6402=AXIS2_PLACEMENT_3D('',#9014,#7213,#7214);
#6403=AXIS2_PLACEMENT_3D('',#9018,#7217,#7218);
#6404=AXIS2_PLACEMENT_3D('',#9022,#7221,#7222);
#6405=AXIS2_PLACEMENT_3D('',#9026,#7225,#7226);
#6406=AXIS2_PLACEMENT_3D('',#9030,#7229,#7230);
#6407=AXIS2_PLACEMENT_3D('',#9034,#7233,#7234);
#6408=AXIS2_PLACEMENT_3D('',#9038,#7237,#7238);
#6409=AXIS2_PLACEMENT_3D('',#9042,#7241,#7242);
#6410=AXIS2_PLACEMENT_3D('',#9046,#7245,#7246);
#6411=AXIS2_PLACEMENT_3D('',#9050,#7249,#7250);
#6412=AXIS2_PLACEMENT_3D('',#9054,#7253,#7254);
#6413=AXIS2_PLACEMENT_3D('',#9058,#7257,#7258);
#6414=AXIS2_PLACEMENT_3D('',#9062,#7261,#7262);
#6415=AXIS2_PLACEMENT_3D('',#9066,#7265,#7266);
#6416=AXIS2_PLACEMENT_3D('',#9070,#7269,#7270);
#6417=AXIS2_PLACEMENT_3D('',#9074,#7273,#7274);
#6418=AXIS2_PLACEMENT_3D('',#9078,#7277,#7278);
#6419=AXIS2_PLACEMENT_3D('',#9082,#7281,#7282);
#6420=AXIS2_PLACEMENT_3D('',#9086,#7285,#7286);
#6421=AXIS2_PLACEMENT_3D('',#9090,#7289,#7290);
#6422=AXIS2_PLACEMENT_3D('',#9094,#7293,#7294);
#6423=AXIS2_PLACEMENT_3D('',#9098,#7297,#7298);
#6424=AXIS2_PLACEMENT_3D('',#9102,#7301,#7302);
#6425=AXIS2_PLACEMENT_3D('',#9106,#7305,#7306);
#6426=AXIS2_PLACEMENT_3D('',#9110,#7309,#7310);
#6427=AXIS2_PLACEMENT_3D('',#9114,#7313,#7314);
#6428=AXIS2_PLACEMENT_3D('',#9118,#7317,#7318);
#6429=AXIS2_PLACEMENT_3D('',#9122,#7321,#7322);
#6430=AXIS2_PLACEMENT_3D('',#9126,#7325,#7326);
#6431=AXIS2_PLACEMENT_3D('',#9130,#7329,#7330);
#6432=AXIS2_PLACEMENT_3D('',#9134,#7333,#7334);
#6433=AXIS2_PLACEMENT_3D('',#9138,#7337,#7338);
#6434=AXIS2_PLACEMENT_3D('',#9142,#7341,#7342);
#6435=AXIS2_PLACEMENT_3D('',#9146,#7345,#7346);
#6436=AXIS2_PLACEMENT_3D('',#9150,#7349,#7350);
#6437=AXIS2_PLACEMENT_3D('',#9154,#7353,#7354);
#6438=AXIS2_PLACEMENT_3D('',#9158,#7357,#7358);
#6439=AXIS2_PLACEMENT_3D('',#9162,#7361,#7362);
#6440=AXIS2_PLACEMENT_3D('',#9166,#7365,#7366);
#6441=AXIS2_PLACEMENT_3D('',#9170,#7369,#7370);
#6442=AXIS2_PLACEMENT_3D('',#9174,#7373,#7374);
#6443=AXIS2_PLACEMENT_3D('',#9178,#7377,#7378);
#6444=AXIS2_PLACEMENT_3D('',#9182,#7381,#7382);
#6445=AXIS2_PLACEMENT_3D('',#9186,#7385,#7386);
#6446=AXIS2_PLACEMENT_3D('',#9190,#7389,#7390);
#6447=AXIS2_PLACEMENT_3D('',#9194,#7393,#7394);
#6448=AXIS2_PLACEMENT_3D('',#9198,#7397,#7398);
#6449=AXIS2_PLACEMENT_3D('',#9202,#7401,#7402);
#6450=AXIS2_PLACEMENT_3D('',#9206,#7405,#7406);
#6451=AXIS2_PLACEMENT_3D('',#9210,#7409,#7410);
#6452=AXIS2_PLACEMENT_3D('',#9214,#7413,#7414);
#6453=AXIS2_PLACEMENT_3D('',#9218,#7417,#7418);
#6454=AXIS2_PLACEMENT_3D('',#9222,#7421,#7422);
#6455=AXIS2_PLACEMENT_3D('',#9226,#7425,#7426);
#6456=AXIS2_PLACEMENT_3D('',#9230,#7429,#7430);
#6457=AXIS2_PLACEMENT_3D('',#9234,#7433,#7434);
#6458=AXIS2_PLACEMENT_3D('',#9238,#7437,#7438);
#6459=AXIS2_PLACEMENT_3D('',#9242,#7441,#7442);
#6460=AXIS2_PLACEMENT_3D('',#9246,#7445,#7446);
#6461=AXIS2_PLACEMENT_3D('',#9250,#7449,#7450);
#6462=AXIS2_PLACEMENT_3D('',#9254,#7453,#7454);
#6463=AXIS2_PLACEMENT_3D('',#9258,#7457,#7458);
#6464=AXIS2_PLACEMENT_3D('',#9262,#7461,#7462);
#6465=AXIS2_PLACEMENT_3D('',#9266,#7465,#7466);
#6466=AXIS2_PLACEMENT_3D('',#9270,#7469,#7470);
#6467=AXIS2_PLACEMENT_3D('',#9274,#7473,#7474);
#6468=AXIS2_PLACEMENT_3D('',#9278,#7477,#7478);
#6469=AXIS2_PLACEMENT_3D('',#9282,#7481,#7482);
#6470=AXIS2_PLACEMENT_3D('',#9286,#7485,#7486);
#6471=AXIS2_PLACEMENT_3D('',#9290,#7489,#7490);
#6472=AXIS2_PLACEMENT_3D('',#9294,#7493,#7494);
#6473=AXIS2_PLACEMENT_3D('',#9298,#7497,#7498);
#6474=AXIS2_PLACEMENT_3D('',#9302,#7501,#7502);
#6475=AXIS2_PLACEMENT_3D('',#9306,#7505,#7506);
#6476=AXIS2_PLACEMENT_3D('',#9310,#7509,#7510);
#6477=AXIS2_PLACEMENT_3D('',#9314,#7513,#7514);
#6478=AXIS2_PLACEMENT_3D('',#9318,#7517,#7518);
#6479=AXIS2_PLACEMENT_3D('',#9322,#7521,#7522);
#6480=AXIS2_PLACEMENT_3D('',#9326,#7525,#7526);
#6481=AXIS2_PLACEMENT_3D('',#9330,#7529,#7530);
#6482=AXIS2_PLACEMENT_3D('',#9334,#7533,#7534);
#6483=AXIS2_PLACEMENT_3D('',#9338,#7537,#7538);
#6484=AXIS2_PLACEMENT_3D('',#9342,#7541,#7542);
#6485=AXIS2_PLACEMENT_3D('',#9346,#7545,#7546);
#6486=AXIS2_PLACEMENT_3D('',#9350,#7549,#7550);
#6487=AXIS2_PLACEMENT_3D('',#9354,#7553,#7554);
#6488=AXIS2_PLACEMENT_3D('',#9358,#7557,#7558);
#6489=AXIS2_PLACEMENT_3D('',#9362,#7561,#7562);
#6490=AXIS2_PLACEMENT_3D('',#9366,#7565,#7566);
#6491=AXIS2_PLACEMENT_3D('',#9370,#7569,#7570);
#6492=AXIS2_PLACEMENT_3D('',#9374,#7573,#7574);
#6493=AXIS2_PLACEMENT_3D('',#9378,#7577,#7578);
#6494=AXIS2_PLACEMENT_3D('',#9382,#7581,#7582);
#6495=AXIS2_PLACEMENT_3D('',#9386,#7585,#7586);
#6496=AXIS2_PLACEMENT_3D('',#9390,#7589,#7590);
#6497=AXIS2_PLACEMENT_3D('',#9394,#7593,#7594);
#6498=AXIS2_PLACEMENT_3D('',#9398,#7597,#7598);
#6499=AXIS2_PLACEMENT_3D('',#9402,#7601,#7602);
#6500=AXIS2_PLACEMENT_3D('',#9406,#7605,#7606);
#6501=AXIS2_PLACEMENT_3D('',#9410,#7609,#7610);
#6502=AXIS2_PLACEMENT_3D('',#9414,#7613,#7614);
#6503=AXIS2_PLACEMENT_3D('',#9418,#7617,#7618);
#6504=AXIS2_PLACEMENT_3D('',#9422,#7621,#7622);
#6505=AXIS2_PLACEMENT_3D('',#9426,#7625,#7626);
#6506=AXIS2_PLACEMENT_3D('',#9430,#7629,#7630);
#6507=AXIS2_PLACEMENT_3D('',#9434,#7633,#7634);
#6508=AXIS2_PLACEMENT_3D('',#9438,#7637,#7638);
#6509=AXIS2_PLACEMENT_3D('',#9442,#7641,#7642);
#6510=AXIS2_PLACEMENT_3D('',#9446,#7645,#7646);
#6511=AXIS2_PLACEMENT_3D('',#9450,#7649,#7650);
#6512=AXIS2_PLACEMENT_3D('',#9454,#7653,#7654);
#6513=AXIS2_PLACEMENT_3D('',#9458,#7657,#7658);
#6514=AXIS2_PLACEMENT_3D('',#9462,#7661,#7662);
#6515=AXIS2_PLACEMENT_3D('',#9466,#7665,#7666);
#6516=AXIS2_PLACEMENT_3D('',#9470,#7669,#7670);
#6517=AXIS2_PLACEMENT_3D('',#9474,#7673,#7674);
#6518=AXIS2_PLACEMENT_3D('',#9478,#7677,#7678);
#6519=AXIS2_PLACEMENT_3D('',#9482,#7681,#7682);
#6520=AXIS2_PLACEMENT_3D('',#9486,#7685,#7686);
#6521=AXIS2_PLACEMENT_3D('',#9490,#7689,#7690);
#6522=AXIS2_PLACEMENT_3D('',#9494,#7693,#7694);
#6523=AXIS2_PLACEMENT_3D('',#9498,#7697,#7698);
#6524=AXIS2_PLACEMENT_3D('',#9502,#7701,#7702);
#6525=AXIS2_PLACEMENT_3D('',#9506,#7705,#7706);
#6526=AXIS2_PLACEMENT_3D('',#9510,#7709,#7710);
#6527=AXIS2_PLACEMENT_3D('',#9514,#7713,#7714);
#6528=AXIS2_PLACEMENT_3D('',#9518,#7717,#7718);
#6529=AXIS2_PLACEMENT_3D('',#9522,#7721,#7722);
#6530=AXIS2_PLACEMENT_3D('',#9526,#7725,#7726);
#6531=AXIS2_PLACEMENT_3D('',#9530,#7729,#7730);
#6532=AXIS2_PLACEMENT_3D('',#9534,#7733,#7734);
#6533=AXIS2_PLACEMENT_3D('',#9538,#7737,#7738);
#6534=AXIS2_PLACEMENT_3D('',#9542,#7741,#7742);
#6535=AXIS2_PLACEMENT_3D('',#9546,#7745,#7746);
#6536=AXIS2_PLACEMENT_3D('',#9550,#7749,#7750);
#6537=AXIS2_PLACEMENT_3D('',#9554,#7753,#7754);
#6538=AXIS2_PLACEMENT_3D('',#9558,#7757,#7758);
#6539=AXIS2_PLACEMENT_3D('',#9562,#7761,#7762);
#6540=AXIS2_PLACEMENT_3D('',#9566,#7765,#7766);
#6541=AXIS2_PLACEMENT_3D('',#9570,#7769,#7770);
#6542=AXIS2_PLACEMENT_3D('',#9574,#7773,#7774);
#6543=AXIS2_PLACEMENT_3D('',#9578,#7777,#7778);
#6544=AXIS2_PLACEMENT_3D('',#9582,#7781,#7782);
#6545=AXIS2_PLACEMENT_3D('',#9586,#7785,#7786);
#6546=AXIS2_PLACEMENT_3D('',#9590,#7789,#7790);
#6547=AXIS2_PLACEMENT_3D('',#9594,#7793,#7794);
#6548=AXIS2_PLACEMENT_3D('',#9598,#7797,#7798);
#6549=AXIS2_PLACEMENT_3D('',#9602,#7801,#7802);
#6550=AXIS2_PLACEMENT_3D('',#9606,#7805,#7806);
#6551=AXIS2_PLACEMENT_3D('',#9610,#7809,#7810);
#6552=AXIS2_PLACEMENT_3D('',#9614,#7813,#7814);
#6553=AXIS2_PLACEMENT_3D('',#9618,#7817,#7818);
#6554=AXIS2_PLACEMENT_3D('',#9622,#7821,#7822);
#6555=AXIS2_PLACEMENT_3D('',#9626,#7825,#7826);
#6556=AXIS2_PLACEMENT_3D('',#9630,#7829,#7830);
#6557=AXIS2_PLACEMENT_3D('',#9634,#7833,#7834);
#6558=AXIS2_PLACEMENT_3D('',#9638,#7837,#7838);
#6559=AXIS2_PLACEMENT_3D('',#9642,#7841,#7842);
#6560=AXIS2_PLACEMENT_3D('',#9646,#7845,#7846);
#6561=AXIS2_PLACEMENT_3D('',#9650,#7849,#7850);
#6562=AXIS2_PLACEMENT_3D('',#9654,#7853,#7854);
#6563=AXIS2_PLACEMENT_3D('',#9658,#7857,#7858);
#6564=AXIS2_PLACEMENT_3D('',#9662,#7861,#7862);
#6565=AXIS2_PLACEMENT_3D('',#9666,#7865,#7866);
#6566=AXIS2_PLACEMENT_3D('',#9670,#7869,#7870);
#6567=AXIS2_PLACEMENT_3D('',#9674,#7873,#7874);
#6568=AXIS2_PLACEMENT_3D('',#9678,#7877,#7878);
#6569=AXIS2_PLACEMENT_3D('',#9682,#7881,#7882);
#6570=AXIS2_PLACEMENT_3D('',#9686,#7885,#7886);
#6571=AXIS2_PLACEMENT_3D('',#9690,#7889,#7890);
#6572=AXIS2_PLACEMENT_3D('',#9694,#7893,#7894);
#6573=AXIS2_PLACEMENT_3D('',#9698,#7897,#7898);
#6574=AXIS2_PLACEMENT_3D('',#9702,#7901,#7902);
#6575=AXIS2_PLACEMENT_3D('',#9706,#7905,#7906);
#6576=AXIS2_PLACEMENT_3D('',#9710,#7909,#7910);
#6577=AXIS2_PLACEMENT_3D('',#9714,#7913,#7914);
#6578=AXIS2_PLACEMENT_3D('',#9718,#7917,#7918);
#6579=AXIS2_PLACEMENT_3D('',#9722,#7921,#7922);
#6580=AXIS2_PLACEMENT_3D('',#9726,#7925,#7926);
#6581=AXIS2_PLACEMENT_3D('',#9730,#7929,#7930);
#6582=AXIS2_PLACEMENT_3D('',#9734,#7933,#7934);
#6583=AXIS2_PLACEMENT_3D('',#9738,#7937,#7938);
#6584=AXIS2_PLACEMENT_3D('',#9742,#7941,#7942);
#6585=AXIS2_PLACEMENT_3D('',#9746,#7945,#7946);
#6586=AXIS2_PLACEMENT_3D('',#9750,#7949,#7950);
#6587=AXIS2_PLACEMENT_3D('',#9754,#7953,#7954);
#6588=AXIS2_PLACEMENT_3D('',#9758,#7957,#7958);
#6589=AXIS2_PLACEMENT_3D('',#9762,#7961,#7962);
#6590=AXIS2_PLACEMENT_3D('',#9766,#7965,#7966);
#6591=AXIS2_PLACEMENT_3D('',#9770,#7969,#7970);
#6592=AXIS2_PLACEMENT_3D('',#9774,#7973,#7974);
#6593=AXIS2_PLACEMENT_3D('',#9778,#7977,#7978);
#6594=AXIS2_PLACEMENT_3D('',#9782,#7981,#7982);
#6595=AXIS2_PLACEMENT_3D('',#9786,#7985,#7986);
#6596=AXIS2_PLACEMENT_3D('',#9790,#7989,#7990);
#6597=AXIS2_PLACEMENT_3D('',#9794,#7993,#7994);
#6598=AXIS2_PLACEMENT_3D('',#9798,#7997,#7998);
#6599=AXIS2_PLACEMENT_3D('',#9802,#8001,#8002);
#6600=AXIS2_PLACEMENT_3D('',#9806,#8005,#8006);
#6601=AXIS2_PLACEMENT_3D('',#9810,#8009,#8010);
#6602=AXIS2_PLACEMENT_3D('',#9814,#8013,#8014);
#6603=AXIS2_PLACEMENT_3D('',#9818,#8017,#8018);
#6604=AXIS2_PLACEMENT_3D('',#9822,#8021,#8022);
#6605=AXIS2_PLACEMENT_3D('',#9826,#8025,#8026);
#6606=AXIS2_PLACEMENT_3D('',#9830,#8029,#8030);
#6607=AXIS2_PLACEMENT_3D('',#9834,#8033,#8034);
#6608=AXIS2_PLACEMENT_3D('',#9838,#8037,#8038);
#6609=AXIS2_PLACEMENT_3D('',#9842,#8041,#8042);
#6610=AXIS2_PLACEMENT_3D('',#9846,#8045,#8046);
#6611=AXIS2_PLACEMENT_3D('',#9850,#8049,#8050);
#6612=AXIS2_PLACEMENT_3D('',#9854,#8053,#8054);
#6613=AXIS2_PLACEMENT_3D('',#9858,#8057,#8058);
#6614=AXIS2_PLACEMENT_3D('',#9862,#8061,#8062);
#6615=AXIS2_PLACEMENT_3D('',#9866,#8065,#8066);
#6616=AXIS2_PLACEMENT_3D('',#9870,#8069,#8070);
#6617=AXIS2_PLACEMENT_3D('',#9874,#8073,#8074);
#6618=AXIS2_PLACEMENT_3D('',#9878,#8077,#8078);
#6619=AXIS2_PLACEMENT_3D('',#9882,#8081,#8082);
#6620=AXIS2_PLACEMENT_3D('',#9886,#8085,#8086);
#6621=AXIS2_PLACEMENT_3D('',#9890,#8089,#8090);
#6622=AXIS2_PLACEMENT_3D('',#9894,#8093,#8094);
#6623=AXIS2_PLACEMENT_3D('',#9898,#8097,#8098);
#6624=AXIS2_PLACEMENT_3D('',#9902,#8101,#8102);
#6625=AXIS2_PLACEMENT_3D('',#9906,#8105,#8106);
#6626=AXIS2_PLACEMENT_3D('',#9910,#8109,#8110);
#6627=AXIS2_PLACEMENT_3D('',#9914,#8113,#8114);
#6628=AXIS2_PLACEMENT_3D('',#9918,#8117,#8118);
#6629=AXIS2_PLACEMENT_3D('',#9922,#8121,#8122);
#6630=AXIS2_PLACEMENT_3D('',#9926,#8125,#8126);
#6631=AXIS2_PLACEMENT_3D('',#9930,#8129,#8130);
#6632=AXIS2_PLACEMENT_3D('',#9934,#8133,#8134);
#6633=AXIS2_PLACEMENT_3D('',#9938,#8137,#8138);
#6634=AXIS2_PLACEMENT_3D('',#9940,#8140,#8141);
#6635=DIRECTION('axis',(0.,0.,1.));
#6636=DIRECTION('refdir',(1.,0.,0.));
#6637=DIRECTION('center_axis',(0.,1.,0.));
#6638=DIRECTION('ref_axis',(1.,0.,0.));
#6639=DIRECTION('center_axis',(0.,1.,0.));
#6640=DIRECTION('ref_axis',(1.,0.,0.));
#6641=DIRECTION('',(0.,1.,0.));
#6642=DIRECTION('center_axis',(0.,-1.,0.));
#6643=DIRECTION('ref_axis',(1.,0.,0.));
#6644=DIRECTION('center_axis',(0.,1.,0.));
#6645=DIRECTION('ref_axis',(0.,0.,1.));
#6646=DIRECTION('',(1.,0.,0.));
#6647=DIRECTION('',(0.,0.,1.));
#6648=DIRECTION('',(-1.,0.,0.));
#6649=DIRECTION('',(0.,0.,-1.));
#6650=DIRECTION('center_axis',(0.,0.,-1.));
#6651=DIRECTION('ref_axis',(-1.,0.,0.));
#6652=DIRECTION('',(0.,1.,0.));
#6653=DIRECTION('',(-1.,0.,0.));
#6654=DIRECTION('',(0.,1.,0.));
#6655=DIRECTION('center_axis',(-1.,0.,0.));
#6656=DIRECTION('ref_axis',(0.,0.,1.));
#6657=DIRECTION('',(0.,1.,0.));
#6658=DIRECTION('',(0.,0.,1.));
#6659=DIRECTION('center_axis',(1.,0.,0.));
#6660=DIRECTION('ref_axis',(0.,0.,-1.));
#6661=DIRECTION('',(0.,0.,1.));
#6662=DIRECTION('',(0.,1.,0.));
#6663=DIRECTION('',(0.,0.,-1.));
#6664=DIRECTION('',(0.,1.,0.));
#6665=DIRECTION('center_axis',(0.,0.,-1.));
#6666=DIRECTION('ref_axis',(-1.,0.,0.));
#6667=DIRECTION('',(1.,0.,0.));
#6668=DIRECTION('',(0.,1.,0.));
#6669=DIRECTION('',(-1.,0.,0.));
#6670=DIRECTION('center_axis',(0.,0.,1.));
#6671=DIRECTION('ref_axis',(1.,0.,0.));
#6672=DIRECTION('',(-1.,0.,0.));
#6673=DIRECTION('',(1.,0.,0.));
#6674=DIRECTION('',(0.,1.,0.));
#6675=DIRECTION('center_axis',(0.,0.,1.));
#6676=DIRECTION('ref_axis',(1.,0.,0.));
#6677=DIRECTION('',(0.,1.,0.));
#6678=DIRECTION('',(1.,0.,0.));
#6679=DIRECTION('center_axis',(-1.,0.,0.));
#6680=DIRECTION('ref_axis',(0.,0.,1.));
#6681=DIRECTION('',(0.,0.,-1.));
#6682=DIRECTION('',(0.,0.,1.));
#6683=DIRECTION('center_axis',(1.,0.,0.));
#6684=DIRECTION('ref_axis',(0.,0.,-1.));
#6685=DIRECTION('',(0.,0.,-1.));
#6686=DIRECTION('center_axis',(0.,1.,0.));
#6687=DIRECTION('ref_axis',(0.,0.,1.));
#6688=DIRECTION('center_axis',(0.,1.,0.));
#6689=DIRECTION('ref_axis',(0.,0.,1.));
#6690=DIRECTION('',(-0.222520933956314,0.,-0.974927912181824));
#6691=DIRECTION('',(-0.99025693343239,0.,-0.139252309815959));
#6692=DIRECTION('',(-0.986391845643476,0.,-0.164411455951392));
#6693=DIRECTION('',(-0.981903990244302,0.,-0.189379391545961));
#6694=DIRECTION('',(-0.976803279417671,0.,-0.214138631075486));
#6695=DIRECTION('',(-0.971100169733559,0.,-0.23867228650066));
#6696=DIRECTION('',(-0.964805623320613,0.,-0.26296408349606));
#6697=DIRECTION('',(-0.957931068923841,0.,-0.286998374891614));
#6698=DIRECTION('',(-0.950488363056299,0.,-0.310760151394217));
#6699=DIRECTION('',(0.433043042420706,0.,-0.901373243119086));
#6700=DIRECTION('',(0.957931068923836,0.,-0.286998374891632));
#6701=DIRECTION('',(0.964805623320618,0.,-0.262964083496042));
#6702=DIRECTION('',(0.971100169733559,0.,-0.23867228650066));
#6703=DIRECTION('',(0.976803279417667,0.,-0.214138631075505));
#6704=DIRECTION('',(0.981903990244305,0.,-0.189379391545941));
#6705=DIRECTION('',(0.986391845643476,0.,-0.164411455951392));
#6706=DIRECTION('',(0.99025693343239,0.,-0.139252309815959));
#6707=DIRECTION('',(0.153745545537193,0.,-0.988110473189851));
#6708=DIRECTION('',(0.188143522815435,0.,-0.982141545207511));
#6709=DIRECTION('',(0.222520933956312,0.,-0.974927912181824));
#6710=DIRECTION('',(0.25662378922313,0.,-0.966511371275456));
#6711=DIRECTION('',(0.290205116661153,0.,-0.956964466562728));
#6712=DIRECTION('',(-0.831771355383392,0.,-0.55511837689242));
#6713=DIRECTION('',(-0.817372887215623,0.,-0.576108985561583));
#6714=DIRECTION('',(-0.802496287963503,0.,-0.596657110746867));
#6715=DIRECTION('',(-0.787158074879751,0.,-0.616751299270301));
#6716=DIRECTION('',(-0.771374996454075,0.,-0.63638087246984));
#6717=DIRECTION('',(-0.755163990388167,0.,-0.655535923974438));
#6718=DIRECTION('',(-0.738542142678219,0.,-0.6742073149175));
#6719=DIRECTION('',(-0.721526647961585,0.,-0.692386666741437));
#6720=DIRECTION('',(0.781249492747833,0.,-0.624218895966194));
#6721=DIRECTION('',(0.987589998715506,0.,0.157054113085608));
#6722=DIRECTION('',(0.983355669989955,0.,0.181691018761544));
#6723=DIRECTION('',(0.97848704463533,0.,0.206308272933536));
#6724=DIRECTION('',(0.972980614760858,0.,0.230886819241773));
#6725=DIRECTION('',(0.966833564995042,0.,0.25540723873645));
#6726=DIRECTION('',(0.960043801739543,0.,0.279849778884109));
#6727=DIRECTION('',(0.952609981110806,0.,0.304194385037052));
#6728=DIRECTION('',(0.567245016876534,0.,-0.823549082222026));
#6729=DIRECTION('',(0.595646702731525,0.,-0.803246540935635));
#6730=DIRECTION('',(0.623489801858722,0.,-0.781831482468039));
#6731=DIRECTION('',(0.650563612521833,0.,-0.759451766778208));
#6732=DIRECTION('',(0.67667709637257,0.,-0.73627991093387));
#6733=DIRECTION('',(-0.508543259394491,0.,-0.861036441345213));
#6734=DIRECTION('',(-0.4864632040541,0.,-0.873701065068264));
#6735=DIRECTION('',(-0.464144353880447,0.,-0.885759571645095));
#6736=DIRECTION('',(-0.441606559751654,0.,-0.897208808686311));
#6737=DIRECTION('',(-0.418869544833346,0.,-0.908046421947196));
#6738=DIRECTION('',(-0.395952867680777,0.,-0.918270835089174));
#6739=DIRECTION('',(-0.372875887450204,0.,-0.92788122761387));
#6740=DIRECTION('',(-0.349657731294482,0.,-0.936877511175285));
#6741=DIRECTION('',(0.974719899640001,0.,-0.22343034092483));
#6742=DIRECTION('',(0.821644617265085,0.,0.570000107823948));
#6743=DIRECTION('',(0.807140066151941,0.,0.590359986459314));
#6744=DIRECTION('',(0.792072559990986,0.,0.610426948708301));
#6745=DIRECTION('',(0.776447206526523,0.,0.630182303367176));
#6746=DIRECTION('',(0.76026989476298,0.,0.649607333022871));
#6747=DIRECTION('',(0.743547308736543,0.,0.668683332879357));
#6748=DIRECTION('',(0.726286939035515,0.,0.687391651234158));
#6749=DIRECTION('',(0.868394655819869,0.,-0.495873695353455));
#6750=DIRECTION('',(0.885174748044233,0.,-0.465258708059107));
#6751=DIRECTION('',(0.900968867902416,0.,-0.433883739117565));
#6752=DIRECTION('',(0.915651333721457,0.,-0.401973425805881));
#6753=DIRECTION('',(0.929124878247423,0.,-0.369766089064033));
#6754=DIRECTION('',(-0.0845919340087292,0.,-0.996415678670635));
#6755=DIRECTION('',(-0.0592035172499925,0.,-0.998245933397792));
#6756=DIRECTION('',(-0.0338629381544343,0.,-0.999426486250764));
#6757=DIRECTION('',(-0.00858944951569341,0.,-0.999963109998073));
#6758=DIRECTION('',(0.0165981572394686,0.,-0.99986224109937));
#6759=DIRECTION('',(0.0416815765140215,0.,-0.999130945461758));
#6760=DIRECTION('',(0.0666430103099721,0.,-0.997776883464848));
#6761=DIRECTION('',(0.0914651873261712,0.,-0.995808274472244));
#6762=DIRECTION('',(0.97513507625339,0.,0.221611333329988));
#6763=DIRECTION('',(0.492962442555377,0.,0.870050590615188));
#6764=DIRECTION('',(0.471060473289232,0.,0.882100918548737));
#6765=DIRECTION('',(0.448778390707961,0.,0.893643080896156));
#6766=DIRECTION('',(0.426128906539538,0.,0.904662453631971));
#6767=DIRECTION('',(0.403125447774749,0.,0.915144728092999));
#6768=DIRECTION('',(0.379782152228969,0.,0.925075951934938));
#6769=DIRECTION('',(0.356113861359446,0.,0.934442570598999));
#6770=DIRECTION('',(0.997548083016533,0.,-0.0699844416284123));
#6771=DIRECTION('',(0.999383078550911,0.,-0.0351206820278877));
#6772=DIRECTION('',(1.,0.,0.));
#6773=DIRECTION('',(0.999383078550911,0.,0.0351206820278877));
#6774=DIRECTION('',(0.997548083016533,0.,0.0699844416284123));
#6775=DIRECTION('',(0.356113861359446,0.,-0.934442570598999));
#6776=DIRECTION('',(0.379782152228969,0.,-0.925075951934938));
#6777=DIRECTION('',(0.403125447774749,0.,-0.915144728092999));
#6778=DIRECTION('',(0.426128906539538,0.,-0.904662453631971));
#6779=DIRECTION('',(0.448778390707961,0.,-0.893643080896156));
#6780=DIRECTION('',(0.471060473289232,0.,-0.882100918548737));
#6781=DIRECTION('',(0.492962442555377,0.,-0.870050590615188));
#6782=DIRECTION('',(0.51447230384997,0.,-0.857506996222949));
#6783=DIRECTION('',(0.78241279176791,0.,0.622760165134175));
#6784=DIRECTION('',(0.0666430103099721,0.,0.997776883464848));
#6785=DIRECTION('',(0.0416815765140228,0.,0.999130945461758));
#6786=DIRECTION('',(0.0165981572394673,0.,0.99986224109937));
#6787=DIRECTION('',(-0.0085894495156909,0.,0.999963109998073));
#6788=DIRECTION('',(-0.0338629381544368,0.,0.999426486250764));
#6789=DIRECTION('',(-0.0592035172499925,0.,0.998245933397792));
#6790=DIRECTION('',(-0.084591934008728,0.,0.996415678670636));
#6791=DIRECTION('',(0.929124878247424,0.,0.369766089064033));
#6792=DIRECTION('',(0.915651333721458,0.,0.401973425805879));
#6793=DIRECTION('',(0.900968867902413,0.,0.43388373911757));
#6794=DIRECTION('',(0.885174748044234,0.,0.465258708059105));
#6795=DIRECTION('',(0.868394655819869,0.,0.495873695353456));
#6796=DIRECTION('',(0.726286939035513,0.,-0.68739165123416));
#6797=DIRECTION('',(0.743547308736549,0.,-0.66868333287935));
#6798=DIRECTION('',(0.760269894762977,0.,-0.649607333022875));
#6799=DIRECTION('',(0.776447206526522,0.,-0.630182303367177));
#6800=DIRECTION('',(0.792072559990986,0.,-0.6104269487083));
#6801=DIRECTION('',(0.80714006615192,0.,-0.590359986459342));
#6802=DIRECTION('',(0.821644617265106,0.,-0.570000107823918));
#6803=DIRECTION('',(0.835581871007519,0.,-0.54936594073857));
#6804=DIRECTION('',(0.434724058209617,0.,0.900563708581331));
#6805=DIRECTION('',(-0.372875887450191,0.,0.927881227613875));
#6806=DIRECTION('',(-0.395952867680784,0.,0.918270835089171));
#6807=DIRECTION('',(-0.418869544833349,0.,0.908046421947195));
#6808=DIRECTION('',(-0.441606559751654,0.,0.897208808686311));
#6809=DIRECTION('',(-0.464144353880447,0.,0.885759571645095));
#6810=DIRECTION('',(-0.486463204054096,0.,0.873701065068266));
#6811=DIRECTION('',(-0.508543259394493,0.,0.861036441345212));
#6812=DIRECTION('',(0.67667709637257,0.,0.73627991093387));
#6813=DIRECTION('',(0.650563612521835,0.,0.759451766778207));
#6814=DIRECTION('',(0.623489801858717,0.,0.781831482468043));
#6815=DIRECTION('',(0.595646702731525,0.,0.803246540935635));
#6816=DIRECTION('',(0.567245016876534,0.,0.823549082222026));
#6817=DIRECTION('',(0.952609981110806,0.,-0.304194385037052));
#6818=DIRECTION('',(0.960043801739543,0.,-0.279849778884108));
#6819=DIRECTION('',(0.966833564995042,0.,-0.255407238736451));
#6820=DIRECTION('',(0.972980614760858,0.,-0.230886819241772));
#6821=DIRECTION('',(0.97848704463533,0.,-0.206308272933537));
#6822=DIRECTION('',(0.983355669989955,0.,-0.181691018761544));
#6823=DIRECTION('',(0.987589998715506,0.,-0.157054113085608));
#6824=DIRECTION('',(0.99119420087292,0.,-0.132416223159757));
#6825=DIRECTION('',(0.000932893382224402,0.,0.999999564854874));
#6826=DIRECTION('',(-0.7385421426782,0.,0.674207314917521));
#6827=DIRECTION('',(-0.755163990388167,0.,0.655535923974438));
#6828=DIRECTION('',(-0.771374996454075,0.,0.63638087246984));
#6829=DIRECTION('',(-0.787158074879751,0.,0.616751299270301));
#6830=DIRECTION('',(-0.802496287963522,0.,0.596657110746841));
#6831=DIRECTION('',(-0.817372887215604,0.,0.57610898556161));
#6832=DIRECTION('',(-0.831771355383392,0.,0.55511837689242));
#6833=DIRECTION('',(0.290205116661153,0.,0.956964466562728));
#6834=DIRECTION('',(0.25662378922313,0.,0.966511371275456));
#6835=DIRECTION('',(0.222520933956322,0.,0.974927912181822));
#6836=DIRECTION('',(0.188143522815433,0.,0.982141545207512));
#6837=DIRECTION('',(0.153745545537189,0.,0.988110473189851));
#6838=DIRECTION('',(0.990256933432395,0.,0.139252309815919));
#6839=DIRECTION('',(0.98639184564347,0.,0.164411455951432));
#6840=DIRECTION('',(0.981903990244305,0.,0.189379391545941));
#6841=DIRECTION('',(0.976803279417667,0.,0.214138631075505));
#6842=DIRECTION('',(0.971100169733568,0.,0.238672286500622));
#6843=DIRECTION('',(0.964805623320608,0.,0.262964083496079));
#6844=DIRECTION('',(0.957931068923836,0.,0.286998374891632));
#6845=DIRECTION('',(0.950488363056299,0.,0.310760151394217));
#6846=DIRECTION('',(-0.433043042420713,0.,0.901373243119083));
#6847=DIRECTION('',(-0.95793106892383,0.,0.28699837489165));
#6848=DIRECTION('',(-0.964805623320613,0.,0.26296408349606));
#6849=DIRECTION('',(-0.971100169733559,0.,0.23867228650066));
#6850=DIRECTION('',(-0.976803279417671,0.,0.214138631075486));
#6851=DIRECTION('',(-0.981903990244305,0.,0.189379391545941));
#6852=DIRECTION('',(-0.986391845643466,0.,0.164411455951451));
#6853=DIRECTION('',(-0.990256933432395,0.,0.139252309815919));
#6854=DIRECTION('',(-0.153745545537193,0.,0.988110473189851));
#6855=DIRECTION('',(-0.188143522815435,0.,0.982141545207511));
#6856=DIRECTION('',(-0.222520933956309,0.,0.974927912181825));
#6857=DIRECTION('',(-0.256623789223134,0.,0.966511371275455));
#6858=DIRECTION('',(-0.290205116661143,0.,0.956964466562731));
#6859=DIRECTION('',(0.831771355383403,0.,0.555118376892404));
#6860=DIRECTION('',(0.817372887215612,0.,0.576108985561599));
#6861=DIRECTION('',(0.802496287963524,0.,0.596657110746838));
#6862=DIRECTION('',(0.787158074879739,0.,0.616751299270316));
#6863=DIRECTION('',(0.771374996454077,0.,0.636380872469838));
#6864=DIRECTION('',(0.755163990388165,0.,0.65553592397444));
#6865=DIRECTION('',(0.73854214267821,0.,0.674207314917511));
#6866=DIRECTION('',(0.721526647961605,0.,0.692386666741417));
#6867=DIRECTION('',(-0.781249492747833,0.,0.624218895966194));
#6868=DIRECTION('',(-0.987589998715509,0.,-0.157054113085589));
#6869=DIRECTION('',(-0.983355669989951,0.,-0.181691018761563));
#6870=DIRECTION('',(-0.97848704463533,0.,-0.206308272933537));
#6871=DIRECTION('',(-0.972980614760858,0.,-0.230886819241773));
#6872=DIRECTION('',(-0.966833564995042,0.,-0.25540723873645));
#6873=DIRECTION('',(-0.960043801739543,0.,-0.279849778884109));
#6874=DIRECTION('',(-0.952609981110806,0.,-0.304194385037052));
#6875=DIRECTION('',(-0.56724501687652,0.,0.823549082222035));
#6876=DIRECTION('',(-0.595646702731527,0.,0.803246540935633));
#6877=DIRECTION('',(-0.623489801858729,0.,0.781831482468033));
#6878=DIRECTION('',(-0.650563612521835,0.,0.759451766778207));
#6879=DIRECTION('',(-0.676677096372556,0.,0.736279910933883));
#6880=DIRECTION('',(0.508543259394493,0.,0.861036441345212));
#6881=DIRECTION('',(0.486463204054088,0.,0.873701065068271));
#6882=DIRECTION('',(0.464144353880465,0.,0.885759571645086));
#6883=DIRECTION('',(0.441606559751638,0.,0.897208808686318));
#6884=DIRECTION('',(0.418869544833356,0.,0.908046421947192));
#6885=DIRECTION('',(0.395952867680784,0.,0.918270835089171));
#6886=DIRECTION('',(0.372875887450193,0.,0.927881227613875));
#6887=DIRECTION('',(0.349657731294497,0.,0.936877511175279));
#6888=DIRECTION('',(-0.974719899639999,0.,0.223430340924838));
#6889=DIRECTION('',(-0.821644617265094,0.,-0.570000107823935));
#6890=DIRECTION('',(-0.807140066151927,0.,-0.590359986459333));
#6891=DIRECTION('',(-0.792072559990981,0.,-0.610426948708307));
#6892=DIRECTION('',(-0.776447206526536,0.,-0.63018230336716));
#6893=DIRECTION('',(-0.760269894762974,0.,-0.649607333022878));
#6894=DIRECTION('',(-0.743547308736546,0.,-0.668683332879353));
#6895=DIRECTION('',(-0.726286939035501,0.,-0.687391651234173));
#6896=DIRECTION('',(-0.868394655819858,0.,0.495873695353474));
#6897=DIRECTION('',(-0.885174748044232,0.,0.465258708059109));
#6898=DIRECTION('',(-0.900968867902429,0.,0.433883739117537));
#6899=DIRECTION('',(-0.915651333721456,0.,0.401973425805884));
#6900=DIRECTION('',(-0.929124878247414,0.,0.369766089064057));
#6901=DIRECTION('',(0.0845919340087385,0.,0.996415678670635));
#6902=DIRECTION('',(0.0592035172499812,0.,0.998245933397793));
#6903=DIRECTION('',(0.0338629381544526,0.,0.999426486250764));
#6904=DIRECTION('',(0.00858944951568069,0.,0.999963109998073));
#6905=DIRECTION('',(-0.0165981572394723,0.,0.99986224109937));
#6906=DIRECTION('',(-0.0416815765140116,0.,0.999130945461758));
#6907=DIRECTION('',(-0.0666430103099832,0.,0.997776883464847));
#6908=DIRECTION('',(-0.0914651873261529,0.,0.995808274472246));
#6909=DIRECTION('',(-0.97513507625339,0.,-0.221611333329987));
#6910=DIRECTION('',(-0.492962442555384,0.,-0.870050590615183));
#6911=DIRECTION('',(-0.471060473289224,0.,-0.882100918548741));
#6912=DIRECTION('',(-0.448778390707973,0.,-0.893643080896149));
#6913=DIRECTION('',(-0.42612890653953,0.,-0.904662453631975));
#6914=DIRECTION('',(-0.403125447774744,0.,-0.915144728093001));
#6915=DIRECTION('',(-0.37978215222897,0.,-0.925075951934938));
#6916=DIRECTION('',(-0.356113861359445,0.,-0.934442570598999));
#6917=DIRECTION('',(-0.997548083016533,0.,0.0699844416284119));
#6918=DIRECTION('',(-0.999383078550911,0.,0.0351206820278879));
#6919=DIRECTION('',(-1.,0.,0.));
#6920=DIRECTION('',(-0.999383078550911,0.,-0.0351206820278879));
#6921=DIRECTION('',(-0.997548083016533,0.,-0.0699844416284119));
#6922=DIRECTION('',(-0.356113861359445,0.,0.934442570599));
#6923=DIRECTION('',(-0.37978215222897,0.,0.925075951934938));
#6924=DIRECTION('',(-0.403125447774744,0.,0.915144728093001));
#6925=DIRECTION('',(-0.42612890653953,0.,0.904662453631975));
#6926=DIRECTION('',(-0.448778390707974,0.,0.893643080896149));
#6927=DIRECTION('',(-0.471060473289224,0.,0.882100918548741));
#6928=DIRECTION('',(-0.492962442555384,0.,0.870050590615183));
#6929=DIRECTION('',(-0.514472303849958,0.,0.857506996222956));
#6930=DIRECTION('',(-0.782412791767916,0.,-0.622760165134168));
#6931=DIRECTION('',(-0.0666430103099845,0.,-0.997776883464847));
#6932=DIRECTION('',(-0.0416815765140107,0.,-0.999130945461758));
#6933=DIRECTION('',(-0.0165981572394723,0.,-0.99986224109937));
#6934=DIRECTION('',(0.00858944951568195,0.,-0.999963109998073));
#6935=DIRECTION('',(0.0338629381544508,0.,-0.999426486250764));
#6936=DIRECTION('',(0.0592035172499825,0.,-0.998245933397793));
#6937=DIRECTION('',(0.0845919340087355,0.,-0.996415678670635));
#6938=DIRECTION('',(-0.929124878247414,0.,-0.369766089064057));
#6939=DIRECTION('',(-0.915651333721456,0.,-0.401973425805884));
#6940=DIRECTION('',(-0.90096886790243,0.,-0.433883739117536));
#6941=DIRECTION('',(-0.885174748044231,0.,-0.465258708059111));
#6942=DIRECTION('',(-0.868394655819859,0.,-0.495873695353473));
#6943=DIRECTION('',(-0.7262869390355,0.,0.687391651234173));
#6944=DIRECTION('',(-0.743547308736547,0.,0.668683332879352));
#6945=DIRECTION('',(-0.760269894762974,0.,0.649607333022878));
#6946=DIRECTION('',(-0.776447206526525,0.,0.630182303367173));
#6947=DIRECTION('',(-0.792072559990989,0.,0.610426948708296));
#6948=DIRECTION('',(-0.807140066151927,0.,0.590359986459333));
#6949=DIRECTION('',(-0.821644617265096,0.,0.570000107823932));
#6950=DIRECTION('',(-0.835581871007526,0.,0.54936594073856));
#6951=DIRECTION('',(-0.434724058209626,0.,-0.900563708581328));
#6952=DIRECTION('',(0.372875887450191,0.,-0.927881227613875));
#6953=DIRECTION('',(0.395952867680794,0.,-0.918270835089167));
#6954=DIRECTION('',(0.418869544833346,0.,-0.908046421947196));
#6955=DIRECTION('',(0.441606559751634,0.,-0.897208808686321));
#6956=DIRECTION('',(0.464144353880467,0.,-0.885759571645085));
#6957=DIRECTION('',(0.48646320405409,0.,-0.87370106506827));
#6958=DIRECTION('',(0.508543259394505,0.,-0.861036441345204));
#6959=DIRECTION('',(-0.67667709637256,0.,-0.73627991093388));
#6960=DIRECTION('',(-0.650563612521831,0.,-0.75945176677821));
#6961=DIRECTION('',(-0.623489801858724,0.,-0.781831482468037));
#6962=DIRECTION('',(-0.595646702731536,0.,-0.803246540935626));
#6963=DIRECTION('',(-0.567245016876513,0.,-0.82354908222204));
#6964=DIRECTION('',(-0.952609981110799,0.,0.304194385037073));
#6965=DIRECTION('',(-0.960043801739543,0.,0.279849778884108));
#6966=DIRECTION('',(-0.966833564995042,0.,0.255407238736451));
#6967=DIRECTION('',(-0.972980614760863,0.,0.230886819241753));
#6968=DIRECTION('',(-0.97848704463533,0.,0.206308272933536));
#6969=DIRECTION('',(-0.983355669989951,0.,0.181691018761563));
#6970=DIRECTION('',(-0.987589998715506,0.,0.157054113085608));
#6971=DIRECTION('',(-0.991194200872917,0.,0.132416223159777));
#6972=DIRECTION('',(-0.000932893382228892,0.,-0.999999564854874));
#6973=DIRECTION('',(0.73854214267821,0.,-0.674207314917511));
#6974=DIRECTION('',(0.75516399038817,0.,-0.655535923974435));
#6975=DIRECTION('',(0.771374996454065,0.,-0.636380872469854));
#6976=DIRECTION('',(0.787158074879738,0.,-0.616751299270317));
#6977=DIRECTION('',(0.802496287963524,0.,-0.596657110746838));
#6978=DIRECTION('',(0.817372887215613,0.,-0.576108985561597));
#6979=DIRECTION('',(0.831771355383404,0.,-0.555118376892403));
#6980=DIRECTION('center_axis',(-0.974927912181822,0.,0.222520933956322));
#6981=DIRECTION('ref_axis',(0.222520933956322,0.,0.974927912181822));
#6982=DIRECTION('',(0.,1.,0.));
#6983=DIRECTION('',(0.222520933956322,0.,0.974927912181822));
#6984=DIRECTION('',(0.,1.,0.));
#6985=DIRECTION('center_axis',(-0.966511371275456,0.,0.25662378922313));
#6986=DIRECTION('ref_axis',(0.25662378922313,0.,0.966511371275456));
#6987=DIRECTION('',(0.,1.,0.));
#6988=DIRECTION('',(0.25662378922313,0.,0.966511371275456));
#6989=DIRECTION('center_axis',(-0.956964466562728,0.,0.290205116661153));
#6990=DIRECTION('ref_axis',(0.290205116661153,0.,0.956964466562728));
#6991=DIRECTION('',(0.,1.,0.));
#6992=DIRECTION('',(0.290205116661153,0.,0.956964466562728));
#6993=DIRECTION('center_axis',(-0.55511837689242,0.,-0.831771355383392));
#6994=DIRECTION('ref_axis',(-0.831771355383392,0.,0.55511837689242));
#6995=DIRECTION('',(0.,1.,0.));
#6996=DIRECTION('',(-0.831771355383392,0.,0.55511837689242));
#6997=DIRECTION('center_axis',(-0.57610898556161,0.,-0.817372887215604));
#6998=DIRECTION('ref_axis',(-0.817372887215604,0.,0.57610898556161));
#6999=DIRECTION('',(0.,1.,0.));
#7000=DIRECTION('',(-0.817372887215604,0.,0.57610898556161));
#7001=DIRECTION('center_axis',(-0.596657110746841,0.,-0.802496287963522));
#7002=DIRECTION('ref_axis',(-0.802496287963522,0.,0.596657110746841));
#7003=DIRECTION('',(0.,1.,0.));
#7004=DIRECTION('',(-0.802496287963522,0.,0.596657110746841));
#7005=DIRECTION('center_axis',(-0.616751299270301,0.,-0.787158074879751));
#7006=DIRECTION('ref_axis',(-0.787158074879751,0.,0.616751299270301));
#7007=DIRECTION('',(0.,1.,0.));
#7008=DIRECTION('',(-0.787158074879751,0.,0.616751299270301));
#7009=DIRECTION('center_axis',(-0.63638087246984,0.,-0.771374996454075));
#7010=DIRECTION('ref_axis',(-0.771374996454075,0.,0.63638087246984));
#7011=DIRECTION('',(0.,1.,0.));
#7012=DIRECTION('',(-0.771374996454075,0.,0.63638087246984));
#7013=DIRECTION('center_axis',(-0.655535923974438,0.,-0.755163990388167));
#7014=DIRECTION('ref_axis',(-0.755163990388167,0.,0.655535923974438));
#7015=DIRECTION('',(0.,1.,0.));
#7016=DIRECTION('',(-0.755163990388167,0.,0.655535923974438));
#7017=DIRECTION('center_axis',(-0.674207314917521,0.,-0.7385421426782));
#7018=DIRECTION('ref_axis',(-0.7385421426782,0.,0.674207314917521));
#7019=DIRECTION('',(0.,1.,0.));
#7020=DIRECTION('',(-0.7385421426782,0.,0.674207314917521));
#7021=DIRECTION('center_axis',(-0.999999564854874,0.,0.000932893382224402));
#7022=DIRECTION('ref_axis',(0.000932893382224402,0.,0.999999564854874));
#7023=DIRECTION('',(0.,1.,0.));
#7024=DIRECTION('',(0.000932893382224402,0.,0.999999564854874));
#7025=DIRECTION('center_axis',(0.132416223159757,0.,0.99119420087292));
#7026=DIRECTION('ref_axis',(0.99119420087292,0.,-0.132416223159757));
#7027=DIRECTION('',(0.,1.,0.));
#7028=DIRECTION('',(0.99119420087292,0.,-0.132416223159757));
#7029=DIRECTION('center_axis',(0.157054113085608,0.,0.987589998715506));
#7030=DIRECTION('ref_axis',(0.987589998715506,0.,-0.157054113085608));
#7031=DIRECTION('',(0.,1.,0.));
#7032=DIRECTION('',(0.987589998715506,0.,-0.157054113085608));
#7033=DIRECTION('center_axis',(0.181691018761544,0.,0.983355669989955));
#7034=DIRECTION('ref_axis',(0.983355669989955,0.,-0.181691018761544));
#7035=DIRECTION('',(0.,1.,0.));
#7036=DIRECTION('',(0.983355669989955,0.,-0.181691018761544));
#7037=DIRECTION('center_axis',(0.206308272933537,0.,0.97848704463533));
#7038=DIRECTION('ref_axis',(0.97848704463533,0.,-0.206308272933537));
#7039=DIRECTION('',(0.,1.,0.));
#7040=DIRECTION('',(0.97848704463533,0.,-0.206308272933537));
#7041=DIRECTION('center_axis',(0.230886819241772,0.,0.972980614760858));
#7042=DIRECTION('ref_axis',(0.972980614760858,0.,-0.230886819241772));
#7043=DIRECTION('',(0.,1.,0.));
#7044=DIRECTION('',(0.972980614760858,0.,-0.230886819241772));
#7045=DIRECTION('center_axis',(0.255407238736451,0.,0.966833564995042));
#7046=DIRECTION('ref_axis',(0.966833564995042,0.,-0.255407238736451));
#7047=DIRECTION('',(0.,1.,0.));
#7048=DIRECTION('',(0.966833564995042,0.,-0.255407238736451));
#7049=DIRECTION('center_axis',(0.279849778884108,0.,0.960043801739543));
#7050=DIRECTION('ref_axis',(0.960043801739543,0.,-0.279849778884108));
#7051=DIRECTION('',(0.,1.,0.));
#7052=DIRECTION('',(0.960043801739543,0.,-0.279849778884108));
#7053=DIRECTION('center_axis',(0.304194385037052,0.,0.952609981110806));
#7054=DIRECTION('ref_axis',(0.952609981110806,0.,-0.304194385037052));
#7055=DIRECTION('',(0.,1.,0.));
#7056=DIRECTION('',(0.952609981110806,0.,-0.304194385037052));
#7057=DIRECTION('center_axis',(-0.823549082222026,0.,0.567245016876534));
#7058=DIRECTION('ref_axis',(0.567245016876534,0.,0.823549082222026));
#7059=DIRECTION('',(0.,1.,0.));
#7060=DIRECTION('',(0.567245016876534,0.,0.823549082222026));
#7061=DIRECTION('center_axis',(-0.803246540935635,0.,0.595646702731525));
#7062=DIRECTION('ref_axis',(0.595646702731525,0.,0.803246540935635));
#7063=DIRECTION('',(0.,1.,0.));
#7064=DIRECTION('',(0.595646702731525,0.,0.803246540935635));
#7065=DIRECTION('center_axis',(-0.781831482468043,0.,0.623489801858717));
#7066=DIRECTION('ref_axis',(0.623489801858717,0.,0.781831482468043));
#7067=DIRECTION('',(0.,1.,0.));
#7068=DIRECTION('',(0.623489801858717,0.,0.781831482468043));
#7069=DIRECTION('center_axis',(-0.759451766778207,0.,0.650563612521835));
#7070=DIRECTION('ref_axis',(0.650563612521835,0.,0.759451766778207));
#7071=DIRECTION('',(0.,1.,0.));
#7072=DIRECTION('',(0.650563612521835,0.,0.759451766778207));
#7073=DIRECTION('center_axis',(-0.73627991093387,0.,0.67667709637257));
#7074=DIRECTION('ref_axis',(0.67667709637257,0.,0.73627991093387));
#7075=DIRECTION('',(0.,1.,0.));
#7076=DIRECTION('',(0.67667709637257,0.,0.73627991093387));
#7077=DIRECTION('center_axis',(-0.861036441345212,0.,-0.508543259394493));
#7078=DIRECTION('ref_axis',(-0.508543259394493,0.,0.861036441345212));
#7079=DIRECTION('',(0.,1.,0.));
#7080=DIRECTION('',(-0.508543259394493,0.,0.861036441345212));
#7081=DIRECTION('center_axis',(-0.873701065068266,0.,-0.486463204054096));
#7082=DIRECTION('ref_axis',(-0.486463204054096,0.,0.873701065068266));
#7083=DIRECTION('',(0.,1.,0.));
#7084=DIRECTION('',(-0.486463204054096,0.,0.873701065068266));
#7085=DIRECTION('center_axis',(-0.885759571645095,0.,-0.464144353880447));
#7086=DIRECTION('ref_axis',(-0.464144353880447,0.,0.885759571645095));
#7087=DIRECTION('',(0.,1.,0.));
#7088=DIRECTION('',(-0.464144353880447,0.,0.885759571645095));
#7089=DIRECTION('center_axis',(-0.897208808686311,0.,-0.441606559751654));
#7090=DIRECTION('ref_axis',(-0.441606559751654,0.,0.897208808686311));
#7091=DIRECTION('',(0.,1.,0.));
#7092=DIRECTION('',(-0.441606559751654,0.,0.897208808686311));
#7093=DIRECTION('center_axis',(-0.908046421947195,0.,-0.418869544833349));
#7094=DIRECTION('ref_axis',(-0.418869544833349,0.,0.908046421947195));
#7095=DIRECTION('',(0.,1.,0.));
#7096=DIRECTION('',(-0.418869544833349,0.,0.908046421947195));
#7097=DIRECTION('center_axis',(-0.918270835089171,0.,-0.395952867680784));
#7098=DIRECTION('ref_axis',(-0.395952867680784,0.,0.918270835089171));
#7099=DIRECTION('',(0.,1.,0.));
#7100=DIRECTION('',(-0.395952867680784,0.,0.918270835089171));
#7101=DIRECTION('center_axis',(-0.927881227613875,0.,-0.372875887450191));
#7102=DIRECTION('ref_axis',(-0.372875887450191,0.,0.927881227613875));
#7103=DIRECTION('',(0.,1.,0.));
#7104=DIRECTION('',(-0.372875887450191,0.,0.927881227613875));
#7105=DIRECTION('center_axis',(-0.900563708581331,0.,0.434724058209617));
#7106=DIRECTION('ref_axis',(0.434724058209617,0.,0.900563708581331));
#7107=DIRECTION('',(0.,1.,0.));
#7108=DIRECTION('',(0.434724058209617,0.,0.900563708581331));
#7109=DIRECTION('center_axis',(0.54936594073857,0.,0.835581871007519));
#7110=DIRECTION('ref_axis',(0.835581871007519,0.,-0.54936594073857));
#7111=DIRECTION('',(0.,1.,0.));
#7112=DIRECTION('',(0.835581871007519,0.,-0.54936594073857));
#7113=DIRECTION('center_axis',(0.570000107823918,0.,0.821644617265106));
#7114=DIRECTION('ref_axis',(0.821644617265106,0.,-0.570000107823918));
#7115=DIRECTION('',(0.,1.,0.));
#7116=DIRECTION('',(0.821644617265106,0.,-0.570000107823918));
#7117=DIRECTION('center_axis',(0.590359986459342,0.,0.80714006615192));
#7118=DIRECTION('ref_axis',(0.80714006615192,0.,-0.590359986459342));
#7119=DIRECTION('',(0.,1.,0.));
#7120=DIRECTION('',(0.80714006615192,0.,-0.590359986459342));
#7121=DIRECTION('center_axis',(0.6104269487083,0.,0.792072559990986));
#7122=DIRECTION('ref_axis',(0.792072559990986,0.,-0.6104269487083));
#7123=DIRECTION('',(0.,1.,0.));
#7124=DIRECTION('',(0.792072559990986,0.,-0.6104269487083));
#7125=DIRECTION('center_axis',(0.630182303367177,0.,0.776447206526522));
#7126=DIRECTION('ref_axis',(0.776447206526522,0.,-0.630182303367177));
#7127=DIRECTION('',(0.,1.,0.));
#7128=DIRECTION('',(0.776447206526522,0.,-0.630182303367177));
#7129=DIRECTION('center_axis',(0.649607333022875,0.,0.760269894762977));
#7130=DIRECTION('ref_axis',(0.760269894762977,0.,-0.649607333022875));
#7131=DIRECTION('',(0.,1.,0.));
#7132=DIRECTION('',(0.760269894762977,0.,-0.649607333022875));
#7133=DIRECTION('center_axis',(0.66868333287935,0.,0.743547308736549));
#7134=DIRECTION('ref_axis',(0.743547308736549,0.,-0.66868333287935));
#7135=DIRECTION('',(0.,1.,0.));
#7136=DIRECTION('',(0.743547308736549,0.,-0.66868333287935));
#7137=DIRECTION('center_axis',(0.68739165123416,0.,0.726286939035513));
#7138=DIRECTION('ref_axis',(0.726286939035513,0.,-0.68739165123416));
#7139=DIRECTION('',(0.,1.,0.));
#7140=DIRECTION('',(0.726286939035513,0.,-0.68739165123416));
#7141=DIRECTION('center_axis',(-0.495873695353456,0.,0.868394655819869));
#7142=DIRECTION('ref_axis',(0.868394655819869,0.,0.495873695353456));
#7143=DIRECTION('',(0.,1.,0.));
#7144=DIRECTION('',(0.868394655819869,0.,0.495873695353456));
#7145=DIRECTION('center_axis',(-0.465258708059105,0.,0.885174748044234));
#7146=DIRECTION('ref_axis',(0.885174748044234,0.,0.465258708059105));
#7147=DIRECTION('',(0.,1.,0.));
#7148=DIRECTION('',(0.885174748044234,0.,0.465258708059105));
#7149=DIRECTION('center_axis',(-0.43388373911757,0.,0.900968867902413));
#7150=DIRECTION('ref_axis',(0.900968867902413,0.,0.43388373911757));
#7151=DIRECTION('',(0.,1.,0.));
#7152=DIRECTION('',(0.900968867902413,0.,0.43388373911757));
#7153=DIRECTION('center_axis',(-0.401973425805879,0.,0.915651333721458));
#7154=DIRECTION('ref_axis',(0.915651333721458,0.,0.401973425805879));
#7155=DIRECTION('',(0.,1.,0.));
#7156=DIRECTION('',(0.915651333721458,0.,0.401973425805879));
#7157=DIRECTION('center_axis',(-0.369766089064033,0.,0.929124878247424));
#7158=DIRECTION('ref_axis',(0.929124878247424,0.,0.369766089064033));
#7159=DIRECTION('',(0.,1.,0.));
#7160=DIRECTION('',(0.929124878247424,0.,0.369766089064033));
#7161=DIRECTION('center_axis',(-0.996415678670636,0.,-0.084591934008728));
#7162=DIRECTION('ref_axis',(-0.084591934008728,0.,0.996415678670636));
#7163=DIRECTION('',(0.,1.,0.));
#7164=DIRECTION('',(-0.084591934008728,0.,0.996415678670636));
#7165=DIRECTION('center_axis',(-0.998245933397792,0.,-0.0592035172499925));
#7166=DIRECTION('ref_axis',(-0.0592035172499925,0.,0.998245933397792));
#7167=DIRECTION('',(0.,1.,0.));
#7168=DIRECTION('',(-0.0592035172499925,0.,0.998245933397792));
#7169=DIRECTION('center_axis',(-0.999426486250764,0.,-0.0338629381544368));
#7170=DIRECTION('ref_axis',(-0.0338629381544368,0.,0.999426486250764));
#7171=DIRECTION('',(0.,1.,0.));
#7172=DIRECTION('',(-0.0338629381544368,0.,0.999426486250764));
#7173=DIRECTION('center_axis',(-0.999963109998073,0.,-0.0085894495156909));
#7174=DIRECTION('ref_axis',(-0.0085894495156909,0.,0.999963109998073));
#7175=DIRECTION('',(0.,1.,0.));
#7176=DIRECTION('',(-0.0085894495156909,0.,0.999963109998073));
#7177=DIRECTION('center_axis',(-0.99986224109937,0.,0.0165981572394673));
#7178=DIRECTION('ref_axis',(0.0165981572394673,0.,0.99986224109937));
#7179=DIRECTION('',(0.,1.,0.));
#7180=DIRECTION('',(0.0165981572394673,0.,0.99986224109937));
#7181=DIRECTION('center_axis',(-0.999130945461758,0.,0.0416815765140228));
#7182=DIRECTION('ref_axis',(0.0416815765140228,0.,0.999130945461758));
#7183=DIRECTION('',(0.,1.,0.));
#7184=DIRECTION('',(0.0416815765140228,0.,0.999130945461758));
#7185=DIRECTION('center_axis',(-0.997776883464848,0.,0.0666430103099721));
#7186=DIRECTION('ref_axis',(0.0666430103099721,0.,0.997776883464848));
#7187=DIRECTION('',(0.,1.,0.));
#7188=DIRECTION('',(0.0666430103099721,0.,0.997776883464848));
#7189=DIRECTION('center_axis',(-0.622760165134175,0.,0.78241279176791));
#7190=DIRECTION('ref_axis',(0.78241279176791,0.,0.622760165134175));
#7191=DIRECTION('',(0.,1.,0.));
#7192=DIRECTION('',(0.78241279176791,0.,0.622760165134175));
#7193=DIRECTION('center_axis',(0.857506996222949,0.,0.51447230384997));
#7194=DIRECTION('ref_axis',(0.51447230384997,0.,-0.857506996222949));
#7195=DIRECTION('',(0.,1.,0.));
#7196=DIRECTION('',(0.51447230384997,0.,-0.857506996222949));
#7197=DIRECTION('center_axis',(0.870050590615188,0.,0.492962442555377));
#7198=DIRECTION('ref_axis',(0.492962442555377,0.,-0.870050590615188));
#7199=DIRECTION('',(0.,1.,0.));
#7200=DIRECTION('',(0.492962442555377,0.,-0.870050590615188));
#7201=DIRECTION('center_axis',(0.882100918548737,0.,0.471060473289232));
#7202=DIRECTION('ref_axis',(0.471060473289232,0.,-0.882100918548737));
#7203=DIRECTION('',(0.,1.,0.));
#7204=DIRECTION('',(0.471060473289232,0.,-0.882100918548737));
#7205=DIRECTION('center_axis',(0.893643080896156,0.,0.448778390707961));
#7206=DIRECTION('ref_axis',(0.448778390707961,0.,-0.893643080896156));
#7207=DIRECTION('',(0.,1.,0.));
#7208=DIRECTION('',(0.448778390707961,0.,-0.893643080896156));
#7209=DIRECTION('center_axis',(0.904662453631971,0.,0.426128906539538));
#7210=DIRECTION('ref_axis',(0.426128906539538,0.,-0.904662453631971));
#7211=DIRECTION('',(0.,1.,0.));
#7212=DIRECTION('',(0.426128906539538,0.,-0.904662453631971));
#7213=DIRECTION('center_axis',(0.915144728092999,0.,0.403125447774749));
#7214=DIRECTION('ref_axis',(0.403125447774749,0.,-0.915144728092999));
#7215=DIRECTION('',(0.,1.,0.));
#7216=DIRECTION('',(0.403125447774749,0.,-0.915144728092999));
#7217=DIRECTION('center_axis',(0.925075951934938,0.,0.379782152228969));
#7218=DIRECTION('ref_axis',(0.379782152228969,0.,-0.925075951934938));
#7219=DIRECTION('',(0.,1.,0.));
#7220=DIRECTION('',(0.379782152228969,0.,-0.925075951934938));
#7221=DIRECTION('center_axis',(0.934442570598999,0.,0.356113861359446));
#7222=DIRECTION('ref_axis',(0.356113861359446,0.,-0.934442570598999));
#7223=DIRECTION('',(0.,1.,0.));
#7224=DIRECTION('',(0.356113861359446,0.,-0.934442570598999));
#7225=DIRECTION('center_axis',(-0.0699844416284123,0.,0.997548083016533));
#7226=DIRECTION('ref_axis',(0.997548083016533,0.,0.0699844416284123));
#7227=DIRECTION('',(0.,1.,0.));
#7228=DIRECTION('',(0.997548083016533,0.,0.0699844416284123));
#7229=DIRECTION('center_axis',(-0.0351206820278877,0.,0.999383078550911));
#7230=DIRECTION('ref_axis',(0.999383078550911,0.,0.0351206820278877));
#7231=DIRECTION('',(0.,1.,0.));
#7232=DIRECTION('',(0.999383078550911,0.,0.0351206820278877));
#7233=DIRECTION('center_axis',(0.,0.,1.));
#7234=DIRECTION('ref_axis',(1.,0.,0.));
#7235=DIRECTION('',(0.,1.,0.));
#7236=DIRECTION('',(1.,0.,0.));
#7237=DIRECTION('center_axis',(0.0351206820278877,0.,0.999383078550911));
#7238=DIRECTION('ref_axis',(0.999383078550911,0.,-0.0351206820278877));
#7239=DIRECTION('',(0.,1.,0.));
#7240=DIRECTION('',(0.999383078550911,0.,-0.0351206820278877));
#7241=DIRECTION('center_axis',(0.0699844416284123,0.,0.997548083016533));
#7242=DIRECTION('ref_axis',(0.997548083016533,0.,-0.0699844416284123));
#7243=DIRECTION('',(0.,1.,0.));
#7244=DIRECTION('',(0.997548083016533,0.,-0.0699844416284123));
#7245=DIRECTION('center_axis',(-0.934442570598999,0.,0.356113861359446));
#7246=DIRECTION('ref_axis',(0.356113861359446,0.,0.934442570598999));
#7247=DIRECTION('',(0.,1.,0.));
#7248=DIRECTION('',(0.356113861359446,0.,0.934442570598999));
#7249=DIRECTION('center_axis',(-0.925075951934938,0.,0.379782152228969));
#7250=DIRECTION('ref_axis',(0.379782152228969,0.,0.925075951934938));
#7251=DIRECTION('',(0.,1.,0.));
#7252=DIRECTION('',(0.379782152228969,0.,0.925075951934938));
#7253=DIRECTION('center_axis',(-0.915144728092999,0.,0.403125447774749));
#7254=DIRECTION('ref_axis',(0.403125447774749,0.,0.915144728092999));
#7255=DIRECTION('',(0.,1.,0.));
#7256=DIRECTION('',(0.403125447774749,0.,0.915144728092999));
#7257=DIRECTION('center_axis',(-0.904662453631971,0.,0.426128906539538));
#7258=DIRECTION('ref_axis',(0.426128906539538,0.,0.904662453631971));
#7259=DIRECTION('',(0.,1.,0.));
#7260=DIRECTION('',(0.426128906539538,0.,0.904662453631971));
#7261=DIRECTION('center_axis',(-0.893643080896156,0.,0.448778390707961));
#7262=DIRECTION('ref_axis',(0.448778390707961,0.,0.893643080896156));
#7263=DIRECTION('',(0.,1.,0.));
#7264=DIRECTION('',(0.448778390707961,0.,0.893643080896156));
#7265=DIRECTION('center_axis',(-0.882100918548737,0.,0.471060473289232));
#7266=DIRECTION('ref_axis',(0.471060473289232,0.,0.882100918548737));
#7267=DIRECTION('',(0.,1.,0.));
#7268=DIRECTION('',(0.471060473289232,0.,0.882100918548737));
#7269=DIRECTION('center_axis',(-0.870050590615188,0.,0.492962442555377));
#7270=DIRECTION('ref_axis',(0.492962442555377,0.,0.870050590615188));
#7271=DIRECTION('',(0.,1.,0.));
#7272=DIRECTION('',(0.492962442555377,0.,0.870050590615188));
#7273=DIRECTION('center_axis',(-0.221611333329988,0.,0.97513507625339));
#7274=DIRECTION('ref_axis',(0.97513507625339,0.,0.221611333329988));
#7275=DIRECTION('',(0.,1.,0.));
#7276=DIRECTION('',(0.97513507625339,0.,0.221611333329988));
#7277=DIRECTION('center_axis',(0.995808274472244,0.,0.0914651873261712));
#7278=DIRECTION('ref_axis',(0.0914651873261712,0.,-0.995808274472244));
#7279=DIRECTION('',(0.,1.,0.));
#7280=DIRECTION('',(0.0914651873261712,0.,-0.995808274472244));
#7281=DIRECTION('center_axis',(0.997776883464848,0.,0.0666430103099721));
#7282=DIRECTION('ref_axis',(0.0666430103099721,0.,-0.997776883464848));
#7283=DIRECTION('',(0.,1.,0.));
#7284=DIRECTION('',(0.0666430103099721,0.,-0.997776883464848));
#7285=DIRECTION('center_axis',(0.999130945461758,0.,0.0416815765140215));
#7286=DIRECTION('ref_axis',(0.0416815765140215,0.,-0.999130945461758));
#7287=DIRECTION('',(0.,1.,0.));
#7288=DIRECTION('',(0.0416815765140215,0.,-0.999130945461758));
#7289=DIRECTION('center_axis',(0.99986224109937,0.,0.0165981572394686));
#7290=DIRECTION('ref_axis',(0.0165981572394686,0.,-0.99986224109937));
#7291=DIRECTION('',(0.,1.,0.));
#7292=DIRECTION('',(0.0165981572394686,0.,-0.99986224109937));
#7293=DIRECTION('center_axis',(0.999963109998073,0.,-0.00858944951569341));
#7294=DIRECTION('ref_axis',(-0.00858944951569341,0.,-0.999963109998073));
#7295=DIRECTION('',(0.,1.,0.));
#7296=DIRECTION('',(-0.00858944951569341,0.,-0.999963109998073));
#7297=DIRECTION('center_axis',(0.999426486250764,0.,-0.0338629381544343));
#7298=DIRECTION('ref_axis',(-0.0338629381544343,0.,-0.999426486250764));
#7299=DIRECTION('',(0.,1.,0.));
#7300=DIRECTION('',(-0.0338629381544343,0.,-0.999426486250764));
#7301=DIRECTION('center_axis',(0.998245933397792,0.,-0.0592035172499925));
#7302=DIRECTION('ref_axis',(-0.0592035172499925,0.,-0.998245933397792));
#7303=DIRECTION('',(0.,1.,0.));
#7304=DIRECTION('',(-0.0592035172499925,0.,-0.998245933397792));
#7305=DIRECTION('center_axis',(0.996415678670635,0.,-0.0845919340087292));
#7306=DIRECTION('ref_axis',(-0.0845919340087292,0.,-0.996415678670635));
#7307=DIRECTION('',(0.,1.,0.));
#7308=DIRECTION('',(-0.0845919340087292,0.,-0.996415678670635));
#7309=DIRECTION('center_axis',(0.369766089064033,0.,0.929124878247423));
#7310=DIRECTION('ref_axis',(0.929124878247423,0.,-0.369766089064033));
#7311=DIRECTION('',(0.,1.,0.));
#7312=DIRECTION('',(0.929124878247423,0.,-0.369766089064033));
#7313=DIRECTION('center_axis',(0.401973425805881,0.,0.915651333721457));
#7314=DIRECTION('ref_axis',(0.915651333721457,0.,-0.401973425805881));
#7315=DIRECTION('',(0.,1.,0.));
#7316=DIRECTION('',(0.915651333721457,0.,-0.401973425805881));
#7317=DIRECTION('center_axis',(0.433883739117565,0.,0.900968867902416));
#7318=DIRECTION('ref_axis',(0.900968867902416,0.,-0.433883739117565));
#7319=DIRECTION('',(0.,1.,0.));
#7320=DIRECTION('',(0.900968867902416,0.,-0.433883739117565));
#7321=DIRECTION('center_axis',(0.465258708059107,0.,0.885174748044233));
#7322=DIRECTION('ref_axis',(0.885174748044233,0.,-0.465258708059107));
#7323=DIRECTION('',(0.,1.,0.));
#7324=DIRECTION('',(0.885174748044233,0.,-0.465258708059107));
#7325=DIRECTION('center_axis',(0.495873695353455,0.,0.868394655819869));
#7326=DIRECTION('ref_axis',(0.868394655819869,0.,-0.495873695353455));
#7327=DIRECTION('',(0.,1.,0.));
#7328=DIRECTION('',(0.868394655819869,0.,-0.495873695353455));
#7329=DIRECTION('center_axis',(-0.687391651234158,0.,0.726286939035515));
#7330=DIRECTION('ref_axis',(0.726286939035515,0.,0.687391651234158));
#7331=DIRECTION('',(0.,1.,0.));
#7332=DIRECTION('',(0.726286939035515,0.,0.687391651234158));
#7333=DIRECTION('center_axis',(-0.668683332879357,0.,0.743547308736543));
#7334=DIRECTION('ref_axis',(0.743547308736543,0.,0.668683332879357));
#7335=DIRECTION('',(0.,1.,0.));
#7336=DIRECTION('',(0.743547308736543,0.,0.668683332879357));
#7337=DIRECTION('center_axis',(-0.649607333022871,0.,0.76026989476298));
#7338=DIRECTION('ref_axis',(0.76026989476298,0.,0.649607333022871));
#7339=DIRECTION('',(0.,1.,0.));
#7340=DIRECTION('',(0.76026989476298,0.,0.649607333022871));
#7341=DIRECTION('center_axis',(-0.630182303367176,0.,0.776447206526523));
#7342=DIRECTION('ref_axis',(0.776447206526523,0.,0.630182303367176));
#7343=DIRECTION('',(0.,1.,0.));
#7344=DIRECTION('',(0.776447206526523,0.,0.630182303367176));
#7345=DIRECTION('center_axis',(-0.610426948708301,0.,0.792072559990986));
#7346=DIRECTION('ref_axis',(0.792072559990986,0.,0.610426948708301));
#7347=DIRECTION('',(0.,1.,0.));
#7348=DIRECTION('',(0.792072559990986,0.,0.610426948708301));
#7349=DIRECTION('center_axis',(-0.590359986459314,0.,0.807140066151941));
#7350=DIRECTION('ref_axis',(0.807140066151941,0.,0.590359986459314));
#7351=DIRECTION('',(0.,1.,0.));
#7352=DIRECTION('',(0.807140066151941,0.,0.590359986459314));
#7353=DIRECTION('center_axis',(-0.570000107823948,0.,0.821644617265085));
#7354=DIRECTION('ref_axis',(0.821644617265085,0.,0.570000107823948));
#7355=DIRECTION('',(0.,1.,0.));
#7356=DIRECTION('',(0.821644617265085,0.,0.570000107823948));
#7357=DIRECTION('center_axis',(0.22343034092483,0.,0.974719899640001));
#7358=DIRECTION('ref_axis',(0.974719899640001,0.,-0.22343034092483));
#7359=DIRECTION('',(0.,1.,0.));
#7360=DIRECTION('',(0.974719899640001,0.,-0.22343034092483));
#7361=DIRECTION('center_axis',(0.936877511175285,0.,-0.349657731294482));
#7362=DIRECTION('ref_axis',(-0.349657731294482,0.,-0.936877511175285));
#7363=DIRECTION('',(0.,1.,0.));
#7364=DIRECTION('',(-0.349657731294482,0.,-0.936877511175285));
#7365=DIRECTION('center_axis',(0.92788122761387,0.,-0.372875887450204));
#7366=DIRECTION('ref_axis',(-0.372875887450204,0.,-0.92788122761387));
#7367=DIRECTION('',(0.,1.,0.));
#7368=DIRECTION('',(-0.372875887450204,0.,-0.92788122761387));
#7369=DIRECTION('center_axis',(0.918270835089174,0.,-0.395952867680777));
#7370=DIRECTION('ref_axis',(-0.395952867680777,0.,-0.918270835089174));
#7371=DIRECTION('',(0.,1.,0.));
#7372=DIRECTION('',(-0.395952867680777,0.,-0.918270835089174));
#7373=DIRECTION('center_axis',(0.908046421947196,0.,-0.418869544833346));
#7374=DIRECTION('ref_axis',(-0.418869544833346,0.,-0.908046421947196));
#7375=DIRECTION('',(0.,1.,0.));
#7376=DIRECTION('',(-0.418869544833346,0.,-0.908046421947196));
#7377=DIRECTION('center_axis',(0.897208808686311,0.,-0.441606559751654));
#7378=DIRECTION('ref_axis',(-0.441606559751654,0.,-0.897208808686311));
#7379=DIRECTION('',(0.,1.,0.));
#7380=DIRECTION('',(-0.441606559751654,0.,-0.897208808686311));
#7381=DIRECTION('center_axis',(0.885759571645095,0.,-0.464144353880447));
#7382=DIRECTION('ref_axis',(-0.464144353880447,0.,-0.885759571645095));
#7383=DIRECTION('',(0.,1.,0.));
#7384=DIRECTION('',(-0.464144353880447,0.,-0.885759571645095));
#7385=DIRECTION('center_axis',(0.873701065068264,0.,-0.4864632040541));
#7386=DIRECTION('ref_axis',(-0.4864632040541,0.,-0.873701065068264));
#7387=DIRECTION('',(0.,1.,0.));
#7388=DIRECTION('',(-0.4864632040541,0.,-0.873701065068264));
#7389=DIRECTION('center_axis',(0.861036441345213,0.,-0.508543259394491));
#7390=DIRECTION('ref_axis',(-0.508543259394491,0.,-0.861036441345213));
#7391=DIRECTION('',(0.,1.,0.));
#7392=DIRECTION('',(-0.508543259394491,0.,-0.861036441345213));
#7393=DIRECTION('center_axis',(0.73627991093387,0.,0.67667709637257));
#7394=DIRECTION('ref_axis',(0.67667709637257,0.,-0.73627991093387));
#7395=DIRECTION('',(0.,1.,0.));
#7396=DIRECTION('',(0.67667709637257,0.,-0.73627991093387));
#7397=DIRECTION('center_axis',(0.759451766778208,0.,0.650563612521833));
#7398=DIRECTION('ref_axis',(0.650563612521833,0.,-0.759451766778208));
#7399=DIRECTION('',(0.,1.,0.));
#7400=DIRECTION('',(0.650563612521833,0.,-0.759451766778208));
#7401=DIRECTION('center_axis',(0.781831482468039,0.,0.623489801858722));
#7402=DIRECTION('ref_axis',(0.623489801858722,0.,-0.781831482468039));
#7403=DIRECTION('',(0.,1.,0.));
#7404=DIRECTION('',(0.623489801858722,0.,-0.781831482468039));
#7405=DIRECTION('center_axis',(0.803246540935635,0.,0.595646702731525));
#7406=DIRECTION('ref_axis',(0.595646702731525,0.,-0.803246540935635));
#7407=DIRECTION('',(0.,1.,0.));
#7408=DIRECTION('',(0.595646702731525,0.,-0.803246540935635));
#7409=DIRECTION('center_axis',(0.823549082222026,0.,0.567245016876534));
#7410=DIRECTION('ref_axis',(0.567245016876534,0.,-0.823549082222026));
#7411=DIRECTION('',(0.,1.,0.));
#7412=DIRECTION('',(0.567245016876534,0.,-0.823549082222026));
#7413=DIRECTION('center_axis',(-0.304194385037052,0.,0.952609981110806));
#7414=DIRECTION('ref_axis',(0.952609981110806,0.,0.304194385037052));
#7415=DIRECTION('',(0.,1.,0.));
#7416=DIRECTION('',(0.952609981110806,0.,0.304194385037052));
#7417=DIRECTION('center_axis',(-0.279849778884109,0.,0.960043801739543));
#7418=DIRECTION('ref_axis',(0.960043801739543,0.,0.279849778884109));
#7419=DIRECTION('',(0.,1.,0.));
#7420=DIRECTION('',(0.960043801739543,0.,0.279849778884109));
#7421=DIRECTION('center_axis',(-0.25540723873645,0.,0.966833564995042));
#7422=DIRECTION('ref_axis',(0.966833564995042,0.,0.25540723873645));
#7423=DIRECTION('',(0.,1.,0.));
#7424=DIRECTION('',(0.966833564995042,0.,0.25540723873645));
#7425=DIRECTION('center_axis',(-0.230886819241773,0.,0.972980614760858));
#7426=DIRECTION('ref_axis',(0.972980614760858,0.,0.230886819241773));
#7427=DIRECTION('',(0.,1.,0.));
#7428=DIRECTION('',(0.972980614760858,0.,0.230886819241773));
#7429=DIRECTION('center_axis',(-0.206308272933536,0.,0.97848704463533));
#7430=DIRECTION('ref_axis',(0.97848704463533,0.,0.206308272933536));
#7431=DIRECTION('',(0.,1.,0.));
#7432=DIRECTION('',(0.97848704463533,0.,0.206308272933536));
#7433=DIRECTION('center_axis',(-0.181691018761544,0.,0.983355669989955));
#7434=DIRECTION('ref_axis',(0.983355669989955,0.,0.181691018761544));
#7435=DIRECTION('',(0.,1.,0.));
#7436=DIRECTION('',(0.983355669989955,0.,0.181691018761544));
#7437=DIRECTION('center_axis',(-0.157054113085608,0.,0.987589998715506));
#7438=DIRECTION('ref_axis',(0.987589998715506,0.,0.157054113085608));
#7439=DIRECTION('',(0.,1.,0.));
#7440=DIRECTION('',(0.987589998715506,0.,0.157054113085608));
#7441=DIRECTION('center_axis',(0.624218895966194,0.,0.781249492747833));
#7442=DIRECTION('ref_axis',(0.781249492747833,0.,-0.624218895966194));
#7443=DIRECTION('',(0.,1.,0.));
#7444=DIRECTION('',(0.781249492747833,0.,-0.624218895966194));
#7445=DIRECTION('center_axis',(0.692386666741437,0.,-0.721526647961585));
#7446=DIRECTION('ref_axis',(-0.721526647961585,0.,-0.692386666741437));
#7447=DIRECTION('',(0.,1.,0.));
#7448=DIRECTION('',(-0.721526647961585,0.,-0.692386666741437));
#7449=DIRECTION('center_axis',(0.6742073149175,0.,-0.738542142678219));
#7450=DIRECTION('ref_axis',(-0.738542142678219,0.,-0.6742073149175));
#7451=DIRECTION('',(0.,1.,0.));
#7452=DIRECTION('',(-0.738542142678219,0.,-0.6742073149175));
#7453=DIRECTION('center_axis',(0.655535923974438,0.,-0.755163990388167));
#7454=DIRECTION('ref_axis',(-0.755163990388167,0.,-0.655535923974438));
#7455=DIRECTION('',(0.,1.,0.));
#7456=DIRECTION('',(-0.755163990388167,0.,-0.655535923974438));
#7457=DIRECTION('center_axis',(0.63638087246984,0.,-0.771374996454075));
#7458=DIRECTION('ref_axis',(-0.771374996454075,0.,-0.63638087246984));
#7459=DIRECTION('',(0.,1.,0.));
#7460=DIRECTION('',(-0.771374996454075,0.,-0.63638087246984));
#7461=DIRECTION('center_axis',(0.616751299270301,0.,-0.787158074879751));
#7462=DIRECTION('ref_axis',(-0.787158074879751,0.,-0.616751299270301));
#7463=DIRECTION('',(0.,1.,0.));
#7464=DIRECTION('',(-0.787158074879751,0.,-0.616751299270301));
#7465=DIRECTION('center_axis',(0.596657110746867,0.,-0.802496287963503));
#7466=DIRECTION('ref_axis',(-0.802496287963503,0.,-0.596657110746867));
#7467=DIRECTION('',(0.,1.,0.));
#7468=DIRECTION('',(-0.802496287963503,0.,-0.596657110746867));
#7469=DIRECTION('center_axis',(0.576108985561583,0.,-0.817372887215623));
#7470=DIRECTION('ref_axis',(-0.817372887215623,0.,-0.576108985561583));
#7471=DIRECTION('',(0.,1.,0.));
#7472=DIRECTION('',(-0.817372887215623,0.,-0.576108985561583));
#7473=DIRECTION('center_axis',(0.55511837689242,0.,-0.831771355383392));
#7474=DIRECTION('ref_axis',(-0.831771355383392,0.,-0.55511837689242));
#7475=DIRECTION('',(0.,1.,0.));
#7476=DIRECTION('',(-0.831771355383392,0.,-0.55511837689242));
#7477=DIRECTION('center_axis',(0.956964466562728,0.,0.290205116661153));
#7478=DIRECTION('ref_axis',(0.290205116661153,0.,-0.956964466562728));
#7479=DIRECTION('',(0.,1.,0.));
#7480=DIRECTION('',(0.290205116661153,0.,-0.956964466562728));
#7481=DIRECTION('center_axis',(0.966511371275456,0.,0.25662378922313));
#7482=DIRECTION('ref_axis',(0.25662378922313,0.,-0.966511371275456));
#7483=DIRECTION('',(0.,1.,0.));
#7484=DIRECTION('',(0.25662378922313,0.,-0.966511371275456));
#7485=DIRECTION('center_axis',(0.974927912181824,0.,0.222520933956312));
#7486=DIRECTION('ref_axis',(0.222520933956312,0.,-0.974927912181824));
#7487=DIRECTION('',(0.,1.,0.));
#7488=DIRECTION('',(0.222520933956312,0.,-0.974927912181824));
#7489=DIRECTION('center_axis',(0.982141545207511,0.,0.188143522815435));
#7490=DIRECTION('ref_axis',(0.188143522815435,0.,-0.982141545207511));
#7491=DIRECTION('',(0.,1.,0.));
#7492=DIRECTION('',(0.188143522815435,0.,-0.982141545207511));
#7493=DIRECTION('center_axis',(0.988110473189851,0.,0.153745545537193));
#7494=DIRECTION('ref_axis',(0.153745545537193,0.,-0.988110473189851));
#7495=DIRECTION('',(0.,1.,0.));
#7496=DIRECTION('',(0.153745545537193,0.,-0.988110473189851));
#7497=DIRECTION('center_axis',(0.139252309815959,0.,0.99025693343239));
#7498=DIRECTION('ref_axis',(0.99025693343239,0.,-0.139252309815959));
#7499=DIRECTION('',(0.,1.,0.));
#7500=DIRECTION('',(0.99025693343239,0.,-0.139252309815959));
#7501=DIRECTION('center_axis',(0.164411455951392,0.,0.986391845643476));
#7502=DIRECTION('ref_axis',(0.986391845643476,0.,-0.164411455951392));
#7503=DIRECTION('',(0.,1.,0.));
#7504=DIRECTION('',(0.986391845643476,0.,-0.164411455951392));
#7505=DIRECTION('center_axis',(0.189379391545941,0.,0.981903990244305));
#7506=DIRECTION('ref_axis',(0.981903990244305,0.,-0.189379391545941));
#7507=DIRECTION('',(0.,1.,0.));
#7508=DIRECTION('',(0.981903990244305,0.,-0.189379391545941));
#7509=DIRECTION('center_axis',(0.214138631075505,0.,0.976803279417667));
#7510=DIRECTION('ref_axis',(0.976803279417667,0.,-0.214138631075505));
#7511=DIRECTION('',(0.,1.,0.));
#7512=DIRECTION('',(0.976803279417667,0.,-0.214138631075505));
#7513=DIRECTION('center_axis',(0.23867228650066,0.,0.971100169733559));
#7514=DIRECTION('ref_axis',(0.971100169733559,0.,-0.23867228650066));
#7515=DIRECTION('',(0.,1.,0.));
#7516=DIRECTION('',(0.971100169733559,0.,-0.23867228650066));
#7517=DIRECTION('center_axis',(0.262964083496042,0.,0.964805623320618));
#7518=DIRECTION('ref_axis',(0.964805623320618,0.,-0.262964083496042));
#7519=DIRECTION('',(0.,1.,0.));
#7520=DIRECTION('',(0.964805623320618,0.,-0.262964083496042));
#7521=DIRECTION('center_axis',(0.286998374891632,0.,0.957931068923836));
#7522=DIRECTION('ref_axis',(0.957931068923836,0.,-0.286998374891632));
#7523=DIRECTION('',(0.,1.,0.));
#7524=DIRECTION('',(0.957931068923836,0.,-0.286998374891632));
#7525=DIRECTION('center_axis',(0.901373243119086,0.,0.433043042420706));
#7526=DIRECTION('ref_axis',(0.433043042420706,0.,-0.901373243119086));
#7527=DIRECTION('',(0.,1.,0.));
#7528=DIRECTION('',(0.433043042420706,0.,-0.901373243119086));
#7529=DIRECTION('center_axis',(0.310760151394217,0.,-0.950488363056299));
#7530=DIRECTION('ref_axis',(-0.950488363056299,0.,-0.310760151394217));
#7531=DIRECTION('',(0.,1.,0.));
#7532=DIRECTION('',(-0.950488363056299,0.,-0.310760151394217));
#7533=DIRECTION('center_axis',(0.286998374891614,0.,-0.957931068923841));
#7534=DIRECTION('ref_axis',(-0.957931068923841,0.,-0.286998374891614));
#7535=DIRECTION('',(0.,1.,0.));
#7536=DIRECTION('',(-0.957931068923841,0.,-0.286998374891614));
#7537=DIRECTION('center_axis',(0.26296408349606,0.,-0.964805623320613));
#7538=DIRECTION('ref_axis',(-0.964805623320613,0.,-0.26296408349606));
#7539=DIRECTION('',(0.,1.,0.));
#7540=DIRECTION('',(-0.964805623320613,0.,-0.26296408349606));
#7541=DIRECTION('center_axis',(0.23867228650066,0.,-0.971100169733559));
#7542=DIRECTION('ref_axis',(-0.971100169733559,0.,-0.23867228650066));
#7543=DIRECTION('',(0.,1.,0.));
#7544=DIRECTION('',(-0.971100169733559,0.,-0.23867228650066));
#7545=DIRECTION('center_axis',(0.214138631075486,0.,-0.976803279417671));
#7546=DIRECTION('ref_axis',(-0.976803279417671,0.,-0.214138631075486));
#7547=DIRECTION('',(0.,1.,0.));
#7548=DIRECTION('',(-0.976803279417671,0.,-0.214138631075486));
#7549=DIRECTION('center_axis',(0.189379391545961,0.,-0.981903990244302));
#7550=DIRECTION('ref_axis',(-0.981903990244302,0.,-0.189379391545961));
#7551=DIRECTION('',(0.,1.,0.));
#7552=DIRECTION('',(-0.981903990244302,0.,-0.189379391545961));
#7553=DIRECTION('center_axis',(0.164411455951392,0.,-0.986391845643476));
#7554=DIRECTION('ref_axis',(-0.986391845643476,0.,-0.164411455951392));
#7555=DIRECTION('',(0.,1.,0.));
#7556=DIRECTION('',(-0.986391845643476,0.,-0.164411455951392));
#7557=DIRECTION('center_axis',(0.139252309815959,0.,-0.99025693343239));
#7558=DIRECTION('ref_axis',(-0.99025693343239,0.,-0.139252309815959));
#7559=DIRECTION('',(0.,1.,0.));
#7560=DIRECTION('',(-0.99025693343239,0.,-0.139252309815959));
#7561=DIRECTION('center_axis',(0.974927912181824,0.,-0.222520933956314));
#7562=DIRECTION('ref_axis',(-0.222520933956314,0.,-0.974927912181824));
#7563=DIRECTION('',(0.,1.,0.));
#7564=DIRECTION('',(-0.222520933956314,0.,-0.974927912181824));
#7565=DIRECTION('center_axis',(-0.982141545207512,0.,0.188143522815433));
#7566=DIRECTION('ref_axis',(0.188143522815433,0.,0.982141545207512));
#7567=DIRECTION('',(0.188143522815433,0.,0.982141545207512));
#7568=DIRECTION('',(0.,1.,0.));
#7569=DIRECTION('center_axis',(-0.988110473189851,0.,0.153745545537189));
#7570=DIRECTION('ref_axis',(0.153745545537189,0.,0.988110473189851));
#7571=DIRECTION('',(0.153745545537189,0.,0.988110473189851));
#7572=DIRECTION('',(0.,1.,0.));
#7573=DIRECTION('center_axis',(-0.139252309815919,0.,0.990256933432395));
#7574=DIRECTION('ref_axis',(0.990256933432395,0.,0.139252309815919));
#7575=DIRECTION('',(0.990256933432395,0.,0.139252309815919));
#7576=DIRECTION('',(0.,1.,0.));
#7577=DIRECTION('center_axis',(-0.164411455951432,0.,0.98639184564347));
#7578=DIRECTION('ref_axis',(0.98639184564347,0.,0.164411455951432));
#7579=DIRECTION('',(0.98639184564347,0.,0.164411455951432));
#7580=DIRECTION('',(0.,1.,0.));
#7581=DIRECTION('center_axis',(-0.189379391545941,0.,0.981903990244305));
#7582=DIRECTION('ref_axis',(0.981903990244305,0.,0.189379391545941));
#7583=DIRECTION('',(0.981903990244305,0.,0.189379391545941));
#7584=DIRECTION('',(0.,1.,0.));
#7585=DIRECTION('center_axis',(-0.214138631075505,0.,0.976803279417667));
#7586=DIRECTION('ref_axis',(0.976803279417667,0.,0.214138631075505));
#7587=DIRECTION('',(0.976803279417667,0.,0.214138631075505));
#7588=DIRECTION('',(0.,1.,0.));
#7589=DIRECTION('center_axis',(-0.238672286500622,0.,0.971100169733568));
#7590=DIRECTION('ref_axis',(0.971100169733568,0.,0.238672286500622));
#7591=DIRECTION('',(0.971100169733568,0.,0.238672286500622));
#7592=DIRECTION('',(0.,1.,0.));
#7593=DIRECTION('center_axis',(-0.262964083496079,0.,0.964805623320608));
#7594=DIRECTION('ref_axis',(0.964805623320608,0.,0.262964083496079));
#7595=DIRECTION('',(0.964805623320608,0.,0.262964083496079));
#7596=DIRECTION('',(0.,1.,0.));
#7597=DIRECTION('center_axis',(-0.286998374891632,0.,0.957931068923836));
#7598=DIRECTION('ref_axis',(0.957931068923836,0.,0.286998374891632));
#7599=DIRECTION('',(0.957931068923836,0.,0.286998374891632));
#7600=DIRECTION('',(0.,1.,0.));
#7601=DIRECTION('center_axis',(-0.310760151394217,0.,0.950488363056299));
#7602=DIRECTION('ref_axis',(0.950488363056299,0.,0.310760151394217));
#7603=DIRECTION('',(0.950488363056299,0.,0.310760151394217));
#7604=DIRECTION('',(0.,1.,0.));
#7605=DIRECTION('center_axis',(-0.901373243119083,0.,-0.433043042420713));
#7606=DIRECTION('ref_axis',(-0.433043042420713,0.,0.901373243119083));
#7607=DIRECTION('',(-0.433043042420713,0.,0.901373243119083));
#7608=DIRECTION('',(0.,1.,0.));
#7609=DIRECTION('center_axis',(-0.28699837489165,0.,-0.95793106892383));
#7610=DIRECTION('ref_axis',(-0.95793106892383,0.,0.28699837489165));
#7611=DIRECTION('',(-0.95793106892383,0.,0.28699837489165));
#7612=DIRECTION('',(0.,1.,0.));
#7613=DIRECTION('center_axis',(-0.26296408349606,0.,-0.964805623320613));
#7614=DIRECTION('ref_axis',(-0.964805623320613,0.,0.26296408349606));
#7615=DIRECTION('',(-0.964805623320613,0.,0.26296408349606));
#7616=DIRECTION('',(0.,1.,0.));
#7617=DIRECTION('center_axis',(-0.23867228650066,0.,-0.971100169733559));
#7618=DIRECTION('ref_axis',(-0.971100169733559,0.,0.23867228650066));
#7619=DIRECTION('',(-0.971100169733559,0.,0.23867228650066));
#7620=DIRECTION('',(0.,1.,0.));
#7621=DIRECTION('center_axis',(-0.214138631075486,0.,-0.976803279417671));
#7622=DIRECTION('ref_axis',(-0.976803279417671,0.,0.214138631075486));
#7623=DIRECTION('',(-0.976803279417671,0.,0.214138631075486));
#7624=DIRECTION('',(0.,1.,0.));
#7625=DIRECTION('center_axis',(-0.189379391545941,0.,-0.981903990244305));
#7626=DIRECTION('ref_axis',(-0.981903990244305,0.,0.189379391545941));
#7627=DIRECTION('',(-0.981903990244305,0.,0.189379391545941));
#7628=DIRECTION('',(0.,1.,0.));
#7629=DIRECTION('center_axis',(-0.164411455951451,0.,-0.986391845643466));
#7630=DIRECTION('ref_axis',(-0.986391845643466,0.,0.164411455951451));
#7631=DIRECTION('',(-0.986391845643466,0.,0.164411455951451));
#7632=DIRECTION('',(0.,1.,0.));
#7633=DIRECTION('center_axis',(-0.139252309815919,0.,-0.990256933432395));
#7634=DIRECTION('ref_axis',(-0.990256933432395,0.,0.139252309815919));
#7635=DIRECTION('',(-0.990256933432395,0.,0.139252309815919));
#7636=DIRECTION('',(0.,1.,0.));
#7637=DIRECTION('center_axis',(-0.988110473189851,0.,-0.153745545537193));
#7638=DIRECTION('ref_axis',(-0.153745545537193,0.,0.988110473189851));
#7639=DIRECTION('',(-0.153745545537193,0.,0.988110473189851));
#7640=DIRECTION('',(0.,1.,0.));
#7641=DIRECTION('center_axis',(-0.982141545207511,0.,-0.188143522815435));
#7642=DIRECTION('ref_axis',(-0.188143522815435,0.,0.982141545207511));
#7643=DIRECTION('',(-0.188143522815435,0.,0.982141545207511));
#7644=DIRECTION('',(0.,1.,0.));
#7645=DIRECTION('center_axis',(-0.974927912181825,0.,-0.222520933956309));
#7646=DIRECTION('ref_axis',(-0.222520933956309,0.,0.974927912181825));
#7647=DIRECTION('',(-0.222520933956309,0.,0.974927912181825));
#7648=DIRECTION('',(0.,1.,0.));
#7649=DIRECTION('center_axis',(-0.966511371275455,0.,-0.256623789223134));
#7650=DIRECTION('ref_axis',(-0.256623789223134,0.,0.966511371275455));
#7651=DIRECTION('',(-0.256623789223134,0.,0.966511371275455));
#7652=DIRECTION('',(0.,1.,0.));
#7653=DIRECTION('center_axis',(-0.956964466562731,0.,-0.290205116661143));
#7654=DIRECTION('ref_axis',(-0.290205116661143,0.,0.956964466562731));
#7655=DIRECTION('',(-0.290205116661143,0.,0.956964466562731));
#7656=DIRECTION('',(0.,1.,0.));
#7657=DIRECTION('center_axis',(-0.555118376892404,0.,0.831771355383403));
#7658=DIRECTION('ref_axis',(0.831771355383403,0.,0.555118376892404));
#7659=DIRECTION('',(0.831771355383403,0.,0.555118376892404));
#7660=DIRECTION('',(0.,1.,0.));
#7661=DIRECTION('center_axis',(-0.576108985561599,0.,0.817372887215612));
#7662=DIRECTION('ref_axis',(0.817372887215612,0.,0.576108985561599));
#7663=DIRECTION('',(0.817372887215612,0.,0.576108985561599));
#7664=DIRECTION('',(0.,1.,0.));
#7665=DIRECTION('center_axis',(-0.596657110746838,0.,0.802496287963524));
#7666=DIRECTION('ref_axis',(0.802496287963524,0.,0.596657110746838));
#7667=DIRECTION('',(0.802496287963524,0.,0.596657110746838));
#7668=DIRECTION('',(0.,1.,0.));
#7669=DIRECTION('center_axis',(-0.616751299270316,0.,0.787158074879739));
#7670=DIRECTION('ref_axis',(0.787158074879739,0.,0.616751299270316));
#7671=DIRECTION('',(0.787158074879739,0.,0.616751299270316));
#7672=DIRECTION('',(0.,1.,0.));
#7673=DIRECTION('center_axis',(-0.636380872469838,0.,0.771374996454077));
#7674=DIRECTION('ref_axis',(0.771374996454077,0.,0.636380872469838));
#7675=DIRECTION('',(0.771374996454077,0.,0.636380872469838));
#7676=DIRECTION('',(0.,1.,0.));
#7677=DIRECTION('center_axis',(-0.65553592397444,0.,0.755163990388165));
#7678=DIRECTION('ref_axis',(0.755163990388165,0.,0.65553592397444));
#7679=DIRECTION('',(0.755163990388165,0.,0.65553592397444));
#7680=DIRECTION('',(0.,1.,0.));
#7681=DIRECTION('center_axis',(-0.674207314917511,0.,0.73854214267821));
#7682=DIRECTION('ref_axis',(0.73854214267821,0.,0.674207314917511));
#7683=DIRECTION('',(0.73854214267821,0.,0.674207314917511));
#7684=DIRECTION('',(0.,1.,0.));
#7685=DIRECTION('center_axis',(-0.692386666741417,0.,0.721526647961605));
#7686=DIRECTION('ref_axis',(0.721526647961605,0.,0.692386666741417));
#7687=DIRECTION('',(0.721526647961605,0.,0.692386666741417));
#7688=DIRECTION('',(0.,1.,0.));
#7689=DIRECTION('center_axis',(-0.624218895966194,0.,-0.781249492747833));
#7690=DIRECTION('ref_axis',(-0.781249492747833,0.,0.624218895966194));
#7691=DIRECTION('',(-0.781249492747833,0.,0.624218895966194));
#7692=DIRECTION('',(0.,1.,0.));
#7693=DIRECTION('center_axis',(0.157054113085589,0.,-0.987589998715509));
#7694=DIRECTION('ref_axis',(-0.987589998715509,0.,-0.157054113085589));
#7695=DIRECTION('',(-0.987589998715509,0.,-0.157054113085589));
#7696=DIRECTION('',(0.,1.,0.));
#7697=DIRECTION('center_axis',(0.181691018761563,0.,-0.983355669989951));
#7698=DIRECTION('ref_axis',(-0.983355669989951,0.,-0.181691018761563));
#7699=DIRECTION('',(-0.983355669989951,0.,-0.181691018761563));
#7700=DIRECTION('',(0.,1.,0.));
#7701=DIRECTION('center_axis',(0.206308272933537,0.,-0.97848704463533));
#7702=DIRECTION('ref_axis',(-0.97848704463533,0.,-0.206308272933537));
#7703=DIRECTION('',(-0.97848704463533,0.,-0.206308272933537));
#7704=DIRECTION('',(0.,1.,0.));
#7705=DIRECTION('center_axis',(0.230886819241773,0.,-0.972980614760858));
#7706=DIRECTION('ref_axis',(-0.972980614760858,0.,-0.230886819241773));
#7707=DIRECTION('',(-0.972980614760858,0.,-0.230886819241773));
#7708=DIRECTION('',(0.,1.,0.));
#7709=DIRECTION('center_axis',(0.25540723873645,0.,-0.966833564995042));
#7710=DIRECTION('ref_axis',(-0.966833564995042,0.,-0.25540723873645));
#7711=DIRECTION('',(-0.966833564995042,0.,-0.25540723873645));
#7712=DIRECTION('',(0.,1.,0.));
#7713=DIRECTION('center_axis',(0.279849778884109,0.,-0.960043801739543));
#7714=DIRECTION('ref_axis',(-0.960043801739543,0.,-0.279849778884109));
#7715=DIRECTION('',(-0.960043801739543,0.,-0.279849778884109));
#7716=DIRECTION('',(0.,1.,0.));
#7717=DIRECTION('center_axis',(0.304194385037052,0.,-0.952609981110806));
#7718=DIRECTION('ref_axis',(-0.952609981110806,0.,-0.304194385037052));
#7719=DIRECTION('',(-0.952609981110806,0.,-0.304194385037052));
#7720=DIRECTION('',(0.,1.,0.));
#7721=DIRECTION('center_axis',(-0.823549082222035,0.,-0.56724501687652));
#7722=DIRECTION('ref_axis',(-0.56724501687652,0.,0.823549082222035));
#7723=DIRECTION('',(-0.56724501687652,0.,0.823549082222035));
#7724=DIRECTION('',(0.,1.,0.));
#7725=DIRECTION('center_axis',(-0.803246540935633,0.,-0.595646702731527));
#7726=DIRECTION('ref_axis',(-0.595646702731527,0.,0.803246540935633));
#7727=DIRECTION('',(-0.595646702731527,0.,0.803246540935633));
#7728=DIRECTION('',(0.,1.,0.));
#7729=DIRECTION('center_axis',(-0.781831482468033,0.,-0.623489801858729));
#7730=DIRECTION('ref_axis',(-0.623489801858729,0.,0.781831482468033));
#7731=DIRECTION('',(-0.623489801858729,0.,0.781831482468033));
#7732=DIRECTION('',(0.,1.,0.));
#7733=DIRECTION('center_axis',(-0.759451766778207,0.,-0.650563612521835));
#7734=DIRECTION('ref_axis',(-0.650563612521835,0.,0.759451766778207));
#7735=DIRECTION('',(-0.650563612521835,0.,0.759451766778207));
#7736=DIRECTION('',(0.,1.,0.));
#7737=DIRECTION('center_axis',(-0.736279910933883,0.,-0.676677096372556));
#7738=DIRECTION('ref_axis',(-0.676677096372556,0.,0.736279910933883));
#7739=DIRECTION('',(-0.676677096372556,0.,0.736279910933883));
#7740=DIRECTION('',(0.,1.,0.));
#7741=DIRECTION('center_axis',(-0.861036441345212,0.,0.508543259394493));
#7742=DIRECTION('ref_axis',(0.508543259394493,0.,0.861036441345212));
#7743=DIRECTION('',(0.508543259394493,0.,0.861036441345212));
#7744=DIRECTION('',(0.,1.,0.));
#7745=DIRECTION('center_axis',(-0.873701065068271,0.,0.486463204054088));
#7746=DIRECTION('ref_axis',(0.486463204054088,0.,0.873701065068271));
#7747=DIRECTION('',(0.486463204054088,0.,0.873701065068271));
#7748=DIRECTION('',(0.,1.,0.));
#7749=DIRECTION('center_axis',(-0.885759571645086,0.,0.464144353880465));
#7750=DIRECTION('ref_axis',(0.464144353880465,0.,0.885759571645086));
#7751=DIRECTION('',(0.464144353880465,0.,0.885759571645086));
#7752=DIRECTION('',(0.,1.,0.));
#7753=DIRECTION('center_axis',(-0.897208808686318,0.,0.441606559751638));
#7754=DIRECTION('ref_axis',(0.441606559751638,0.,0.897208808686318));
#7755=DIRECTION('',(0.441606559751638,0.,0.897208808686318));
#7756=DIRECTION('',(0.,1.,0.));
#7757=DIRECTION('center_axis',(-0.908046421947192,0.,0.418869544833356));
#7758=DIRECTION('ref_axis',(0.418869544833356,0.,0.908046421947192));
#7759=DIRECTION('',(0.418869544833356,0.,0.908046421947192));
#7760=DIRECTION('',(0.,1.,0.));
#7761=DIRECTION('center_axis',(-0.918270835089171,0.,0.395952867680784));
#7762=DIRECTION('ref_axis',(0.395952867680784,0.,0.918270835089171));
#7763=DIRECTION('',(0.395952867680784,0.,0.918270835089171));
#7764=DIRECTION('',(0.,1.,0.));
#7765=DIRECTION('center_axis',(-0.927881227613875,0.,0.372875887450193));
#7766=DIRECTION('ref_axis',(0.372875887450193,0.,0.927881227613875));
#7767=DIRECTION('',(0.372875887450193,0.,0.927881227613875));
#7768=DIRECTION('',(0.,1.,0.));
#7769=DIRECTION('center_axis',(-0.936877511175279,0.,0.349657731294497));
#7770=DIRECTION('ref_axis',(0.349657731294497,0.,0.936877511175279));
#7771=DIRECTION('',(0.349657731294497,0.,0.936877511175279));
#7772=DIRECTION('',(0.,1.,0.));
#7773=DIRECTION('center_axis',(-0.223430340924838,0.,-0.974719899639999));
#7774=DIRECTION('ref_axis',(-0.974719899639999,0.,0.223430340924838));
#7775=DIRECTION('',(-0.974719899639999,0.,0.223430340924838));
#7776=DIRECTION('',(0.,1.,0.));
#7777=DIRECTION('center_axis',(0.570000107823935,0.,-0.821644617265094));
#7778=DIRECTION('ref_axis',(-0.821644617265094,0.,-0.570000107823935));
#7779=DIRECTION('',(-0.821644617265094,0.,-0.570000107823935));
#7780=DIRECTION('',(0.,1.,0.));
#7781=DIRECTION('center_axis',(0.590359986459333,0.,-0.807140066151927));
#7782=DIRECTION('ref_axis',(-0.807140066151927,0.,-0.590359986459333));
#7783=DIRECTION('',(-0.807140066151927,0.,-0.590359986459333));
#7784=DIRECTION('',(0.,1.,0.));
#7785=DIRECTION('center_axis',(0.610426948708307,0.,-0.792072559990981));
#7786=DIRECTION('ref_axis',(-0.792072559990981,0.,-0.610426948708307));
#7787=DIRECTION('',(-0.792072559990981,0.,-0.610426948708307));
#7788=DIRECTION('',(0.,1.,0.));
#7789=DIRECTION('center_axis',(0.63018230336716,0.,-0.776447206526536));
#7790=DIRECTION('ref_axis',(-0.776447206526536,0.,-0.63018230336716));
#7791=DIRECTION('',(-0.776447206526536,0.,-0.63018230336716));
#7792=DIRECTION('',(0.,1.,0.));
#7793=DIRECTION('center_axis',(0.649607333022878,0.,-0.760269894762974));
#7794=DIRECTION('ref_axis',(-0.760269894762974,0.,-0.649607333022878));
#7795=DIRECTION('',(-0.760269894762974,0.,-0.649607333022878));
#7796=DIRECTION('',(0.,1.,0.));
#7797=DIRECTION('center_axis',(0.668683332879353,0.,-0.743547308736546));
#7798=DIRECTION('ref_axis',(-0.743547308736546,0.,-0.668683332879353));
#7799=DIRECTION('',(-0.743547308736546,0.,-0.668683332879353));
#7800=DIRECTION('',(0.,1.,0.));
#7801=DIRECTION('center_axis',(0.687391651234173,0.,-0.726286939035501));
#7802=DIRECTION('ref_axis',(-0.726286939035501,0.,-0.687391651234173));
#7803=DIRECTION('',(-0.726286939035501,0.,-0.687391651234173));
#7804=DIRECTION('',(0.,1.,0.));
#7805=DIRECTION('center_axis',(-0.495873695353474,0.,-0.868394655819858));
#7806=DIRECTION('ref_axis',(-0.868394655819858,0.,0.495873695353474));
#7807=DIRECTION('',(-0.868394655819858,0.,0.495873695353474));
#7808=DIRECTION('',(0.,1.,0.));
#7809=DIRECTION('center_axis',(-0.465258708059109,0.,-0.885174748044232));
#7810=DIRECTION('ref_axis',(-0.885174748044232,0.,0.465258708059109));
#7811=DIRECTION('',(-0.885174748044232,0.,0.465258708059109));
#7812=DIRECTION('',(0.,1.,0.));
#7813=DIRECTION('center_axis',(-0.433883739117537,0.,-0.900968867902429));
#7814=DIRECTION('ref_axis',(-0.900968867902429,0.,0.433883739117537));
#7815=DIRECTION('',(-0.900968867902429,0.,0.433883739117537));
#7816=DIRECTION('',(0.,1.,0.));
#7817=DIRECTION('center_axis',(-0.401973425805884,0.,-0.915651333721456));
#7818=DIRECTION('ref_axis',(-0.915651333721456,0.,0.401973425805884));
#7819=DIRECTION('',(-0.915651333721456,0.,0.401973425805884));
#7820=DIRECTION('',(0.,1.,0.));
#7821=DIRECTION('center_axis',(-0.369766089064057,0.,-0.929124878247414));
#7822=DIRECTION('ref_axis',(-0.929124878247414,0.,0.369766089064057));
#7823=DIRECTION('',(-0.929124878247414,0.,0.369766089064057));
#7824=DIRECTION('',(0.,1.,0.));
#7825=DIRECTION('center_axis',(-0.996415678670635,0.,0.0845919340087385));
#7826=DIRECTION('ref_axis',(0.0845919340087385,0.,0.996415678670635));
#7827=DIRECTION('',(0.0845919340087385,0.,0.996415678670635));
#7828=DIRECTION('',(0.,1.,0.));
#7829=DIRECTION('center_axis',(-0.998245933397793,0.,0.0592035172499812));
#7830=DIRECTION('ref_axis',(0.0592035172499812,0.,0.998245933397793));
#7831=DIRECTION('',(0.0592035172499812,0.,0.998245933397793));
#7832=DIRECTION('',(0.,1.,0.));
#7833=DIRECTION('center_axis',(-0.999426486250764,0.,0.0338629381544526));
#7834=DIRECTION('ref_axis',(0.0338629381544526,0.,0.999426486250764));
#7835=DIRECTION('',(0.0338629381544526,0.,0.999426486250764));
#7836=DIRECTION('',(0.,1.,0.));
#7837=DIRECTION('center_axis',(-0.999963109998073,0.,0.00858944951568069));
#7838=DIRECTION('ref_axis',(0.00858944951568069,0.,0.999963109998073));
#7839=DIRECTION('',(0.00858944951568069,0.,0.999963109998073));
#7840=DIRECTION('',(0.,1.,0.));
#7841=DIRECTION('center_axis',(-0.99986224109937,0.,-0.0165981572394723));
#7842=DIRECTION('ref_axis',(-0.0165981572394723,0.,0.99986224109937));
#7843=DIRECTION('',(-0.0165981572394723,0.,0.99986224109937));
#7844=DIRECTION('',(0.,1.,0.));
#7845=DIRECTION('center_axis',(-0.999130945461758,0.,-0.0416815765140116));
#7846=DIRECTION('ref_axis',(-0.0416815765140116,0.,0.999130945461758));
#7847=DIRECTION('',(-0.0416815765140116,0.,0.999130945461758));
#7848=DIRECTION('',(0.,1.,0.));
#7849=DIRECTION('center_axis',(-0.997776883464847,0.,-0.0666430103099832));
#7850=DIRECTION('ref_axis',(-0.0666430103099832,0.,0.997776883464847));
#7851=DIRECTION('',(-0.0666430103099832,0.,0.997776883464847));
#7852=DIRECTION('',(0.,1.,0.));
#7853=DIRECTION('center_axis',(-0.995808274472246,0.,-0.0914651873261529));
#7854=DIRECTION('ref_axis',(-0.0914651873261529,0.,0.995808274472246));
#7855=DIRECTION('',(-0.0914651873261529,0.,0.995808274472246));
#7856=DIRECTION('',(0.,1.,0.));
#7857=DIRECTION('center_axis',(0.221611333329987,0.,-0.97513507625339));
#7858=DIRECTION('ref_axis',(-0.97513507625339,0.,-0.221611333329987));
#7859=DIRECTION('',(-0.97513507625339,0.,-0.221611333329987));
#7860=DIRECTION('',(0.,1.,0.));
#7861=DIRECTION('center_axis',(0.870050590615183,0.,-0.492962442555384));
#7862=DIRECTION('ref_axis',(-0.492962442555384,0.,-0.870050590615183));
#7863=DIRECTION('',(-0.492962442555384,0.,-0.870050590615183));
#7864=DIRECTION('',(0.,1.,0.));
#7865=DIRECTION('center_axis',(0.882100918548741,0.,-0.471060473289224));
#7866=DIRECTION('ref_axis',(-0.471060473289224,0.,-0.882100918548741));
#7867=DIRECTION('',(-0.471060473289224,0.,-0.882100918548741));
#7868=DIRECTION('',(0.,1.,0.));
#7869=DIRECTION('center_axis',(0.893643080896149,0.,-0.448778390707973));
#7870=DIRECTION('ref_axis',(-0.448778390707973,0.,-0.893643080896149));
#7871=DIRECTION('',(-0.448778390707973,0.,-0.893643080896149));
#7872=DIRECTION('',(0.,1.,0.));
#7873=DIRECTION('center_axis',(0.904662453631975,0.,-0.42612890653953));
#7874=DIRECTION('ref_axis',(-0.42612890653953,0.,-0.904662453631975));
#7875=DIRECTION('',(-0.42612890653953,0.,-0.904662453631975));
#7876=DIRECTION('',(0.,1.,0.));
#7877=DIRECTION('center_axis',(0.915144728093001,0.,-0.403125447774744));
#7878=DIRECTION('ref_axis',(-0.403125447774744,0.,-0.915144728093001));
#7879=DIRECTION('',(-0.403125447774744,0.,-0.915144728093001));
#7880=DIRECTION('',(0.,1.,0.));
#7881=DIRECTION('center_axis',(0.925075951934938,0.,-0.37978215222897));
#7882=DIRECTION('ref_axis',(-0.37978215222897,0.,-0.925075951934938));
#7883=DIRECTION('',(-0.37978215222897,0.,-0.925075951934938));
#7884=DIRECTION('',(0.,1.,0.));
#7885=DIRECTION('center_axis',(0.934442570598999,0.,-0.356113861359445));
#7886=DIRECTION('ref_axis',(-0.356113861359445,0.,-0.934442570598999));
#7887=DIRECTION('',(-0.356113861359445,0.,-0.934442570598999));
#7888=DIRECTION('',(0.,1.,0.));
#7889=DIRECTION('center_axis',(-0.0699844416284119,0.,-0.997548083016533));
#7890=DIRECTION('ref_axis',(-0.997548083016533,0.,0.0699844416284119));
#7891=DIRECTION('',(-0.997548083016533,0.,0.0699844416284119));
#7892=DIRECTION('',(0.,1.,0.));
#7893=DIRECTION('center_axis',(-0.0351206820278879,0.,-0.999383078550911));
#7894=DIRECTION('ref_axis',(-0.999383078550911,0.,0.0351206820278879));
#7895=DIRECTION('',(-0.999383078550911,0.,0.0351206820278879));
#7896=DIRECTION('',(0.,1.,0.));
#7897=DIRECTION('center_axis',(0.,0.,-1.));
#7898=DIRECTION('ref_axis',(-1.,0.,0.));
#7899=DIRECTION('',(-1.,0.,0.));
#7900=DIRECTION('',(0.,1.,0.));
#7901=DIRECTION('center_axis',(0.0351206820278879,0.,-0.999383078550911));
#7902=DIRECTION('ref_axis',(-0.999383078550911,0.,-0.0351206820278879));
#7903=DIRECTION('',(-0.999383078550911,0.,-0.0351206820278879));
#7904=DIRECTION('',(0.,1.,0.));
#7905=DIRECTION('center_axis',(0.0699844416284119,0.,-0.997548083016533));
#7906=DIRECTION('ref_axis',(-0.997548083016533,0.,-0.0699844416284119));
#7907=DIRECTION('',(-0.997548083016533,0.,-0.0699844416284119));
#7908=DIRECTION('',(0.,1.,0.));
#7909=DIRECTION('center_axis',(-0.934442570599,0.,-0.356113861359445));
#7910=DIRECTION('ref_axis',(-0.356113861359445,0.,0.934442570599));
#7911=DIRECTION('',(-0.356113861359445,0.,0.934442570599));
#7912=DIRECTION('',(0.,1.,0.));
#7913=DIRECTION('center_axis',(-0.925075951934938,0.,-0.37978215222897));
#7914=DIRECTION('ref_axis',(-0.37978215222897,0.,0.925075951934938));
#7915=DIRECTION('',(-0.37978215222897,0.,0.925075951934938));
#7916=DIRECTION('',(0.,1.,0.));
#7917=DIRECTION('center_axis',(-0.915144728093001,0.,-0.403125447774744));
#7918=DIRECTION('ref_axis',(-0.403125447774744,0.,0.915144728093001));
#7919=DIRECTION('',(-0.403125447774744,0.,0.915144728093001));
#7920=DIRECTION('',(0.,1.,0.));
#7921=DIRECTION('center_axis',(-0.904662453631975,0.,-0.42612890653953));
#7922=DIRECTION('ref_axis',(-0.42612890653953,0.,0.904662453631975));
#7923=DIRECTION('',(-0.42612890653953,0.,0.904662453631975));
#7924=DIRECTION('',(0.,1.,0.));
#7925=DIRECTION('center_axis',(-0.893643080896149,0.,-0.448778390707974));
#7926=DIRECTION('ref_axis',(-0.448778390707974,0.,0.893643080896149));
#7927=DIRECTION('',(-0.448778390707974,0.,0.893643080896149));
#7928=DIRECTION('',(0.,1.,0.));
#7929=DIRECTION('center_axis',(-0.882100918548741,0.,-0.471060473289224));
#7930=DIRECTION('ref_axis',(-0.471060473289224,0.,0.882100918548741));
#7931=DIRECTION('',(-0.471060473289224,0.,0.882100918548741));
#7932=DIRECTION('',(0.,1.,0.));
#7933=DIRECTION('center_axis',(-0.870050590615183,0.,-0.492962442555384));
#7934=DIRECTION('ref_axis',(-0.492962442555384,0.,0.870050590615183));
#7935=DIRECTION('',(-0.492962442555384,0.,0.870050590615183));
#7936=DIRECTION('',(0.,1.,0.));
#7937=DIRECTION('center_axis',(-0.857506996222956,0.,-0.514472303849958));
#7938=DIRECTION('ref_axis',(-0.514472303849958,0.,0.857506996222956));
#7939=DIRECTION('',(-0.514472303849958,0.,0.857506996222956));
#7940=DIRECTION('',(0.,1.,0.));
#7941=DIRECTION('center_axis',(0.622760165134168,0.,-0.782412791767916));
#7942=DIRECTION('ref_axis',(-0.782412791767916,0.,-0.622760165134168));
#7943=DIRECTION('',(-0.782412791767916,0.,-0.622760165134168));
#7944=DIRECTION('',(0.,1.,0.));
#7945=DIRECTION('center_axis',(0.997776883464847,0.,-0.0666430103099845));
#7946=DIRECTION('ref_axis',(-0.0666430103099845,0.,-0.997776883464847));
#7947=DIRECTION('',(-0.0666430103099845,0.,-0.997776883464847));
#7948=DIRECTION('',(0.,1.,0.));
#7949=DIRECTION('center_axis',(0.999130945461758,0.,-0.0416815765140107));
#7950=DIRECTION('ref_axis',(-0.0416815765140107,0.,-0.999130945461758));
#7951=DIRECTION('',(-0.0416815765140107,0.,-0.999130945461758));
#7952=DIRECTION('',(0.,1.,0.));
#7953=DIRECTION('center_axis',(0.99986224109937,0.,-0.0165981572394723));
#7954=DIRECTION('ref_axis',(-0.0165981572394723,0.,-0.99986224109937));
#7955=DIRECTION('',(-0.0165981572394723,0.,-0.99986224109937));
#7956=DIRECTION('',(0.,1.,0.));
#7957=DIRECTION('center_axis',(0.999963109998073,0.,0.00858944951568195));
#7958=DIRECTION('ref_axis',(0.00858944951568195,0.,-0.999963109998073));
#7959=DIRECTION('',(0.00858944951568195,0.,-0.999963109998073));
#7960=DIRECTION('',(0.,1.,0.));
#7961=DIRECTION('center_axis',(0.999426486250764,0.,0.0338629381544508));
#7962=DIRECTION('ref_axis',(0.0338629381544508,0.,-0.999426486250764));
#7963=DIRECTION('',(0.0338629381544508,0.,-0.999426486250764));
#7964=DIRECTION('',(0.,1.,0.));
#7965=DIRECTION('center_axis',(0.998245933397793,0.,0.0592035172499825));
#7966=DIRECTION('ref_axis',(0.0592035172499825,0.,-0.998245933397793));
#7967=DIRECTION('',(0.0592035172499825,0.,-0.998245933397793));
#7968=DIRECTION('',(0.,1.,0.));
#7969=DIRECTION('center_axis',(0.996415678670635,0.,0.0845919340087355));
#7970=DIRECTION('ref_axis',(0.0845919340087355,0.,-0.996415678670635));
#7971=DIRECTION('',(0.0845919340087355,0.,-0.996415678670635));
#7972=DIRECTION('',(0.,1.,0.));
#7973=DIRECTION('center_axis',(0.369766089064057,0.,-0.929124878247414));
#7974=DIRECTION('ref_axis',(-0.929124878247414,0.,-0.369766089064057));
#7975=DIRECTION('',(-0.929124878247414,0.,-0.369766089064057));
#7976=DIRECTION('',(0.,1.,0.));
#7977=DIRECTION('center_axis',(0.401973425805884,0.,-0.915651333721456));
#7978=DIRECTION('ref_axis',(-0.915651333721456,0.,-0.401973425805884));
#7979=DIRECTION('',(-0.915651333721456,0.,-0.401973425805884));
#7980=DIRECTION('',(0.,1.,0.));
#7981=DIRECTION('center_axis',(0.433883739117536,0.,-0.90096886790243));
#7982=DIRECTION('ref_axis',(-0.90096886790243,0.,-0.433883739117536));
#7983=DIRECTION('',(-0.90096886790243,0.,-0.433883739117536));
#7984=DIRECTION('',(0.,1.,0.));
#7985=DIRECTION('center_axis',(0.465258708059111,0.,-0.885174748044231));
#7986=DIRECTION('ref_axis',(-0.885174748044231,0.,-0.465258708059111));
#7987=DIRECTION('',(-0.885174748044231,0.,-0.465258708059111));
#7988=DIRECTION('',(0.,1.,0.));
#7989=DIRECTION('center_axis',(0.495873695353473,0.,-0.868394655819859));
#7990=DIRECTION('ref_axis',(-0.868394655819859,0.,-0.495873695353473));
#7991=DIRECTION('',(-0.868394655819859,0.,-0.495873695353473));
#7992=DIRECTION('',(0.,1.,0.));
#7993=DIRECTION('center_axis',(-0.687391651234173,0.,-0.7262869390355));
#7994=DIRECTION('ref_axis',(-0.7262869390355,0.,0.687391651234173));
#7995=DIRECTION('',(-0.7262869390355,0.,0.687391651234173));
#7996=DIRECTION('',(0.,1.,0.));
#7997=DIRECTION('center_axis',(-0.668683332879352,0.,-0.743547308736547));
#7998=DIRECTION('ref_axis',(-0.743547308736547,0.,0.668683332879352));
#7999=DIRECTION('',(-0.743547308736547,0.,0.668683332879352));
#8000=DIRECTION('',(0.,1.,0.));
#8001=DIRECTION('center_axis',(-0.649607333022878,0.,-0.760269894762974));
#8002=DIRECTION('ref_axis',(-0.760269894762974,0.,0.649607333022878));
#8003=DIRECTION('',(-0.760269894762974,0.,0.649607333022878));
#8004=DIRECTION('',(0.,1.,0.));
#8005=DIRECTION('center_axis',(-0.630182303367173,0.,-0.776447206526525));
#8006=DIRECTION('ref_axis',(-0.776447206526525,0.,0.630182303367173));
#8007=DIRECTION('',(-0.776447206526525,0.,0.630182303367173));
#8008=DIRECTION('',(0.,1.,0.));
#8009=DIRECTION('center_axis',(-0.610426948708296,0.,-0.792072559990989));
#8010=DIRECTION('ref_axis',(-0.792072559990989,0.,0.610426948708296));
#8011=DIRECTION('',(-0.792072559990989,0.,0.610426948708296));
#8012=DIRECTION('',(0.,1.,0.));
#8013=DIRECTION('center_axis',(-0.590359986459333,0.,-0.807140066151927));
#8014=DIRECTION('ref_axis',(-0.807140066151927,0.,0.590359986459333));
#8015=DIRECTION('',(-0.807140066151927,0.,0.590359986459333));
#8016=DIRECTION('',(0.,1.,0.));
#8017=DIRECTION('center_axis',(-0.570000107823932,0.,-0.821644617265096));
#8018=DIRECTION('ref_axis',(-0.821644617265096,0.,0.570000107823932));
#8019=DIRECTION('',(-0.821644617265096,0.,0.570000107823932));
#8020=DIRECTION('',(0.,1.,0.));
#8021=DIRECTION('center_axis',(-0.54936594073856,0.,-0.835581871007526));
#8022=DIRECTION('ref_axis',(-0.835581871007526,0.,0.54936594073856));
#8023=DIRECTION('',(-0.835581871007526,0.,0.54936594073856));
#8024=DIRECTION('',(0.,1.,0.));
#8025=DIRECTION('center_axis',(0.900563708581328,0.,-0.434724058209626));
#8026=DIRECTION('ref_axis',(-0.434724058209626,0.,-0.900563708581328));
#8027=DIRECTION('',(-0.434724058209626,0.,-0.900563708581328));
#8028=DIRECTION('',(0.,1.,0.));
#8029=DIRECTION('center_axis',(0.927881227613875,0.,0.372875887450191));
#8030=DIRECTION('ref_axis',(0.372875887450191,0.,-0.927881227613875));
#8031=DIRECTION('',(0.372875887450191,0.,-0.927881227613875));
#8032=DIRECTION('',(0.,1.,0.));
#8033=DIRECTION('center_axis',(0.918270835089167,0.,0.395952867680794));
#8034=DIRECTION('ref_axis',(0.395952867680794,0.,-0.918270835089167));
#8035=DIRECTION('',(0.395952867680794,0.,-0.918270835089167));
#8036=DIRECTION('',(0.,1.,0.));
#8037=DIRECTION('center_axis',(0.908046421947196,0.,0.418869544833346));
#8038=DIRECTION('ref_axis',(0.418869544833346,0.,-0.908046421947196));
#8039=DIRECTION('',(0.418869544833346,0.,-0.908046421947196));
#8040=DIRECTION('',(0.,1.,0.));
#8041=DIRECTION('center_axis',(0.897208808686321,0.,0.441606559751634));
#8042=DIRECTION('ref_axis',(0.441606559751634,0.,-0.897208808686321));
#8043=DIRECTION('',(0.441606559751634,0.,-0.897208808686321));
#8044=DIRECTION('',(0.,1.,0.));
#8045=DIRECTION('center_axis',(0.885759571645085,0.,0.464144353880467));
#8046=DIRECTION('ref_axis',(0.464144353880467,0.,-0.885759571645085));
#8047=DIRECTION('',(0.464144353880467,0.,-0.885759571645085));
#8048=DIRECTION('',(0.,1.,0.));
#8049=DIRECTION('center_axis',(0.87370106506827,0.,0.48646320405409));
#8050=DIRECTION('ref_axis',(0.48646320405409,0.,-0.87370106506827));
#8051=DIRECTION('',(0.48646320405409,0.,-0.87370106506827));
#8052=DIRECTION('',(0.,1.,0.));
#8053=DIRECTION('center_axis',(0.861036441345204,0.,0.508543259394505));
#8054=DIRECTION('ref_axis',(0.508543259394505,0.,-0.861036441345204));
#8055=DIRECTION('',(0.508543259394505,0.,-0.861036441345204));
#8056=DIRECTION('',(0.,1.,0.));
#8057=DIRECTION('center_axis',(0.73627991093388,0.,-0.67667709637256));
#8058=DIRECTION('ref_axis',(-0.67667709637256,0.,-0.73627991093388));
#8059=DIRECTION('',(-0.67667709637256,0.,-0.73627991093388));
#8060=DIRECTION('',(0.,1.,0.));
#8061=DIRECTION('center_axis',(0.75945176677821,0.,-0.650563612521831));
#8062=DIRECTION('ref_axis',(-0.650563612521831,0.,-0.75945176677821));
#8063=DIRECTION('',(-0.650563612521831,0.,-0.75945176677821));
#8064=DIRECTION('',(0.,1.,0.));
#8065=DIRECTION('center_axis',(0.781831482468037,0.,-0.623489801858724));
#8066=DIRECTION('ref_axis',(-0.623489801858724,0.,-0.781831482468037));
#8067=DIRECTION('',(-0.623489801858724,0.,-0.781831482468037));
#8068=DIRECTION('',(0.,1.,0.));
#8069=DIRECTION('center_axis',(0.803246540935626,0.,-0.595646702731536));
#8070=DIRECTION('ref_axis',(-0.595646702731536,0.,-0.803246540935626));
#8071=DIRECTION('',(-0.595646702731536,0.,-0.803246540935626));
#8072=DIRECTION('',(0.,1.,0.));
#8073=DIRECTION('center_axis',(0.82354908222204,0.,-0.567245016876513));
#8074=DIRECTION('ref_axis',(-0.567245016876513,0.,-0.82354908222204));
#8075=DIRECTION('',(-0.567245016876513,0.,-0.82354908222204));
#8076=DIRECTION('',(0.,1.,0.));
#8077=DIRECTION('center_axis',(-0.304194385037073,0.,-0.952609981110799));
#8078=DIRECTION('ref_axis',(-0.952609981110799,0.,0.304194385037073));
#8079=DIRECTION('',(-0.952609981110799,0.,0.304194385037073));
#8080=DIRECTION('',(0.,1.,0.));
#8081=DIRECTION('center_axis',(-0.279849778884108,0.,-0.960043801739543));
#8082=DIRECTION('ref_axis',(-0.960043801739543,0.,0.279849778884108));
#8083=DIRECTION('',(-0.960043801739543,0.,0.279849778884108));
#8084=DIRECTION('',(0.,1.,0.));
#8085=DIRECTION('center_axis',(-0.255407238736451,0.,-0.966833564995042));
#8086=DIRECTION('ref_axis',(-0.966833564995042,0.,0.255407238736451));
#8087=DIRECTION('',(-0.966833564995042,0.,0.255407238736451));
#8088=DIRECTION('',(0.,1.,0.));
#8089=DIRECTION('center_axis',(-0.230886819241753,0.,-0.972980614760863));
#8090=DIRECTION('ref_axis',(-0.972980614760863,0.,0.230886819241753));
#8091=DIRECTION('',(-0.972980614760863,0.,0.230886819241753));
#8092=DIRECTION('',(0.,1.,0.));
#8093=DIRECTION('center_axis',(-0.206308272933536,0.,-0.97848704463533));
#8094=DIRECTION('ref_axis',(-0.97848704463533,0.,0.206308272933536));
#8095=DIRECTION('',(-0.97848704463533,0.,0.206308272933536));
#8096=DIRECTION('',(0.,1.,0.));
#8097=DIRECTION('center_axis',(-0.181691018761563,0.,-0.983355669989951));
#8098=DIRECTION('ref_axis',(-0.983355669989951,0.,0.181691018761563));
#8099=DIRECTION('',(-0.983355669989951,0.,0.181691018761563));
#8100=DIRECTION('',(0.,1.,0.));
#8101=DIRECTION('center_axis',(-0.157054113085608,0.,-0.987589998715506));
#8102=DIRECTION('ref_axis',(-0.987589998715506,0.,0.157054113085608));
#8103=DIRECTION('',(-0.987589998715506,0.,0.157054113085608));
#8104=DIRECTION('',(0.,1.,0.));
#8105=DIRECTION('center_axis',(-0.132416223159777,0.,-0.991194200872917));
#8106=DIRECTION('ref_axis',(-0.991194200872917,0.,0.132416223159777));
#8107=DIRECTION('',(-0.991194200872917,0.,0.132416223159777));
#8108=DIRECTION('',(0.,1.,0.));
#8109=DIRECTION('center_axis',(0.999999564854874,0.,-0.000932893382228892));
#8110=DIRECTION('ref_axis',(-0.000932893382228892,0.,-0.999999564854874));
#8111=DIRECTION('',(-0.000932893382228892,0.,-0.999999564854874));
#8112=DIRECTION('',(0.,1.,0.));
#8113=DIRECTION('center_axis',(0.674207314917511,0.,0.73854214267821));
#8114=DIRECTION('ref_axis',(0.73854214267821,0.,-0.674207314917511));
#8115=DIRECTION('',(0.73854214267821,0.,-0.674207314917511));
#8116=DIRECTION('',(0.,1.,0.));
#8117=DIRECTION('center_axis',(0.655535923974435,0.,0.75516399038817));
#8118=DIRECTION('ref_axis',(0.75516399038817,0.,-0.655535923974435));
#8119=DIRECTION('',(0.75516399038817,0.,-0.655535923974435));
#8120=DIRECTION('',(0.,1.,0.));
#8121=DIRECTION('center_axis',(0.636380872469854,0.,0.771374996454065));
#8122=DIRECTION('ref_axis',(0.771374996454065,0.,-0.636380872469854));
#8123=DIRECTION('',(0.771374996454065,0.,-0.636380872469854));
#8124=DIRECTION('',(0.,1.,0.));
#8125=DIRECTION('center_axis',(0.616751299270317,0.,0.787158074879738));
#8126=DIRECTION('ref_axis',(0.787158074879738,0.,-0.616751299270317));
#8127=DIRECTION('',(0.787158074879738,0.,-0.616751299270317));
#8128=DIRECTION('',(0.,1.,0.));
#8129=DIRECTION('center_axis',(0.596657110746838,0.,0.802496287963524));
#8130=DIRECTION('ref_axis',(0.802496287963524,0.,-0.596657110746838));
#8131=DIRECTION('',(0.802496287963524,0.,-0.596657110746838));
#8132=DIRECTION('',(0.,1.,0.));
#8133=DIRECTION('center_axis',(0.576108985561597,0.,0.817372887215613));
#8134=DIRECTION('ref_axis',(0.817372887215613,0.,-0.576108985561597));
#8135=DIRECTION('',(0.817372887215613,0.,-0.576108985561597));
#8136=DIRECTION('',(0.,1.,0.));
#8137=DIRECTION('center_axis',(0.555118376892403,0.,0.831771355383404));
#8138=DIRECTION('ref_axis',(0.831771355383404,0.,-0.555118376892403));
#8139=DIRECTION('',(0.831771355383404,0.,-0.555118376892403));
#8140=DIRECTION('center_axis',(0.,1.,0.));
#8141=DIRECTION('ref_axis',(0.,0.,1.));
#8142=CARTESIAN_POINT('',(0.,0.,0.));
#8143=CARTESIAN_POINT('Origin',(0.,0.05,6.65));
#8144=CARTESIAN_POINT('',(-0.3,0.05,6.65));
#8145=CARTESIAN_POINT('Origin',(0.,0.05,6.65));
#8146=CARTESIAN_POINT('',(-0.3,1.35,6.65));
#8147=CARTESIAN_POINT('',(-0.3,0.05,6.65));
#8148=CARTESIAN_POINT('Origin',(0.,1.35,6.65));
#8149=CARTESIAN_POINT('Origin',(0.,0.05,6.65));
#8150=CARTESIAN_POINT('',(-0.6,0.05,7.25));
#8151=CARTESIAN_POINT('',(0.6,0.05,7.25));
#8152=CARTESIAN_POINT('',(-0.3,0.05,7.25));
#8153=CARTESIAN_POINT('',(-0.6,0.05,6.05));
#8154=CARTESIAN_POINT('',(-0.6,0.05,6.35));
#8155=CARTESIAN_POINT('',(0.6,0.05,6.05));
#8156=CARTESIAN_POINT('',(0.3,0.05,6.05));
#8157=CARTESIAN_POINT('',(0.6,0.05,6.95));
#8158=CARTESIAN_POINT('Origin',(0.6,0.,6.05));
#8159=CARTESIAN_POINT('',(-0.6,0.2,6.05));
#8160=CARTESIAN_POINT('',(-0.6,0.,6.05));
#8161=CARTESIAN_POINT('',(0.6,0.2,6.05));
#8162=CARTESIAN_POINT('',(0.3,0.2,6.05));
#8163=CARTESIAN_POINT('',(0.6,0.,6.05));
#8164=CARTESIAN_POINT('Origin',(-0.6,0.,6.05));
#8165=CARTESIAN_POINT('',(-0.6,0.2,7.25));
#8166=CARTESIAN_POINT('',(-0.6,0.,7.25));
#8167=CARTESIAN_POINT('',(-0.6,0.2,6.35));
#8168=CARTESIAN_POINT('Origin',(0.6,0.,7.25));
#8169=CARTESIAN_POINT('',(0.6,1.2,6.05));
#8170=CARTESIAN_POINT('',(0.6,1.2,7.25));
#8171=CARTESIAN_POINT('',(0.6,1.2,6.95));
#8172=CARTESIAN_POINT('',(0.6,1.35,6.05));
#8173=CARTESIAN_POINT('',(0.6,0.,6.05));
#8174=CARTESIAN_POINT('',(0.6,1.35,7.25));
#8175=CARTESIAN_POINT('',(0.6,1.35,6.05));
#8176=CARTESIAN_POINT('',(0.6,0.,7.25));
#8177=CARTESIAN_POINT('Origin',(0.6,0.,6.05));
#8178=CARTESIAN_POINT('',(-0.6,1.2,6.05));
#8179=CARTESIAN_POINT('',(0.3,1.2,6.05));
#8180=CARTESIAN_POINT('',(-0.6,1.35,6.05));
#8181=CARTESIAN_POINT('',(-0.6,0.,6.05));
#8182=CARTESIAN_POINT('',(-0.6,1.35,6.05));
#8183=CARTESIAN_POINT('Origin',(-0.6,0.,7.25));
#8184=CARTESIAN_POINT('',(-0.6,1.2,7.25));
#8185=CARTESIAN_POINT('',(-0.3,1.2,7.25));
#8186=CARTESIAN_POINT('',(-0.6,1.35,7.25));
#8187=CARTESIAN_POINT('',(0.6,1.35,7.25));
#8188=CARTESIAN_POINT('',(-0.6,0.,7.25));
#8189=CARTESIAN_POINT('Origin',(-0.6,0.,7.25));
#8190=CARTESIAN_POINT('',(0.6,0.2,7.25));
#8191=CARTESIAN_POINT('',(0.6,0.,7.25));
#8192=CARTESIAN_POINT('',(-0.3,0.2,7.25));
#8193=CARTESIAN_POINT('Origin',(-0.6,0.,6.05));
#8194=CARTESIAN_POINT('',(-0.6,1.2,6.35));
#8195=CARTESIAN_POINT('',(-0.6,1.35,7.25));
#8196=CARTESIAN_POINT('Origin',(0.6,0.,7.25));
#8197=CARTESIAN_POINT('',(0.6,0.2,6.95));
#8198=CARTESIAN_POINT('Origin',(0.,1.35,6.65));
#8199=CARTESIAN_POINT('Origin',(0.,0.2,6.65));
#8200=CARTESIAN_POINT('',(0.854417585259105,0.2,6.5322));
#8201=CARTESIAN_POINT('',(0.820915148974863,0.2,6.38541623597889));
#8202=CARTESIAN_POINT('',(0.846041976188044,0.2,6.49550405899472));
#8203=CARTESIAN_POINT('',(0.897764778014193,0.2,6.53829558641944));
#8204=CARTESIAN_POINT('',(0.465288531415563,0.2,6.47747973727345));
#8205=CARTESIAN_POINT('',(0.941092806360219,0.2,6.54551748738642));
#8206=CARTESIAN_POINT('',(0.491737982434494,0.2,6.47061917880174));
#8207=CARTESIAN_POINT('',(0.984379456612631,0.2,6.55386616461791));
#8208=CARTESIAN_POINT('',(0.518780051121935,0.2,6.46406621167745));
#8209=CARTESIAN_POINT('',(1.02760250081175,0.2,6.56334168923043));
#8210=CARTESIAN_POINT('',(0.546425004778917,0.2,6.45785607869253));
#8211=CARTESIAN_POINT('',(1.07073970316935,0.2,6.57394374146028));
#8212=CARTESIAN_POINT('',(0.574680864438772,0.2,6.45202480768935));
#8213=CARTESIAN_POINT('',(1.11376882651991,0.2,6.58567161048593));
#8214=CARTESIAN_POINT('',(0.603553384226053,0.2,6.4466090543344));
#8215=CARTESIAN_POINT('',(1.15666763877495,0.2,6.59852419435276));
#8216=CARTESIAN_POINT('',(0.633046042465188,0.2,6.44164594697752));
#8217=CARTESIAN_POINT('',(1.19941391937896,0.2,6.6125));
#8218=CARTESIAN_POINT('',(0.66316004402248,0.2,6.43717293449479));
#8219=CARTESIAN_POINT('',(1.15666763877495,0.2,6.70147580564724));
#8220=CARTESIAN_POINT('',(1.0582612144152,0.2,6.90630744864759));
#8221=CARTESIAN_POINT('',(1.11376882651991,0.2,6.71432838951407));
#8222=CARTESIAN_POINT('',(0.611596636337672,0.2,6.8647803449559));
#8223=CARTESIAN_POINT('',(1.07073970316935,0.2,6.72605625853972));
#8224=CARTESIAN_POINT('',(0.58203882255077,0.2,6.85925488017842));
#8225=CARTESIAN_POINT('',(1.02760250081175,0.2,6.73665831076957));
#8226=CARTESIAN_POINT('',(0.553112263259972,0.2,6.85327621842558));
#8227=CARTESIAN_POINT('',(0.984379456612631,0.2,6.74613383538209));
#8228=CARTESIAN_POINT('',(0.524813482679362,0.2,6.84688168361374));
#8229=CARTESIAN_POINT('',(0.941092806360219,0.2,6.75448251261358));
#8230=CARTESIAN_POINT('',(0.497136725995724,0.2,6.84010812693829));
#8231=CARTESIAN_POINT('',(0.897764778014193,0.2,6.76170441358056));
#8232=CARTESIAN_POINT('',(0.470073968261481,0.2,6.83299177168175));
#8233=CARTESIAN_POINT('',(0.854417585259105,0.2,6.7678));
#8234=CARTESIAN_POINT('',(0.443614935038019,0.2,6.82556805593627));
#8235=CARTESIAN_POINT('',(0.849816447231376,0.2,6.79737115055207));
#8236=CARTESIAN_POINT('',(0.850966731738309,0.2,6.78997836291405));
#8237=CARTESIAN_POINT('',(0.844116401918668,0.2,6.8271263673536));
#8238=CARTESIAN_POINT('',(0.845541413246845,0.2,6.81968756315322));
#8239=CARTESIAN_POINT('',(0.837374849578216,0.2,6.85666303804469));
#8240=CARTESIAN_POINT('',(0.839060237663329,0.2,6.84927887037192));
#8241=CARTESIAN_POINT('',(0.829600108226498,0.2,6.88594471901397));
#8242=CARTESIAN_POINT('',(0.831543793564428,0.2,6.87862429877165));
#8243=CARTESIAN_POINT('',(0.820915148974863,0.2,6.91458376402111));
#8244=CARTESIAN_POINT('',(0.823086388787771,0.2,6.90742400276933));
#8245=CARTESIAN_POINT('',(0.857324844330383,0.2,6.93888333968946));
#8246=CARTESIAN_POINT('',(0.494064218062803,0.2,6.69644574198013));
#8247=CARTESIAN_POINT('',(0.893228583582656,0.2,6.96418937457515));
#8248=CARTESIAN_POINT('',(0.520871034766107,0.2,6.7017405790864));
#8249=CARTESIAN_POINT('',(0.928606152561974,0.2,6.99049264651428));
#8250=CARTESIAN_POINT('',(0.548078322655372,0.2,6.7075696735906));
#8251=CARTESIAN_POINT('',(0.963437493712369,0.2,7.01778357523036));
#8252=CARTESIAN_POINT('',(0.575680040974839,0.2,6.71396923296608));
#8253=CARTESIAN_POINT('',(0.997702712021168,0.2,7.04605222487932));
#8254=CARTESIAN_POINT('',(0.60366778453083,0.2,6.72097519737312));
#8255=CARTESIAN_POINT('',(1.03138208090842,0.2,7.07528830668856));
#8256=CARTESIAN_POINT('',(0.632030833312869,0.2,6.72862308904712));
#8257=CARTESIAN_POINT('',(1.06445604807475,0.2,7.10548118168959));
#8258=CARTESIAN_POINT('',(0.660756211795666,0.2,6.73694786866382));
#8259=CARTESIAN_POINT('',(1.09690524130617,0.2,7.13661986354345));
#8260=CARTESIAN_POINT('',(0.68982875706788,0.2,6.74598379926661));
#8261=CARTESIAN_POINT('',(1.01978701801812,0.2,7.19823737836631));
#8262=CARTESIAN_POINT('',(0.842252774113798,0.2,7.34008736451653));
#8263=CARTESIAN_POINT('',(0.975559996560871,0.2,7.19120405923751));
#8264=CARTESIAN_POINT('',(0.457839829895657,0.2,7.10887223964851));
#8265=CARTESIAN_POINT('',(0.931703564344157,0.2,7.18310086718617));
#8266=CARTESIAN_POINT('',(0.433606569188417,0.2,7.09106931313733));
#8267=CARTESIAN_POINT('',(0.888238229907747,0.2,7.17393645552715));
#8268=CARTESIAN_POINT('',(0.410138683928113,0.2,7.07313196132138));
#8269=CARTESIAN_POINT('',(0.845184336659388,0.2,7.16371983217692));
#8270=CARTESIAN_POINT('',(0.387416848299459,0.2,7.05509230380042));
#8271=CARTESIAN_POINT('',(0.802562057092298,0.2,7.15246035678527));
#8272=CARTESIAN_POINT('',(0.365419888260462,0.2,7.03698104543433));
#8273=CARTESIAN_POINT('',(0.760391387049845,0.2,7.14016773777623));
#8274=CARTESIAN_POINT('',(0.344124856889921,0.2,7.0188273403787));
#8275=CARTESIAN_POINT('',(0.718692140038766,0.2,7.12685202929892));
#8276=CARTESIAN_POINT('',(0.323507121226579,0.2,7.00065865933942));
#8277=CARTESIAN_POINT('',(0.70171621654732,0.2,7.15149835636273));
#8278=CARTESIAN_POINT('',(0.705960197420177,0.2,7.14533677459678));
#8279=CARTESIAN_POINT('',(0.683670348450835,0.2,7.17583372338517));
#8280=CARTESIAN_POINT('',(0.688181815474957,0.2,7.16974988162956));
#8281=CARTESIAN_POINT('',(0.664780938550219,0.2,7.1995202942024));
#8282=CARTESIAN_POINT('',(0.669503291025377,0.2,7.19359865149809));
#8283=CARTESIAN_POINT('',(0.645071293409729,0.2,7.22252884330722));
#8284=CARTESIAN_POINT('',(0.64999870469485,0.2,7.21677670603101));
#8285=CARTESIAN_POINT('',(0.624820399572551,0.2,7.24456346867092));
#8286=CARTESIAN_POINT('',(0.629883123031841,0.2,7.23905481233));
#8287=CARTESIAN_POINT('',(0.647081210827733,0.2,7.28225420461233));
#8288=CARTESIAN_POINT('',(0.424984427022706,0.2,6.90621259786801));
#8289=CARTESIAN_POINT('',(0.668449485096874,0.2,7.32063220284946));
#8290=CARTESIAN_POINT('',(0.44683919059827,0.2,6.92261412312644));
#8291=CARTESIAN_POINT('',(0.688911011389335,0.2,7.35968038390023));
#8292=CARTESIAN_POINT('',(0.468822960647396,0.2,6.93967075560343));
#8293=CARTESIAN_POINT('',(0.708451875197804,0.2,7.39938141358638));
#8294=CARTESIAN_POINT('',(0.490914584803311,0.2,6.95741249611954));
#8295=CARTESIAN_POINT('',(0.727058462736419,0.2,7.43971770789922));
#8296=CARTESIAN_POINT('',(0.51309089639705,0.2,6.97586807876346));
#8297=CARTESIAN_POINT('',(0.744717465101894,0.2,7.48067143793272));
#8298=CARTESIAN_POINT('',(0.53532682451259,0.2,6.99506485672514));
#8299=CARTESIAN_POINT('',(0.761415882356623,0.2,7.5222245348827));
#8300=CARTESIAN_POINT('',(0.557595509736873,0.2,7.01502869861563));
#8301=CARTESIAN_POINT('',(0.777141027532746,0.2,7.56435869511114));
#8302=CARTESIAN_POINT('',(0.579868424581462,0.2,7.03578389542964));
#8303=CARTESIAN_POINT('',(0.680925071475782,0.2,7.58641381460973));
#8304=CARTESIAN_POINT('',(0.459425842346763,0.2,7.63718701447686));
#8305=CARTESIAN_POINT('',(0.644129544824766,0.2,7.56088762759675));
#8306=CARTESIAN_POINT('',(0.213402230105781,0.2,7.26207885958004));
#8307=CARTESIAN_POINT('',(0.608132108006256,0.2,7.53455831103332));
#8308=CARTESIAN_POINT('',(0.1992932169627,0.2,7.23552455926925));
#8309=CARTESIAN_POINT('',(0.572947484043512,0.2,7.50744255960864));
#8310=CARTESIAN_POINT('',(0.185932108223437,0.2,7.20918122990453));
#8311=CARTESIAN_POINT('',(0.5385900933251,0.2,7.47955731584883));
#8312=CARTESIAN_POINT('',(0.173287555758012,0.2,7.18306942508837));
#8313=CARTESIAN_POINT('',(0.50507404963955,0.2,7.45091976502375));
#8314=CARTESIAN_POINT('',(0.16132716007439,0.2,7.15720762187103));
#8315=CARTESIAN_POINT('',(0.472413156291905,0.2,7.42154732999251));
#8316=CARTESIAN_POINT('',(0.150017597196903,0.2,7.13161213094314));
#8317=CARTESIAN_POINT('',(0.440620902303083,0.2,7.39145766598884));
#8318=CARTESIAN_POINT('',(0.139324754501741,0.2,7.10629701471417));
#8319=CARTESIAN_POINT('',(0.414632483191438,0.2,7.40629766222203));
#8320=CARTESIAN_POINT('',(0.42112958796934,0.2,7.40258766316374));
#8321=CARTESIAN_POINT('',(0.387814997805735,0.2,7.4203932615729));
#8322=CARTESIAN_POINT('',(0.394519369152159,0.2,7.41686936173519));
#8323=CARTESIAN_POINT('',(0.360519009639182,0.2,7.43353831666919));
#8324=CARTESIAN_POINT('',(0.367343006680823,0.2,7.43025205289512));
#8325=CARTESIAN_POINT('',(0.332778197652927,0.2,7.445716608578));
#8326=CARTESIAN_POINT('',(0.3397134006495,0.2,7.44267203560079));
#8327=CARTESIAN_POINT('',(0.304972307115574,0.2,7.45678258650804));
#8328=CARTESIAN_POINT('',(0.311923779749903,0.2,7.45401609202553));
#8329=CARTESIAN_POINT('',(0.308675207590395,0.2,7.50039937022277));
#8330=CARTESIAN_POINT('',(0.271731258118809,0.2,7.06523340650682));
#8331=CARTESIAN_POINT('',(0.311275768092716,0.2,7.54424809858522));
#8332=CARTESIAN_POINT('',(0.284305364609404,0.2,7.08949309668848));
#8333=CARTESIAN_POINT('',(0.312768595471945,0.2,7.58830721759601));
#8334=CARTESIAN_POINT('',(0.296711461546916,0.2,7.11439899189032));
#8335=CARTESIAN_POINT('',(0.313148674208253,0.2,7.6325550724217));
#8336=CARTESIAN_POINT('',(0.308917474439221,0.2,7.13996894424969));
#8337=CARTESIAN_POINT('',(0.312411368119841,0.2,7.6769699136176));
#8338=CARTESIAN_POINT('',(0.320890063584942,0.2,7.16621879064498));
#8339=CARTESIAN_POINT('',(0.310552421971606,0.2,7.72152990337767));
#8340=CARTESIAN_POINT('',(0.332594772764932,0.2,7.19316229758601));
#8341=CARTESIAN_POINT('',(0.307567962984792,0.2,7.76621312181036));
#8342=CARTESIAN_POINT('',(0.343996178514535,0.2,7.22081111802341));
#8343=CARTESIAN_POINT('',(0.303454502247228,0.2,7.81099757323859));
#8344=CARTESIAN_POINT('',(0.355058038987173,0.2,7.24917475977384));
#8345=CARTESIAN_POINT('',(0.207197563529702,0.2,7.78912201050792));
#8346=CARTESIAN_POINT('',(-0.0143960119852337,0.2,7.73876216916583));
#8347=CARTESIAN_POINT('',(0.185121337005669,0.2,7.75015873000683));
#8348=CARTESIAN_POINT('',(-0.0733022985631439,0.2,7.29405575471716));
#8349=CARTESIAN_POINT('',(0.164112629426861,0.2,7.71081813298456));
#8350=CARTESIAN_POINT('',(-0.074492601053383,0.2,7.26400948545042));
#8351=CARTESIAN_POINT('',(0.144177462224698,0.2,7.67112164891674));
#8352=CARTESIAN_POINT('',(-0.0751006018225499,0.2,7.23447779799736));
#8353=CARTESIAN_POINT('',(0.125321476633759,0.2,7.63109079926406));
#8354=CARTESIAN_POINT('',(-0.0751634624337157,0.2,7.20546560907009));
#8355=CARTESIAN_POINT('',(0.107549932328974,0.2,7.59074719116298));
#8356=CARTESIAN_POINT('',(-0.0747183907121927,0.2,7.17697550830291));
#8357=CARTESIAN_POINT('',(0.0908677061632077,0.2,7.55011251109674));
#8358=CARTESIAN_POINT('',(-0.0738024874660521,0.2,7.14900773238914));
#8359=CARTESIAN_POINT('',(0.0752792910055363,0.2,7.50920851854815));
#8360=CARTESIAN_POINT('',(-0.0724525885581359,0.2,7.12156015020912));
#8361=CARTESIAN_POINT('',(0.0454257014057982,0.2,7.51130294069612));
#8362=CARTESIAN_POINT('',(0.0528890988057435,0.2,7.51077933515913));
#8363=CARTESIAN_POINT('',(0.0151481306063893,0.2,7.51236696605281));
#8364=CARTESIAN_POINT('',(0.0227175233062422,0.2,7.51210095971364));
#8365=CARTESIAN_POINT('',(-0.0151481306063892,0.2,7.51236696605281));
#8366=CARTESIAN_POINT('',(-0.0075740653031946,0.2,7.51236696605281));
#8367=CARTESIAN_POINT('',(-0.0454257014057981,0.2,7.51130294069612));
#8368=CARTESIAN_POINT('',(-0.0378563087059466,0.2,7.5115689470353));
#8369=CARTESIAN_POINT('',(-0.0752792910055361,0.2,7.50920851854815));
#8370=CARTESIAN_POINT('',(-0.0678158936056125,0.2,7.50973212408514));
#8371=CARTESIAN_POINT('',(-0.0908677061632076,0.2,7.55011251109674));
#8372=CARTESIAN_POINT('',(0.0646583809793005,0.2,7.14201214648342));
#8373=CARTESIAN_POINT('',(-0.107549932328973,0.2,7.59074719116298));
#8374=CARTESIAN_POINT('',(0.0654613743831693,0.2,7.16932507242226));
#8375=CARTESIAN_POINT('',(-0.125321476633759,0.2,7.63109079926406));
#8376=CARTESIAN_POINT('',(0.0658326185597995,0.2,7.19714731235345));
#8377=CARTESIAN_POINT('',(-0.144177462224698,0.2,7.67112164891674));
#8378=CARTESIAN_POINT('',(0.0657354696382469,0.2,7.22548103389643));
#8379=CARTESIAN_POINT('',(-0.16411262942686,0.2,7.71081813298456));
#8380=CARTESIAN_POINT('',(0.0651330182214684,0.2,7.25432604003127));
#8381=CARTESIAN_POINT('',(-0.185121337005669,0.2,7.75015873000683));
#8382=CARTESIAN_POINT('',(0.0639882472639789,0.2,7.28367978396155));
#8383=CARTESIAN_POINT('',(-0.207197563529702,0.2,7.78912201050792));
#8384=CARTESIAN_POINT('',(0.0622641853011276,0.2,7.3135373949677));
#8385=CARTESIAN_POINT('',(-0.230334908833592,0.2,7.82768664328531));
#8386=CARTESIAN_POINT('',(0.0599240542703909,0.2,7.34389171454865));
#8387=CARTESIAN_POINT('',(-0.307567962984791,0.2,7.76621312181036));
#8388=CARTESIAN_POINT('',(-0.485366559588062,0.2,7.62469462345978));
#8389=CARTESIAN_POINT('',(-0.310552421971606,0.2,7.72152990337767));
#8390=CARTESIAN_POINT('',(-0.345488408007942,0.2,7.19846950880707));
#8391=CARTESIAN_POINT('',(-0.312411368119841,0.2,7.6769699136176));
#8392=CARTESIAN_POINT('',(-0.33352424583905,0.2,7.17088230270598));
#8393=CARTESIAN_POINT('',(-0.313148674208253,0.2,7.6325550724217));
#8394=CARTESIAN_POINT('',(-0.321258716629147,0.2,7.14401137004703));
#8395=CARTESIAN_POINT('',(-0.312768595471944,0.2,7.58830721759601));
#8396=CARTESIAN_POINT('',(-0.308727435071068,0.2,7.11784501683684));
#8397=CARTESIAN_POINT('',(-0.311275768092716,0.2,7.54424809858522));
#8398=CARTESIAN_POINT('',(-0.2959650478573,0.2,7.09236943238493));
#8399=CARTESIAN_POINT('',(-0.308675207590395,0.2,7.50039937022277));
#8400=CARTESIAN_POINT('',(-0.283005084358243,0.2,7.06756873250725));
#8401=CARTESIAN_POINT('',(-0.304972307115574,0.2,7.45678258650804));
#8402=CARTESIAN_POINT('',(-0.269879807881399,0.2,7.04342501464946));
#8403=CARTESIAN_POINT('',(-0.332778197652927,0.2,7.445716608578));
#8404=CARTESIAN_POINT('',(-0.325826725018579,0.2,7.44848310306051));
#8405=CARTESIAN_POINT('',(-0.360519009639182,0.2,7.43353831666919));
#8406=CARTESIAN_POINT('',(-0.353583806642627,0.2,7.43658288964639));
#8407=CARTESIAN_POINT('',(-0.387814997805735,0.2,7.4203932615729));
#8408=CARTESIAN_POINT('',(-0.380991000764102,0.2,7.42367952534697));
#8409=CARTESIAN_POINT('',(-0.414632483191438,0.2,7.40629766222203));
#8410=CARTESIAN_POINT('',(-0.40792811184501,0.2,7.40982156205975));
#8411=CARTESIAN_POINT('',(-0.440620902303083,0.2,7.39145766598884));
#8412=CARTESIAN_POINT('',(-0.434123797525163,0.2,7.39516766504714));
#8413=CARTESIAN_POINT('',(-0.472413156291905,0.2,7.42154732999251));
#8414=CARTESIAN_POINT('',(-0.155220881496152,0.2,7.121341846716));
#8415=CARTESIAN_POINT('',(-0.50507404963955,0.2,7.45091976502375));
#8416=CARTESIAN_POINT('',(-0.166348043870724,0.2,7.14629834845877));
#8417=CARTESIAN_POINT('',(-0.5385900933251,0.2,7.47955731584883));
#8418=CARTESIAN_POINT('',(-0.178085181917166,0.2,7.17152639728356));
#8419=CARTESIAN_POINT('',(-0.572947484043512,0.2,7.50744255960864));
#8420=CARTESIAN_POINT('',(-0.190466251117218,0.2,7.19701204696827));
#8421=CARTESIAN_POINT('',(-0.608132108006256,0.2,7.53455831103332));
#8422=CARTESIAN_POINT('',(-0.203524420204808,0.2,7.22273910561687));
#8423=CARTESIAN_POINT('',(-0.644129544824766,0.2,7.56088762759675));
#8424=CARTESIAN_POINT('',(-0.217291935371961,0.2,7.24868921755095));
#8425=CARTESIAN_POINT('',(-0.680925071475782,0.2,7.58641381460973));
#8426=CARTESIAN_POINT('',(-0.231799993431284,0.2,7.27484195308655));
#8427=CARTESIAN_POINT('',(-0.718503666347644,0.2,7.61112043025055));
#8428=CARTESIAN_POINT('',(-0.247078624314946,0.2,7.30117490523367));
#8429=CARTESIAN_POINT('',(-0.761415882356623,0.2,7.5222245348827));
#8430=CARTESIAN_POINT('',(-0.86020430743426,0.2,7.31757685373244));
#8431=CARTESIAN_POINT('',(-0.744717465101894,0.2,7.48067143793272));
#8432=CARTESIAN_POINT('',(-0.549246301109516,0.2,6.99425215014064));
#8433=CARTESIAN_POINT('',(-0.727058462736419,0.2,7.43971770789922));
#8434=CARTESIAN_POINT('',(-0.526497323329848,0.2,6.9745879917084));
#8435=CARTESIAN_POINT('',(-0.708451875197804,0.2,7.39938141358638));
#8436=CARTESIAN_POINT('',(-0.503787602627741,0.2,6.95569993160704));
#8437=CARTESIAN_POINT('',(-0.688911011389334,0.2,7.35968038390023));
#8438=CARTESIAN_POINT('',(-0.481144152899077,0.2,6.93756198127647));
#8439=CARTESIAN_POINT('',(-0.668449485096874,0.2,7.32063220284946));
#8440=CARTESIAN_POINT('',(-0.458592197501166,0.2,6.92014666507805));
#8441=CARTESIAN_POINT('',(-0.647081210827733,0.2,7.28225420461233));
#8442=CARTESIAN_POINT('',(-0.436155053463701,0.2,6.90342512400787));
#8443=CARTESIAN_POINT('',(-0.624820399572551,0.2,7.24456346867092));
#8444=CARTESIAN_POINT('',(-0.413854021395114,0.2,6.8873672298973));
#8445=CARTESIAN_POINT('',(-0.645071293409729,0.2,7.22252884330722));
#8446=CARTESIAN_POINT('',(-0.64000856995043,0.2,7.22803749964815));
#8447=CARTESIAN_POINT('',(-0.664780938550219,0.2,7.1995202942024));
#8448=CARTESIAN_POINT('',(-0.659853527265094,0.2,7.20527243147861));
#8449=CARTESIAN_POINT('',(-0.683670348450835,0.2,7.17583372338517));
#8450=CARTESIAN_POINT('',(-0.678947995975686,0.2,7.18175536608947));
#8451=CARTESIAN_POINT('',(-0.701716216547319,0.2,7.15149835636273));
#8452=CARTESIAN_POINT('',(-0.697204749523199,0.2,7.15758219811834));
#8453=CARTESIAN_POINT('',(-0.718692140038766,0.2,7.12685202929892));
#8454=CARTESIAN_POINT('',(-0.7144481591659,0.2,7.13301361106488));
#8455=CARTESIAN_POINT('',(-0.760391387049845,0.2,7.14016773777623));
#8456=CARTESIAN_POINT('',(-0.344356744732118,0.2,7.00731651357807));
#8457=CARTESIAN_POINT('',(-0.802562057092298,0.2,7.15246035678527));
#8458=CARTESIAN_POINT('',(-0.365210191911148,0.2,7.02497364988322));
#8459=CARTESIAN_POINT('',(-0.845184336659388,0.2,7.16371983217692));
#8460=CARTESIAN_POINT('',(-0.386731028044007,0.2,7.04261078313015));
#8461=CARTESIAN_POINT('',(-0.888238229907747,0.2,7.17393645552715));
#8462=CARTESIAN_POINT('',(-0.408943794923639,0.2,7.06020061547553));
#8463=CARTESIAN_POINT('',(-0.931703564344157,0.2,7.18310086718617));
#8464=CARTESIAN_POINT('',(-0.431871351146318,0.2,7.07771416715089));
#8465=CARTESIAN_POINT('',(-0.97555999656087,0.2,7.19120405923751));
#8466=CARTESIAN_POINT('',(-0.455534785296773,0.2,7.095120909163));
#8467=CARTESIAN_POINT('',(-1.01978701801812,0.2,7.19823737836631));
#8468=CARTESIAN_POINT('',(-0.47995334062428,0.2,7.11238889921292));
#8469=CARTESIAN_POINT('',(-1.06436396087236,0.2,7.20419252863613));
#8470=CARTESIAN_POINT('',(-0.505144351134233,0.2,7.12948491980107));
#8471=CARTESIAN_POINT('',(-1.06445604807475,0.2,7.10548118168959));
#8472=CARTESIAN_POINT('',(-1.0646680424796,0.2,6.87823730083057));
#8473=CARTESIAN_POINT('',(-1.03138208090842,0.2,7.07528830668856));
#8474=CARTESIAN_POINT('',(-0.644219228212517,0.2,6.7218514311633));
#8475=CARTESIAN_POINT('',(-0.997702712021168,0.2,7.04605222487932));
#8476=CARTESIAN_POINT('',(-0.615191148869244,0.2,6.7140050481425));
#8477=CARTESIAN_POINT('',(-0.963437493712369,0.2,7.01778357523036));
#8478=CARTESIAN_POINT('',(-0.58653517537643,0.2,6.70684087254865));
#8479=CARTESIAN_POINT('',(-0.928606152561974,0.2,6.99049264651428));
#8480=CARTESIAN_POINT('',(-0.558264370399641,0.2,6.70032376860803));
#8481=CARTESIAN_POINT('',(-0.893228583582656,0.2,6.96418937457515));
#8482=CARTESIAN_POINT('',(-0.5303895381657,0.2,6.69441803762105));
#8483=CARTESIAN_POINT('',(-0.857324844330383,0.2,6.93888333968946));
#8484=CARTESIAN_POINT('',(-0.502919165139982,0.2,6.68908756164355));
#8485=CARTESIAN_POINT('',(-0.820915148974863,0.2,6.91458376402111));
#8486=CARTESIAN_POINT('',(-0.475859370385043,0.2,6.68429595414595));
#8487=CARTESIAN_POINT('',(-0.829600108226498,0.2,6.88594471901397));
#8488=CARTESIAN_POINT('',(-0.827428868413588,0.2,6.89310448026576));
#8489=CARTESIAN_POINT('',(-0.837374849578216,0.2,6.85666303804469));
#8490=CARTESIAN_POINT('',(-0.835431164240287,0.2,6.86398345828701));
#8491=CARTESIAN_POINT('',(-0.844116401918667,0.2,6.8271263673536));
#8492=CARTESIAN_POINT('',(-0.842431013833554,0.2,6.83451053502638));
#8493=CARTESIAN_POINT('',(-0.849816447231376,0.2,6.79737115055207));
#8494=CARTESIAN_POINT('',(-0.848391435903199,0.2,6.80480995475245));
#8495=CARTESIAN_POINT('',(-0.854417585259105,0.2,6.7678));
#8496=CARTESIAN_POINT('',(-0.853267300752173,0.2,6.77519278763801));
#8497=CARTESIAN_POINT('',(-0.897764778014193,0.2,6.76170441358056));
#8498=CARTESIAN_POINT('',(-0.465288531415556,0.2,6.82252026272654));
#8499=CARTESIAN_POINT('',(-0.941092806360219,0.2,6.75448251261358));
#8500=CARTESIAN_POINT('',(-0.491737982434502,0.2,6.82938082119827));
#8501=CARTESIAN_POINT('',(-0.984379456612631,0.2,6.74613383538209));
#8502=CARTESIAN_POINT('',(-0.51878005112193,0.2,6.83593378832254));
#8503=CARTESIAN_POINT('',(-1.02760250081175,0.2,6.73665831076957));
#8504=CARTESIAN_POINT('',(-0.546425004778922,0.2,6.84214392130748));
#8505=CARTESIAN_POINT('',(-1.07073970316935,0.2,6.72605625853972));
#8506=CARTESIAN_POINT('',(-0.574680864438761,0.2,6.84797519231064));
#8507=CARTESIAN_POINT('',(-1.11376882651991,0.2,6.71432838951407));
#8508=CARTESIAN_POINT('',(-0.603553384226059,0.2,6.85339094566561));
#8509=CARTESIAN_POINT('',(-1.15666763877495,0.2,6.70147580564724));
#8510=CARTESIAN_POINT('',(-0.633046042465195,0.2,6.85835405302248));
#8511=CARTESIAN_POINT('',(-1.19941391937896,0.2,6.6875));
#8512=CARTESIAN_POINT('',(-0.66316004402248,0.2,6.86282706550521));
#8513=CARTESIAN_POINT('',(-1.15666763877495,0.2,6.59852419435276));
#8514=CARTESIAN_POINT('',(-1.05826121441519,0.2,6.3936925513524));
#8515=CARTESIAN_POINT('',(-1.11376882651991,0.2,6.58567161048593));
#8516=CARTESIAN_POINT('',(-0.611596636337679,0.2,6.4352196550441));
#8517=CARTESIAN_POINT('',(-1.07073970316935,0.2,6.57394374146028));
#8518=CARTESIAN_POINT('',(-0.582038822550776,0.2,6.44074511982157));
#8519=CARTESIAN_POINT('',(-1.02760250081175,0.2,6.56334168923043));
#8520=CARTESIAN_POINT('',(-0.553112263259973,0.2,6.44672378157442));
#8521=CARTESIAN_POINT('',(-0.984379456612631,0.2,6.55386616461791));
#8522=CARTESIAN_POINT('',(-0.524813482679357,0.2,6.45311831638627));
#8523=CARTESIAN_POINT('',(-0.941092806360219,0.2,6.54551748738642));
#8524=CARTESIAN_POINT('',(-0.497136725995724,0.2,6.45989187306171));
#8525=CARTESIAN_POINT('',(-0.897764778014193,0.2,6.53829558641944));
#8526=CARTESIAN_POINT('',(-0.470073968261493,0.2,6.46700822831823));
#8527=CARTESIAN_POINT('',(-0.854417585259105,0.2,6.5322));
#8528=CARTESIAN_POINT('',(-0.443614935038012,0.2,6.47443194406374));
#8529=CARTESIAN_POINT('',(-0.849816447231376,0.2,6.50262884944793));
#8530=CARTESIAN_POINT('',(-0.850966731738309,0.2,6.51002163708595));
#8531=CARTESIAN_POINT('',(-0.844116401918668,0.2,6.4728736326464));
#8532=CARTESIAN_POINT('',(-0.845541413246845,0.2,6.48031243684678));
#8533=CARTESIAN_POINT('',(-0.837374849578216,0.2,6.44333696195531));
#8534=CARTESIAN_POINT('',(-0.839060237663329,0.2,6.45072112962808));
#8535=CARTESIAN_POINT('',(-0.829600108226499,0.2,6.41405528098603));
#8536=CARTESIAN_POINT('',(-0.831543793564428,0.2,6.42137570122835));
#8537=CARTESIAN_POINT('',(-0.820915148974863,0.2,6.38541623597889));
#8538=CARTESIAN_POINT('',(-0.823086388787772,0.2,6.39257599723067));
#8539=CARTESIAN_POINT('',(-0.857324844330383,0.2,6.36111666031054));
#8540=CARTESIAN_POINT('',(-0.494064218062796,0.2,6.60355425801987));
#8541=CARTESIAN_POINT('',(-0.893228583582656,0.2,6.33581062542485));
#8542=CARTESIAN_POINT('',(-0.520871034766113,0.2,6.5982594209136));
#8543=CARTESIAN_POINT('',(-0.928606152561974,0.2,6.30950735348572));
#8544=CARTESIAN_POINT('',(-0.548078322655358,0.2,6.59243032640939));
#8545=CARTESIAN_POINT('',(-0.963437493712369,0.2,6.28221642476964));
#8546=CARTESIAN_POINT('',(-0.575680040974847,0.2,6.58603076703393));
#8547=CARTESIAN_POINT('',(-0.997702712021168,0.2,6.25394777512068));
#8548=CARTESIAN_POINT('',(-0.603667784530828,0.2,6.57902480262688));
#8549=CARTESIAN_POINT('',(-1.03138208090842,0.2,6.22471169331144));
#8550=CARTESIAN_POINT('',(-0.632030833312871,0.2,6.57137691095289));
#8551=CARTESIAN_POINT('',(-1.06445604807475,0.2,6.19451881831041));
#8552=CARTESIAN_POINT('',(-0.660756211795673,0.2,6.56305213133618));
#8553=CARTESIAN_POINT('',(-1.09690524130617,0.2,6.16338013645655));
#8554=CARTESIAN_POINT('',(-0.689828757067865,0.2,6.55401620073339));
#8555=CARTESIAN_POINT('',(-1.01978701801812,0.2,6.10176262163369));
#8556=CARTESIAN_POINT('',(-0.842252774113798,0.2,5.95991263548347));
#8557=CARTESIAN_POINT('',(-0.975559996560871,0.2,6.10879594076249));
#8558=CARTESIAN_POINT('',(-0.457839829895659,0.2,6.19112776035147));
#8559=CARTESIAN_POINT('',(-0.931703564344157,0.2,6.11689913281383));
#8560=CARTESIAN_POINT('',(-0.433606569188415,0.2,6.20893068686268));
#8561=CARTESIAN_POINT('',(-0.888238229907747,0.2,6.12606354447285));
#8562=CARTESIAN_POINT('',(-0.410138683928113,0.2,6.22686803867862));
#8563=CARTESIAN_POINT('',(-0.845184336659388,0.2,6.13628016782308));
#8564=CARTESIAN_POINT('',(-0.387416848299459,0.2,6.24490769619958));
#8565=CARTESIAN_POINT('',(-0.802562057092298,0.2,6.14753964321473));
#8566=CARTESIAN_POINT('',(-0.365419888260462,0.2,6.26301895456567));
#8567=CARTESIAN_POINT('',(-0.760391387049845,0.2,6.15983226222377));
#8568=CARTESIAN_POINT('',(-0.344124856889921,0.2,6.2811726596213));
#8569=CARTESIAN_POINT('',(-0.718692140038766,0.2,6.17314797070108));
#8570=CARTESIAN_POINT('',(-0.323507121226579,0.2,6.29934134066058));
#8571=CARTESIAN_POINT('',(-0.70171621654732,0.2,6.14850164363727));
#8572=CARTESIAN_POINT('',(-0.705960197420181,0.2,6.15466322540323));
#8573=CARTESIAN_POINT('',(-0.683670348450835,0.2,6.12416627661483));
#8574=CARTESIAN_POINT('',(-0.688181815474956,0.2,6.13025011837044));
#8575=CARTESIAN_POINT('',(-0.664780938550219,0.2,6.1004797057976));
#8576=CARTESIAN_POINT('',(-0.669503291025375,0.2,6.10640134850191));
#8577=CARTESIAN_POINT('',(-0.645071293409729,0.2,6.07747115669278));
#8578=CARTESIAN_POINT('',(-0.64999870469485,0.2,6.08322329396899));
#8579=CARTESIAN_POINT('',(-0.624820399572551,0.2,6.05543653132908));
#8580=CARTESIAN_POINT('',(-0.629883123031846,0.2,6.06094518767001));
#8581=CARTESIAN_POINT('',(-0.647081210827733,0.2,6.01774579538767));
#8582=CARTESIAN_POINT('',(-0.424984427022705,0.2,6.39378740213199));
#8583=CARTESIAN_POINT('',(-0.668449485096874,0.2,5.97936779715054));
#8584=CARTESIAN_POINT('',(-0.446839190598276,0.2,6.37738587687356));
#8585=CARTESIAN_POINT('',(-0.688911011389335,0.2,5.94031961609977));
#8586=CARTESIAN_POINT('',(-0.468822960647386,0.2,6.36032924439657));
#8587=CARTESIAN_POINT('',(-0.708451875197804,0.2,5.90061858641362));
#8588=CARTESIAN_POINT('',(-0.49091458480332,0.2,6.34258750388046));
#8589=CARTESIAN_POINT('',(-0.727058462736419,0.2,5.86028229210078));
#8590=CARTESIAN_POINT('',(-0.513090896397044,0.2,6.32413192123654));
#8591=CARTESIAN_POINT('',(-0.744717465101894,0.2,5.81932856206728));
#8592=CARTESIAN_POINT('',(-0.535326824512586,0.2,6.30493514327486));
#8593=CARTESIAN_POINT('',(-0.761415882356623,0.2,5.7777754651173));
#8594=CARTESIAN_POINT('',(-0.55759550973688,0.2,6.28497130138437));
#8595=CARTESIAN_POINT('',(-0.777141027532747,0.2,5.73564130488886));
#8596=CARTESIAN_POINT('',(-0.579868424581452,0.2,6.26421610457036));
#8597=CARTESIAN_POINT('',(-0.680925071475782,0.2,5.71358618539027));
#8598=CARTESIAN_POINT('',(-0.459425842346768,0.2,5.66281298552314));
#8599=CARTESIAN_POINT('',(-0.644129544824766,0.2,5.73911237240325));
#8600=CARTESIAN_POINT('',(-0.213402230105779,0.2,6.03792114041995));
#8601=CARTESIAN_POINT('',(-0.608132108006257,0.2,5.76544168896668));
#8602=CARTESIAN_POINT('',(-0.199293216962704,0.2,6.06447544073076));
#8603=CARTESIAN_POINT('',(-0.572947484043512,0.2,5.79255744039136));
#8604=CARTESIAN_POINT('',(-0.185932108223438,0.2,6.09081877009547));
#8605=CARTESIAN_POINT('',(-0.5385900933251,0.2,5.82044268415117));
#8606=CARTESIAN_POINT('',(-0.173287555758008,0.2,6.11693057491163));
#8607=CARTESIAN_POINT('',(-0.50507404963955,0.2,5.84908023497625));
#8608=CARTESIAN_POINT('',(-0.161327160074391,0.2,6.14279237812897));
#8609=CARTESIAN_POINT('',(-0.472413156291905,0.2,5.87845267000749));
#8610=CARTESIAN_POINT('',(-0.150017597196902,0.2,6.16838786905685));
#8611=CARTESIAN_POINT('',(-0.440620902303083,0.2,5.90854233401116));
#8612=CARTESIAN_POINT('',(-0.139324754501746,0.2,6.19370298528584));
#8613=CARTESIAN_POINT('',(-0.414632483191438,0.2,5.89370233777797));
#8614=CARTESIAN_POINT('',(-0.421129587969348,0.2,5.89741233683627));
#8615=CARTESIAN_POINT('',(-0.387814997805735,0.2,5.8796067384271));
#8616=CARTESIAN_POINT('',(-0.39451936915216,0.2,5.88313063826481));
#8617=CARTESIAN_POINT('',(-0.360519009639182,0.2,5.86646168333081));
#8618=CARTESIAN_POINT('',(-0.367343006680811,0.2,5.86974794710488));
#8619=CARTESIAN_POINT('',(-0.332778197652928,0.2,5.854283391422));
#8620=CARTESIAN_POINT('',(-0.339713400649501,0.2,5.85732796439921));
#8621=CARTESIAN_POINT('',(-0.304972307115574,0.2,5.84321741349196));
#8622=CARTESIAN_POINT('',(-0.311923779749913,0.2,5.84598390797447));
#8623=CARTESIAN_POINT('',(-0.308675207590395,0.2,5.79960062977723));
#8624=CARTESIAN_POINT('',(-0.271731258118805,0.2,6.23476659349318));
#8625=CARTESIAN_POINT('',(-0.311275768092716,0.2,5.75575190141478));
#8626=CARTESIAN_POINT('',(-0.284305364609409,0.2,6.21050690331152));
#8627=CARTESIAN_POINT('',(-0.312768595471945,0.2,5.711692782404));
#8628=CARTESIAN_POINT('',(-0.296711461546908,0.2,6.18560100810969));
#8629=CARTESIAN_POINT('',(-0.313148674208253,0.2,5.6674449275783));
#8630=CARTESIAN_POINT('',(-0.308917474439227,0.2,6.16003105575031));
#8631=CARTESIAN_POINT('',(-0.312411368119841,0.2,5.6230300863824));
#8632=CARTESIAN_POINT('',(-0.320890063584944,0.2,6.13378120935502));
#8633=CARTESIAN_POINT('',(-0.310552421971606,0.2,5.57847009662233));
#8634=CARTESIAN_POINT('',(-0.332594772764927,0.2,6.10683770241399));
#8635=CARTESIAN_POINT('',(-0.307567962984791,0.2,5.53378687818964));
#8636=CARTESIAN_POINT('',(-0.343996178514541,0.2,6.07918888197659));
#8637=CARTESIAN_POINT('',(-0.303454502247229,0.2,5.48900242676141));
#8638=CARTESIAN_POINT('',(-0.355058038987164,0.2,6.05082524022617));
#8639=CARTESIAN_POINT('',(-0.207197563529702,0.2,5.51087798949208));
#8640=CARTESIAN_POINT('',(0.0143960119852332,0.2,5.56123783083417));
#8641=CARTESIAN_POINT('',(-0.185121337005669,0.2,5.54984126999317));
#8642=CARTESIAN_POINT('',(0.0733022985631471,0.2,6.00594424528284));
#8643=CARTESIAN_POINT('',(-0.164112629426861,0.2,5.58918186701544));
#8644=CARTESIAN_POINT('',(0.0744926010533798,0.2,6.03599051454959));
#8645=CARTESIAN_POINT('',(-0.144177462224698,0.2,5.62887835108326));
#8646=CARTESIAN_POINT('',(0.0751006018225548,0.2,6.06552220200263));
#8647=CARTESIAN_POINT('',(-0.125321476633759,0.2,5.66890920073594));
#8648=CARTESIAN_POINT('',(0.0751634624337129,0.2,6.09453439092992));
#8649=CARTESIAN_POINT('',(-0.107549932328974,0.2,5.70925280883702));
#8650=CARTESIAN_POINT('',(0.0747183907121906,0.2,6.12302449169709));
#8651=CARTESIAN_POINT('',(-0.0908677061632077,0.2,5.74988748890326));
#8652=CARTESIAN_POINT('',(0.0738024874660526,0.2,6.15099226761086));
#8653=CARTESIAN_POINT('',(-0.0752792910055365,0.2,5.79079148145185));
#8654=CARTESIAN_POINT('',(0.0724525885581356,0.2,6.17843984979088));
#8655=CARTESIAN_POINT('',(-0.0454257014057983,0.2,5.78869705930388));
#8656=CARTESIAN_POINT('',(-0.0528890988057435,0.2,5.78922066484087));
#8657=CARTESIAN_POINT('',(-0.0151481306063896,0.2,5.78763303394719));
#8658=CARTESIAN_POINT('',(-0.0227175233062424,0.2,5.78789904028636));
#8659=CARTESIAN_POINT('',(0.0151481306063893,0.2,5.78763303394719));
#8660=CARTESIAN_POINT('',(0.00757406530319464,0.2,5.78763303394719));
#8661=CARTESIAN_POINT('',(0.045425701405798,0.2,5.78869705930388));
#8662=CARTESIAN_POINT('',(0.0378563087059467,0.2,5.7884310529647));
#8663=CARTESIAN_POINT('',(0.0752792910055362,0.2,5.79079148145185));
#8664=CARTESIAN_POINT('',(0.0678158936056124,0.2,5.79026787591486));
#8665=CARTESIAN_POINT('',(0.0908677061632073,0.2,5.74988748890326));
#8666=CARTESIAN_POINT('',(-0.0646583809793003,0.2,6.15798785351658));
#8667=CARTESIAN_POINT('',(0.107549932328974,0.2,5.70925280883702));
#8668=CARTESIAN_POINT('',(-0.0654613743831696,0.2,6.13067492757774));
#8669=CARTESIAN_POINT('',(0.125321476633759,0.2,5.66890920073594));
#8670=CARTESIAN_POINT('',(-0.0658326185597981,0.2,6.10285268764655));
#8671=CARTESIAN_POINT('',(0.144177462224697,0.2,5.62887835108326));
#8672=CARTESIAN_POINT('',(-0.0657354696382435,0.2,6.07451896610357));
#8673=CARTESIAN_POINT('',(0.164112629426861,0.2,5.58918186701544));
#8674=CARTESIAN_POINT('',(-0.0651330182214742,0.2,6.04567395996872));
#8675=CARTESIAN_POINT('',(0.185121337005669,0.2,5.54984126999317));
#8676=CARTESIAN_POINT('',(-0.0639882472639756,0.2,6.01632021603845));
#8677=CARTESIAN_POINT('',(0.207197563529702,0.2,5.51087798949208));
#8678=CARTESIAN_POINT('',(-0.0622641853011309,0.2,5.98646260503229));
#8679=CARTESIAN_POINT('',(0.230334908833591,0.2,5.47231335671469));
#8680=CARTESIAN_POINT('',(-0.0599240542703864,0.2,5.95610828545136));
#8681=CARTESIAN_POINT('',(0.307567962984791,0.2,5.53378687818964));
#8682=CARTESIAN_POINT('',(0.485366559588059,0.2,5.67530537654021));
#8683=CARTESIAN_POINT('',(0.310552421971606,0.2,5.57847009662232));
#8684=CARTESIAN_POINT('',(0.345488408007949,0.2,6.10153049119293));
#8685=CARTESIAN_POINT('',(0.312411368119841,0.2,5.6230300863824));
#8686=CARTESIAN_POINT('',(0.333524245839044,0.2,6.12911769729403));
#8687=CARTESIAN_POINT('',(0.313148674208253,0.2,5.6674449275783));
#8688=CARTESIAN_POINT('',(0.321258716629149,0.2,6.15598862995297));
#8689=CARTESIAN_POINT('',(0.312768595471945,0.2,5.711692782404));
#8690=CARTESIAN_POINT('',(0.308727435071072,0.2,6.18215498316316));
#8691=CARTESIAN_POINT('',(0.311275768092716,0.2,5.75575190141477));
#8692=CARTESIAN_POINT('',(0.295965047857294,0.2,6.20763056761507));
#8693=CARTESIAN_POINT('',(0.308675207590395,0.2,5.79960062977723));
#8694=CARTESIAN_POINT('',(0.283005084358248,0.2,6.23243126749275));
#8695=CARTESIAN_POINT('',(0.304972307115573,0.2,5.84321741349196));
#8696=CARTESIAN_POINT('',(0.269879807881395,0.2,6.25657498535054));
#8697=CARTESIAN_POINT('',(0.332778197652927,0.2,5.854283391422));
#8698=CARTESIAN_POINT('',(0.32582672501859,0.2,5.85151689693949));
#8699=CARTESIAN_POINT('',(0.360519009639182,0.2,5.86646168333081));
#8700=CARTESIAN_POINT('',(0.353583806642628,0.2,5.86341711035362));
#8701=CARTESIAN_POINT('',(0.387814997805735,0.2,5.8796067384271));
#8702=CARTESIAN_POINT('',(0.380991000764087,0.2,5.87632047465302));
#8703=CARTESIAN_POINT('',(0.414632483191438,0.2,5.89370233777797));
#8704=CARTESIAN_POINT('',(0.407928111845012,0.2,5.89017843794025));
#8705=CARTESIAN_POINT('',(0.440620902303083,0.2,5.90854233401116));
#8706=CARTESIAN_POINT('',(0.43412379752517,0.2,5.90483233495286));
#8707=CARTESIAN_POINT('',(0.472413156291905,0.2,5.87845267000749));
#8708=CARTESIAN_POINT('',(0.155220881496156,0.2,6.17865815328401));
#8709=CARTESIAN_POINT('',(0.50507404963955,0.2,5.84908023497625));
#8710=CARTESIAN_POINT('',(0.166348043870724,0.2,6.15370165154123));
#8711=CARTESIAN_POINT('',(0.538590093325099,0.2,5.82044268415117));
#8712=CARTESIAN_POINT('',(0.178085181917166,0.2,6.12847360271644));
#8713=CARTESIAN_POINT('',(0.572947484043512,0.2,5.79255744039136));
#8714=CARTESIAN_POINT('',(0.190466251117217,0.2,6.10298795303173));
#8715=CARTESIAN_POINT('',(0.608132108006256,0.2,5.76544168896668));
#8716=CARTESIAN_POINT('',(0.203524420204808,0.2,6.07726089438312));
#8717=CARTESIAN_POINT('',(0.644129544824765,0.2,5.73911237240325));
#8718=CARTESIAN_POINT('',(0.217291935371959,0.2,6.05131078244905));
#8719=CARTESIAN_POINT('',(0.680925071475782,0.2,5.71358618539027));
#8720=CARTESIAN_POINT('',(0.231799993431286,0.2,6.02515804691346));
#8721=CARTESIAN_POINT('',(0.718503666347644,0.2,5.68887956974945));
#8722=CARTESIAN_POINT('',(0.247078624314944,0.2,5.99882509476633));
#8723=CARTESIAN_POINT('',(0.761415882356623,0.2,5.7777754651173));
#8724=CARTESIAN_POINT('',(0.86020430743426,0.2,5.98242314626755));
#8725=CARTESIAN_POINT('',(0.744717465101894,0.2,5.81932856206728));
#8726=CARTESIAN_POINT('',(0.549246301109516,0.2,6.30574784985936));
#8727=CARTESIAN_POINT('',(0.727058462736418,0.2,5.86028229210078));
#8728=CARTESIAN_POINT('',(0.526497323329842,0.2,6.3254120082916));
#8729=CARTESIAN_POINT('',(0.708451875197804,0.2,5.90061858641362));
#8730=CARTESIAN_POINT('',(0.503787602627742,0.2,6.34430006839296));
#8731=CARTESIAN_POINT('',(0.688911011389335,0.2,5.94031961609977));
#8732=CARTESIAN_POINT('',(0.481144152899088,0.2,6.36243801872353));
#8733=CARTESIAN_POINT('',(0.668449485096874,0.2,5.97936779715054));
#8734=CARTESIAN_POINT('',(0.458592197501155,0.2,6.37985333492195));
#8735=CARTESIAN_POINT('',(0.647081210827733,0.2,6.01774579538767));
#8736=CARTESIAN_POINT('',(0.436155053463704,0.2,6.39657487599213));
#8737=CARTESIAN_POINT('',(0.624820399572551,0.2,6.05543653132908));
#8738=CARTESIAN_POINT('',(0.413854021395107,0.2,6.41263277010269));
#8739=CARTESIAN_POINT('',(0.645071293409729,0.2,6.07747115669278));
#8740=CARTESIAN_POINT('',(0.640008569950434,0.2,6.07196250035186));
#8741=CARTESIAN_POINT('',(0.664780938550219,0.2,6.1004797057976));
#8742=CARTESIAN_POINT('',(0.659853527265096,0.2,6.0947275685214));
#8743=CARTESIAN_POINT('',(0.683670348450835,0.2,6.12416627661483));
#8744=CARTESIAN_POINT('',(0.678947995975684,0.2,6.11824463391053));
#8745=CARTESIAN_POINT('',(0.701716216547319,0.2,6.14850164363727));
#8746=CARTESIAN_POINT('',(0.697204749523196,0.2,6.14241780188166));
#8747=CARTESIAN_POINT('',(0.718692140038766,0.2,6.17314797070108));
#8748=CARTESIAN_POINT('',(0.714448159165906,0.2,6.16698638893513));
#8749=CARTESIAN_POINT('',(0.760391387049844,0.2,6.15983226222377));
#8750=CARTESIAN_POINT('',(0.344356744732119,0.2,6.29268348642194));
#8751=CARTESIAN_POINT('',(0.802562057092298,0.2,6.14753964321473));
#8752=CARTESIAN_POINT('',(0.365210191911148,0.2,6.27502635011678));
#8753=CARTESIAN_POINT('',(0.845184336659387,0.2,6.13628016782308));
#8754=CARTESIAN_POINT('',(0.386731028044007,0.2,6.25738921686985));
#8755=CARTESIAN_POINT('',(0.888238229907747,0.2,6.12606354447285));
#8756=CARTESIAN_POINT('',(0.40894379492364,0.2,6.23979938452446));
#8757=CARTESIAN_POINT('',(0.931703564344157,0.2,6.11689913281383));
#8758=CARTESIAN_POINT('',(0.431871351146318,0.2,6.22228583284912));
#8759=CARTESIAN_POINT('',(0.97555999656087,0.2,6.10879594076249));
#8760=CARTESIAN_POINT('',(0.455534785296772,0.2,6.20487909083701));
#8761=CARTESIAN_POINT('',(1.01978701801812,0.2,6.10176262163368));
#8762=CARTESIAN_POINT('',(0.47995334062428,0.2,6.18761110078708));
#8763=CARTESIAN_POINT('',(1.06436396087236,0.2,6.09580747136387));
#8764=CARTESIAN_POINT('',(0.50514435113423,0.2,6.17051508019894));
#8765=CARTESIAN_POINT('',(1.06445604807475,0.2,6.19451881831041));
#8766=CARTESIAN_POINT('',(1.0646680424796,0.2,6.42176269916942));
#8767=CARTESIAN_POINT('',(1.03138208090842,0.2,6.22471169331144));
#8768=CARTESIAN_POINT('',(0.64421922821251,0.2,6.5781485688367));
#8769=CARTESIAN_POINT('',(0.997702712021167,0.2,6.25394777512068));
#8770=CARTESIAN_POINT('',(0.615191148869242,0.2,6.5859949518575));
#8771=CARTESIAN_POINT('',(0.963437493712369,0.2,6.28221642476964));
#8772=CARTESIAN_POINT('',(0.586535175376438,0.2,6.59315912745136));
#8773=CARTESIAN_POINT('',(0.928606152561974,0.2,6.30950735348572));
#8774=CARTESIAN_POINT('',(0.558264370399649,0.2,6.59967623139197));
#8775=CARTESIAN_POINT('',(0.893228583582656,0.2,6.33581062542485));
#8776=CARTESIAN_POINT('',(0.530389538165699,0.2,6.60558196237895));
#8777=CARTESIAN_POINT('',(0.857324844330383,0.2,6.36111666031054));
#8778=CARTESIAN_POINT('',(0.502919165139976,0.2,6.61091243835645));
#8779=CARTESIAN_POINT('',(0.475859370385035,0.2,6.61570404585404));
#8780=CARTESIAN_POINT('Origin',(-0.844116401918667,0.,6.8271263673536));
#8781=CARTESIAN_POINT('',(-0.837374849578216,1.2,6.85666303804469));
#8782=CARTESIAN_POINT('',(-0.837374849578216,0.,6.85666303804469));
#8783=CARTESIAN_POINT('',(-0.844116401918667,1.2,6.8271263673536));
#8784=CARTESIAN_POINT('',(-0.837374849578216,1.2,6.85666303804469));
#8785=CARTESIAN_POINT('',(-0.844116401918667,0.,6.8271263673536));
#8786=CARTESIAN_POINT('Origin',(-0.837374849578216,0.,6.85666303804469));
#8787=CARTESIAN_POINT('',(-0.829600108226499,1.2,6.88594471901397));
#8788=CARTESIAN_POINT('',(-0.829600108226498,0.,6.88594471901397));
#8789=CARTESIAN_POINT('',(-0.829600108226498,1.2,6.88594471901397));
#8790=CARTESIAN_POINT('Origin',(-0.829600108226498,0.,6.88594471901397));
#8791=CARTESIAN_POINT('',(-0.820915148974863,1.2,6.91458376402111));
#8792=CARTESIAN_POINT('',(-0.820915148974863,0.,6.91458376402111));
#8793=CARTESIAN_POINT('',(-0.820915148974863,1.2,6.91458376402111));
#8794=CARTESIAN_POINT('Origin',(-0.820915148974863,0.,6.91458376402111));
#8795=CARTESIAN_POINT('',(-0.857324844330383,1.2,6.93888333968946));
#8796=CARTESIAN_POINT('',(-0.857324844330383,0.,6.93888333968946));
#8797=CARTESIAN_POINT('',(-0.857324844330383,1.2,6.93888333968946));
#8798=CARTESIAN_POINT('Origin',(-0.857324844330383,0.,6.93888333968946));
#8799=CARTESIAN_POINT('',(-0.893228583582656,1.2,6.96418937457515));
#8800=CARTESIAN_POINT('',(-0.893228583582656,0.,6.96418937457515));
#8801=CARTESIAN_POINT('',(-0.893228583582656,1.2,6.96418937457515));
#8802=CARTESIAN_POINT('Origin',(-0.893228583582656,0.,6.96418937457515));
#8803=CARTESIAN_POINT('',(-0.928606152561974,1.2,6.99049264651428));
#8804=CARTESIAN_POINT('',(-0.928606152561974,0.,6.99049264651428));
#8805=CARTESIAN_POINT('',(-0.928606152561974,1.2,6.99049264651428));
#8806=CARTESIAN_POINT('Origin',(-0.928606152561974,0.,6.99049264651428));
#8807=CARTESIAN_POINT('',(-0.963437493712369,1.2,7.01778357523036));
#8808=CARTESIAN_POINT('',(-0.963437493712369,0.,7.01778357523036));
#8809=CARTESIAN_POINT('',(-0.963437493712369,1.2,7.01778357523036));
#8810=CARTESIAN_POINT('Origin',(-0.963437493712369,0.,7.01778357523036));
#8811=CARTESIAN_POINT('',(-0.997702712021168,1.2,7.04605222487932));
#8812=CARTESIAN_POINT('',(-0.997702712021168,0.,7.04605222487932));
#8813=CARTESIAN_POINT('',(-0.997702712021168,1.2,7.04605222487932));
#8814=CARTESIAN_POINT('Origin',(-0.997702712021168,0.,7.04605222487932));
#8815=CARTESIAN_POINT('',(-1.03138208090842,1.2,7.07528830668856));
#8816=CARTESIAN_POINT('',(-1.03138208090842,0.,7.07528830668856));
#8817=CARTESIAN_POINT('',(-1.03138208090842,1.2,7.07528830668856));
#8818=CARTESIAN_POINT('Origin',(-1.03138208090842,0.,7.07528830668856));
#8819=CARTESIAN_POINT('',(-1.06445604807475,1.2,7.10548118168959));
#8820=CARTESIAN_POINT('',(-1.06445604807475,0.,7.10548118168959));
#8821=CARTESIAN_POINT('',(-1.06445604807475,1.2,7.10548118168959));
#8822=CARTESIAN_POINT('Origin',(-1.06445604807475,0.,7.10548118168959));
#8823=CARTESIAN_POINT('',(-1.06436396087236,1.2,7.20419252863613));
#8824=CARTESIAN_POINT('',(-1.06436396087236,0.,7.20419252863613));
#8825=CARTESIAN_POINT('',(-1.06436396087236,1.2,7.20419252863613));
#8826=CARTESIAN_POINT('Origin',(-1.06436396087236,0.,7.20419252863613));
#8827=CARTESIAN_POINT('',(-1.01978701801812,1.2,7.19823737836631));
#8828=CARTESIAN_POINT('',(-1.01978701801812,0.,7.19823737836631));
#8829=CARTESIAN_POINT('',(-1.01978701801812,1.2,7.19823737836631));
#8830=CARTESIAN_POINT('Origin',(-1.01978701801812,0.,7.19823737836631));
#8831=CARTESIAN_POINT('',(-0.97555999656087,1.2,7.19120405923751));
#8832=CARTESIAN_POINT('',(-0.97555999656087,0.,7.19120405923751));
#8833=CARTESIAN_POINT('',(-0.97555999656087,1.2,7.19120405923751));
#8834=CARTESIAN_POINT('Origin',(-0.97555999656087,0.,7.19120405923751));
#8835=CARTESIAN_POINT('',(-0.931703564344156,1.2,7.18310086718617));
#8836=CARTESIAN_POINT('',(-0.931703564344157,0.,7.18310086718617));
#8837=CARTESIAN_POINT('',(-0.931703564344157,1.2,7.18310086718617));
#8838=CARTESIAN_POINT('Origin',(-0.931703564344157,0.,7.18310086718617));
#8839=CARTESIAN_POINT('',(-0.888238229907747,1.2,7.17393645552715));
#8840=CARTESIAN_POINT('',(-0.888238229907747,0.,7.17393645552715));
#8841=CARTESIAN_POINT('',(-0.888238229907747,1.2,7.17393645552715));
#8842=CARTESIAN_POINT('Origin',(-0.888238229907747,0.,7.17393645552715));
#8843=CARTESIAN_POINT('',(-0.845184336659388,1.2,7.16371983217692));
#8844=CARTESIAN_POINT('',(-0.845184336659388,0.,7.16371983217692));
#8845=CARTESIAN_POINT('',(-0.845184336659388,1.2,7.16371983217692));
#8846=CARTESIAN_POINT('Origin',(-0.845184336659388,0.,7.16371983217692));
#8847=CARTESIAN_POINT('',(-0.802562057092298,1.2,7.15246035678527));
#8848=CARTESIAN_POINT('',(-0.802562057092298,0.,7.15246035678527));
#8849=CARTESIAN_POINT('',(-0.802562057092298,1.2,7.15246035678527));
#8850=CARTESIAN_POINT('Origin',(-0.802562057092298,0.,7.15246035678527));
#8851=CARTESIAN_POINT('',(-0.760391387049844,1.2,7.14016773777623));
#8852=CARTESIAN_POINT('',(-0.760391387049845,0.,7.14016773777623));
#8853=CARTESIAN_POINT('',(-0.760391387049845,1.2,7.14016773777623));
#8854=CARTESIAN_POINT('Origin',(-0.760391387049845,0.,7.14016773777623));
#8855=CARTESIAN_POINT('',(-0.718692140038766,1.2,7.12685202929892));
#8856=CARTESIAN_POINT('',(-0.718692140038766,0.,7.12685202929892));
#8857=CARTESIAN_POINT('',(-0.718692140038766,1.2,7.12685202929892));
#8858=CARTESIAN_POINT('Origin',(-0.718692140038766,0.,7.12685202929892));
#8859=CARTESIAN_POINT('',(-0.701716216547319,1.2,7.15149835636273));
#8860=CARTESIAN_POINT('',(-0.701716216547319,0.,7.15149835636273));
#8861=CARTESIAN_POINT('',(-0.701716216547319,1.2,7.15149835636273));
#8862=CARTESIAN_POINT('Origin',(-0.701716216547319,0.,7.15149835636273));
#8863=CARTESIAN_POINT('',(-0.683670348450835,1.2,7.17583372338517));
#8864=CARTESIAN_POINT('',(-0.683670348450835,0.,7.17583372338517));
#8865=CARTESIAN_POINT('',(-0.683670348450835,1.2,7.17583372338517));
#8866=CARTESIAN_POINT('Origin',(-0.683670348450835,0.,7.17583372338517));
#8867=CARTESIAN_POINT('',(-0.664780938550219,1.2,7.1995202942024));
#8868=CARTESIAN_POINT('',(-0.664780938550219,0.,7.1995202942024));
#8869=CARTESIAN_POINT('',(-0.664780938550219,1.2,7.1995202942024));
#8870=CARTESIAN_POINT('Origin',(-0.664780938550219,0.,7.1995202942024));
#8871=CARTESIAN_POINT('',(-0.645071293409729,1.2,7.22252884330722));
#8872=CARTESIAN_POINT('',(-0.645071293409729,0.,7.22252884330722));
#8873=CARTESIAN_POINT('',(-0.645071293409729,1.2,7.22252884330722));
#8874=CARTESIAN_POINT('Origin',(-0.645071293409729,0.,7.22252884330722));
#8875=CARTESIAN_POINT('',(-0.624820399572551,1.2,7.24456346867092));
#8876=CARTESIAN_POINT('',(-0.624820399572551,0.,7.24456346867092));
#8877=CARTESIAN_POINT('',(-0.624820399572551,1.2,7.24456346867092));
#8878=CARTESIAN_POINT('Origin',(-0.624820399572551,0.,7.24456346867092));
#8879=CARTESIAN_POINT('',(-0.647081210827733,1.2,7.28225420461233));
#8880=CARTESIAN_POINT('',(-0.647081210827733,0.,7.28225420461233));
#8881=CARTESIAN_POINT('',(-0.647081210827733,1.2,7.28225420461233));
#8882=CARTESIAN_POINT('Origin',(-0.647081210827733,0.,7.28225420461233));
#8883=CARTESIAN_POINT('',(-0.668449485096874,1.2,7.32063220284946));
#8884=CARTESIAN_POINT('',(-0.668449485096874,0.,7.32063220284946));
#8885=CARTESIAN_POINT('',(-0.668449485096874,1.2,7.32063220284946));
#8886=CARTESIAN_POINT('Origin',(-0.668449485096874,0.,7.32063220284946));
#8887=CARTESIAN_POINT('',(-0.688911011389334,1.2,7.35968038390023));
#8888=CARTESIAN_POINT('',(-0.688911011389334,0.,7.35968038390023));
#8889=CARTESIAN_POINT('',(-0.688911011389334,1.2,7.35968038390023));
#8890=CARTESIAN_POINT('Origin',(-0.688911011389334,0.,7.35968038390023));
#8891=CARTESIAN_POINT('',(-0.708451875197804,1.2,7.39938141358638));
#8892=CARTESIAN_POINT('',(-0.708451875197804,0.,7.39938141358638));
#8893=CARTESIAN_POINT('',(-0.708451875197804,1.2,7.39938141358638));
#8894=CARTESIAN_POINT('Origin',(-0.708451875197804,0.,7.39938141358638));
#8895=CARTESIAN_POINT('',(-0.727058462736419,1.2,7.43971770789922));
#8896=CARTESIAN_POINT('',(-0.727058462736419,0.,7.43971770789922));
#8897=CARTESIAN_POINT('',(-0.727058462736419,1.2,7.43971770789922));
#8898=CARTESIAN_POINT('Origin',(-0.727058462736419,0.,7.43971770789922));
#8899=CARTESIAN_POINT('',(-0.744717465101894,1.2,7.48067143793272));
#8900=CARTESIAN_POINT('',(-0.744717465101894,0.,7.48067143793272));
#8901=CARTESIAN_POINT('',(-0.744717465101894,1.2,7.48067143793272));
#8902=CARTESIAN_POINT('Origin',(-0.744717465101894,0.,7.48067143793272));
#8903=CARTESIAN_POINT('',(-0.761415882356623,1.2,7.5222245348827));
#8904=CARTESIAN_POINT('',(-0.761415882356623,0.,7.5222245348827));
#8905=CARTESIAN_POINT('',(-0.761415882356623,1.2,7.5222245348827));
#8906=CARTESIAN_POINT('Origin',(-0.761415882356623,0.,7.5222245348827));
#8907=CARTESIAN_POINT('',(-0.718503666347644,1.2,7.61112043025055));
#8908=CARTESIAN_POINT('',(-0.718503666347644,0.,7.61112043025055));
#8909=CARTESIAN_POINT('',(-0.718503666347644,1.2,7.61112043025055));
#8910=CARTESIAN_POINT('Origin',(-0.718503666347644,0.,7.61112043025055));
#8911=CARTESIAN_POINT('',(-0.680925071475782,1.2,7.58641381460973));
#8912=CARTESIAN_POINT('',(-0.680925071475782,0.,7.58641381460973));
#8913=CARTESIAN_POINT('',(-0.680925071475782,1.2,7.58641381460973));
#8914=CARTESIAN_POINT('Origin',(-0.680925071475782,0.,7.58641381460973));
#8915=CARTESIAN_POINT('',(-0.644129544824766,1.2,7.56088762759675));
#8916=CARTESIAN_POINT('',(-0.644129544824766,0.,7.56088762759675));
#8917=CARTESIAN_POINT('',(-0.644129544824766,1.2,7.56088762759675));
#8918=CARTESIAN_POINT('Origin',(-0.644129544824766,0.,7.56088762759675));
#8919=CARTESIAN_POINT('',(-0.608132108006256,1.2,7.53455831103332));
#8920=CARTESIAN_POINT('',(-0.608132108006256,0.,7.53455831103332));
#8921=CARTESIAN_POINT('',(-0.608132108006256,1.2,7.53455831103332));
#8922=CARTESIAN_POINT('Origin',(-0.608132108006256,0.,7.53455831103332));
#8923=CARTESIAN_POINT('',(-0.572947484043512,1.2,7.50744255960864));
#8924=CARTESIAN_POINT('',(-0.572947484043512,0.,7.50744255960864));
#8925=CARTESIAN_POINT('',(-0.572947484043512,1.2,7.50744255960864));
#8926=CARTESIAN_POINT('Origin',(-0.572947484043512,0.,7.50744255960864));
#8927=CARTESIAN_POINT('',(-0.5385900933251,1.2,7.47955731584883));
#8928=CARTESIAN_POINT('',(-0.5385900933251,0.,7.47955731584883));
#8929=CARTESIAN_POINT('',(-0.5385900933251,1.2,7.47955731584883));
#8930=CARTESIAN_POINT('Origin',(-0.5385900933251,0.,7.47955731584883));
#8931=CARTESIAN_POINT('',(-0.50507404963955,1.2,7.45091976502375));
#8932=CARTESIAN_POINT('',(-0.50507404963955,0.,7.45091976502375));
#8933=CARTESIAN_POINT('',(-0.50507404963955,1.2,7.45091976502375));
#8934=CARTESIAN_POINT('Origin',(-0.50507404963955,0.,7.45091976502375));
#8935=CARTESIAN_POINT('',(-0.472413156291905,1.2,7.42154732999251));
#8936=CARTESIAN_POINT('',(-0.472413156291905,0.,7.42154732999251));
#8937=CARTESIAN_POINT('',(-0.472413156291905,1.2,7.42154732999251));
#8938=CARTESIAN_POINT('Origin',(-0.472413156291905,0.,7.42154732999251));
#8939=CARTESIAN_POINT('',(-0.440620902303083,1.2,7.39145766598884));
#8940=CARTESIAN_POINT('',(-0.440620902303083,0.,7.39145766598884));
#8941=CARTESIAN_POINT('',(-0.440620902303083,1.2,7.39145766598884));
#8942=CARTESIAN_POINT('Origin',(-0.440620902303083,0.,7.39145766598884));
#8943=CARTESIAN_POINT('',(-0.414632483191438,1.2,7.40629766222203));
#8944=CARTESIAN_POINT('',(-0.414632483191438,0.,7.40629766222203));
#8945=CARTESIAN_POINT('',(-0.414632483191438,1.2,7.40629766222203));
#8946=CARTESIAN_POINT('Origin',(-0.414632483191438,0.,7.40629766222203));
#8947=CARTESIAN_POINT('',(-0.387814997805735,1.2,7.4203932615729));
#8948=CARTESIAN_POINT('',(-0.387814997805735,0.,7.4203932615729));
#8949=CARTESIAN_POINT('',(-0.387814997805735,1.2,7.4203932615729));
#8950=CARTESIAN_POINT('Origin',(-0.387814997805735,0.,7.4203932615729));
#8951=CARTESIAN_POINT('',(-0.360519009639182,1.2,7.43353831666919));
#8952=CARTESIAN_POINT('',(-0.360519009639182,0.,7.43353831666919));
#8953=CARTESIAN_POINT('',(-0.360519009639182,1.2,7.43353831666919));
#8954=CARTESIAN_POINT('Origin',(-0.360519009639182,0.,7.43353831666919));
#8955=CARTESIAN_POINT('',(-0.332778197652927,1.2,7.445716608578));
#8956=CARTESIAN_POINT('',(-0.332778197652927,0.,7.445716608578));
#8957=CARTESIAN_POINT('',(-0.332778197652927,1.2,7.445716608578));
#8958=CARTESIAN_POINT('Origin',(-0.332778197652927,0.,7.445716608578));
#8959=CARTESIAN_POINT('',(-0.304972307115574,1.2,7.45678258650804));
#8960=CARTESIAN_POINT('',(-0.304972307115574,0.,7.45678258650804));
#8961=CARTESIAN_POINT('',(-0.304972307115574,1.2,7.45678258650804));
#8962=CARTESIAN_POINT('Origin',(-0.304972307115574,0.,7.45678258650804));
#8963=CARTESIAN_POINT('',(-0.308675207590395,1.2,7.50039937022277));
#8964=CARTESIAN_POINT('',(-0.308675207590395,0.,7.50039937022277));
#8965=CARTESIAN_POINT('',(-0.308675207590395,1.2,7.50039937022277));
#8966=CARTESIAN_POINT('Origin',(-0.308675207590395,0.,7.50039937022277));
#8967=CARTESIAN_POINT('',(-0.311275768092716,1.2,7.54424809858522));
#8968=CARTESIAN_POINT('',(-0.311275768092716,0.,7.54424809858522));
#8969=CARTESIAN_POINT('',(-0.311275768092716,1.2,7.54424809858522));
#8970=CARTESIAN_POINT('Origin',(-0.311275768092716,0.,7.54424809858522));
#8971=CARTESIAN_POINT('',(-0.312768595471944,1.2,7.58830721759601));
#8972=CARTESIAN_POINT('',(-0.312768595471944,0.,7.58830721759601));
#8973=CARTESIAN_POINT('',(-0.312768595471944,1.2,7.58830721759601));
#8974=CARTESIAN_POINT('Origin',(-0.312768595471944,0.,7.58830721759601));
#8975=CARTESIAN_POINT('',(-0.313148674208253,1.2,7.6325550724217));
#8976=CARTESIAN_POINT('',(-0.313148674208253,0.,7.6325550724217));
#8977=CARTESIAN_POINT('',(-0.313148674208253,1.2,7.6325550724217));
#8978=CARTESIAN_POINT('Origin',(-0.313148674208253,0.,7.6325550724217));
#8979=CARTESIAN_POINT('',(-0.312411368119841,1.2,7.6769699136176));
#8980=CARTESIAN_POINT('',(-0.312411368119841,0.,7.6769699136176));
#8981=CARTESIAN_POINT('',(-0.312411368119841,1.2,7.6769699136176));
#8982=CARTESIAN_POINT('Origin',(-0.312411368119841,0.,7.6769699136176));
#8983=CARTESIAN_POINT('',(-0.310552421971606,1.2,7.72152990337767));
#8984=CARTESIAN_POINT('',(-0.310552421971606,0.,7.72152990337767));
#8985=CARTESIAN_POINT('',(-0.310552421971606,1.2,7.72152990337767));
#8986=CARTESIAN_POINT('Origin',(-0.310552421971606,0.,7.72152990337767));
#8987=CARTESIAN_POINT('',(-0.307567962984792,1.2,7.76621312181036));
#8988=CARTESIAN_POINT('',(-0.307567962984791,0.,7.76621312181036));
#8989=CARTESIAN_POINT('',(-0.307567962984791,1.2,7.76621312181036));
#8990=CARTESIAN_POINT('Origin',(-0.307567962984791,0.,7.76621312181036));
#8991=CARTESIAN_POINT('',(-0.230334908833592,1.2,7.82768664328531));
#8992=CARTESIAN_POINT('',(-0.230334908833592,0.,7.82768664328531));
#8993=CARTESIAN_POINT('',(-0.230334908833592,1.2,7.82768664328531));
#8994=CARTESIAN_POINT('Origin',(-0.230334908833592,0.,7.82768664328531));
#8995=CARTESIAN_POINT('',(-0.207197563529702,1.2,7.78912201050792));
#8996=CARTESIAN_POINT('',(-0.207197563529702,0.,7.78912201050792));
#8997=CARTESIAN_POINT('',(-0.207197563529702,1.2,7.78912201050792));
#8998=CARTESIAN_POINT('Origin',(-0.207197563529702,0.,7.78912201050792));
#8999=CARTESIAN_POINT('',(-0.185121337005669,1.2,7.75015873000683));
#9000=CARTESIAN_POINT('',(-0.185121337005669,0.,7.75015873000683));
#9001=CARTESIAN_POINT('',(-0.185121337005669,1.2,7.75015873000683));
#9002=CARTESIAN_POINT('Origin',(-0.185121337005669,0.,7.75015873000683));
#9003=CARTESIAN_POINT('',(-0.16411262942686,1.2,7.71081813298456));
#9004=CARTESIAN_POINT('',(-0.16411262942686,0.,7.71081813298456));
#9005=CARTESIAN_POINT('',(-0.16411262942686,1.2,7.71081813298456));
#9006=CARTESIAN_POINT('Origin',(-0.16411262942686,0.,7.71081813298456));
#9007=CARTESIAN_POINT('',(-0.144177462224698,1.2,7.67112164891674));
#9008=CARTESIAN_POINT('',(-0.144177462224698,0.,7.67112164891674));
#9009=CARTESIAN_POINT('',(-0.144177462224698,1.2,7.67112164891674));
#9010=CARTESIAN_POINT('Origin',(-0.144177462224698,0.,7.67112164891674));
#9011=CARTESIAN_POINT('',(-0.125321476633759,1.2,7.63109079926406));
#9012=CARTESIAN_POINT('',(-0.125321476633759,0.,7.63109079926406));
#9013=CARTESIAN_POINT('',(-0.125321476633759,1.2,7.63109079926406));
#9014=CARTESIAN_POINT('Origin',(-0.125321476633759,0.,7.63109079926406));
#9015=CARTESIAN_POINT('',(-0.107549932328973,1.2,7.59074719116298));
#9016=CARTESIAN_POINT('',(-0.107549932328973,0.,7.59074719116298));
#9017=CARTESIAN_POINT('',(-0.107549932328973,1.2,7.59074719116298));
#9018=CARTESIAN_POINT('Origin',(-0.107549932328973,0.,7.59074719116298));
#9019=CARTESIAN_POINT('',(-0.0908677061632076,1.2,7.55011251109674));
#9020=CARTESIAN_POINT('',(-0.0908677061632076,0.,7.55011251109674));
#9021=CARTESIAN_POINT('',(-0.0908677061632076,1.2,7.55011251109674));
#9022=CARTESIAN_POINT('Origin',(-0.0908677061632076,0.,7.55011251109674));
#9023=CARTESIAN_POINT('',(-0.0752792910055361,1.2,7.50920851854815));
#9024=CARTESIAN_POINT('',(-0.0752792910055361,0.,7.50920851854815));
#9025=CARTESIAN_POINT('',(-0.0752792910055361,1.2,7.50920851854815));
#9026=CARTESIAN_POINT('Origin',(-0.0752792910055361,0.,7.50920851854815));
#9027=CARTESIAN_POINT('',(-0.0454257014057982,1.2,7.51130294069612));
#9028=CARTESIAN_POINT('',(-0.0454257014057981,0.,7.51130294069612));
#9029=CARTESIAN_POINT('',(-0.0454257014057981,1.2,7.51130294069612));
#9030=CARTESIAN_POINT('Origin',(-0.0454257014057981,0.,7.51130294069612));
#9031=CARTESIAN_POINT('',(-0.0151481306063892,1.2,7.51236696605281));
#9032=CARTESIAN_POINT('',(-0.0151481306063892,0.,7.51236696605281));
#9033=CARTESIAN_POINT('',(-0.0151481306063892,1.2,7.51236696605281));
#9034=CARTESIAN_POINT('Origin',(-0.0151481306063892,0.,7.51236696605281));
#9035=CARTESIAN_POINT('',(0.0151481306063893,1.2,7.51236696605281));
#9036=CARTESIAN_POINT('',(0.0151481306063893,0.,7.51236696605281));
#9037=CARTESIAN_POINT('',(0.0151481306063893,1.2,7.51236696605281));
#9038=CARTESIAN_POINT('Origin',(0.0151481306063893,0.,7.51236696605281));
#9039=CARTESIAN_POINT('',(0.0454257014057983,1.2,7.51130294069612));
#9040=CARTESIAN_POINT('',(0.0454257014057982,0.,7.51130294069612));
#9041=CARTESIAN_POINT('',(0.0454257014057982,1.2,7.51130294069612));
#9042=CARTESIAN_POINT('Origin',(0.0454257014057982,0.,7.51130294069612));
#9043=CARTESIAN_POINT('',(0.0752792910055362,1.2,7.50920851854815));
#9044=CARTESIAN_POINT('',(0.0752792910055363,0.,7.50920851854815));
#9045=CARTESIAN_POINT('',(0.0752792910055363,1.2,7.50920851854815));
#9046=CARTESIAN_POINT('Origin',(0.0752792910055363,0.,7.50920851854815));
#9047=CARTESIAN_POINT('',(0.0908677061632077,1.2,7.55011251109674));
#9048=CARTESIAN_POINT('',(0.0908677061632077,0.,7.55011251109674));
#9049=CARTESIAN_POINT('',(0.0908677061632077,1.2,7.55011251109674));
#9050=CARTESIAN_POINT('Origin',(0.0908677061632077,0.,7.55011251109674));
#9051=CARTESIAN_POINT('',(0.107549932328973,1.2,7.59074719116298));
#9052=CARTESIAN_POINT('',(0.107549932328974,0.,7.59074719116298));
#9053=CARTESIAN_POINT('',(0.107549932328974,1.2,7.59074719116298));
#9054=CARTESIAN_POINT('Origin',(0.107549932328974,0.,7.59074719116298));
#9055=CARTESIAN_POINT('',(0.125321476633759,1.2,7.63109079926406));
#9056=CARTESIAN_POINT('',(0.125321476633759,0.,7.63109079926406));
#9057=CARTESIAN_POINT('',(0.125321476633759,1.2,7.63109079926406));
#9058=CARTESIAN_POINT('Origin',(0.125321476633759,0.,7.63109079926406));
#9059=CARTESIAN_POINT('',(0.144177462224698,1.2,7.67112164891674));
#9060=CARTESIAN_POINT('',(0.144177462224698,0.,7.67112164891674));
#9061=CARTESIAN_POINT('',(0.144177462224698,1.2,7.67112164891674));
#9062=CARTESIAN_POINT('Origin',(0.144177462224698,0.,7.67112164891674));
#9063=CARTESIAN_POINT('',(0.16411262942686,1.2,7.71081813298456));
#9064=CARTESIAN_POINT('',(0.164112629426861,0.,7.71081813298456));
#9065=CARTESIAN_POINT('',(0.164112629426861,1.2,7.71081813298456));
#9066=CARTESIAN_POINT('Origin',(0.164112629426861,0.,7.71081813298456));
#9067=CARTESIAN_POINT('',(0.185121337005669,1.2,7.75015873000683));
#9068=CARTESIAN_POINT('',(0.185121337005669,0.,7.75015873000683));
#9069=CARTESIAN_POINT('',(0.185121337005669,1.2,7.75015873000683));
#9070=CARTESIAN_POINT('Origin',(0.185121337005669,0.,7.75015873000683));
#9071=CARTESIAN_POINT('',(0.207197563529702,1.2,7.78912201050792));
#9072=CARTESIAN_POINT('',(0.207197563529702,0.,7.78912201050792));
#9073=CARTESIAN_POINT('',(0.207197563529702,1.2,7.78912201050792));
#9074=CARTESIAN_POINT('Origin',(0.207197563529702,0.,7.78912201050792));
#9075=CARTESIAN_POINT('',(0.303454502247228,1.2,7.81099757323859));
#9076=CARTESIAN_POINT('',(0.303454502247228,0.,7.81099757323859));
#9077=CARTESIAN_POINT('',(0.303454502247228,1.2,7.81099757323859));
#9078=CARTESIAN_POINT('Origin',(0.303454502247228,0.,7.81099757323859));
#9079=CARTESIAN_POINT('',(0.307567962984792,1.2,7.76621312181036));
#9080=CARTESIAN_POINT('',(0.307567962984792,0.,7.76621312181036));
#9081=CARTESIAN_POINT('',(0.307567962984792,1.2,7.76621312181036));
#9082=CARTESIAN_POINT('Origin',(0.307567962984792,0.,7.76621312181036));
#9083=CARTESIAN_POINT('',(0.310552421971606,1.2,7.72152990337767));
#9084=CARTESIAN_POINT('',(0.310552421971606,0.,7.72152990337767));
#9085=CARTESIAN_POINT('',(0.310552421971606,1.2,7.72152990337767));
#9086=CARTESIAN_POINT('Origin',(0.310552421971606,0.,7.72152990337767));
#9087=CARTESIAN_POINT('',(0.312411368119841,1.2,7.6769699136176));
#9088=CARTESIAN_POINT('',(0.312411368119841,0.,7.6769699136176));
#9089=CARTESIAN_POINT('',(0.312411368119841,1.2,7.6769699136176));
#9090=CARTESIAN_POINT('Origin',(0.312411368119841,0.,7.6769699136176));
#9091=CARTESIAN_POINT('',(0.313148674208253,1.2,7.6325550724217));
#9092=CARTESIAN_POINT('',(0.313148674208253,0.,7.6325550724217));
#9093=CARTESIAN_POINT('',(0.313148674208253,1.2,7.6325550724217));
#9094=CARTESIAN_POINT('Origin',(0.313148674208253,0.,7.6325550724217));
#9095=CARTESIAN_POINT('',(0.312768595471945,1.2,7.58830721759601));
#9096=CARTESIAN_POINT('',(0.312768595471945,0.,7.58830721759601));
#9097=CARTESIAN_POINT('',(0.312768595471945,1.2,7.58830721759601));
#9098=CARTESIAN_POINT('Origin',(0.312768595471945,0.,7.58830721759601));
#9099=CARTESIAN_POINT('',(0.311275768092716,1.2,7.54424809858522));
#9100=CARTESIAN_POINT('',(0.311275768092716,0.,7.54424809858522));
#9101=CARTESIAN_POINT('',(0.311275768092716,1.2,7.54424809858522));
#9102=CARTESIAN_POINT('Origin',(0.311275768092716,0.,7.54424809858522));
#9103=CARTESIAN_POINT('',(0.308675207590395,1.2,7.50039937022277));
#9104=CARTESIAN_POINT('',(0.308675207590395,0.,7.50039937022277));
#9105=CARTESIAN_POINT('',(0.308675207590395,1.2,7.50039937022277));
#9106=CARTESIAN_POINT('Origin',(0.308675207590395,0.,7.50039937022277));
#9107=CARTESIAN_POINT('',(0.304972307115574,1.2,7.45678258650804));
#9108=CARTESIAN_POINT('',(0.304972307115574,0.,7.45678258650804));
#9109=CARTESIAN_POINT('',(0.304972307115574,1.2,7.45678258650804));
#9110=CARTESIAN_POINT('Origin',(0.304972307115574,0.,7.45678258650804));
#9111=CARTESIAN_POINT('',(0.332778197652927,1.2,7.445716608578));
#9112=CARTESIAN_POINT('',(0.332778197652927,0.,7.445716608578));
#9113=CARTESIAN_POINT('',(0.332778197652927,1.2,7.445716608578));
#9114=CARTESIAN_POINT('Origin',(0.332778197652927,0.,7.445716608578));
#9115=CARTESIAN_POINT('',(0.360519009639182,1.2,7.43353831666919));
#9116=CARTESIAN_POINT('',(0.360519009639182,0.,7.43353831666919));
#9117=CARTESIAN_POINT('',(0.360519009639182,1.2,7.43353831666919));
#9118=CARTESIAN_POINT('Origin',(0.360519009639182,0.,7.43353831666919));
#9119=CARTESIAN_POINT('',(0.387814997805735,1.2,7.4203932615729));
#9120=CARTESIAN_POINT('',(0.387814997805735,0.,7.4203932615729));
#9121=CARTESIAN_POINT('',(0.387814997805735,1.2,7.4203932615729));
#9122=CARTESIAN_POINT('Origin',(0.387814997805735,0.,7.4203932615729));
#9123=CARTESIAN_POINT('',(0.414632483191438,1.2,7.40629766222203));
#9124=CARTESIAN_POINT('',(0.414632483191438,0.,7.40629766222203));
#9125=CARTESIAN_POINT('',(0.414632483191438,1.2,7.40629766222203));
#9126=CARTESIAN_POINT('Origin',(0.414632483191438,0.,7.40629766222203));
#9127=CARTESIAN_POINT('',(0.440620902303083,1.2,7.39145766598884));
#9128=CARTESIAN_POINT('',(0.440620902303083,0.,7.39145766598884));
#9129=CARTESIAN_POINT('',(0.440620902303083,1.2,7.39145766598884));
#9130=CARTESIAN_POINT('Origin',(0.440620902303083,0.,7.39145766598884));
#9131=CARTESIAN_POINT('',(0.472413156291905,1.2,7.42154732999251));
#9132=CARTESIAN_POINT('',(0.472413156291905,0.,7.42154732999251));
#9133=CARTESIAN_POINT('',(0.472413156291905,1.2,7.42154732999251));
#9134=CARTESIAN_POINT('Origin',(0.472413156291905,0.,7.42154732999251));
#9135=CARTESIAN_POINT('',(0.50507404963955,1.2,7.45091976502375));
#9136=CARTESIAN_POINT('',(0.50507404963955,0.,7.45091976502375));
#9137=CARTESIAN_POINT('',(0.50507404963955,1.2,7.45091976502375));
#9138=CARTESIAN_POINT('Origin',(0.50507404963955,0.,7.45091976502375));
#9139=CARTESIAN_POINT('',(0.5385900933251,1.2,7.47955731584883));
#9140=CARTESIAN_POINT('',(0.5385900933251,0.,7.47955731584883));
#9141=CARTESIAN_POINT('',(0.5385900933251,1.2,7.47955731584883));
#9142=CARTESIAN_POINT('Origin',(0.5385900933251,0.,7.47955731584883));
#9143=CARTESIAN_POINT('',(0.572947484043512,1.2,7.50744255960864));
#9144=CARTESIAN_POINT('',(0.572947484043512,0.,7.50744255960864));
#9145=CARTESIAN_POINT('',(0.572947484043512,1.2,7.50744255960864));
#9146=CARTESIAN_POINT('Origin',(0.572947484043512,0.,7.50744255960864));
#9147=CARTESIAN_POINT('',(0.608132108006256,1.2,7.53455831103332));
#9148=CARTESIAN_POINT('',(0.608132108006256,0.,7.53455831103332));
#9149=CARTESIAN_POINT('',(0.608132108006256,1.2,7.53455831103332));
#9150=CARTESIAN_POINT('Origin',(0.608132108006256,0.,7.53455831103332));
#9151=CARTESIAN_POINT('',(0.644129544824766,1.2,7.56088762759675));
#9152=CARTESIAN_POINT('',(0.644129544824766,0.,7.56088762759675));
#9153=CARTESIAN_POINT('',(0.644129544824766,1.2,7.56088762759675));
#9154=CARTESIAN_POINT('Origin',(0.644129544824766,0.,7.56088762759675));
#9155=CARTESIAN_POINT('',(0.680925071475782,1.2,7.58641381460973));
#9156=CARTESIAN_POINT('',(0.680925071475782,0.,7.58641381460973));
#9157=CARTESIAN_POINT('',(0.680925071475782,1.2,7.58641381460973));
#9158=CARTESIAN_POINT('Origin',(0.680925071475782,0.,7.58641381460973));
#9159=CARTESIAN_POINT('',(0.777141027532746,1.2,7.56435869511114));
#9160=CARTESIAN_POINT('',(0.777141027532746,0.,7.56435869511114));
#9161=CARTESIAN_POINT('',(0.777141027532746,1.2,7.56435869511114));
#9162=CARTESIAN_POINT('Origin',(0.777141027532746,0.,7.56435869511114));
#9163=CARTESIAN_POINT('',(0.761415882356623,1.2,7.5222245348827));
#9164=CARTESIAN_POINT('',(0.761415882356623,0.,7.5222245348827));
#9165=CARTESIAN_POINT('',(0.761415882356623,1.2,7.5222245348827));
#9166=CARTESIAN_POINT('Origin',(0.761415882356623,0.,7.5222245348827));
#9167=CARTESIAN_POINT('',(0.744717465101894,1.2,7.48067143793272));
#9168=CARTESIAN_POINT('',(0.744717465101894,0.,7.48067143793272));
#9169=CARTESIAN_POINT('',(0.744717465101894,1.2,7.48067143793272));
#9170=CARTESIAN_POINT('Origin',(0.744717465101894,0.,7.48067143793272));
#9171=CARTESIAN_POINT('',(0.727058462736419,1.2,7.43971770789922));
#9172=CARTESIAN_POINT('',(0.727058462736419,0.,7.43971770789922));
#9173=CARTESIAN_POINT('',(0.727058462736419,1.2,7.43971770789922));
#9174=CARTESIAN_POINT('Origin',(0.727058462736419,0.,7.43971770789922));
#9175=CARTESIAN_POINT('',(0.708451875197804,1.2,7.39938141358638));
#9176=CARTESIAN_POINT('',(0.708451875197804,0.,7.39938141358638));
#9177=CARTESIAN_POINT('',(0.708451875197804,1.2,7.39938141358638));
#9178=CARTESIAN_POINT('Origin',(0.708451875197804,0.,7.39938141358638));
#9179=CARTESIAN_POINT('',(0.688911011389335,1.2,7.35968038390023));
#9180=CARTESIAN_POINT('',(0.688911011389335,0.,7.35968038390023));
#9181=CARTESIAN_POINT('',(0.688911011389335,1.2,7.35968038390023));
#9182=CARTESIAN_POINT('Origin',(0.688911011389335,0.,7.35968038390023));
#9183=CARTESIAN_POINT('',(0.668449485096874,1.2,7.32063220284946));
#9184=CARTESIAN_POINT('',(0.668449485096874,0.,7.32063220284946));
#9185=CARTESIAN_POINT('',(0.668449485096874,1.2,7.32063220284946));
#9186=CARTESIAN_POINT('Origin',(0.668449485096874,0.,7.32063220284946));
#9187=CARTESIAN_POINT('',(0.647081210827733,1.2,7.28225420461233));
#9188=CARTESIAN_POINT('',(0.647081210827733,0.,7.28225420461233));
#9189=CARTESIAN_POINT('',(0.647081210827733,1.2,7.28225420461233));
#9190=CARTESIAN_POINT('Origin',(0.647081210827733,0.,7.28225420461233));
#9191=CARTESIAN_POINT('',(0.624820399572551,1.2,7.24456346867092));
#9192=CARTESIAN_POINT('',(0.624820399572551,0.,7.24456346867092));
#9193=CARTESIAN_POINT('',(0.624820399572551,1.2,7.24456346867092));
#9194=CARTESIAN_POINT('Origin',(0.624820399572551,0.,7.24456346867092));
#9195=CARTESIAN_POINT('',(0.645071293409729,1.2,7.22252884330722));
#9196=CARTESIAN_POINT('',(0.645071293409729,0.,7.22252884330722));
#9197=CARTESIAN_POINT('',(0.645071293409729,1.2,7.22252884330722));
#9198=CARTESIAN_POINT('Origin',(0.645071293409729,0.,7.22252884330722));
#9199=CARTESIAN_POINT('',(0.664780938550219,1.2,7.1995202942024));
#9200=CARTESIAN_POINT('',(0.664780938550219,0.,7.1995202942024));
#9201=CARTESIAN_POINT('',(0.664780938550219,1.2,7.1995202942024));
#9202=CARTESIAN_POINT('Origin',(0.664780938550219,0.,7.1995202942024));
#9203=CARTESIAN_POINT('',(0.683670348450835,1.2,7.17583372338517));
#9204=CARTESIAN_POINT('',(0.683670348450835,0.,7.17583372338517));
#9205=CARTESIAN_POINT('',(0.683670348450835,1.2,7.17583372338517));
#9206=CARTESIAN_POINT('Origin',(0.683670348450835,0.,7.17583372338517));
#9207=CARTESIAN_POINT('',(0.70171621654732,1.2,7.15149835636273));
#9208=CARTESIAN_POINT('',(0.70171621654732,0.,7.15149835636273));
#9209=CARTESIAN_POINT('',(0.70171621654732,1.2,7.15149835636273));
#9210=CARTESIAN_POINT('Origin',(0.70171621654732,0.,7.15149835636273));
#9211=CARTESIAN_POINT('',(0.718692140038766,1.2,7.12685202929892));
#9212=CARTESIAN_POINT('',(0.718692140038766,0.,7.12685202929892));
#9213=CARTESIAN_POINT('',(0.718692140038766,1.2,7.12685202929892));
#9214=CARTESIAN_POINT('Origin',(0.718692140038766,0.,7.12685202929892));
#9215=CARTESIAN_POINT('',(0.760391387049845,1.2,7.14016773777623));
#9216=CARTESIAN_POINT('',(0.760391387049845,0.,7.14016773777623));
#9217=CARTESIAN_POINT('',(0.760391387049845,1.2,7.14016773777623));
#9218=CARTESIAN_POINT('Origin',(0.760391387049845,0.,7.14016773777623));
#9219=CARTESIAN_POINT('',(0.802562057092298,1.2,7.15246035678527));
#9220=CARTESIAN_POINT('',(0.802562057092298,0.,7.15246035678527));
#9221=CARTESIAN_POINT('',(0.802562057092298,1.2,7.15246035678527));
#9222=CARTESIAN_POINT('Origin',(0.802562057092298,0.,7.15246035678527));
#9223=CARTESIAN_POINT('',(0.845184336659388,1.2,7.16371983217692));
#9224=CARTESIAN_POINT('',(0.845184336659388,0.,7.16371983217692));
#9225=CARTESIAN_POINT('',(0.845184336659388,1.2,7.16371983217692));
#9226=CARTESIAN_POINT('Origin',(0.845184336659388,0.,7.16371983217692));
#9227=CARTESIAN_POINT('',(0.888238229907747,1.2,7.17393645552715));
#9228=CARTESIAN_POINT('',(0.888238229907747,0.,7.17393645552715));
#9229=CARTESIAN_POINT('',(0.888238229907747,1.2,7.17393645552715));
#9230=CARTESIAN_POINT('Origin',(0.888238229907747,0.,7.17393645552715));
#9231=CARTESIAN_POINT('',(0.931703564344157,1.2,7.18310086718617));
#9232=CARTESIAN_POINT('',(0.931703564344157,0.,7.18310086718617));
#9233=CARTESIAN_POINT('',(0.931703564344157,1.2,7.18310086718617));
#9234=CARTESIAN_POINT('Origin',(0.931703564344157,0.,7.18310086718617));
#9235=CARTESIAN_POINT('',(0.975559996560871,1.2,7.19120405923751));
#9236=CARTESIAN_POINT('',(0.975559996560871,0.,7.19120405923751));
#9237=CARTESIAN_POINT('',(0.975559996560871,1.2,7.19120405923751));
#9238=CARTESIAN_POINT('Origin',(0.975559996560871,0.,7.19120405923751));
#9239=CARTESIAN_POINT('',(1.01978701801812,1.2,7.19823737836631));
#9240=CARTESIAN_POINT('',(1.01978701801812,0.,7.19823737836631));
#9241=CARTESIAN_POINT('',(1.01978701801812,1.2,7.19823737836631));
#9242=CARTESIAN_POINT('Origin',(1.01978701801812,0.,7.19823737836631));
#9243=CARTESIAN_POINT('',(1.09690524130617,1.2,7.13661986354345));
#9244=CARTESIAN_POINT('',(1.09690524130617,0.,7.13661986354345));
#9245=CARTESIAN_POINT('',(1.09690524130617,1.2,7.13661986354345));
#9246=CARTESIAN_POINT('Origin',(1.09690524130617,0.,7.13661986354345));
#9247=CARTESIAN_POINT('',(1.06445604807475,1.2,7.10548118168959));
#9248=CARTESIAN_POINT('',(1.06445604807475,0.,7.10548118168959));
#9249=CARTESIAN_POINT('',(1.06445604807475,1.2,7.10548118168959));
#9250=CARTESIAN_POINT('Origin',(1.06445604807475,0.,7.10548118168959));
#9251=CARTESIAN_POINT('',(1.03138208090842,1.2,7.07528830668856));
#9252=CARTESIAN_POINT('',(1.03138208090842,0.,7.07528830668856));
#9253=CARTESIAN_POINT('',(1.03138208090842,1.2,7.07528830668856));
#9254=CARTESIAN_POINT('Origin',(1.03138208090842,0.,7.07528830668856));
#9255=CARTESIAN_POINT('',(0.997702712021168,1.2,7.04605222487932));
#9256=CARTESIAN_POINT('',(0.997702712021168,0.,7.04605222487932));
#9257=CARTESIAN_POINT('',(0.997702712021168,1.2,7.04605222487932));
#9258=CARTESIAN_POINT('Origin',(0.997702712021168,0.,7.04605222487932));
#9259=CARTESIAN_POINT('',(0.963437493712369,1.2,7.01778357523036));
#9260=CARTESIAN_POINT('',(0.963437493712369,0.,7.01778357523036));
#9261=CARTESIAN_POINT('',(0.963437493712369,1.2,7.01778357523036));
#9262=CARTESIAN_POINT('Origin',(0.963437493712369,0.,7.01778357523036));
#9263=CARTESIAN_POINT('',(0.928606152561974,1.2,6.99049264651428));
#9264=CARTESIAN_POINT('',(0.928606152561974,0.,6.99049264651428));
#9265=CARTESIAN_POINT('',(0.928606152561974,1.2,6.99049264651428));
#9266=CARTESIAN_POINT('Origin',(0.928606152561974,0.,6.99049264651428));
#9267=CARTESIAN_POINT('',(0.893228583582656,1.2,6.96418937457515));
#9268=CARTESIAN_POINT('',(0.893228583582656,0.,6.96418937457515));
#9269=CARTESIAN_POINT('',(0.893228583582656,1.2,6.96418937457515));
#9270=CARTESIAN_POINT('Origin',(0.893228583582656,0.,6.96418937457515));
#9271=CARTESIAN_POINT('',(0.857324844330383,1.2,6.93888333968946));
#9272=CARTESIAN_POINT('',(0.857324844330383,0.,6.93888333968946));
#9273=CARTESIAN_POINT('',(0.857324844330383,1.2,6.93888333968946));
#9274=CARTESIAN_POINT('Origin',(0.857324844330383,0.,6.93888333968946));
#9275=CARTESIAN_POINT('',(0.820915148974863,1.2,6.91458376402111));
#9276=CARTESIAN_POINT('',(0.820915148974863,0.,6.91458376402111));
#9277=CARTESIAN_POINT('',(0.820915148974863,1.2,6.91458376402111));
#9278=CARTESIAN_POINT('Origin',(0.820915148974863,0.,6.91458376402111));
#9279=CARTESIAN_POINT('',(0.829600108226498,1.2,6.88594471901397));
#9280=CARTESIAN_POINT('',(0.829600108226498,0.,6.88594471901397));
#9281=CARTESIAN_POINT('',(0.829600108226498,1.2,6.88594471901397));
#9282=CARTESIAN_POINT('Origin',(0.829600108226498,0.,6.88594471901397));
#9283=CARTESIAN_POINT('',(0.837374849578216,1.2,6.85666303804469));
#9284=CARTESIAN_POINT('',(0.837374849578216,0.,6.85666303804469));
#9285=CARTESIAN_POINT('',(0.837374849578216,1.2,6.85666303804469));
#9286=CARTESIAN_POINT('Origin',(0.837374849578216,0.,6.85666303804469));
#9287=CARTESIAN_POINT('',(0.844116401918668,1.2,6.8271263673536));
#9288=CARTESIAN_POINT('',(0.844116401918668,0.,6.8271263673536));
#9289=CARTESIAN_POINT('',(0.844116401918668,1.2,6.8271263673536));
#9290=CARTESIAN_POINT('Origin',(0.844116401918668,0.,6.8271263673536));
#9291=CARTESIAN_POINT('',(0.849816447231376,1.2,6.79737115055207));
#9292=CARTESIAN_POINT('',(0.849816447231376,0.,6.79737115055207));
#9293=CARTESIAN_POINT('',(0.849816447231376,1.2,6.79737115055207));
#9294=CARTESIAN_POINT('Origin',(0.849816447231376,0.,6.79737115055207));
#9295=CARTESIAN_POINT('',(0.854417585259105,1.2,6.7678));
#9296=CARTESIAN_POINT('',(0.854417585259105,0.,6.7678));
#9297=CARTESIAN_POINT('',(0.854417585259105,1.2,6.7678));
#9298=CARTESIAN_POINT('Origin',(0.854417585259105,0.,6.7678));
#9299=CARTESIAN_POINT('',(0.897764778014193,1.2,6.76170441358056));
#9300=CARTESIAN_POINT('',(0.897764778014193,0.,6.76170441358056));
#9301=CARTESIAN_POINT('',(0.897764778014193,1.2,6.76170441358056));
#9302=CARTESIAN_POINT('Origin',(0.897764778014193,0.,6.76170441358056));
#9303=CARTESIAN_POINT('',(0.941092806360219,1.2,6.75448251261358));
#9304=CARTESIAN_POINT('',(0.941092806360219,0.,6.75448251261358));
#9305=CARTESIAN_POINT('',(0.941092806360219,1.2,6.75448251261358));
#9306=CARTESIAN_POINT('Origin',(0.941092806360219,0.,6.75448251261358));
#9307=CARTESIAN_POINT('',(0.984379456612631,1.2,6.74613383538209));
#9308=CARTESIAN_POINT('',(0.984379456612631,0.,6.74613383538209));
#9309=CARTESIAN_POINT('',(0.984379456612631,1.2,6.74613383538209));
#9310=CARTESIAN_POINT('Origin',(0.984379456612631,0.,6.74613383538209));
#9311=CARTESIAN_POINT('',(1.02760250081175,1.2,6.73665831076957));
#9312=CARTESIAN_POINT('',(1.02760250081175,0.,6.73665831076957));
#9313=CARTESIAN_POINT('',(1.02760250081175,1.2,6.73665831076957));
#9314=CARTESIAN_POINT('Origin',(1.02760250081175,0.,6.73665831076957));
#9315=CARTESIAN_POINT('',(1.07073970316935,1.2,6.72605625853972));
#9316=CARTESIAN_POINT('',(1.07073970316935,0.,6.72605625853972));
#9317=CARTESIAN_POINT('',(1.07073970316935,1.2,6.72605625853972));
#9318=CARTESIAN_POINT('Origin',(1.07073970316935,0.,6.72605625853972));
#9319=CARTESIAN_POINT('',(1.11376882651991,1.2,6.71432838951407));
#9320=CARTESIAN_POINT('',(1.11376882651991,0.,6.71432838951407));
#9321=CARTESIAN_POINT('',(1.11376882651991,1.2,6.71432838951407));
#9322=CARTESIAN_POINT('Origin',(1.11376882651991,0.,6.71432838951407));
#9323=CARTESIAN_POINT('',(1.15666763877495,1.2,6.70147580564724));
#9324=CARTESIAN_POINT('',(1.15666763877495,0.,6.70147580564724));
#9325=CARTESIAN_POINT('',(1.15666763877495,1.2,6.70147580564724));
#9326=CARTESIAN_POINT('Origin',(1.15666763877495,0.,6.70147580564724));
#9327=CARTESIAN_POINT('',(1.19941391937896,1.2,6.6125));
#9328=CARTESIAN_POINT('',(1.19941391937896,0.,6.6125));
#9329=CARTESIAN_POINT('',(1.19941391937896,1.2,6.6125));
#9330=CARTESIAN_POINT('Origin',(1.19941391937896,0.,6.6125));
#9331=CARTESIAN_POINT('',(1.15666763877495,1.2,6.59852419435276));
#9332=CARTESIAN_POINT('',(1.15666763877495,0.,6.59852419435276));
#9333=CARTESIAN_POINT('',(1.15666763877495,1.2,6.59852419435276));
#9334=CARTESIAN_POINT('Origin',(1.15666763877495,0.,6.59852419435276));
#9335=CARTESIAN_POINT('',(1.11376882651991,1.2,6.58567161048593));
#9336=CARTESIAN_POINT('',(1.11376882651991,0.,6.58567161048593));
#9337=CARTESIAN_POINT('',(1.11376882651991,1.2,6.58567161048593));
#9338=CARTESIAN_POINT('Origin',(1.11376882651991,0.,6.58567161048593));
#9339=CARTESIAN_POINT('',(1.07073970316935,1.2,6.57394374146028));
#9340=CARTESIAN_POINT('',(1.07073970316935,0.,6.57394374146028));
#9341=CARTESIAN_POINT('',(1.07073970316935,1.2,6.57394374146028));
#9342=CARTESIAN_POINT('Origin',(1.07073970316935,0.,6.57394374146028));
#9343=CARTESIAN_POINT('',(1.02760250081175,1.2,6.56334168923043));
#9344=CARTESIAN_POINT('',(1.02760250081175,0.,6.56334168923043));
#9345=CARTESIAN_POINT('',(1.02760250081175,1.2,6.56334168923043));
#9346=CARTESIAN_POINT('Origin',(1.02760250081175,0.,6.56334168923043));
#9347=CARTESIAN_POINT('',(0.984379456612631,1.2,6.55386616461791));
#9348=CARTESIAN_POINT('',(0.984379456612631,0.,6.55386616461791));
#9349=CARTESIAN_POINT('',(0.984379456612631,1.2,6.55386616461791));
#9350=CARTESIAN_POINT('Origin',(0.984379456612631,0.,6.55386616461791));
#9351=CARTESIAN_POINT('',(0.941092806360219,1.2,6.54551748738642));
#9352=CARTESIAN_POINT('',(0.941092806360219,0.,6.54551748738642));
#9353=CARTESIAN_POINT('',(0.941092806360219,1.2,6.54551748738642));
#9354=CARTESIAN_POINT('Origin',(0.941092806360219,0.,6.54551748738642));
#9355=CARTESIAN_POINT('',(0.897764778014193,1.2,6.53829558641944));
#9356=CARTESIAN_POINT('',(0.897764778014193,0.,6.53829558641944));
#9357=CARTESIAN_POINT('',(0.897764778014193,1.2,6.53829558641944));
#9358=CARTESIAN_POINT('Origin',(0.897764778014193,0.,6.53829558641944));
#9359=CARTESIAN_POINT('',(0.854417585259105,1.2,6.5322));
#9360=CARTESIAN_POINT('',(0.854417585259105,0.,6.5322));
#9361=CARTESIAN_POINT('',(0.854417585259105,1.2,6.5322));
#9362=CARTESIAN_POINT('Origin',(0.854417585259105,0.,6.5322));
#9363=CARTESIAN_POINT('',(0.820915148974863,1.2,6.38541623597889));
#9364=CARTESIAN_POINT('',(0.820915148974863,0.,6.38541623597889));
#9365=CARTESIAN_POINT('',(0.820915148974863,1.2,6.38541623597889));
#9366=CARTESIAN_POINT('Origin',(-0.849816447231376,0.,6.79737115055207));
#9367=CARTESIAN_POINT('',(-0.849816447231376,1.2,6.79737115055207));
#9368=CARTESIAN_POINT('',(-0.844116401918667,1.2,6.8271263673536));
#9369=CARTESIAN_POINT('',(-0.849816447231376,0.,6.79737115055207));
#9370=CARTESIAN_POINT('Origin',(-0.854417585259105,0.,6.7678));
#9371=CARTESIAN_POINT('',(-0.854417585259105,1.2,6.7678));
#9372=CARTESIAN_POINT('',(-0.849816447231376,1.2,6.79737115055207));
#9373=CARTESIAN_POINT('',(-0.854417585259105,0.,6.7678));
#9374=CARTESIAN_POINT('Origin',(-0.897764778014193,0.,6.76170441358056));
#9375=CARTESIAN_POINT('',(-0.897764778014193,1.2,6.76170441358056));
#9376=CARTESIAN_POINT('',(-0.854417585259105,1.2,6.7678));
#9377=CARTESIAN_POINT('',(-0.897764778014193,0.,6.76170441358056));
#9378=CARTESIAN_POINT('Origin',(-0.941092806360219,0.,6.75448251261358));
#9379=CARTESIAN_POINT('',(-0.941092806360219,1.2,6.75448251261358));
#9380=CARTESIAN_POINT('',(-0.897764778014193,1.2,6.76170441358056));
#9381=CARTESIAN_POINT('',(-0.941092806360219,0.,6.75448251261358));
#9382=CARTESIAN_POINT('Origin',(-0.984379456612631,0.,6.74613383538209));
#9383=CARTESIAN_POINT('',(-0.984379456612631,1.2,6.74613383538209));
#9384=CARTESIAN_POINT('',(-0.941092806360219,1.2,6.75448251261358));
#9385=CARTESIAN_POINT('',(-0.984379456612631,0.,6.74613383538209));
#9386=CARTESIAN_POINT('Origin',(-1.02760250081175,0.,6.73665831076957));
#9387=CARTESIAN_POINT('',(-1.02760250081175,1.2,6.73665831076957));
#9388=CARTESIAN_POINT('',(-0.984379456612631,1.2,6.74613383538209));
#9389=CARTESIAN_POINT('',(-1.02760250081175,0.,6.73665831076957));
#9390=CARTESIAN_POINT('Origin',(-1.07073970316935,0.,6.72605625853972));
#9391=CARTESIAN_POINT('',(-1.07073970316935,1.2,6.72605625853972));
#9392=CARTESIAN_POINT('',(-1.02760250081175,1.2,6.73665831076957));
#9393=CARTESIAN_POINT('',(-1.07073970316935,0.,6.72605625853972));
#9394=CARTESIAN_POINT('Origin',(-1.11376882651991,0.,6.71432838951407));
#9395=CARTESIAN_POINT('',(-1.11376882651991,1.2,6.71432838951407));
#9396=CARTESIAN_POINT('',(-1.07073970316935,1.2,6.72605625853972));
#9397=CARTESIAN_POINT('',(-1.11376882651991,0.,6.71432838951407));
#9398=CARTESIAN_POINT('Origin',(-1.15666763877495,0.,6.70147580564724));
#9399=CARTESIAN_POINT('',(-1.15666763877495,1.2,6.70147580564724));
#9400=CARTESIAN_POINT('',(-1.11376882651991,1.2,6.71432838951407));
#9401=CARTESIAN_POINT('',(-1.15666763877495,0.,6.70147580564724));
#9402=CARTESIAN_POINT('Origin',(-1.19941391937896,0.,6.6875));
#9403=CARTESIAN_POINT('',(-1.19941391937896,1.2,6.6875));
#9404=CARTESIAN_POINT('',(-1.15666763877495,1.2,6.70147580564724));
#9405=CARTESIAN_POINT('',(-1.19941391937896,0.,6.6875));
#9406=CARTESIAN_POINT('Origin',(-1.15666763877495,0.,6.59852419435276));
#9407=CARTESIAN_POINT('',(-1.15666763877495,1.2,6.59852419435276));
#9408=CARTESIAN_POINT('',(-1.19941391937896,1.2,6.6875));
#9409=CARTESIAN_POINT('',(-1.15666763877495,0.,6.59852419435276));
#9410=CARTESIAN_POINT('Origin',(-1.11376882651991,0.,6.58567161048593));
#9411=CARTESIAN_POINT('',(-1.11376882651991,1.2,6.58567161048593));
#9412=CARTESIAN_POINT('',(-1.15666763877495,1.2,6.59852419435276));
#9413=CARTESIAN_POINT('',(-1.11376882651991,0.,6.58567161048593));
#9414=CARTESIAN_POINT('Origin',(-1.07073970316935,0.,6.57394374146028));
#9415=CARTESIAN_POINT('',(-1.07073970316935,1.2,6.57394374146028));
#9416=CARTESIAN_POINT('',(-1.11376882651991,1.2,6.58567161048593));
#9417=CARTESIAN_POINT('',(-1.07073970316935,0.,6.57394374146028));
#9418=CARTESIAN_POINT('Origin',(-1.02760250081175,0.,6.56334168923043));
#9419=CARTESIAN_POINT('',(-1.02760250081175,1.2,6.56334168923043));
#9420=CARTESIAN_POINT('',(-1.07073970316935,1.2,6.57394374146028));
#9421=CARTESIAN_POINT('',(-1.02760250081175,0.,6.56334168923043));
#9422=CARTESIAN_POINT('Origin',(-0.984379456612631,0.,6.55386616461791));
#9423=CARTESIAN_POINT('',(-0.984379456612631,1.2,6.55386616461791));
#9424=CARTESIAN_POINT('',(-1.02760250081175,1.2,6.56334168923043));
#9425=CARTESIAN_POINT('',(-0.984379456612631,0.,6.55386616461791));
#9426=CARTESIAN_POINT('Origin',(-0.941092806360219,0.,6.54551748738642));
#9427=CARTESIAN_POINT('',(-0.941092806360219,1.2,6.54551748738642));
#9428=CARTESIAN_POINT('',(-0.984379456612631,1.2,6.55386616461791));
#9429=CARTESIAN_POINT('',(-0.941092806360219,0.,6.54551748738642));
#9430=CARTESIAN_POINT('Origin',(-0.897764778014193,0.,6.53829558641944));
#9431=CARTESIAN_POINT('',(-0.897764778014193,1.2,6.53829558641944));
#9432=CARTESIAN_POINT('',(-0.941092806360219,1.2,6.54551748738642));
#9433=CARTESIAN_POINT('',(-0.897764778014193,0.,6.53829558641944));
#9434=CARTESIAN_POINT('Origin',(-0.854417585259105,0.,6.5322));
#9435=CARTESIAN_POINT('',(-0.854417585259105,1.2,6.5322));
#9436=CARTESIAN_POINT('',(-0.897764778014193,1.2,6.53829558641944));
#9437=CARTESIAN_POINT('',(-0.854417585259105,0.,6.5322));
#9438=CARTESIAN_POINT('Origin',(-0.849816447231376,0.,6.50262884944793));
#9439=CARTESIAN_POINT('',(-0.849816447231376,1.2,6.50262884944793));
#9440=CARTESIAN_POINT('',(-0.854417585259105,1.2,6.5322));
#9441=CARTESIAN_POINT('',(-0.849816447231376,0.,6.50262884944793));
#9442=CARTESIAN_POINT('Origin',(-0.844116401918668,0.,6.4728736326464));
#9443=CARTESIAN_POINT('',(-0.844116401918668,1.2,6.4728736326464));
#9444=CARTESIAN_POINT('',(-0.849816447231376,1.2,6.50262884944793));
#9445=CARTESIAN_POINT('',(-0.844116401918668,0.,6.4728736326464));
#9446=CARTESIAN_POINT('Origin',(-0.837374849578216,0.,6.44333696195531));
#9447=CARTESIAN_POINT('',(-0.837374849578216,1.2,6.44333696195531));
#9448=CARTESIAN_POINT('',(-0.844116401918668,1.2,6.4728736326464));
#9449=CARTESIAN_POINT('',(-0.837374849578216,0.,6.44333696195531));
#9450=CARTESIAN_POINT('Origin',(-0.829600108226499,0.,6.41405528098603));
#9451=CARTESIAN_POINT('',(-0.829600108226499,1.2,6.41405528098603));
#9452=CARTESIAN_POINT('',(-0.837374849578216,1.2,6.44333696195531));
#9453=CARTESIAN_POINT('',(-0.829600108226499,0.,6.41405528098603));
#9454=CARTESIAN_POINT('Origin',(-0.820915148974863,0.,6.38541623597889));
#9455=CARTESIAN_POINT('',(-0.820915148974863,1.2,6.38541623597889));
#9456=CARTESIAN_POINT('',(-0.829600108226499,1.2,6.41405528098603));
#9457=CARTESIAN_POINT('',(-0.820915148974863,0.,6.38541623597889));
#9458=CARTESIAN_POINT('Origin',(-0.857324844330383,0.,6.36111666031054));
#9459=CARTESIAN_POINT('',(-0.857324844330383,1.2,6.36111666031054));
#9460=CARTESIAN_POINT('',(-0.820915148974863,1.2,6.38541623597889));
#9461=CARTESIAN_POINT('',(-0.857324844330383,0.,6.36111666031054));
#9462=CARTESIAN_POINT('Origin',(-0.893228583582656,0.,6.33581062542485));
#9463=CARTESIAN_POINT('',(-0.893228583582656,1.2,6.33581062542485));
#9464=CARTESIAN_POINT('',(-0.857324844330383,1.2,6.36111666031054));
#9465=CARTESIAN_POINT('',(-0.893228583582656,0.,6.33581062542485));
#9466=CARTESIAN_POINT('Origin',(-0.928606152561974,0.,6.30950735348572));
#9467=CARTESIAN_POINT('',(-0.928606152561974,1.2,6.30950735348572));
#9468=CARTESIAN_POINT('',(-0.893228583582656,1.2,6.33581062542485));
#9469=CARTESIAN_POINT('',(-0.928606152561974,0.,6.30950735348572));
#9470=CARTESIAN_POINT('Origin',(-0.963437493712369,0.,6.28221642476964));
#9471=CARTESIAN_POINT('',(-0.963437493712369,1.2,6.28221642476964));
#9472=CARTESIAN_POINT('',(-0.928606152561974,1.2,6.30950735348572));
#9473=CARTESIAN_POINT('',(-0.963437493712369,0.,6.28221642476964));
#9474=CARTESIAN_POINT('Origin',(-0.997702712021168,0.,6.25394777512068));
#9475=CARTESIAN_POINT('',(-0.997702712021168,1.2,6.25394777512068));
#9476=CARTESIAN_POINT('',(-0.963437493712369,1.2,6.28221642476964));
#9477=CARTESIAN_POINT('',(-0.997702712021168,0.,6.25394777512068));
#9478=CARTESIAN_POINT('Origin',(-1.03138208090842,0.,6.22471169331144));
#9479=CARTESIAN_POINT('',(-1.03138208090842,1.2,6.22471169331144));
#9480=CARTESIAN_POINT('',(-0.997702712021168,1.2,6.25394777512068));
#9481=CARTESIAN_POINT('',(-1.03138208090842,0.,6.22471169331144));
#9482=CARTESIAN_POINT('Origin',(-1.06445604807475,0.,6.19451881831041));
#9483=CARTESIAN_POINT('',(-1.06445604807475,1.2,6.19451881831041));
#9484=CARTESIAN_POINT('',(-1.03138208090842,1.2,6.22471169331144));
#9485=CARTESIAN_POINT('',(-1.06445604807475,0.,6.19451881831041));
#9486=CARTESIAN_POINT('Origin',(-1.09690524130617,0.,6.16338013645655));
#9487=CARTESIAN_POINT('',(-1.09690524130617,1.2,6.16338013645655));
#9488=CARTESIAN_POINT('',(-1.06445604807475,1.2,6.19451881831041));
#9489=CARTESIAN_POINT('',(-1.09690524130617,0.,6.16338013645655));
#9490=CARTESIAN_POINT('Origin',(-1.01978701801812,0.,6.10176262163369));
#9491=CARTESIAN_POINT('',(-1.01978701801812,1.2,6.10176262163369));
#9492=CARTESIAN_POINT('',(-1.09690524130617,1.2,6.16338013645655));
#9493=CARTESIAN_POINT('',(-1.01978701801812,0.,6.10176262163369));
#9494=CARTESIAN_POINT('Origin',(-0.975559996560871,0.,6.10879594076249));
#9495=CARTESIAN_POINT('',(-0.975559996560871,1.2,6.10879594076249));
#9496=CARTESIAN_POINT('',(-1.01978701801812,1.2,6.10176262163369));
#9497=CARTESIAN_POINT('',(-0.975559996560871,0.,6.10879594076249));
#9498=CARTESIAN_POINT('Origin',(-0.931703564344157,0.,6.11689913281383));
#9499=CARTESIAN_POINT('',(-0.931703564344157,1.2,6.11689913281383));
#9500=CARTESIAN_POINT('',(-0.975559996560871,1.2,6.10879594076249));
#9501=CARTESIAN_POINT('',(-0.931703564344157,0.,6.11689913281383));
#9502=CARTESIAN_POINT('Origin',(-0.888238229907747,0.,6.12606354447285));
#9503=CARTESIAN_POINT('',(-0.888238229907747,1.2,6.12606354447285));
#9504=CARTESIAN_POINT('',(-0.931703564344157,1.2,6.11689913281383));
#9505=CARTESIAN_POINT('',(-0.888238229907747,0.,6.12606354447285));
#9506=CARTESIAN_POINT('Origin',(-0.845184336659388,0.,6.13628016782308));
#9507=CARTESIAN_POINT('',(-0.845184336659388,1.2,6.13628016782308));
#9508=CARTESIAN_POINT('',(-0.888238229907747,1.2,6.12606354447285));
#9509=CARTESIAN_POINT('',(-0.845184336659388,0.,6.13628016782308));
#9510=CARTESIAN_POINT('Origin',(-0.802562057092298,0.,6.14753964321473));
#9511=CARTESIAN_POINT('',(-0.802562057092298,1.2,6.14753964321473));
#9512=CARTESIAN_POINT('',(-0.845184336659388,1.2,6.13628016782308));
#9513=CARTESIAN_POINT('',(-0.802562057092298,0.,6.14753964321473));
#9514=CARTESIAN_POINT('Origin',(-0.760391387049845,0.,6.15983226222377));
#9515=CARTESIAN_POINT('',(-0.760391387049845,1.2,6.15983226222377));
#9516=CARTESIAN_POINT('',(-0.802562057092298,1.2,6.14753964321473));
#9517=CARTESIAN_POINT('',(-0.760391387049845,0.,6.15983226222377));
#9518=CARTESIAN_POINT('Origin',(-0.718692140038766,0.,6.17314797070108));
#9519=CARTESIAN_POINT('',(-0.718692140038766,1.2,6.17314797070108));
#9520=CARTESIAN_POINT('',(-0.760391387049845,1.2,6.15983226222377));
#9521=CARTESIAN_POINT('',(-0.718692140038766,0.,6.17314797070108));
#9522=CARTESIAN_POINT('Origin',(-0.70171621654732,0.,6.14850164363727));
#9523=CARTESIAN_POINT('',(-0.701716216547319,1.2,6.14850164363727));
#9524=CARTESIAN_POINT('',(-0.718692140038766,1.2,6.17314797070108));
#9525=CARTESIAN_POINT('',(-0.70171621654732,0.,6.14850164363727));
#9526=CARTESIAN_POINT('Origin',(-0.683670348450835,0.,6.12416627661483));
#9527=CARTESIAN_POINT('',(-0.683670348450835,1.2,6.12416627661483));
#9528=CARTESIAN_POINT('',(-0.70171621654732,1.2,6.14850164363727));
#9529=CARTESIAN_POINT('',(-0.683670348450835,0.,6.12416627661483));
#9530=CARTESIAN_POINT('Origin',(-0.664780938550219,0.,6.1004797057976));
#9531=CARTESIAN_POINT('',(-0.664780938550219,1.2,6.1004797057976));
#9532=CARTESIAN_POINT('',(-0.683670348450835,1.2,6.12416627661483));
#9533=CARTESIAN_POINT('',(-0.664780938550219,0.,6.1004797057976));
#9534=CARTESIAN_POINT('Origin',(-0.645071293409729,0.,6.07747115669278));
#9535=CARTESIAN_POINT('',(-0.645071293409729,1.2,6.07747115669278));
#9536=CARTESIAN_POINT('',(-0.664780938550219,1.2,6.1004797057976));
#9537=CARTESIAN_POINT('',(-0.645071293409729,0.,6.07747115669278));
#9538=CARTESIAN_POINT('Origin',(-0.624820399572551,0.,6.05543653132908));
#9539=CARTESIAN_POINT('',(-0.624820399572551,1.2,6.05543653132908));
#9540=CARTESIAN_POINT('',(-0.645071293409729,1.2,6.07747115669278));
#9541=CARTESIAN_POINT('',(-0.624820399572551,0.,6.05543653132908));
#9542=CARTESIAN_POINT('Origin',(-0.647081210827733,0.,6.01774579538767));
#9543=CARTESIAN_POINT('',(-0.647081210827733,1.2,6.01774579538767));
#9544=CARTESIAN_POINT('',(-0.624820399572551,1.2,6.05543653132908));
#9545=CARTESIAN_POINT('',(-0.647081210827733,0.,6.01774579538767));
#9546=CARTESIAN_POINT('Origin',(-0.668449485096874,0.,5.97936779715054));
#9547=CARTESIAN_POINT('',(-0.668449485096875,1.2,5.97936779715054));
#9548=CARTESIAN_POINT('',(-0.647081210827733,1.2,6.01774579538767));
#9549=CARTESIAN_POINT('',(-0.668449485096874,0.,5.97936779715054));
#9550=CARTESIAN_POINT('Origin',(-0.688911011389335,0.,5.94031961609977));
#9551=CARTESIAN_POINT('',(-0.688911011389335,1.2,5.94031961609977));
#9552=CARTESIAN_POINT('',(-0.668449485096874,1.2,5.97936779715054));
#9553=CARTESIAN_POINT('',(-0.688911011389335,0.,5.94031961609977));
#9554=CARTESIAN_POINT('Origin',(-0.708451875197804,0.,5.90061858641362));
#9555=CARTESIAN_POINT('',(-0.708451875197804,1.2,5.90061858641362));
#9556=CARTESIAN_POINT('',(-0.688911011389335,1.2,5.94031961609977));
#9557=CARTESIAN_POINT('',(-0.708451875197804,0.,5.90061858641362));
#9558=CARTESIAN_POINT('Origin',(-0.727058462736419,0.,5.86028229210078));
#9559=CARTESIAN_POINT('',(-0.727058462736419,1.2,5.86028229210078));
#9560=CARTESIAN_POINT('',(-0.708451875197804,1.2,5.90061858641362));
#9561=CARTESIAN_POINT('',(-0.727058462736419,0.,5.86028229210078));
#9562=CARTESIAN_POINT('Origin',(-0.744717465101894,0.,5.81932856206728));
#9563=CARTESIAN_POINT('',(-0.744717465101894,1.2,5.81932856206728));
#9564=CARTESIAN_POINT('',(-0.727058462736419,1.2,5.86028229210078));
#9565=CARTESIAN_POINT('',(-0.744717465101894,0.,5.81932856206728));
#9566=CARTESIAN_POINT('Origin',(-0.761415882356623,0.,5.7777754651173));
#9567=CARTESIAN_POINT('',(-0.761415882356623,1.2,5.7777754651173));
#9568=CARTESIAN_POINT('',(-0.744717465101894,1.2,5.81932856206728));
#9569=CARTESIAN_POINT('',(-0.761415882356623,0.,5.7777754651173));
#9570=CARTESIAN_POINT('Origin',(-0.777141027532747,0.,5.73564130488886));
#9571=CARTESIAN_POINT('',(-0.777141027532747,1.2,5.73564130488886));
#9572=CARTESIAN_POINT('',(-0.761415882356623,1.2,5.7777754651173));
#9573=CARTESIAN_POINT('',(-0.777141027532747,0.,5.73564130488886));
#9574=CARTESIAN_POINT('Origin',(-0.680925071475782,0.,5.71358618539027));
#9575=CARTESIAN_POINT('',(-0.680925071475782,1.2,5.71358618539027));
#9576=CARTESIAN_POINT('',(-0.777141027532747,1.2,5.73564130488886));
#9577=CARTESIAN_POINT('',(-0.680925071475782,0.,5.71358618539027));
#9578=CARTESIAN_POINT('Origin',(-0.644129544824766,0.,5.73911237240325));
#9579=CARTESIAN_POINT('',(-0.644129544824766,1.2,5.73911237240325));
#9580=CARTESIAN_POINT('',(-0.680925071475782,1.2,5.71358618539027));
#9581=CARTESIAN_POINT('',(-0.644129544824766,0.,5.73911237240325));
#9582=CARTESIAN_POINT('Origin',(-0.608132108006257,0.,5.76544168896668));
#9583=CARTESIAN_POINT('',(-0.608132108006257,1.2,5.76544168896668));
#9584=CARTESIAN_POINT('',(-0.644129544824766,1.2,5.73911237240325));
#9585=CARTESIAN_POINT('',(-0.608132108006257,0.,5.76544168896668));
#9586=CARTESIAN_POINT('Origin',(-0.572947484043512,0.,5.79255744039136));
#9587=CARTESIAN_POINT('',(-0.572947484043512,1.2,5.79255744039136));
#9588=CARTESIAN_POINT('',(-0.608132108006257,1.2,5.76544168896668));
#9589=CARTESIAN_POINT('',(-0.572947484043512,0.,5.79255744039136));
#9590=CARTESIAN_POINT('Origin',(-0.5385900933251,0.,5.82044268415117));
#9591=CARTESIAN_POINT('',(-0.5385900933251,1.2,5.82044268415117));
#9592=CARTESIAN_POINT('',(-0.572947484043512,1.2,5.79255744039136));
#9593=CARTESIAN_POINT('',(-0.5385900933251,0.,5.82044268415117));
#9594=CARTESIAN_POINT('Origin',(-0.50507404963955,0.,5.84908023497625));
#9595=CARTESIAN_POINT('',(-0.50507404963955,1.2,5.84908023497625));
#9596=CARTESIAN_POINT('',(-0.5385900933251,1.2,5.82044268415117));
#9597=CARTESIAN_POINT('',(-0.50507404963955,0.,5.84908023497625));
#9598=CARTESIAN_POINT('Origin',(-0.472413156291905,0.,5.87845267000749));
#9599=CARTESIAN_POINT('',(-0.472413156291905,1.2,5.87845267000749));
#9600=CARTESIAN_POINT('',(-0.50507404963955,1.2,5.84908023497625));
#9601=CARTESIAN_POINT('',(-0.472413156291905,0.,5.87845267000749));
#9602=CARTESIAN_POINT('Origin',(-0.440620902303083,0.,5.90854233401116));
#9603=CARTESIAN_POINT('',(-0.440620902303083,1.2,5.90854233401116));
#9604=CARTESIAN_POINT('',(-0.472413156291905,1.2,5.87845267000749));
#9605=CARTESIAN_POINT('',(-0.440620902303083,0.,5.90854233401116));
#9606=CARTESIAN_POINT('Origin',(-0.414632483191438,0.,5.89370233777797));
#9607=CARTESIAN_POINT('',(-0.414632483191438,1.2,5.89370233777797));
#9608=CARTESIAN_POINT('',(-0.440620902303083,1.2,5.90854233401116));
#9609=CARTESIAN_POINT('',(-0.414632483191438,0.,5.89370233777797));
#9610=CARTESIAN_POINT('Origin',(-0.387814997805735,0.,5.8796067384271));
#9611=CARTESIAN_POINT('',(-0.387814997805735,1.2,5.8796067384271));
#9612=CARTESIAN_POINT('',(-0.414632483191438,1.2,5.89370233777797));
#9613=CARTESIAN_POINT('',(-0.387814997805735,0.,5.8796067384271));
#9614=CARTESIAN_POINT('Origin',(-0.360519009639182,0.,5.86646168333081));
#9615=CARTESIAN_POINT('',(-0.360519009639182,1.2,5.86646168333081));
#9616=CARTESIAN_POINT('',(-0.387814997805735,1.2,5.8796067384271));
#9617=CARTESIAN_POINT('',(-0.360519009639182,0.,5.86646168333081));
#9618=CARTESIAN_POINT('Origin',(-0.332778197652928,0.,5.854283391422));
#9619=CARTESIAN_POINT('',(-0.332778197652928,1.2,5.854283391422));
#9620=CARTESIAN_POINT('',(-0.360519009639182,1.2,5.86646168333081));
#9621=CARTESIAN_POINT('',(-0.332778197652928,0.,5.854283391422));
#9622=CARTESIAN_POINT('Origin',(-0.304972307115574,0.,5.84321741349196));
#9623=CARTESIAN_POINT('',(-0.304972307115574,1.2,5.84321741349196));
#9624=CARTESIAN_POINT('',(-0.332778197652928,1.2,5.854283391422));
#9625=CARTESIAN_POINT('',(-0.304972307115574,0.,5.84321741349196));
#9626=CARTESIAN_POINT('Origin',(-0.308675207590395,0.,5.79960062977723));
#9627=CARTESIAN_POINT('',(-0.308675207590396,1.2,5.79960062977723));
#9628=CARTESIAN_POINT('',(-0.304972307115574,1.2,5.84321741349196));
#9629=CARTESIAN_POINT('',(-0.308675207590395,0.,5.79960062977723));
#9630=CARTESIAN_POINT('Origin',(-0.311275768092716,0.,5.75575190141478));
#9631=CARTESIAN_POINT('',(-0.311275768092716,1.2,5.75575190141478));
#9632=CARTESIAN_POINT('',(-0.308675207590395,1.2,5.79960062977723));
#9633=CARTESIAN_POINT('',(-0.311275768092716,0.,5.75575190141478));
#9634=CARTESIAN_POINT('Origin',(-0.312768595471945,0.,5.711692782404));
#9635=CARTESIAN_POINT('',(-0.312768595471945,1.2,5.711692782404));
#9636=CARTESIAN_POINT('',(-0.311275768092716,1.2,5.75575190141478));
#9637=CARTESIAN_POINT('',(-0.312768595471945,0.,5.711692782404));
#9638=CARTESIAN_POINT('Origin',(-0.313148674208253,0.,5.6674449275783));
#9639=CARTESIAN_POINT('',(-0.313148674208253,1.2,5.6674449275783));
#9640=CARTESIAN_POINT('',(-0.312768595471945,1.2,5.711692782404));
#9641=CARTESIAN_POINT('',(-0.313148674208253,0.,5.6674449275783));
#9642=CARTESIAN_POINT('Origin',(-0.312411368119841,0.,5.6230300863824));
#9643=CARTESIAN_POINT('',(-0.312411368119841,1.2,5.6230300863824));
#9644=CARTESIAN_POINT('',(-0.313148674208253,1.2,5.6674449275783));
#9645=CARTESIAN_POINT('',(-0.312411368119841,0.,5.6230300863824));
#9646=CARTESIAN_POINT('Origin',(-0.310552421971606,0.,5.57847009662233));
#9647=CARTESIAN_POINT('',(-0.310552421971606,1.2,5.57847009662233));
#9648=CARTESIAN_POINT('',(-0.312411368119841,1.2,5.6230300863824));
#9649=CARTESIAN_POINT('',(-0.310552421971606,0.,5.57847009662233));
#9650=CARTESIAN_POINT('Origin',(-0.307567962984791,0.,5.53378687818964));
#9651=CARTESIAN_POINT('',(-0.307567962984792,1.2,5.53378687818964));
#9652=CARTESIAN_POINT('',(-0.310552421971606,1.2,5.57847009662233));
#9653=CARTESIAN_POINT('',(-0.307567962984791,0.,5.53378687818964));
#9654=CARTESIAN_POINT('Origin',(-0.303454502247229,0.,5.48900242676141));
#9655=CARTESIAN_POINT('',(-0.303454502247229,1.2,5.48900242676141));
#9656=CARTESIAN_POINT('',(-0.307567962984791,1.2,5.53378687818964));
#9657=CARTESIAN_POINT('',(-0.303454502247229,0.,5.48900242676141));
#9658=CARTESIAN_POINT('Origin',(-0.207197563529702,0.,5.51087798949208));
#9659=CARTESIAN_POINT('',(-0.207197563529702,1.2,5.51087798949208));
#9660=CARTESIAN_POINT('',(-0.303454502247229,1.2,5.48900242676141));
#9661=CARTESIAN_POINT('',(-0.207197563529702,0.,5.51087798949208));
#9662=CARTESIAN_POINT('Origin',(-0.185121337005669,0.,5.54984126999317));
#9663=CARTESIAN_POINT('',(-0.185121337005669,1.2,5.54984126999317));
#9664=CARTESIAN_POINT('',(-0.207197563529702,1.2,5.51087798949208));
#9665=CARTESIAN_POINT('',(-0.185121337005669,0.,5.54984126999317));
#9666=CARTESIAN_POINT('Origin',(-0.164112629426861,0.,5.58918186701544));
#9667=CARTESIAN_POINT('',(-0.164112629426861,1.2,5.58918186701544));
#9668=CARTESIAN_POINT('',(-0.185121337005669,1.2,5.54984126999317));
#9669=CARTESIAN_POINT('',(-0.164112629426861,0.,5.58918186701544));
#9670=CARTESIAN_POINT('Origin',(-0.144177462224698,0.,5.62887835108326));
#9671=CARTESIAN_POINT('',(-0.144177462224698,1.2,5.62887835108326));
#9672=CARTESIAN_POINT('',(-0.164112629426861,1.2,5.58918186701544));
#9673=CARTESIAN_POINT('',(-0.144177462224698,0.,5.62887835108326));
#9674=CARTESIAN_POINT('Origin',(-0.125321476633759,0.,5.66890920073594));
#9675=CARTESIAN_POINT('',(-0.125321476633759,1.2,5.66890920073594));
#9676=CARTESIAN_POINT('',(-0.144177462224698,1.2,5.62887835108326));
#9677=CARTESIAN_POINT('',(-0.125321476633759,0.,5.66890920073594));
#9678=CARTESIAN_POINT('Origin',(-0.107549932328974,0.,5.70925280883702));
#9679=CARTESIAN_POINT('',(-0.107549932328974,1.2,5.70925280883702));
#9680=CARTESIAN_POINT('',(-0.125321476633759,1.2,5.66890920073594));
#9681=CARTESIAN_POINT('',(-0.107549932328974,0.,5.70925280883702));
#9682=CARTESIAN_POINT('Origin',(-0.0908677061632077,0.,5.74988748890326));
#9683=CARTESIAN_POINT('',(-0.0908677061632077,1.2,5.74988748890326));
#9684=CARTESIAN_POINT('',(-0.107549932328974,1.2,5.70925280883702));
#9685=CARTESIAN_POINT('',(-0.0908677061632077,0.,5.74988748890326));
#9686=CARTESIAN_POINT('Origin',(-0.0752792910055365,0.,5.79079148145185));
#9687=CARTESIAN_POINT('',(-0.0752792910055365,1.2,5.79079148145185));
#9688=CARTESIAN_POINT('',(-0.0908677061632077,1.2,5.74988748890326));
#9689=CARTESIAN_POINT('',(-0.0752792910055365,0.,5.79079148145185));
#9690=CARTESIAN_POINT('Origin',(-0.0454257014057983,0.,5.78869705930388));
#9691=CARTESIAN_POINT('',(-0.0454257014057984,1.2,5.78869705930388));
#9692=CARTESIAN_POINT('',(-0.0752792910055365,1.2,5.79079148145185));
#9693=CARTESIAN_POINT('',(-0.0454257014057983,0.,5.78869705930388));
#9694=CARTESIAN_POINT('Origin',(-0.0151481306063896,0.,5.78763303394719));
#9695=CARTESIAN_POINT('',(-0.0151481306063896,1.2,5.78763303394719));
#9696=CARTESIAN_POINT('',(-0.0454257014057983,1.2,5.78869705930388));
#9697=CARTESIAN_POINT('',(-0.0151481306063896,0.,5.78763303394719));
#9698=CARTESIAN_POINT('Origin',(0.0151481306063893,0.,5.78763303394719));
#9699=CARTESIAN_POINT('',(0.0151481306063893,1.2,5.78763303394719));
#9700=CARTESIAN_POINT('',(-0.0151481306063896,1.2,5.78763303394719));
#9701=CARTESIAN_POINT('',(0.0151481306063893,0.,5.78763303394719));
#9702=CARTESIAN_POINT('Origin',(0.045425701405798,0.,5.78869705930388));
#9703=CARTESIAN_POINT('',(0.045425701405798,1.2,5.78869705930388));
#9704=CARTESIAN_POINT('',(0.0151481306063893,1.2,5.78763303394719));
#9705=CARTESIAN_POINT('',(0.045425701405798,0.,5.78869705930388));
#9706=CARTESIAN_POINT('Origin',(0.0752792910055362,0.,5.79079148145185));
#9707=CARTESIAN_POINT('',(0.0752792910055362,1.2,5.79079148145185));
#9708=CARTESIAN_POINT('',(0.045425701405798,1.2,5.78869705930388));
#9709=CARTESIAN_POINT('',(0.0752792910055362,0.,5.79079148145185));
#9710=CARTESIAN_POINT('Origin',(0.0908677061632073,0.,5.74988748890326));
#9711=CARTESIAN_POINT('',(0.0908677061632073,1.2,5.74988748890326));
#9712=CARTESIAN_POINT('',(0.0752792910055362,1.2,5.79079148145185));
#9713=CARTESIAN_POINT('',(0.0908677061632073,0.,5.74988748890326));
#9714=CARTESIAN_POINT('Origin',(0.107549932328974,0.,5.70925280883702));
#9715=CARTESIAN_POINT('',(0.107549932328973,1.2,5.70925280883702));
#9716=CARTESIAN_POINT('',(0.0908677061632073,1.2,5.74988748890326));
#9717=CARTESIAN_POINT('',(0.107549932328974,0.,5.70925280883702));
#9718=CARTESIAN_POINT('Origin',(0.125321476633759,0.,5.66890920073594));
#9719=CARTESIAN_POINT('',(0.125321476633759,1.2,5.66890920073594));
#9720=CARTESIAN_POINT('',(0.107549932328974,1.2,5.70925280883702));
#9721=CARTESIAN_POINT('',(0.125321476633759,0.,5.66890920073594));
#9722=CARTESIAN_POINT('Origin',(0.144177462224697,0.,5.62887835108326));
#9723=CARTESIAN_POINT('',(0.144177462224697,1.2,5.62887835108326));
#9724=CARTESIAN_POINT('',(0.125321476633759,1.2,5.66890920073594));
#9725=CARTESIAN_POINT('',(0.144177462224697,0.,5.62887835108326));
#9726=CARTESIAN_POINT('Origin',(0.164112629426861,0.,5.58918186701544));
#9727=CARTESIAN_POINT('',(0.16411262942686,1.2,5.58918186701544));
#9728=CARTESIAN_POINT('',(0.144177462224697,1.2,5.62887835108326));
#9729=CARTESIAN_POINT('',(0.164112629426861,0.,5.58918186701544));
#9730=CARTESIAN_POINT('Origin',(0.185121337005669,0.,5.54984126999317));
#9731=CARTESIAN_POINT('',(0.185121337005669,1.2,5.54984126999317));
#9732=CARTESIAN_POINT('',(0.164112629426861,1.2,5.58918186701544));
#9733=CARTESIAN_POINT('',(0.185121337005669,0.,5.54984126999317));
#9734=CARTESIAN_POINT('Origin',(0.207197563529702,0.,5.51087798949208));
#9735=CARTESIAN_POINT('',(0.207197563529702,1.2,5.51087798949208));
#9736=CARTESIAN_POINT('',(0.185121337005669,1.2,5.54984126999317));
#9737=CARTESIAN_POINT('',(0.207197563529702,0.,5.51087798949208));
#9738=CARTESIAN_POINT('Origin',(0.230334908833591,0.,5.47231335671469));
#9739=CARTESIAN_POINT('',(0.230334908833591,1.2,5.47231335671469));
#9740=CARTESIAN_POINT('',(0.207197563529702,1.2,5.51087798949208));
#9741=CARTESIAN_POINT('',(0.230334908833591,0.,5.47231335671469));
#9742=CARTESIAN_POINT('Origin',(0.307567962984791,0.,5.53378687818964));
#9743=CARTESIAN_POINT('',(0.307567962984791,1.2,5.53378687818964));
#9744=CARTESIAN_POINT('',(0.230334908833591,1.2,5.47231335671469));
#9745=CARTESIAN_POINT('',(0.307567962984791,0.,5.53378687818964));
#9746=CARTESIAN_POINT('Origin',(0.310552421971606,0.,5.57847009662232));
#9747=CARTESIAN_POINT('',(0.310552421971606,1.2,5.57847009662232));
#9748=CARTESIAN_POINT('',(0.307567962984791,1.2,5.53378687818964));
#9749=CARTESIAN_POINT('',(0.310552421971606,0.,5.57847009662232));
#9750=CARTESIAN_POINT('Origin',(0.312411368119841,0.,5.6230300863824));
#9751=CARTESIAN_POINT('',(0.312411368119841,1.2,5.6230300863824));
#9752=CARTESIAN_POINT('',(0.310552421971606,1.2,5.57847009662232));
#9753=CARTESIAN_POINT('',(0.312411368119841,0.,5.6230300863824));
#9754=CARTESIAN_POINT('Origin',(0.313148674208253,0.,5.6674449275783));
#9755=CARTESIAN_POINT('',(0.313148674208253,1.2,5.6674449275783));
#9756=CARTESIAN_POINT('',(0.312411368119841,1.2,5.6230300863824));
#9757=CARTESIAN_POINT('',(0.313148674208253,0.,5.6674449275783));
#9758=CARTESIAN_POINT('Origin',(0.312768595471945,0.,5.711692782404));
#9759=CARTESIAN_POINT('',(0.312768595471945,1.2,5.711692782404));
#9760=CARTESIAN_POINT('',(0.313148674208253,1.2,5.6674449275783));
#9761=CARTESIAN_POINT('',(0.312768595471945,0.,5.711692782404));
#9762=CARTESIAN_POINT('Origin',(0.311275768092716,0.,5.75575190141477));
#9763=CARTESIAN_POINT('',(0.311275768092716,1.2,5.75575190141477));
#9764=CARTESIAN_POINT('',(0.312768595471945,1.2,5.711692782404));
#9765=CARTESIAN_POINT('',(0.311275768092716,0.,5.75575190141477));
#9766=CARTESIAN_POINT('Origin',(0.308675207590395,0.,5.79960062977723));
#9767=CARTESIAN_POINT('',(0.308675207590395,1.2,5.79960062977723));
#9768=CARTESIAN_POINT('',(0.311275768092716,1.2,5.75575190141477));
#9769=CARTESIAN_POINT('',(0.308675207590395,0.,5.79960062977723));
#9770=CARTESIAN_POINT('Origin',(0.304972307115573,0.,5.84321741349196));
#9771=CARTESIAN_POINT('',(0.304972307115573,1.2,5.84321741349196));
#9772=CARTESIAN_POINT('',(0.308675207590395,1.2,5.79960062977723));
#9773=CARTESIAN_POINT('',(0.304972307115573,0.,5.84321741349196));
#9774=CARTESIAN_POINT('Origin',(0.332778197652927,0.,5.854283391422));
#9775=CARTESIAN_POINT('',(0.332778197652927,1.2,5.854283391422));
#9776=CARTESIAN_POINT('',(0.304972307115573,1.2,5.84321741349196));
#9777=CARTESIAN_POINT('',(0.332778197652927,0.,5.854283391422));
#9778=CARTESIAN_POINT('Origin',(0.360519009639182,0.,5.86646168333081));
#9779=CARTESIAN_POINT('',(0.360519009639182,1.2,5.86646168333081));
#9780=CARTESIAN_POINT('',(0.332778197652927,1.2,5.854283391422));
#9781=CARTESIAN_POINT('',(0.360519009639182,0.,5.86646168333081));
#9782=CARTESIAN_POINT('Origin',(0.387814997805735,0.,5.8796067384271));
#9783=CARTESIAN_POINT('',(0.387814997805735,1.2,5.8796067384271));
#9784=CARTESIAN_POINT('',(0.360519009639182,1.2,5.86646168333081));
#9785=CARTESIAN_POINT('',(0.387814997805735,0.,5.8796067384271));
#9786=CARTESIAN_POINT('Origin',(0.414632483191438,0.,5.89370233777797));
#9787=CARTESIAN_POINT('',(0.414632483191438,1.2,5.89370233777797));
#9788=CARTESIAN_POINT('',(0.387814997805735,1.2,5.8796067384271));
#9789=CARTESIAN_POINT('',(0.414632483191438,0.,5.89370233777797));
#9790=CARTESIAN_POINT('Origin',(0.440620902303083,0.,5.90854233401116));
#9791=CARTESIAN_POINT('',(0.440620902303083,1.2,5.90854233401116));
#9792=CARTESIAN_POINT('',(0.414632483191438,1.2,5.89370233777797));
#9793=CARTESIAN_POINT('',(0.440620902303083,0.,5.90854233401116));
#9794=CARTESIAN_POINT('Origin',(0.472413156291905,0.,5.87845267000749));
#9795=CARTESIAN_POINT('',(0.472413156291905,1.2,5.87845267000749));
#9796=CARTESIAN_POINT('',(0.440620902303083,1.2,5.90854233401116));
#9797=CARTESIAN_POINT('',(0.472413156291905,0.,5.87845267000749));
#9798=CARTESIAN_POINT('Origin',(0.50507404963955,0.,5.84908023497625));
#9799=CARTESIAN_POINT('',(0.50507404963955,1.2,5.84908023497625));
#9800=CARTESIAN_POINT('',(0.472413156291905,1.2,5.87845267000749));
#9801=CARTESIAN_POINT('',(0.50507404963955,0.,5.84908023497625));
#9802=CARTESIAN_POINT('Origin',(0.538590093325099,0.,5.82044268415117));
#9803=CARTESIAN_POINT('',(0.538590093325099,1.2,5.82044268415117));
#9804=CARTESIAN_POINT('',(0.50507404963955,1.2,5.84908023497625));
#9805=CARTESIAN_POINT('',(0.538590093325099,0.,5.82044268415117));
#9806=CARTESIAN_POINT('Origin',(0.572947484043512,0.,5.79255744039136));
#9807=CARTESIAN_POINT('',(0.572947484043512,1.2,5.79255744039136));
#9808=CARTESIAN_POINT('',(0.538590093325099,1.2,5.82044268415117));
#9809=CARTESIAN_POINT('',(0.572947484043512,0.,5.79255744039136));
#9810=CARTESIAN_POINT('Origin',(0.608132108006256,0.,5.76544168896668));
#9811=CARTESIAN_POINT('',(0.608132108006256,1.2,5.76544168896668));
#9812=CARTESIAN_POINT('',(0.572947484043512,1.2,5.79255744039136));
#9813=CARTESIAN_POINT('',(0.608132108006256,0.,5.76544168896668));
#9814=CARTESIAN_POINT('Origin',(0.644129544824765,0.,5.73911237240325));
#9815=CARTESIAN_POINT('',(0.644129544824765,1.2,5.73911237240325));
#9816=CARTESIAN_POINT('',(0.608132108006256,1.2,5.76544168896668));
#9817=CARTESIAN_POINT('',(0.644129544824765,0.,5.73911237240325));
#9818=CARTESIAN_POINT('Origin',(0.680925071475782,0.,5.71358618539027));
#9819=CARTESIAN_POINT('',(0.680925071475782,1.2,5.71358618539027));
#9820=CARTESIAN_POINT('',(0.644129544824765,1.2,5.73911237240325));
#9821=CARTESIAN_POINT('',(0.680925071475782,0.,5.71358618539027));
#9822=CARTESIAN_POINT('Origin',(0.718503666347644,0.,5.68887956974945));
#9823=CARTESIAN_POINT('',(0.718503666347644,1.2,5.68887956974945));
#9824=CARTESIAN_POINT('',(0.680925071475782,1.2,5.71358618539027));
#9825=CARTESIAN_POINT('',(0.718503666347644,0.,5.68887956974945));
#9826=CARTESIAN_POINT('Origin',(0.761415882356623,0.,5.7777754651173));
#9827=CARTESIAN_POINT('',(0.761415882356623,1.2,5.7777754651173));
#9828=CARTESIAN_POINT('',(0.718503666347644,1.2,5.68887956974945));
#9829=CARTESIAN_POINT('',(0.761415882356623,0.,5.7777754651173));
#9830=CARTESIAN_POINT('Origin',(0.744717465101894,0.,5.81932856206728));
#9831=CARTESIAN_POINT('',(0.744717465101894,1.2,5.81932856206728));
#9832=CARTESIAN_POINT('',(0.761415882356623,1.2,5.7777754651173));
#9833=CARTESIAN_POINT('',(0.744717465101894,0.,5.81932856206728));
#9834=CARTESIAN_POINT('Origin',(0.727058462736418,0.,5.86028229210078));
#9835=CARTESIAN_POINT('',(0.727058462736418,1.2,5.86028229210078));
#9836=CARTESIAN_POINT('',(0.744717465101894,1.2,5.81932856206728));
#9837=CARTESIAN_POINT('',(0.727058462736418,0.,5.86028229210078));
#9838=CARTESIAN_POINT('Origin',(0.708451875197804,0.,5.90061858641362));
#9839=CARTESIAN_POINT('',(0.708451875197804,1.2,5.90061858641362));
#9840=CARTESIAN_POINT('',(0.727058462736418,1.2,5.86028229210078));
#9841=CARTESIAN_POINT('',(0.708451875197804,0.,5.90061858641362));
#9842=CARTESIAN_POINT('Origin',(0.688911011389335,0.,5.94031961609977));
#9843=CARTESIAN_POINT('',(0.688911011389335,1.2,5.94031961609977));
#9844=CARTESIAN_POINT('',(0.708451875197804,1.2,5.90061858641362));
#9845=CARTESIAN_POINT('',(0.688911011389335,0.,5.94031961609977));
#9846=CARTESIAN_POINT('Origin',(0.668449485096874,0.,5.97936779715054));
#9847=CARTESIAN_POINT('',(0.668449485096874,1.2,5.97936779715054));
#9848=CARTESIAN_POINT('',(0.688911011389335,1.2,5.94031961609977));
#9849=CARTESIAN_POINT('',(0.668449485096874,0.,5.97936779715054));
#9850=CARTESIAN_POINT('Origin',(0.647081210827733,0.,6.01774579538767));
#9851=CARTESIAN_POINT('',(0.647081210827733,1.2,6.01774579538767));
#9852=CARTESIAN_POINT('',(0.668449485096874,1.2,5.97936779715054));
#9853=CARTESIAN_POINT('',(0.647081210827733,0.,6.01774579538767));
#9854=CARTESIAN_POINT('Origin',(0.624820399572551,0.,6.05543653132908));
#9855=CARTESIAN_POINT('',(0.624820399572551,1.2,6.05543653132908));
#9856=CARTESIAN_POINT('',(0.647081210827733,1.2,6.01774579538767));
#9857=CARTESIAN_POINT('',(0.624820399572551,0.,6.05543653132908));
#9858=CARTESIAN_POINT('Origin',(0.645071293409729,0.,6.07747115669278));
#9859=CARTESIAN_POINT('',(0.645071293409729,1.2,6.07747115669278));
#9860=CARTESIAN_POINT('',(0.624820399572551,1.2,6.05543653132908));
#9861=CARTESIAN_POINT('',(0.645071293409729,0.,6.07747115669278));
#9862=CARTESIAN_POINT('Origin',(0.664780938550219,0.,6.1004797057976));
#9863=CARTESIAN_POINT('',(0.664780938550219,1.2,6.1004797057976));
#9864=CARTESIAN_POINT('',(0.645071293409729,1.2,6.07747115669278));
#9865=CARTESIAN_POINT('',(0.664780938550219,0.,6.1004797057976));
#9866=CARTESIAN_POINT('Origin',(0.683670348450835,0.,6.12416627661483));
#9867=CARTESIAN_POINT('',(0.683670348450835,1.2,6.12416627661483));
#9868=CARTESIAN_POINT('',(0.664780938550219,1.2,6.1004797057976));
#9869=CARTESIAN_POINT('',(0.683670348450835,0.,6.12416627661483));
#9870=CARTESIAN_POINT('Origin',(0.701716216547319,0.,6.14850164363727));
#9871=CARTESIAN_POINT('',(0.701716216547319,1.2,6.14850164363727));
#9872=CARTESIAN_POINT('',(0.683670348450835,1.2,6.12416627661483));
#9873=CARTESIAN_POINT('',(0.701716216547319,0.,6.14850164363727));
#9874=CARTESIAN_POINT('Origin',(0.718692140038766,0.,6.17314797070108));
#9875=CARTESIAN_POINT('',(0.718692140038766,1.2,6.17314797070108));
#9876=CARTESIAN_POINT('',(0.701716216547319,1.2,6.14850164363727));
#9877=CARTESIAN_POINT('',(0.718692140038766,0.,6.17314797070108));
#9878=CARTESIAN_POINT('Origin',(0.760391387049844,0.,6.15983226222377));
#9879=CARTESIAN_POINT('',(0.760391387049844,1.2,6.15983226222377));
#9880=CARTESIAN_POINT('',(0.718692140038766,1.2,6.17314797070108));
#9881=CARTESIAN_POINT('',(0.760391387049844,0.,6.15983226222377));
#9882=CARTESIAN_POINT('Origin',(0.802562057092298,0.,6.14753964321473));
#9883=CARTESIAN_POINT('',(0.802562057092298,1.2,6.14753964321473));
#9884=CARTESIAN_POINT('',(0.760391387049844,1.2,6.15983226222377));
#9885=CARTESIAN_POINT('',(0.802562057092298,0.,6.14753964321473));
#9886=CARTESIAN_POINT('Origin',(0.845184336659387,0.,6.13628016782308));
#9887=CARTESIAN_POINT('',(0.845184336659387,1.2,6.13628016782308));
#9888=CARTESIAN_POINT('',(0.802562057092298,1.2,6.14753964321473));
#9889=CARTESIAN_POINT('',(0.845184336659387,0.,6.13628016782308));
#9890=CARTESIAN_POINT('Origin',(0.888238229907747,0.,6.12606354447285));
#9891=CARTESIAN_POINT('',(0.888238229907747,1.2,6.12606354447285));
#9892=CARTESIAN_POINT('',(0.845184336659387,1.2,6.13628016782308));
#9893=CARTESIAN_POINT('',(0.888238229907747,0.,6.12606354447285));
#9894=CARTESIAN_POINT('Origin',(0.931703564344157,0.,6.11689913281383));
#9895=CARTESIAN_POINT('',(0.931703564344157,1.2,6.11689913281383));
#9896=CARTESIAN_POINT('',(0.888238229907747,1.2,6.12606354447285));
#9897=CARTESIAN_POINT('',(0.931703564344157,0.,6.11689913281383));
#9898=CARTESIAN_POINT('Origin',(0.97555999656087,0.,6.10879594076249));
#9899=CARTESIAN_POINT('',(0.97555999656087,1.2,6.10879594076249));
#9900=CARTESIAN_POINT('',(0.931703564344157,1.2,6.11689913281383));
#9901=CARTESIAN_POINT('',(0.97555999656087,0.,6.10879594076249));
#9902=CARTESIAN_POINT('Origin',(1.01978701801812,0.,6.10176262163368));
#9903=CARTESIAN_POINT('',(1.01978701801812,1.2,6.10176262163368));
#9904=CARTESIAN_POINT('',(0.97555999656087,1.2,6.10879594076249));
#9905=CARTESIAN_POINT('',(1.01978701801812,0.,6.10176262163368));
#9906=CARTESIAN_POINT('Origin',(1.06436396087236,0.,6.09580747136387));
#9907=CARTESIAN_POINT('',(1.06436396087236,1.2,6.09580747136387));
#9908=CARTESIAN_POINT('',(1.01978701801812,1.2,6.10176262163368));
#9909=CARTESIAN_POINT('',(1.06436396087236,0.,6.09580747136387));
#9910=CARTESIAN_POINT('Origin',(1.06445604807475,0.,6.19451881831041));
#9911=CARTESIAN_POINT('',(1.06445604807475,1.2,6.19451881831041));
#9912=CARTESIAN_POINT('',(1.06436396087236,1.2,6.09580747136387));
#9913=CARTESIAN_POINT('',(1.06445604807475,0.,6.19451881831041));
#9914=CARTESIAN_POINT('Origin',(1.03138208090842,0.,6.22471169331144));
#9915=CARTESIAN_POINT('',(1.03138208090842,1.2,6.22471169331144));
#9916=CARTESIAN_POINT('',(1.06445604807475,1.2,6.19451881831041));
#9917=CARTESIAN_POINT('',(1.03138208090842,0.,6.22471169331144));
#9918=CARTESIAN_POINT('Origin',(0.997702712021167,0.,6.25394777512068));
#9919=CARTESIAN_POINT('',(0.997702712021167,1.2,6.25394777512068));
#9920=CARTESIAN_POINT('',(1.03138208090842,1.2,6.22471169331144));
#9921=CARTESIAN_POINT('',(0.997702712021167,0.,6.25394777512068));
#9922=CARTESIAN_POINT('Origin',(0.963437493712369,0.,6.28221642476964));
#9923=CARTESIAN_POINT('',(0.963437493712369,1.2,6.28221642476964));
#9924=CARTESIAN_POINT('',(0.997702712021167,1.2,6.25394777512068));
#9925=CARTESIAN_POINT('',(0.963437493712369,0.,6.28221642476964));
#9926=CARTESIAN_POINT('Origin',(0.928606152561974,0.,6.30950735348572));
#9927=CARTESIAN_POINT('',(0.928606152561974,1.2,6.30950735348572));
#9928=CARTESIAN_POINT('',(0.963437493712369,1.2,6.28221642476964));
#9929=CARTESIAN_POINT('',(0.928606152561974,0.,6.30950735348572));
#9930=CARTESIAN_POINT('Origin',(0.893228583582656,0.,6.33581062542485));
#9931=CARTESIAN_POINT('',(0.893228583582656,1.2,6.33581062542485));
#9932=CARTESIAN_POINT('',(0.928606152561974,1.2,6.30950735348572));
#9933=CARTESIAN_POINT('',(0.893228583582656,0.,6.33581062542485));
#9934=CARTESIAN_POINT('Origin',(0.857324844330383,0.,6.36111666031054));
#9935=CARTESIAN_POINT('',(0.857324844330383,1.2,6.36111666031054));
#9936=CARTESIAN_POINT('',(0.893228583582656,1.2,6.33581062542485));
#9937=CARTESIAN_POINT('',(0.857324844330383,0.,6.36111666031054));
#9938=CARTESIAN_POINT('Origin',(0.820915148974863,0.,6.38541623597889));
#9939=CARTESIAN_POINT('',(0.857324844330383,1.2,6.36111666031054));
#9940=CARTESIAN_POINT('Origin',(0.,1.2,6.65));
#9941=UNCERTAINTY_MEASURE_WITH_UNIT(LENGTH_MEASURE(0.001),#9945,
'DISTANCE_ACCURACY_VALUE',
'Maximum model space distance between geometric entities at asserted c
onnectivities');
#9942=UNCERTAINTY_MEASURE_WITH_UNIT(LENGTH_MEASURE(0.001),#9945,
'DISTANCE_ACCURACY_VALUE',
'Maximum model space distance between geometric entities at asserted c
onnectivities');
#9943=(
GEOMETRIC_REPRESENTATION_CONTEXT(3)
GLOBAL_UNCERTAINTY_ASSIGNED_CONTEXT((#9941))
GLOBAL_UNIT_ASSIGNED_CONTEXT((#9945,#9947,#9948))
REPRESENTATION_CONTEXT('','3D')
);
#9944=(
GEOMETRIC_REPRESENTATION_CONTEXT(3)
GLOBAL_UNCERTAINTY_ASSIGNED_CONTEXT((#9942))
GLOBAL_UNIT_ASSIGNED_CONTEXT((#9945,#9947,#9948))
REPRESENTATION_CONTEXT('','3D')
);
#9945=(
LENGTH_UNIT()
NAMED_UNIT(*)
SI_UNIT(.CENTI.,.METRE.)
);
#9946=(
LENGTH_UNIT()
NAMED_UNIT(*)
SI_UNIT($,.METRE.)
);
#9947=(
NAMED_UNIT(*)
PLANE_ANGLE_UNIT()
SI_UNIT($,.RADIAN.)
);
#9948=(
NAMED_UNIT(*)
SI_UNIT($,.STERADIAN.)
SOLID_ANGLE_UNIT()
);
#9949=SHAPE_DEFINITION_REPRESENTATION(#9950,#9951);
#9950=PRODUCT_DEFINITION_SHAPE('',$,#9953);
#9951=SHAPE_REPRESENTATION('',(#6329),#9943);
#9952=PRODUCT_DEFINITION_CONTEXT('part definition',#9957,'design');
#9953=PRODUCT_DEFINITION('2026-09-18-01-48-51-238','(\X2\672A4FDD5B58\X0\)',
#9954,#9952);
#9954=PRODUCT_DEFINITION_FORMATION('',$,#9959);
#9955=PRODUCT_RELATED_PRODUCT_CATEGORY('(\X2\672A4FDD5B58\X0\)',
'(\X2\672A4FDD5B58\X0\)',(#9959));
#9956=APPLICATION_PROTOCOL_DEFINITION('international standard',
'automotive_design',2009,#9957);
#9957=APPLICATION_CONTEXT(
'Core Data for Automotive Mechanical Design Process');
#9958=PRODUCT_CONTEXT('part definition',#9957,'mechanical');
#9959=PRODUCT('2026-09-18-01-48-51-238','(\X2\672A4FDD5B58\X0\)',$,(#9958));
#9960=PRESENTATION_STYLE_ASSIGNMENT((#9961));
#9961=SURFACE_STYLE_USAGE(.BOTH.,#9962);
#9962=SURFACE_SIDE_STYLE('',(#9963));
#9963=SURFACE_STYLE_FILL_AREA(#9964);
#9964=FILL_AREA_STYLE('\X2\94A2\X0\ - \X2\7F0E5149\X0\',(#9965));
#9965=FILL_AREA_STYLE_COLOUR('\X2\94A2\X0\ - \X2\7F0E5149\X0\',#9966);
#9966=COLOUR_RGB('\X2\94A2\X0\ - \X2\7F0E5149\X0\',0.627450980392157,0.627450980392157,
0.627450980392157);
ENDSEC;
END-ISO-10303-21;
